{"items":[{"title":"Obrir l'ajuda per a una paraula clau","subtitle":"Global ⎯  :h[elp] keyword","arg":["key code 53//keystroke \":h\"//key code 49//keystroke \"keyword\"","obrir l'ajuda per a una paraula clau",":h[elp] keyword"],"icon":{"type":"file","path":"img/global.png"},"match":"open help for keyword Global :h[elp] keyword"},{"title":"Desar arxiu com a","subtitle":"Global ⎯  :sav[eas] file","arg":["key code 53//keystroke \":sav\"//key code 49//keystroke \"file\"","desar arxiu com a",":sav[eas] file"],"icon":{"type":"file","path":"img/global.png"},"match":"save file as Global :sav[eas] file"},{"title":"Tancar l'arxiu actual","subtitle":"Global ⎯  :clo[se]","arg":["key code 53//keystroke \":clo\" & return","tancar l'arxiu actual",":clo[se]"],"icon":{"type":"file","path":"img/global.png"},"match":"close current pane Global :clo[se]"},{"title":"Obrir un terminal","subtitle":"Global ⎯  :ter[minal]","arg":["key code 53//keystroke \":ter\" & return","obrir un terminal",":ter[minal]"],"icon":{"type":"file","path":"img/global.png"},"match":"open a terminal window Global :ter[minal]"},{"title":"Obrir la página del manual  per a la paraula sota el cursor","subtitle":"Global ⎯  K","arg":["key code 53//keystroke \"K\"","obrir la página del manual  per a la paraula sota el cursor","K"],"icon":{"type":"file","path":"img/global.png"},"match":"open man page for word under the cursor Global K"},{"title":"Moure el cursor cap a l'esquerra","subtitle":"Moure el cursor ⎯  h","arg":["key code 53//keystroke \"h\"","moure el cursor cap a l'esquerra","h"],"icon":{"type":"file","path":"img/cursorMovement.png"},"match":"move cursor left Moure el cursor h"},{"title":"Moure el cursor cap avall","subtitle":"Moure el cursor ⎯  j","arg":["key code 53//keystroke \"j\"","moure el cursor cap avall","j"],"icon":{"type":"file","path":"img/cursorMovement.png"},"match":"move cursor down Moure el cursor j"},{"title":"Moure el cursor cap amunt","subtitle":"Moure el cursor ⎯  k","arg":["key code 53//keystroke \"k\"","moure el cursor cap amunt","k"],"icon":{"type":"file","path":"img/cursorMovement.png"},"match":"move cursor up Moure el cursor k"},{"title":"Moure el cursor cap a la dreta","subtitle":"Moure el cursor ⎯  l","arg":["key code 53//keystroke \"l\"","moure el cursor cap a la dreta","l"],"icon":{"type":"file","path":"img/cursorMovement.png"},"match":"move cursor right Moure el cursor l"},{"title":"Move cursor down ","subtitle":"Moure el cursor ⎯  gj","arg":["key code 53//keystroke \"gj\"","move cursor down ","gj"],"icon":{"type":"file","path":"img/cursorMovement.png"},"match":"move cursor down  Moure el cursor gj"},{"title":"Move cursor up ","subtitle":"Moure el cursor ⎯  gk","arg":["key code 53//keystroke \"gk\"","move cursor up ","gk"],"icon":{"type":"file","path":"img/cursorMovement.png"},"match":"move cursor up  Moure el cursor gk"},{"title":"Moure's a la part superior de la pantalla","subtitle":"Moure el cursor ⎯  H","arg":["key code 53//keystroke \"H\"","moure's a la part superior de la pantalla","H"],"icon":{"type":"file","path":"img/cursorMovement.png"},"match":"move to top of screen Moure el cursor H"},{"title":"Moure's a la part mitja de la pantalla","subtitle":"Moure el cursor ⎯  M","arg":["key code 53//keystroke \"M\"","moure's a la part mitja de la pantalla","M"],"icon":{"type":"file","path":"img/cursorMovement.png"},"match":"move to middle of screen Moure el cursor M"},{"title":"Moure's al part inferior de la pantalla","subtitle":"Moure el cursor ⎯  L","arg":["key code 53//keystroke \"L\"","moure's al part inferior de la pantalla","L"],"icon":{"type":"file","path":"img/cursorMovement.png"},"match":"move to bottom of screen Moure el cursor L"},{"title":"Saltar a l'inici de la següent paraula","subtitle":"Moure el cursor ⎯  w","arg":["key code 53//keystroke \"w\"","saltar a l'inici de la següent paraula","w"],"icon":{"type":"file","path":"img/cursorMovement.png"},"match":"jump forwards to the start of a word Moure el cursor w"},{"title":"Saltar a l'inici de la següent paraula ","subtitle":"Moure el cursor ⎯  W","arg":["key code 53//keystroke \"W\"","saltar a l'inici de la següent paraula ","W"],"icon":{"type":"file","path":"img/cursorMovement.png"},"match":"jump forwards to the start of a word  Moure el cursor W"},{"title":"Saltar al final de la següent paraula","subtitle":"Moure el cursor ⎯  e","arg":["key code 53//keystroke \"e\"","saltar al final de la següent paraula","e"],"icon":{"type":"file","path":"img/cursorMovement.png"},"match":"jump forwards to the end of a word Moure el cursor e"},{"title":"Saltar al final de la següent paraula ","subtitle":"Moure el cursor ⎯  E","arg":["key code 53//keystroke \"E\"","saltar al final de la següent paraula ","E"],"icon":{"type":"file","path":"img/cursorMovement.png"},"match":"jump forwards to the end of a word  Moure el cursor E"},{"title":"Tornar a l'inici d'una paraula","subtitle":"Moure el cursor ⎯  b","arg":["key code 53//keystroke \"b\"","tornar a l'inici d'una paraula","b"],"icon":{"type":"file","path":"img/cursorMovement.png"},"match":"jump backwards to the start of a word Moure el cursor b"},{"title":"Tornar a l'inici d'una paraula ","subtitle":"Moure el cursor ⎯  B","arg":["key code 53//keystroke \"B\"","tornar a l'inici d'una paraula ","B"],"icon":{"type":"file","path":"img/cursorMovement.png"},"match":"jump backwards to the start of a word  Moure el cursor B"},{"title":"Saltar enrere fins al final d'una paraula","subtitle":"Moure el cursor ⎯  ge","arg":["key code 53//keystroke \"ge\"","saltar enrere fins al final d'una paraula","ge"],"icon":{"type":"file","path":"img/cursorMovement.png"},"match":"jump backwards to the end of a word Moure el cursor ge"},{"title":"Saltar enrere fins al final d'una paraula ","subtitle":"Moure el cursor ⎯  gE","arg":["key code 53//keystroke \"gE\"","saltar enrere fins al final d'una paraula ","gE"],"icon":{"type":"file","path":"img/cursorMovement.png"},"match":"jump backwards to the end of a word  Moure el cursor gE"},{"title":"Anar al caràcter relacionat ","subtitle":"Moure el cursor ⎯  %","arg":["key code 53//keystroke \"%\"","anar al caràcter relacionat ","%"],"icon":{"type":"file","path":"img/cursorMovement.png"},"match":"move to matching character  Moure el cursor %"},{"title":"Saltar a l'inici de la línia","subtitle":"Moure el cursor ⎯  0","arg":["key code 53//keystroke \"0\"","saltar a l'inici de la línia","0"],"icon":{"type":"file","path":"img/cursorMovement.png"},"match":"jump to the start of the line Moure el cursor 0"},{"title":"Saltar al primer caràcter de la línia que no estigui en blanc","subtitle":"Moure el cursor ⎯  ^","arg":["key code 53//keystroke \"^\"","saltar al primer caràcter de la línia que no estigui en blanc","^"],"icon":{"type":"file","path":"img/cursorMovement.png"},"match":"jump to the first non-blank character of the line Moure el cursor ^"},{"title":"Saltar al final de la línia","subtitle":"Moure el cursor ⎯  $","arg":["key code 53//keystroke \"$\"","saltar al final de la línia","$"],"icon":{"type":"file","path":"img/cursorMovement.png"},"match":"jump to the end of the line Moure el cursor $"},{"title":"Saltar a l'últim caràcter de la línia que no estigui en blanc","subtitle":"Moure el cursor ⎯  g_","arg":["key code 53//keystroke \"g_\"","saltar a l'últim caràcter de la línia que no estigui en blanc","g_"],"icon":{"type":"file","path":"img/cursorMovement.png"},"match":"jump to the last non-blank character of the line Moure el cursor g_"},{"title":"Anar a la primera línia del document","subtitle":"Moure el cursor ⎯  gg","arg":["key code 53//keystroke \"gg\"","anar a la primera línia del document","gg"],"icon":{"type":"file","path":"img/cursorMovement.png"},"match":"go to the first line of the document Moure el cursor gg"},{"title":"Anar a la darrera línia del document","subtitle":"Moure el cursor ⎯  G","arg":["key code 53//keystroke \"G\"","anar a la darrera línia del document","G"],"icon":{"type":"file","path":"img/cursorMovement.png"},"match":"go to the last line of the document Moure el cursor G"},{"title":"Anar a la línia 5","subtitle":"Moure el cursor ⎯  5gg or 5G","arg":["key code 53//keystroke \"5gg\"","anar a la línia 5","5gg or 5G"],"icon":{"type":"file","path":"img/cursorMovement.png"},"match":"go to line 5 Moure el cursor 5gg or 5G"},{"title":"Saltar a la declaració local","subtitle":"Moure el cursor ⎯  gd","arg":["key code 53//keystroke \"gd\"","saltar a la declaració local","gd"],"icon":{"type":"file","path":"img/cursorMovement.png"},"match":"move to local declaration Moure el cursor gd"},{"title":"Saltar a la declaració global","subtitle":"Moure el cursor ⎯  gD","arg":["key code 53//keystroke \"gD\"","saltar a la declaració global","gD"],"icon":{"type":"file","path":"img/cursorMovement.png"},"match":"move to global declaration Moure el cursor gD"},{"title":"Saltar a la següent aparició del caràcter x","subtitle":"Moure el cursor ⎯  fx","arg":["key code 53//keystroke \"fx\"","saltar a la següent aparició del caràcter x","fx"],"icon":{"type":"file","path":"img/cursorMovement.png"},"match":"jump to next occurrence of character x Moure el cursor fx"},{"title":"Saltar a la posició anterior a la següent aparició del caràcter x","subtitle":"Moure el cursor ⎯  tx","arg":["key code 53//keystroke \"tx\"","saltar a la posició anterior a la següent aparició del caràcter x","tx"],"icon":{"type":"file","path":"img/cursorMovement.png"},"match":"jump to before next occurrence of character x Moure el cursor tx"},{"title":"Saltar a l'aparició anterior del caràcter x","subtitle":"Moure el cursor ⎯  Fx","arg":["key code 53//keystroke \"Fx\"","saltar a l'aparició anterior del caràcter x","Fx"],"icon":{"type":"file","path":"img/cursorMovement.png"},"match":"jump to the previous occurrence of character x Moure el cursor Fx"},{"title":"Saltar a la posició següent a l'anterior aparició del caràcter x","subtitle":"Moure el cursor ⎯  Tx","arg":["key code 53//keystroke \"Tx\"","saltar a la posició següent a l'anterior aparició del caràcter x","Tx"],"icon":{"type":"file","path":"img/cursorMovement.png"},"match":"jump to after previous occurrence of character x Moure el cursor Tx"},{"title":"Repetir el moviment anterior d'f, t, f o t","subtitle":"Moure el cursor ⎯  ;","arg":["key code 53//keystroke \";\"","repetir el moviment anterior d'f, t, F o T",";"],"icon":{"type":"file","path":"img/cursorMovement.png"},"match":"repeat previous f, t, F or T movement Moure el cursor ;"},{"title":"Repetir el moviment anterior d'f, t, f o t, cap enrere","subtitle":"Moure el cursor ⎯  ,","arg":["key code 53//keystroke \",\"","repetir el moviment anterior d'f, t, F o T, cap enrere",","],"icon":{"type":"file","path":"img/cursorMovement.png"},"match":"repeat previous f, t, F or T movement, backwards Moure el cursor ,"},{"title":"Saltar al paràgraf següent ","subtitle":"Moure el cursor ⎯  }","arg":["key code 53//keystroke \"}\"","saltar al paràgraf següent ","}"],"icon":{"type":"file","path":"img/cursorMovement.png"},"match":"jump to next paragraph  Moure el cursor }"},{"title":"Saltar al paràgraf anterior ","subtitle":"Moure el cursor ⎯  {","arg":["key code 53//keystroke \"{\"","saltar al paràgraf anterior ","{"],"icon":{"type":"file","path":"img/cursorMovement.png"},"match":"jump to previous paragraph  Moure el cursor {"},{"title":"Centrar el cursor a la pantalla","subtitle":"Moure el cursor ⎯  zz","arg":["key code 53//keystroke \"zz\"","centrar el cursor a la pantalla","zz"],"icon":{"type":"file","path":"img/cursorMovement.png"},"match":"center cursor on screen Moure el cursor zz"},{"title":"Moure la pantalla cap avall una línia ","subtitle":"Moure el cursor ⎯  Ctrl+e","arg":["key code 53//keystroke \"e\" using control down","moure la pantalla cap avall una línia ","Ctrl+e"],"icon":{"type":"file","path":"img/cursorMovement.png"},"match":"move screen down one line  Moure el cursor Ctrl+e"},{"title":"Moure la pantalla una línia cap amunt ","subtitle":"Moure el cursor ⎯  Ctrl+y","arg":["key code 53//keystroke \"y\" using control down","moure la pantalla una línia cap amunt ","Ctrl+y"],"icon":{"type":"file","path":"img/cursorMovement.png"},"match":"move screen up one line  Moure el cursor Ctrl+y"},{"title":"Retrocedir una pantalla sencera","subtitle":"Moure el cursor ⎯  Ctrl+b","arg":["key code 53//keystroke \"b\" using control down","retrocedir una pantalla sencera","Ctrl+b"],"icon":{"type":"file","path":"img/cursorMovement.png"},"match":"move back one full screen Moure el cursor Ctrl+b"},{"title":"Avançar una pantalla sencera","subtitle":"Moure el cursor ⎯  Ctrl+f","arg":["key code 53//keystroke \"f\" using control down","avançar una pantalla sencera","Ctrl+f"],"icon":{"type":"file","path":"img/cursorMovement.png"},"match":"move forward one full screen Moure el cursor Ctrl+f"},{"title":"Retrocedir mitja pantalla","subtitle":"Moure el cursor ⎯  Ctrl+u","arg":["key code 53//keystroke \"u\" using control down","retrocedir mitja pantalla","Ctrl+u"],"icon":{"type":"file","path":"img/cursorMovement.png"},"match":"move back 1/2 a screen Moure el cursor Ctrl+u"},{"title":"Avançar mitja pantalla","subtitle":"Moure el cursor ⎯  Ctrl+d","arg":["key code 53//keystroke \"d\" using control down","avançar mitja pantalla","Ctrl+d"],"icon":{"type":"file","path":"img/cursorMovement.png"},"match":"move forward 1/2 a screen Moure el cursor Ctrl+d"},{"title":"Inserir abans del cursor","subtitle":"Mode inserir - inserir/afegir text ⎯  i","arg":["key code 53//keystroke \"i\"","inserir abans del cursor","i"],"icon":{"type":"file","path":"img/insertMode.png"},"match":"insert before the cursor Mode inserir - inserir/afegir text i"},{"title":"Inserir a l'inici de la línia","subtitle":"Mode inserir - inserir/afegir text ⎯  I","arg":["key code 53//keystroke \"I\"","inserir a l'inici de la línia","I"],"icon":{"type":"file","path":"img/insertMode.png"},"match":"insert at the beginning of the line Mode inserir - inserir/afegir text I"},{"title":"Inserir després del cursor","subtitle":"Mode inserir - inserir/afegir text ⎯  a","arg":["key code 53//keystroke \"a\"","inserir després del cursor","a"],"icon":{"type":"file","path":"img/insertMode.png"},"match":"insert  after the cursor Mode inserir - inserir/afegir text a"},{"title":"Inserir al final de la línia","subtitle":"Mode inserir - inserir/afegir text ⎯  A","arg":["key code 53//keystroke \"A\"","inserir al final de la línia","A"],"icon":{"type":"file","path":"img/insertMode.png"},"match":"insert  at the end of the line Mode inserir - inserir/afegir text A"},{"title":"Inserir una nova línia sota la línia actual","subtitle":"Mode inserir - inserir/afegir text ⎯  o","arg":["key code 53//keystroke \"o\"","inserir una nova línia sota la línia actual","o"],"icon":{"type":"file","path":"img/insertMode.png"},"match":"append  a new line below the current line Mode inserir - inserir/afegir text o"},{"title":"Inserir una nova línia sobre la línia actual","subtitle":"Mode inserir - inserir/afegir text ⎯  O","arg":["key code 53//keystroke \"O\"","inserir una nova línia sobre la línia actual","O"],"icon":{"type":"file","path":"img/insertMode.png"},"match":"append  a new line above the current line Mode inserir - inserir/afegir text O"},{"title":"Inserir després de la paraula","subtitle":"Mode inserir - inserir/afegir text ⎯  ea","arg":["key code 53//keystroke \"ea\"","inserir després de la paraula","ea"],"icon":{"type":"file","path":"img/insertMode.png"},"match":"insert  at the end of the word Mode inserir - inserir/afegir text ea"},{"title":"Esborrar el caràcter abans del cursor durant el mode d'inserció","subtitle":"Mode inserir - inserir/afegir text ⎯  Ctrl+h","arg":["keystroke \"h\" using control down","esborrar el caràcter abans del cursor durant el mode d'inserció","Ctrl+h"],"icon":{"type":"file","path":"img/insertMode.png"},"match":"delete the character before the cursor during insert mode Mode inserir - inserir/afegir text Ctrl+h"},{"title":"Esborrar la paraula abans del cursor durant el mode d'inserció","subtitle":"Mode inserir - inserir/afegir text ⎯  Ctrl+w","arg":["keystroke \"w\" using control down","esborrar la paraula abans del cursor durant el mode d'inserció","Ctrl+w"],"icon":{"type":"file","path":"img/insertMode.png"},"match":"delete word before the cursor during insert mode Mode inserir - inserir/afegir text Ctrl+w"},{"title":"Començar una nova línia durant el mode d'inserció","subtitle":"Mode inserir - inserir/afegir text ⎯  Ctrl+j","arg":["keystroke \"j\" using control down","començar una nova línia durant el mode d'inserció","Ctrl+j"],"icon":{"type":"file","path":"img/insertMode.png"},"match":"begin new line during insert mode Mode inserir - inserir/afegir text Ctrl+j"},{"title":"Sagnar  la línia un espai d'autoindentació  durant el mode d'inserció","subtitle":"Mode inserir - inserir/afegir text ⎯  Ctrl+t","arg":["keystroke \"t\" using control down","sagnar  la línia un espai d'autoindentació  durant el mode d'inserció","Ctrl+t"],"icon":{"type":"file","path":"img/insertMode.png"},"match":"indent  line one shiftwidth during insert mode Mode inserir - inserir/afegir text Ctrl+t"},{"title":"Suprimir el sagnat  de la línia un espai d'autoindentació  durant el mode d'inserció","subtitle":"Mode inserir - inserir/afegir text ⎯  Ctrl+d","arg":["keystroke \"d\" using control down","suprimir el sagnat  de la línia un espai d'autoindentació  durant el mode d'inserció","Ctrl+d"],"icon":{"type":"file","path":"img/insertMode.png"},"match":"de-indent  line one shiftwidth during insert mode Mode inserir - inserir/afegir text Ctrl+d"},{"title":"Inserir  la coincidència següent abans del cursor durant el mode d'inserció","subtitle":"Mode inserir - inserir/afegir text ⎯  Ctrl+n","arg":["keystroke \"n\" using control down","inserir  la coincidència següent abans del cursor durant el mode d'inserció","Ctrl+n"],"icon":{"type":"file","path":"img/insertMode.png"},"match":"insert  next match before the cursor during insert mode Mode inserir - inserir/afegir text Ctrl+n"},{"title":"Inserir  la coincidència anterior abans del cursor durant el mode d'inserció","subtitle":"Mode inserir - inserir/afegir text ⎯  Ctrl+p","arg":["keystroke \"p\" using control down","inserir  la coincidència anterior abans del cursor durant el mode d'inserció","Ctrl+p"],"icon":{"type":"file","path":"img/insertMode.png"},"match":"insert  previous match before the cursor during insert mode Mode inserir - inserir/afegir text Ctrl+p"},{"title":"Inserir el contingut del registre x","subtitle":"Mode inserir - inserir/afegir text ⎯  Ctrl+r x","arg":["keystroke \"r\" using control down//keystroke \"x\"","inserir el contingut del registre x","Ctrl+r x"],"icon":{"type":"file","path":"img/insertMode.png"},"match":"insert the contents of register x Mode inserir - inserir/afegir text Ctrl+r x"},{"title":"Canviar temporalment al mode normal per a executar un comandament x en mode normal","subtitle":"Mode inserir - inserir/afegir text ⎯  Ctrl+o x","arg":["keystroke \"o\" using control down//keystroke \"x\"","canviar temporalment al mode normal per a executar un comandament x en mode normal","Ctrl+o x"],"icon":{"type":"file","path":"img/insertMode.png"},"match":"Temporarily enter normal mode to issue one normal-mode command x. Mode inserir - inserir/afegir text Ctrl+o x"},{"title":"Sortir del mode d'inserció","subtitle":"Mode inserir - inserir/afegir text ⎯  Esc","arg":["key code 53","sortir del mode d'inserció","Esc"],"icon":{"type":"file","path":"img/insertMode.png"},"match":"exit insert mode Mode inserir - inserir/afegir text Esc"},{"title":"Substituir un caràcter","subtitle":"Editar ⎯  r","arg":["key code 53//keystroke \"r\"","substituir un caràcter","r"],"icon":{"type":"file","path":"img/editing.png"},"match":"replace a single character. Editar r"},{"title":"Substituir més de un caràcter, fins que es premi esc.","subtitle":"Editar ⎯  R","arg":["key code 53//keystroke \"R\"","substituir més de un caràcter, fins que es premi ESC.","R"],"icon":{"type":"file","path":"img/editing.png"},"match":"replace more than one character, until ESC is pressed. Editar R"},{"title":"Afegir la línia de sota a l'actual amb un espai entre mig","subtitle":"Editar ⎯  J","arg":["key code 53//keystroke \"J\"","afegir la línia de sota a l'actual amb un espai entre mig","J"],"icon":{"type":"file","path":"img/editing.png"},"match":"join line below to the current one with one space in between Editar J"},{"title":"Afegir la línia de sota a l'actual sense espai entre mig","subtitle":"Editar ⎯  gJ","arg":["key code 53//keystroke \"gJ\"","afegir la línia de sota a l'actual sense espai entre mig","gJ"],"icon":{"type":"file","path":"img/editing.png"},"match":"join line below to the current one without space in between Editar gJ"},{"title":"Redistribuir el text de paràgraf","subtitle":"Editar ⎯  gwip","arg":["key code 53//keystroke \"gwip\"","redistribuir el text de paràgraf","gwip"],"icon":{"type":"file","path":"img/editing.png"},"match":"reflow paragraph Editar gwip"},{"title":"Intercanviar majúscules i minúscules segons el moviment","subtitle":"Editar ⎯  g~","arg":["key code 53//keystroke \"g~\"","intercanviar majúscules i minúscules segons el moviment","g~"],"icon":{"type":"file","path":"img/editing.png"},"match":"switch case up to motion Editar g~"},{"title":"Canviar a minúscules segons el moviment","subtitle":"Editar ⎯  gu","arg":["key code 53//keystroke \"gu\"","canviar a minúscules segons el moviment","gu"],"icon":{"type":"file","path":"img/editing.png"},"match":"change to lowercase up to motion Editar gu"},{"title":"Canviar a majúscules fins al moviment","subtitle":"Editar ⎯  gU","arg":["key code 53//keystroke \"gU\"","canviar a majúscules fins al moviment","gU"],"icon":{"type":"file","path":"img/editing.png"},"match":"change to uppercase up to motion Editar gU"},{"title":"Canviar  tota la línia","subtitle":"Editar ⎯  cc","arg":["key code 53//keystroke \"cc\"","canviar  tota la línia","cc"],"icon":{"type":"file","path":"img/editing.png"},"match":"change  entire line Editar cc"},{"title":"Canviar  fins al final de la línia ","subtitle":"Editar ⎯  c$ or C","arg":["key code 53//keystroke \"g$\"","canviar  fins al final de la línia ","c$ or C"],"icon":{"type":"file","path":"img/editing.png"},"match":"change  to the end of the line Editar c$ or C"},{"title":"Canviar  la paraula sencera","subtitle":"Editar ⎯  ciw","arg":["key code 53//keystroke \"ciw\"","canviar  la paraula sencera","ciw"],"icon":{"type":"file","path":"img/editing.png"},"match":"change  entire word Editar ciw"},{"title":"Canviar  fins al final de la paraula","subtitle":"Editar ⎯  cw or ce","arg":["key code 53//keystroke \"cw\"","canviar  fins al final de la paraula","cw or ce"],"icon":{"type":"file","path":"img/editing.png"},"match":"change  to the end of the word Editar cw or ce"},{"title":"Esborrar caràcter i substituir text","subtitle":"Editar ⎯  s","arg":["key code 53//keystroke \"s\"","esborrar caràcter i substituir text","s"],"icon":{"type":"file","path":"img/editing.png"},"match":"delete character and substitute text Editar s"},{"title":"Esborrar línia i substituir text ","subtitle":"Editar ⎯  S","arg":["key code 53//keystroke \"S\"","esborrar línia i substituir text ","S"],"icon":{"type":"file","path":"img/editing.png"},"match":"delete line and substitute text  Editar S"},{"title":"Transposar dos caràcters ","subtitle":"Editar ⎯  xp","arg":["key code 53//keystroke \"xp\"","transposar dos caràcters ","xp"],"icon":{"type":"file","path":"img/editing.png"},"match":"transpose two letters  Editar xp"},{"title":"Desfer","subtitle":"Editar ⎯  u","arg":["key code 53//keystroke \"u\"","desfer","u"],"icon":{"type":"file","path":"img/editing.png"},"match":"undo Editar u"},{"title":"Restaurar  la darrera línia modificada","subtitle":"Editar ⎯  U","arg":["key code 53//keystroke \"U\"","restaurar  la darrera línia modificada","U"],"icon":{"type":"file","path":"img/editing.png"},"match":"restore  last changed line Editar U"},{"title":"Refer","subtitle":"Editar ⎯  Ctrl+r","arg":["key code 53//keystroke \"r\" using control down","refer","Ctrl+r"],"icon":{"type":"file","path":"img/editing.png"},"match":"redo Editar Ctrl+r"},{"title":"Repetir el darrer comandament","subtitle":"Editar ⎯  .","arg":["key code 53//keystroke \".\"","repetir el darrer comandament","."],"icon":{"type":"file","path":"img/editing.png"},"match":"repeat last command Editar ."},{"title":"Iniciar el mode visual, seleccionar línies i executar un comandament ","subtitle":"Seleccionar text  ⎯  v","arg":["key code 53//keystroke \"v\"","iniciar el mode visual, seleccionar línies i executar un comandament ","v"],"icon":{"type":"file","path":"img/markingText.png"},"match":"start visual mode, mark lines, then do a command  Seleccionar text  v"},{"title":"Iniciar el mode visual seleccionant la línia completa","subtitle":"Seleccionar text  ⎯  V","arg":["key code 53//keystroke \"V\"","iniciar el mode visual seleccionant la línia completa","V"],"icon":{"type":"file","path":"img/markingText.png"},"match":"start linewise visual mode Seleccionar text  V"},{"title":"Moure's a l'altre extrem de la zona seleccionada","subtitle":"Seleccionar text  ⎯  o","arg":["key code 53//keystroke \"o\"","moure's a l'altre extrem de la zona seleccionada","o"],"icon":{"type":"file","path":"img/markingText.png"},"match":"move to other end of marked area Seleccionar text  o"},{"title":"Iniciar el mode visual de bloc ","subtitle":"Seleccionar text  ⎯  Ctrl+v","arg":["key code 53//keystroke \"v\" using control down","iniciar el mode visual de bloc ","Ctrl+v"],"icon":{"type":"file","path":"img/markingText.png"},"match":"start visual block mode Seleccionar text  Ctrl+v"},{"title":"Moure's a l'altre cantó del bloc","subtitle":"Seleccionar text  ⎯  O","arg":["key code 53//keystroke \"O\"","moure's a l'altre cantó del bloc","O"],"icon":{"type":"file","path":"img/markingText.png"},"match":"move to other corner of block Seleccionar text  O"},{"title":"Seleccionar una paraula","subtitle":"Seleccionar text  ⎯  aw","arg":["key code 53//keystroke \"aw\"","seleccionar una paraula","aw"],"icon":{"type":"file","path":"img/markingText.png"},"match":"mark a word Seleccionar text  aw"},{"title":"Un bloc amb ()","subtitle":"Seleccionar text  ⎯  ab","arg":["key code 53//keystroke \"ab\"","un bloc amb ()","ab"],"icon":{"type":"file","path":"img/markingText.png"},"match":"a block with () Seleccionar text  ab"},{"title":"Un bloc amb {}","subtitle":"Seleccionar text  ⎯  aB","arg":["key code 53//keystroke \"aB\"","un bloc amb {}","aB"],"icon":{"type":"file","path":"img/markingText.png"},"match":"a block with {} Seleccionar text  aB"},{"title":"Un bloc amb etiquetes <>","subtitle":"Seleccionar text  ⎯  at","arg":["key code 53//keystroke \"at\"","un bloc amb etiquetes <>","at"],"icon":{"type":"file","path":"img/markingText.png"},"match":"a block with <> tags Seleccionar text  at"},{"title":"Un bloc intern amb ()","subtitle":"Seleccionar text  ⎯  ib","arg":["key code 53//keystroke \"ib\"","un bloc intern amb ()","ib"],"icon":{"type":"file","path":"img/markingText.png"},"match":"inner block with () Seleccionar text  ib"},{"title":"Un bloc intern amb {}","subtitle":"Seleccionar text  ⎯  iB","arg":["key code 53//keystroke \"iB\"","un bloc intern amb {}","iB"],"icon":{"type":"file","path":"img/markingText.png"},"match":"inner block with {} Seleccionar text  iB"},{"title":"Bloc interior amb etiquetes <>","subtitle":"Seleccionar text  ⎯  it","arg":["key code 53//keystroke \"it\"","bloc interior amb etiquetes <>","it"],"icon":{"type":"file","path":"img/markingText.png"},"match":"inner block with <> tags Seleccionar text  it"},{"title":"Sortir del mode visual","subtitle":"Seleccionar text  ⎯  Esc","arg":["key code 53//key code 53","sortir del mode visual","Esc"],"icon":{"type":"file","path":"img/markingText.png"},"match":"exit visual mode Seleccionar text  Esc"},{"title":"Desplaçar el text cap a la dreta","subtitle":"Comandaments visuals (Reference only) ⎯  >","arg":["keystroke \">\"","desplaçar el text cap a la dreta",">"],"icon":{"type":"file","path":"img/visualCommands.png"},"match":"shift text right Comandaments visuals >"},{"title":"Desplaçar el text cap a l'esquerra","subtitle":"Comandaments visuals (Reference only) ⎯  <","arg":["keystroke \"<\"","desplaçar el text cap a l'esquerra","<"],"icon":{"type":"file","path":"img/visualCommands.png"},"match":"shift text left Comandaments visuals <"},{"title":"Copiar el text seleccionat","subtitle":"Comandaments visuals (Reference only) ⎯  y","arg":["keystroke \"y\"","copiar el text seleccionat","y"],"icon":{"type":"file","path":"img/visualCommands.png"},"match":"yank  marked text Comandaments visuals y"},{"title":"Esborrar el text seleccionat","subtitle":"Comandaments visuals (Reference only) ⎯  d","arg":["keystroke \"d\"","esborrar el text seleccionat","d"],"icon":{"type":"file","path":"img/visualCommands.png"},"match":"delete marked text Comandaments visuals d"},{"title":"Intercanviar entre majúscules i minúscules","subtitle":"Comandaments visuals (Reference only) ⎯  ~","arg":["keystroke \"~\"","intercanviar entre majúscules i minúscules","~"],"icon":{"type":"file","path":"img/visualCommands.png"},"match":"switch case Comandaments visuals ~"},{"title":"Posar el text seleccionat en minúscules","subtitle":"Comandaments visuals (Reference only) ⎯  u","arg":["keystroke \"u\"","posar el text seleccionat en minúscules","u"],"icon":{"type":"file","path":"img/visualCommands.png"},"match":"change marked text to lowercase Comandaments visuals u"},{"title":"Posar el text seleccionat en majúscules","subtitle":"Comandaments visuals (Reference only) ⎯  U","arg":["keystroke \"U\"","posar el text seleccionat en majúscules","U"],"icon":{"type":"file","path":"img/visualCommands.png"},"match":"change marked text to uppercase Comandaments visuals U"},{"title":"Mostrar el contingut dels registres","subtitle":"Registres ⎯  :reg[isters]","arg":["key code 53//keystroke \":reg\" & return","mostrar el contingut dels registres",":reg[isters]"],"icon":{"type":"file","path":"img/registers.png"},"match":"show registers content Registres :reg[isters]"},{"title":"Copiar al registre x","subtitle":"Registres ⎯  xy","arg":["key code 53//keystroke \"xy\"","copiar al registre X","xy"],"icon":{"type":"file","path":"img/registers.png"},"match":"yank into register x Registres xy"},{"title":"Enganxar el contingut del registre x","subtitle":"Registres ⎯  xp","arg":["key code 53//keystroke \"xp\"","enganxar el contingut del registre X","xp"],"icon":{"type":"file","path":"img/registers.png"},"match":"paste contents of register x Registres xp"},{"title":"Copiar al registre del porta-retalls del sistema","subtitle":"Registres ⎯  +y","arg":["key code 53//keystroke \"+y\"","copiar al registre del porta-retalls del sistema","+y"],"icon":{"type":"file","path":"img/registers.png"},"match":"yank into the system clipboard register Registres +y"},{"title":"Enganxar des del registre del porta-retalls del sistema","subtitle":"Registres ⎯  +p","arg":["key code 53//keystroke \"+p\"","enganxar des del registre del porta-retalls del sistema","+p"],"icon":{"type":"file","path":"img/registers.png"},"match":"paste from the system clipboard register Registres +p"},{"title":"Definir la posició actual per a la marca a","subtitle":"Marques ⎯  ma","arg":["key code 53//keystroke \"ma\"","definir la posició actual per a la marca A","ma"],"icon":{"type":"file","path":"img/marks.png"},"match":"set current position for mark A Marques ma"},{"title":"Saltar a la posició de la marca a","subtitle":"Marques ⎯  `a","arg":["key code 53//keystroke \"`a\"","saltar a la posició de la marca A","`a"],"icon":{"type":"file","path":"img/marks.png"},"match":"jump to position of mark A Marques `a"},{"title":"Copiar text a la posició de la marca a","subtitle":"Marques ⎯  y`a","arg":["key code 53//keystroke \"y`a\"","copiar text a la posició de la marca A","y`a"],"icon":{"type":"file","path":"img/marks.png"},"match":"yank text to position of mark A Marques y`a"},{"title":"Anar a la posició des de la qual es va sortir prèviamente de vim","subtitle":"Marques ⎯  `0","arg":["key code 53//keystroke \"`0\"","anar a la posició des de la qual es va sortir prèviamente de Vim","`0"],"icon":{"type":"file","path":"img/marks.png"},"match":"go to the position where Vim was previously exited Marques `0"},{"title":"Anar a la posició de la darrera edició de l'arxiu","subtitle":"Marques ⎯  `\"","arg":["key code 53//keystroke \"`\\\"\"","anar a la posició de la darrera edició de l'arxiu","`\""],"icon":{"type":"file","path":"img/marks.png"},"match":"go to the position when last editing this file Marques `\""},{"title":"Anar a la posició on es va produir el darrer canvi de l'arxiu","subtitle":"Marques ⎯  `.","arg":["key code 53//keystroke \"`.\"","anar a la posició on es va produir el darrer canvi de l'arxiu","`."],"icon":{"type":"file","path":"img/marks.png"},"match":"go to the position of the last change in this file Marques `."},{"title":"Anar a la posició abans del darrer salt","subtitle":"Marques ⎯  ``","arg":["key code 53//keystroke \"``\"","anar a la posició abans del darrer salt","``"],"icon":{"type":"file","path":"img/marks.png"},"match":"go to the position before the last jump Marques ``"},{"title":"Llistat de salts","subtitle":"Marques ⎯  :ju[mps]","arg":["key code 53//keystroke \":ju\" & return","llistat de salts",":ju[mps]"],"icon":{"type":"file","path":"img/marks.png"},"match":"list of jumps Marques :ju[mps]"},{"title":"Anar a la nova posició del llistat de salts","subtitle":"Marques ⎯  Ctrl+i","arg":["key code 53//keystroke \"i\" using control down","anar a la nova posició del llistat de salts","Ctrl+i"],"icon":{"type":"file","path":"img/marks.png"},"match":"go to newer position in jump list Marques Ctrl+i"},{"title":"Anar a la posició anterior del llistat de salts","subtitle":"Marques ⎯  Ctrl+o","arg":["key code 53//keystroke \"o\" using control down","anar a la posició anterior del llistat de salts","Ctrl+o"],"icon":{"type":"file","path":"img/marks.png"},"match":"go to older position in jump list Marques Ctrl+o"},{"title":"Llistat de canvis","subtitle":"Marques ⎯  :changes","arg":["key code 53//keystroke \":changes\" & return","llistat de canvis",":changes"],"icon":{"type":"file","path":"img/marks.png"},"match":"list of changes Marques :changes"},{"title":"Anar a la nova posició del llistat de canvis","subtitle":"Marques ⎯  g,","arg":["key code 53//keystroke \"g,\"","anar a la nova posició del llistat de canvis","g,"],"icon":{"type":"file","path":"img/marks.png"},"match":"go to newer position in change list Marques g,"},{"title":"Anar a la posició anterior del llistat de canvis","subtitle":"Marques ⎯  g;","arg":["key code 53//keystroke \"g;\"","anar a la posició anterior del llistat de canvis","g;"],"icon":{"type":"file","path":"img/marks.png"},"match":"go to older position in change list Marques g;"},{"title":"Saltar a l'etiqueta sota el cursor","subtitle":"Marques ⎯  Ctrl+]","arg":["key code 53//keystroke \"]\" using control down","saltar a l'etiqueta sota el cursor","Ctrl+]"],"icon":{"type":"file","path":"img/marks.png"},"match":"jump to the tag under cursor Marques Ctrl+]"},{"title":"Go to file in cursor","subtitle":"Marques ⎯  gf","arg":["key code 53//keystroke \"gf\"","Go to file in cursor","gf"],"icon":{"type":"file","path":"img/marks.png"},"match":"Go to file in cursor Marques gf"},{"title":"Enregistrar la macro a","subtitle":"Macros ⎯  qa","arg":["key code 53//keystroke \"qa\"","enregistrar la macro a","qa"],"icon":{"type":"file","path":"img/macros.png"},"match":"record macro a Macros qa"},{"title":"Detenir la gravació de la macro","subtitle":"Macros ⎯  q","arg":["key code 53//keystroke \"q\"","detenir la gravació de la macro","q"],"icon":{"type":"file","path":"img/macros.png"},"match":"stop recording macro Macros q"},{"title":"Executar la macro a","subtitle":"Macros ⎯  @a","arg":["key code 53//keystroke \"@a\"","executar la macro a","@a"],"icon":{"type":"file","path":"img/macros.png"},"match":"run macro a Macros @a"},{"title":"Tornar a executar la darrera macro executada","subtitle":"Macros ⎯  @@","arg":["key code 53//keystroke \"@@\"","tornar a executar la darrera macro executada","@@"],"icon":{"type":"file","path":"img/macros.png"},"match":"rerun last run macro Macros @@"},{"title":"Copiar una línia","subtitle":"Copiar i enganxar ⎯  yy","arg":["key code 53//keystroke \"yy\"","copiar una línia","yy"],"icon":{"type":"file","path":"img/cutAndPaste.png"},"match":"yank  a line Copiar i enganxar yy"},{"title":"Copiar dues línies","subtitle":"Copiar i enganxar ⎯  2yy","arg":["key code 53//keystroke \"2yy\"","copiar dues línies","2yy"],"icon":{"type":"file","path":"img/cutAndPaste.png"},"match":"yank  2 lines Copiar i enganxar 2yy"},{"title":"Copiar la resta de caràcters de la paraula desde la posició del cursor fins a l'inici de la paraula següent","subtitle":"Copiar i enganxar ⎯  yw","arg":["key code 53//keystroke \"yw\"","copiar la resta de caràcters de la paraula desde la posició del cursor fins a l'inici de la paraula següent","yw"],"icon":{"type":"file","path":"img/cutAndPaste.png"},"match":"yank  the characters of the word from the cursor position to the start of the next word Copiar i enganxar yw"},{"title":"Copiar la paraula sota el cursor","subtitle":"Copiar i enganxar ⎯  yiw","arg":["key code 53//keystroke \"yiw\"","copiar la paraula sota el cursor","yiw"],"icon":{"type":"file","path":"img/cutAndPaste.png"},"match":"yank  word under the cursor Copiar i enganxar yiw"},{"title":"Copiar la paraula sota el cursor i l'espai darrere o davant d'ella","subtitle":"Copiar i enganxar ⎯  yaw","arg":["key code 53//keystroke \"yaw\"","copiar la paraula sota el cursor i l'espai darrere o davant d'ella","yaw"],"icon":{"type":"file","path":"img/cutAndPaste.png"},"match":"yank  word under the cursor and the space after or before it Copiar i enganxar yaw"},{"title":"Copiar fins al final de la línia","subtitle":"Copiar i enganxar ⎯  y$","arg":["key code 53//keystroke \"y$\"","copiar fins al final de la línia","y$"],"icon":{"type":"file","path":"img/cutAndPaste.png"},"match":"yank  to end of line Copiar i enganxar y$"},{"title":"Enganxar abans del cursor","subtitle":"Copiar i enganxar ⎯  p","arg":["key code 53//keystroke \"p\"","enganxar abans del cursor","p"],"icon":{"type":"file","path":"img/cutAndPaste.png"},"match":"put  the clipboard after cursor Copiar i enganxar p"},{"title":"Enganxar després del cursor","subtitle":"Copiar i enganxar ⎯  P","arg":["key code 53//keystroke \"P\"","enganxar després del cursor","P"],"icon":{"type":"file","path":"img/cutAndPaste.png"},"match":"put  before cursor Copiar i enganxar P"},{"title":"Put  the clipboard after cursor and leave cursor after the new text","subtitle":"Copiar i enganxar ⎯  gp","arg":["key code 53//keystroke \"gp\"","put  the clipboard after cursor and leave cursor after the new text","gp"],"icon":{"type":"file","path":"img/cutAndPaste.png"},"match":"put  the clipboard after cursor and leave cursor after the new text Copiar i enganxar gp"},{"title":"Put  before cursor and leave cursor after the new text","subtitle":"Copiar i enganxar ⎯  gP","arg":["key code 53//keystroke \"gP\"","put  before cursor and leave cursor after the new text","gP"],"icon":{"type":"file","path":"img/cutAndPaste.png"},"match":"put  before cursor and leave cursor after the new text Copiar i enganxar gP"},{"title":"Esborrar  una línia","subtitle":"Copiar i enganxar ⎯  dd","arg":["key code 53//keystroke \"dd\"","esborrar  una línia","dd"],"icon":{"type":"file","path":"img/cutAndPaste.png"},"match":"delete  a line Copiar i enganxar dd"},{"title":"Esborrar  dues línias","subtitle":"Copiar i enganxar ⎯  2dd","arg":["key code 53//keystroke \"2dd\"","esborrar  dues línias","2dd"],"icon":{"type":"file","path":"img/cutAndPaste.png"},"match":"delete  2 lines Copiar i enganxar 2dd"},{"title":"Esborrar  la resta de caràcters de la paraula des de la posició del cursor fins a l'inici de la paraula següent","subtitle":"Copiar i enganxar ⎯  dw","arg":["key code 53//keystroke \"dw\"","esborrar  la resta de caràcters de la paraula des de la posició del cursor fins a l'inici de la paraula següent","dw"],"icon":{"type":"file","path":"img/cutAndPaste.png"},"match":"delete  the characters of the word from the cursor position to the start of the next word Copiar i enganxar dw"},{"title":"Esborrar  la paraula sota el cursor","subtitle":"Copiar i enganxar ⎯  diw","arg":["key code 53//keystroke \"diw\"","esborrar  la paraula sota el cursor","diw"],"icon":{"type":"file","path":"img/cutAndPaste.png"},"match":"delete  word under the cursor Copiar i enganxar diw"},{"title":"Esborrar  la paraula sota el cursor i l'espai darrere o davant d'ella","subtitle":"Copiar i enganxar ⎯  daw","arg":["key code 53//keystroke \"daw\"","esborrar  la paraula sota el cursor i l'espai darrere o davant d'ella","daw"],"icon":{"type":"file","path":"img/cutAndPaste.png"},"match":"delete  word under the cursor and the space after or before it Copiar i enganxar daw"},{"title":"Esborrar  fins al final de la línia","subtitle":"Copiar i enganxar ⎯  d$ or D","arg":["key code 53//keystroke \"d$\"","esborrar  fins al final de la línia","d$ or D"],"icon":{"type":"file","path":"img/cutAndPaste.png"},"match":"delete  to the end of the line Copiar i enganxar d$ or D"},{"title":"Esborrar  un caràcter","subtitle":"Copiar i enganxar ⎯  x","arg":["key code 53//keystroke \"x\"","esborrar  un caràcter","x"],"icon":{"type":"file","path":"img/cutAndPaste.png"},"match":"delete  character Copiar i enganxar x"},{"title":"Sagnar  la línia un espai d'utoindentació ","subtitle":"Indentar el text ⎯  >>","arg":["key code 53//keystroke \">>\"","sagnar  la línia un espai d'utoindentació ",">>"],"icon":{"type":"file","path":"img/indentText.png"},"match":"indent  line one shiftwidth Indentar el text >>"},{"title":"Suprimir el sagnat  la línia un espai d'autoindentació ","subtitle":"Indentar el text ⎯  <<","arg":["key code 53//keystroke \"<<\"","suprimir el sagnat  la línia un espai d'autoindentació ","<<"],"icon":{"type":"file","path":"img/indentText.png"},"match":"de-indent  line one shiftwidth Indentar el text <<"},{"title":"Sagnar un bloc amb () o {} ","subtitle":"Indentar el text ⎯  >%","arg":["key code 53//keystroke \">%\"","sagnar un bloc amb () o {} ",">%"],"icon":{"type":"file","path":"img/indentText.png"},"match":"indent a block with () or {}  Indentar el text >%"},{"title":"Sagnar el bloc interior amb ()","subtitle":"Indentar el text ⎯  >ib","arg":["key code 53//keystroke \">ib\"","sagnar el bloc interior amb ()",">ib"],"icon":{"type":"file","path":"img/indentText.png"},"match":"indent inner block with () Indentar el text >ib"},{"title":"Sagnar un bloc amb etiquetes <>","subtitle":"Indentar el text ⎯  >at","arg":["key code 53//keystroke \">at\"","sagnar un bloc amb etiquetes <>",">at"],"icon":{"type":"file","path":"img/indentText.png"},"match":"indent a block with <> tags Indentar el text >at"},{"title":"Tornar a sagnar 3 línies","subtitle":"Indentar el text ⎯  3==","arg":["key code 53//keystroke \"3==\"","tornar a sagnar 3 línies","3=="],"icon":{"type":"file","path":"img/indentText.png"},"match":"re-indent 3 lines Indentar el text 3=="},{"title":"Tornar a sagnar un bloc amb () o {} ","subtitle":"Indentar el text ⎯  =%","arg":["key code 53//keystroke \"=%\"","tornar a sagnar un bloc amb () o {} ","=%"],"icon":{"type":"file","path":"img/indentText.png"},"match":"re-indent a block with () or {}  Indentar el text =%"},{"title":"","subtitle":"Indentar el text ⎯  =iB","arg":["key code 53//keystroke \"iB\"",null,"=iB"],"icon":{"type":"file","path":"img/indentText.png"},"match":" Indentar el text =iB"},{"title":"Tornar a sagnar tots els caràcters a la memòria intermèdia ","subtitle":"Indentar el text ⎯  gg=G","arg":["key code 53//keystroke \"gg=G\"","tornar a sagnar tots els caràcters a la memòria intermèdia ","gg=G"],"icon":{"type":"file","path":"img/indentText.png"},"match":"re-indent entire buffer Indentar el text gg=G"},{"title":"Enganxar i ajustar la sagnia a la línia actual","subtitle":"Indentar el text ⎯  ]p","arg":["key code 53//keystroke \"]p\"","enganxar i ajustar la sagnia a la línia actual","]p"],"icon":{"type":"file","path":"img/indentText.png"},"match":"paste and adjust indent to current line Indentar el text ]p"},{"title":"Desar l'arxiu sense sortir","subtitle":"Sortir ⎯  :w","arg":["key code 53//keystroke \":w\" & return","desar l'arxiu sense sortir",":w"],"icon":{"type":"file","path":"img/exiting.png"},"match":"write  the file, but don't exit Sortir :w"},{"title":"Desar l'arxiu utilitzant sudo","subtitle":"Sortir ⎯  :w !sudo tee %","arg":["key code 53//keystroke \":w !sudo tee %\"","desar l'arxiu utilitzant sudo",":w !sudo tee %"],"icon":{"type":"file","path":"img/exiting.png"},"match":"write out the current file using sudo Sortir :w !sudo tee %"},{"title":"Desar l'arxiu i sortir","subtitle":"Sortir ⎯  :wq or :x or ZZ","arg":["key code 53//keystroke \":wq\" & return","desar l'arxiu i sortir",":wq or :x or ZZ"],"icon":{"type":"file","path":"img/exiting.png"},"match":"write  and quit Sortir :wq or :x or ZZ"},{"title":"Sortir ","subtitle":"Sortir ⎯  :q","arg":["key code 53//keystroke \":q\" & return","sortir ",":q"],"icon":{"type":"file","path":"img/exiting.png"},"match":"quit  Sortir :q"},{"title":"Sortir descartant els canvis no desats","subtitle":"Sortir ⎯  :q! or ZQ","arg":["key code 53//keystroke \":q!\" & return","sortir descartant els canvis no desats",":q! or ZQ"],"icon":{"type":"file","path":"img/exiting.png"},"match":"quit and throw away unsaved changes Sortir :q! or ZQ"},{"title":"Escriure  i sortir de totes les pestanyes","subtitle":"Sortir ⎯  :wqa","arg":["key code 53//keystroke \":wqa\" & return","escriure  i sortir de totes les pestanyes",":wqa"],"icon":{"type":"file","path":"img/exiting.png"},"match":"write  and quit on all tabs Sortir :wqa"},{"title":"Cercar patró","subtitle":"Cercar i substituir ⎯  /pattern","arg":["key code 53//keystroke \"/pattern\"","cercar patró","/pattern"],"icon":{"type":"file","path":"img/searchAndReplace.png"},"match":"search for pattern Cercar i substituir /pattern"},{"title":"Cercar patró cap enrere","subtitle":"Cercar i substituir ⎯  ?pattern","arg":["key code 53//keystroke \"?pattern\"","cercar patró cap enrere","?pattern"],"icon":{"type":"file","path":"img/searchAndReplace.png"},"match":"search backward for pattern Cercar i substituir ?pattern"},{"title":"Patró «molt màgic» ","subtitle":"Cercar i substituir ⎯  \\vpattern","arg":["key code 53//keystroke \"\\\\vpattern\"","patró «molt màgic» ","\\vpattern"],"icon":{"type":"file","path":"img/searchAndReplace.png"},"match":"'very magic' pattern Cercar i substituir \\vpattern"},{"title":"Repetir la cerca en la mateixa direcció","subtitle":"Cercar i substituir ⎯  n","arg":["key code 53//keystroke \"n\"","repetir la cerca en la mateixa direcció","n"],"icon":{"type":"file","path":"img/searchAndReplace.png"},"match":"repeat search in same direction Cercar i substituir n"},{"title":"Repetir la cerca en direcció oposada","subtitle":"Cercar i substituir ⎯  N","arg":["key code 53//keystroke \"N\"","repetir la cerca en direcció oposada","N"],"icon":{"type":"file","path":"img/searchAndReplace.png"},"match":"repeat search in opposite direction Cercar i substituir N"},{"title":"Substituir a tot l'arxiu","subtitle":"Cercar i substituir ⎯  :%s/old/new/g","arg":["key code 53//keystroke \":%s/old/new/g\"","substituir a tot l'arxiu",":%s/old/new/g"],"icon":{"type":"file","path":"img/searchAndReplace.png"},"match":"replace all old with new throughout file Cercar i substituir :%s/old/new/g"},{"title":"Substituir a tot l'arxiu demanat la confirmació","subtitle":"Cercar i substituir ⎯  :%s/old/new/gc","arg":["key code 53//keystroke \":%s/old/new/gc\"","substituir a tot l'arxiu demanat la confirmació",":%s/old/new/gc"],"icon":{"type":"file","path":"img/searchAndReplace.png"},"match":"replace all old with new throughout file with confirmations Cercar i substituir :%s/old/new/gc"},{"title":"Desactivar el realçament  dels resultats de cerca","subtitle":"Cercar i substituir ⎯  :noh[lsearch]","arg":["key code 53//keystroke \":noh[lsearch]\"","desactivar el realçament  dels resultats de cerca",":noh[lsearch]"],"icon":{"type":"file","path":"img/searchAndReplace.png"},"match":"remove highlighting of search matches Cercar i substituir :noh[lsearch]"},{"title":"Next whole word under cursor","subtitle":"Cercar i substituir ⎯  *","arg":["key code 53//keystroke \"*\"","Next whole word under cursor","*"],"icon":{"type":"file","path":"img/searchAndReplace.png"},"match":"Next whole word under cursor Cercar i substituir *"},{"title":"Previous whole word under cursor","subtitle":"Cercar i substituir ⎯  #","arg":["key code 53//keystroke \"#\"","Previous whole word under cursor","#"],"icon":{"type":"file","path":"img/searchAndReplace.png"},"match":"Previous whole word under cursor Cercar i substituir #"},{"title":"Cercar un patró a múltiples arxius","subtitle":"Cercar a múltiples arxius ⎯  :vim[grep] /pattern/ file","arg":["key code 53//keystroke \":vim[grep]\"//key code 49//keystroke \"/pattern/\"//key code 49//keystroke \"file\"","cercar un patró a múltiples arxius",":vim[grep] /pattern/ file"],"icon":{"type":"file","path":"img/searchMultipleFiles.png"},"match":"search for pattern in multiple files Cercar a múltiples arxius :vim[grep] /pattern/ file"},{"title":"Anar al resultat següent","subtitle":"Cercar a múltiples arxius ⎯  :cn[ext]","arg":["key code 53//keystroke \":cn\" & return","anar al resultat següent",":cn[ext]"],"icon":{"type":"file","path":"img/searchMultipleFiles.png"},"match":"jump to the next match Cercar a múltiples arxius :cn[ext]"},{"title":"Anar al resultat anterior","subtitle":"Cercar a múltiples arxius ⎯  :cp[revious]","arg":["key code 53//keystroke \":cp\" & return","anar al resultat anterior",":cp[revious]"],"icon":{"type":"file","path":"img/searchMultipleFiles.png"},"match":"jump to the previous match Cercar a múltiples arxius :cp[revious]"},{"title":"Obrir una finestra amb el llistat de resultats","subtitle":"Cercar a múltiples arxius ⎯  :cope[n]","arg":["key code 53//keystroke \":cope\" & return","obrir una finestra amb el llistat de resultats",":cope[n]"],"icon":{"type":"file","path":"img/searchMultipleFiles.png"},"match":"open a window containing the list of matches Cercar a múltiples arxius :cope[n]"},{"title":"Tancar la finestra de correcció ràpida","subtitle":"Cercar a múltiples arxius ⎯  :ccl[ose]","arg":["key code 53//keystroke \":ccl\" & return","tancar la finestra de correcció ràpida",":ccl[ose]"],"icon":{"type":"file","path":"img/searchMultipleFiles.png"},"match":"close the quickfix window Cercar a múltiples arxius :ccl[ose]"},{"title":"","subtitle":"Cercar a múltiples arxius ⎯  colonWa","arg":["key code 53//keystroke \":wa\" & return",null,"colonWa"],"icon":{"type":"file","path":"img/searchMultipleFiles.png"},"match":" Cercar a múltiples arxius colonWa"},{"title":"Tancar la finestra de correcció ràpida","subtitle":"Cercar a múltiples arxius ⎯  :ccl[ose]","arg":["key code 53//keystroke \":ccl\" & return","tancar la finestra de correcció ràpida",":ccl[ose]"],"icon":{"type":"file","path":"img/searchMultipleFiles.png"},"match":"close the quickfix window Cercar a múltiples arxius :ccl[ose]"},{"title":"Obrir arxiu a una nova pestanya","subtitle":"Pestanyes ⎯  :tabnew or :tabnew file","arg":["key code 53//keystroke \":tabnew\"//key code 49//keystroke \"file\" & return","obrir arxiu a una nova pestanya",":tabnew or :tabnew file"],"icon":{"type":"file","path":"img/tabs.png"},"match":"open a file in a new tab Pestanyes :tabnew or :tabnew file"},{"title":"Moure la finestra actual a la seva pròpia pestanya","subtitle":"Pestanyes ⎯  Ctrl+wT","arg":["key code 53//keystroke \"w\" using control down//keystroke \"T\"","moure la finestra actual a la seva pròpia pestanya","Ctrl+wT"],"icon":{"type":"file","path":"img/tabs.png"},"match":"move the current split window into its own tab Pestanyes Ctrl+wT"},{"title":"Anar a la pestanya següent","subtitle":"Pestanyes ⎯  gt or :tabn[ext]","arg":["key code 53//keystroke \"gt\"","anar a la pestanya següent","gt or :tabn[ext]"],"icon":{"type":"file","path":"img/tabs.png"},"match":"move to the next tab Pestanyes gt or :tabn[ext]"},{"title":"Anar a la pestanya anterior","subtitle":"Pestanyes ⎯  gT or :tabp[revious]","arg":["key code 53//keystroke \"gT\"","anar a la pestanya anterior","gT or :tabp[revious]"],"icon":{"type":"file","path":"img/tabs.png"},"match":"move to the previous tab Pestanyes gT or :tabp[revious]"},{"title":"Anar a la pestanya número #","subtitle":"Pestanyes ⎯  #gt","arg":["key code 53//keystroke \"#gt\"","anar a la pestanya número #","#gt"],"icon":{"type":"file","path":"img/tabs.png"},"match":"move to tab number # Pestanyes #gt"},{"title":"Moure la pestanya actual a la posició número # ","subtitle":"Pestanyes ⎯  :tabm[ove]","arg":["key code 53//keystroke \":tabm\" & return","moure la pestanya actual a la posició número # ",":tabm[ove]"],"icon":{"type":"file","path":"img/tabs.png"},"match":"move current tab to the #th position  Pestanyes :tabm[ove]"},{"title":"Tancar totes les pestanyes i les seves finestres","subtitle":"Pestanyes ⎯  :tabc[lose]","arg":["key code 53//keystroke \":tabc\" & return","tancar totes les pestanyes i les seves finestres",":tabc[lose]"],"icon":{"type":"file","path":"img/tabs.png"},"match":"close the current tab and all its windows Pestanyes :tabc[lose]"},{"title":"Tancar totes les pestanyes tret de l'actual","subtitle":"Pestanyes ⎯  :tabo[nly]","arg":["key code 53//keystroke \":tabo\" & return","tancar totes les pestanyes tret de l'actual",":tabo[nly]"],"icon":{"type":"file","path":"img/tabs.png"},"match":"close all tabs except for the current one Pestanyes :tabo[nly]"},{"title":"Executar el comandament a totes las pestanyes ","subtitle":"Pestanyes ⎯  :tabdo command","arg":["key code 53//keystroke \":tabdo\"//key code 49//keystroke \"command\"","executar el comandament a totes las pestanyes ",":tabdo command"],"icon":{"type":"file","path":"img/tabs.png"},"match":"run the command on all tabs  Pestanyes :tabdo command"},{"title":"Editar un arxiu en una nova memòria intermèdia ","subtitle":"Treballar amb múltiples arxius ⎯  :e[dit] file","arg":["key code 53//keystroke \":e\"//key code 49//keystroke \"file\"","editar un arxiu en una nova memòria intermèdia ",":e[dit] file"],"icon":{"type":"file","path":"img/workingWithMultipleFiles.png"},"match":"edit a file in a new buffer Treballar amb múltiples arxius :e[dit] file"},{"title":"Anar a la propera memòria intermèdia ","subtitle":"Treballar amb múltiples arxius ⎯  :bn[ext]","arg":["key code 53//keystroke \":bn\" & return","anar a la propera memòria intermèdia ",":bn[ext]"],"icon":{"type":"file","path":"img/workingWithMultipleFiles.png"},"match":"go to the next buffer Treballar amb múltiples arxius :bn[ext]"},{"title":"Anar a la memòria intermèdia  anterior","subtitle":"Treballar amb múltiples arxius ⎯  :bp[revious]","arg":["key code 53//keystroke \":bp\" & return","anar a la memòria intermèdia  anterior",":bp[revious]"],"icon":{"type":"file","path":"img/workingWithMultipleFiles.png"},"match":"go to the previous buffer Treballar amb múltiples arxius :bp[revious]"},{"title":"Esborrar la memòria intermèdia  ","subtitle":"Treballar amb múltiples arxius ⎯  :bd[elete]","arg":["key code 53//keystroke \":bd\" & return","esborrar la memòria intermèdia  ",":bd[elete]"],"icon":{"type":"file","path":"img/workingWithMultipleFiles.png"},"match":"delete a buffer  Treballar amb múltiples arxius :bd[elete]"},{"title":"Anar a una memòria intermèdia  a través del número # d'índex","subtitle":"Treballar amb múltiples arxius ⎯  :b[uffer]#","arg":["key code 53//keystroke \":b#\"","anar a una memòria intermèdia  a través del número # d'índex",":b[uffer]#"],"icon":{"type":"file","path":"img/workingWithMultipleFiles.png"},"match":"go to a buffer by index # Treballar amb múltiples arxius :b[uffer]#"},{"title":"Anar a una memòria intermèdia  per arxiu","subtitle":"Treballar amb múltiples arxius ⎯  :b[uffer] file","arg":["key code 53//keystroke \":b\"//key code 49//keystroke \"file\"","anar a una memòria intermèdia  per arxiu",":b[uffer] file"],"icon":{"type":"file","path":"img/workingWithMultipleFiles.png"},"match":"go to a buffer by file Treballar amb múltiples arxius :b[uffer] file"},{"title":"Mostrar totes les memòries intermèdies  en ús","subtitle":"Treballar amb múltiples arxius ⎯  :ls or :buffers","arg":["key code 53//keystroke \":ls\" & return","mostrar totes les memòries intermèdies  en ús",":ls or :buffers"],"icon":{"type":"file","path":"img/workingWithMultipleFiles.png"},"match":"list all open buffers Treballar amb múltiples arxius :ls or :buffers"},{"title":"Obrir un arxiu en una nova memòria intermèdia  i dividir la finestra","subtitle":"Treballar amb múltiples arxius ⎯  :sp[lit] file","arg":["key code 53//keystroke \":sp\"//key code 49//keystroke \"file\"","obrir un arxiu en una nova memòria intermèdia  i dividir la finestra",":sp[lit] file"],"icon":{"type":"file","path":"img/workingWithMultipleFiles.png"},"match":"open a file in a new buffer and split window Treballar amb múltiples arxius :sp[lit] file"},{"title":"Obrir arxiu en una nova memòria intermèdia  i dividir la finestra verticalment","subtitle":"Treballar amb múltiples arxius ⎯  :vs[plit] file","arg":["key code 53//keystroke \":vs\"//key code 49//keystroke \"file\"","obrir arxiu en una nova memòria intermèdia  i dividir la finestra verticalment",":vs[plit] file"],"icon":{"type":"file","path":"img/workingWithMultipleFiles.png"},"match":"open a file in a new buffer and vertically split window Treballar amb múltiples arxius :vs[plit] file"},{"title":"Editar totes les memòries intermèdies  com a finestres verticals","subtitle":"Treballar amb múltiples arxius ⎯  :vert[ical] ba[ll]","arg":["key code 53//keystroke \":vert\"//key code 49//keystroke \"ba\" & return","editar totes les memòries intermèdies  com a finestres verticals",":vert[ical] ba[ll]"],"icon":{"type":"file","path":"img/workingWithMultipleFiles.png"},"match":"edit all buffers as vertical windows Treballar amb múltiples arxius :vert[ical] ba[ll]"},{"title":"Editar totes les memòries intermèdies  com a pestanyes","subtitle":"Treballar amb múltiples arxius ⎯  :tab ba[ll]","arg":["key code 53//keystroke \":tab\"//key code 49//keystroke \"ba\" & return","editar totes les memòries intermèdies  com a pestanyes",":tab ba[ll]"],"icon":{"type":"file","path":"img/workingWithMultipleFiles.png"},"match":"edit all buffers as tabs Treballar amb múltiples arxius :tab ba[ll]"},{"title":"Dividir la finestra","subtitle":"Treballar amb múltiples arxius ⎯  Ctrl+w s","arg":["key code 53//keystroke \"w\" using control down//keystroke \"s\"","dividir la finestra","Ctrl+w s"],"icon":{"type":"file","path":"img/workingWithMultipleFiles.png"},"match":"split window Treballar amb múltiples arxius Ctrl+w s"},{"title":"Dividir la finestra verticalment","subtitle":"Treballar amb múltiples arxius ⎯  Ctrl+w v","arg":["key code 53//keystroke \"w\" using control down//keystroke \"v\"","dividir la finestra verticalment","Ctrl+w v"],"icon":{"type":"file","path":"img/workingWithMultipleFiles.png"},"match":"split window vertically Treballar amb múltiples arxius Ctrl+w v"},{"title":"Canviar de finestra","subtitle":"Treballar amb múltiples arxius ⎯  Ctrl+w w","arg":["key code 53//keystroke \"w\" using control down//keystroke \"w\"","canviar de finestra","Ctrl+w w"],"icon":{"type":"file","path":"img/workingWithMultipleFiles.png"},"match":"switch windows Treballar amb múltiples arxius Ctrl+w w"},{"title":"Tancar la finestra","subtitle":"Treballar amb múltiples arxius ⎯  Ctrl+w q","arg":["key code 53//keystroke \"w\" using control down//keystroke \"q\"","tancar la finestra","Ctrl+w q"],"icon":{"type":"file","path":"img/workingWithMultipleFiles.png"},"match":"quit a window Treballar amb múltiples arxius Ctrl+w q"},{"title":"Intercanviar la finestra actual amb la següent","subtitle":"Treballar amb múltiples arxius ⎯  Ctrl+w x","arg":["key code 53//keystroke \"w\" using control down//keystroke \"x\"","intercanviar la finestra actual amb la següent","Ctrl+w x"],"icon":{"type":"file","path":"img/workingWithMultipleFiles.png"},"match":"exchange current window with next one Treballar amb múltiples arxius Ctrl+w x"},{"title":"Igualar l'alçada i l'amplada de totes les finestres","subtitle":"Treballar amb múltiples arxius ⎯  Ctrl+w =","arg":["key code 53//keystroke \"w\" using control down//keystroke \"=\"","igualar l'alçada i l'amplada de totes les finestres","Ctrl+w ="],"icon":{"type":"file","path":"img/workingWithMultipleFiles.png"},"match":"make all windows equal height & width Treballar amb múltiples arxius Ctrl+w ="},{"title":"Moure el cursor a la finestra esquerra ","subtitle":"Treballar amb múltiples arxius ⎯  Ctrl+w h","arg":["key code 53//keystroke \"w\" using control down//keystroke \"h\"","moure el cursor a la finestra esquerra ","Ctrl+w h"],"icon":{"type":"file","path":"img/workingWithMultipleFiles.png"},"match":"move cursor to the left window  Treballar amb múltiples arxius Ctrl+w h"},{"title":"Moure el cursor a la finestra dreta ","subtitle":"Treballar amb múltiples arxius ⎯  Ctrl+w l","arg":["key code 53//keystroke \"w\" using control down//keystroke \"l\"","moure el cursor a la finestra dreta ","Ctrl+w l"],"icon":{"type":"file","path":"img/workingWithMultipleFiles.png"},"match":"move cursor to the right window  Treballar amb múltiples arxius Ctrl+w l"},{"title":"Moure el cursor a la finestra de sota ","subtitle":"Treballar amb múltiples arxius ⎯  Ctrl+w j","arg":["key code 53//keystroke \"w\" using control down//keystroke \"j\"","moure el cursor a la finestra de sota ","Ctrl+w j"],"icon":{"type":"file","path":"img/workingWithMultipleFiles.png"},"match":"move cursor to the window below  Treballar amb múltiples arxius Ctrl+w j"},{"title":"Moure el cursor a la finestra de dalt ","subtitle":"Treballar amb múltiples arxius ⎯  Ctrl+w k","arg":["key code 53//keystroke \"w\" using control down//keystroke \"k\"","moure el cursor a la finestra de dalt ","Ctrl+w k"],"icon":{"type":"file","path":"img/workingWithMultipleFiles.png"},"match":"move cursor to the window above  Treballar amb múltiples arxius Ctrl+w k"},{"title":"Make current window full height at far left ","subtitle":"Treballar amb múltiples arxius ⎯  Ctrl+w H","arg":["key code 53//keystroke \"w\" using control down//keystroke \"H\"","make current window full height at far left ","Ctrl+w H"],"icon":{"type":"file","path":"img/workingWithMultipleFiles.png"},"match":"make current window full height at far left  Treballar amb múltiples arxius Ctrl+w H"},{"title":"Make current window full height at far right ","subtitle":"Treballar amb múltiples arxius ⎯  Ctrl+w L","arg":["key code 53//keystroke \"w\" using control down//keystroke \"L\"","make current window full height at far right ","Ctrl+w L"],"icon":{"type":"file","path":"img/workingWithMultipleFiles.png"},"match":"make current window full height at far right  Treballar amb múltiples arxius Ctrl+w L"},{"title":"Make current window full width at the very bottom ","subtitle":"Treballar amb múltiples arxius ⎯  Ctrl+w J","arg":["key code 53//keystroke \"w\" using control down//keystroke \"J\"","make current window full width at the very bottom ","Ctrl+w J"],"icon":{"type":"file","path":"img/workingWithMultipleFiles.png"},"match":"make current window full width at the very bottom  Treballar amb múltiples arxius Ctrl+w J"},{"title":"Make current window full width at the very top ","subtitle":"Treballar amb múltiples arxius ⎯  Ctrl+w K","arg":["key code 53//keystroke \"w\" using control down//keystroke \"K\"","make current window full width at the very top ","Ctrl+w K"],"icon":{"type":"file","path":"img/workingWithMultipleFiles.png"},"match":"make current window full width at the very top  Treballar amb múltiples arxius Ctrl+w K"},{"title":"Definir manualment un plec  segons el moviment","subtitle":"Diferència ⎯  zf","arg":["key code 53//keystroke \"zf\"","definir manualment un plec  segons el moviment","zf"],"icon":{"type":"file","path":"img/diff.png"},"match":"manually define a fold up to motion Diferència zf"},{"title":"Esborrar el plec  sota el cursor","subtitle":"Diferència ⎯  zd","arg":["key code 53//keystroke \"zd\"","esborrar el plec  sota el cursor","zd"],"icon":{"type":"file","path":"img/diff.png"},"match":"delete fold under the cursor Diferència zd"},{"title":"Obrir o tancar el plec  sota el cursor","subtitle":"Diferència ⎯  za","arg":["key code 53//keystroke \"za\"","obrir o tancar el plec  sota el cursor","za"],"icon":{"type":"file","path":"img/diff.png"},"match":"toggle fold under the cursor Diferència za"},{"title":"Obrir el plec  sota el cursor","subtitle":"Diferència ⎯  zo","arg":["key code 53//keystroke \"zo\"","obrir el plec  sota el cursor","zo"],"icon":{"type":"file","path":"img/diff.png"},"match":"open fold under the cursor Diferència zo"},{"title":"Tancar el plec  sota el cursor","subtitle":"Diferència ⎯  zc","arg":["key code 53//keystroke \"zc\"","tancar el plec  sota el cursor","zc"],"icon":{"type":"file","path":"img/diff.png"},"match":"close fold under the cursor Diferència zc"},{"title":"Suprimir  un nivell de plecs ","subtitle":"Diferència ⎯  zr","arg":["key code 53//keystroke \"zr\"","suprimir  un nivell de plecs ","zr"],"icon":{"type":"file","path":"img/diff.png"},"match":"reduce  all folds by one level Diferència zr"},{"title":"Plegar més  un nivell de plecs ","subtitle":"Diferència ⎯  zm","arg":["key code 53//keystroke \"zm\"","plegar més  un nivell de plecs ","zm"],"icon":{"type":"file","path":"img/diff.png"},"match":"fold more  all folds by one level Diferència zm"},{"title":"Obrir o tancar la funcionalitat de plegat","subtitle":"Diferència ⎯  zi","arg":["key code 53//keystroke \"zi\"","obrir o tancar la funcionalitat de plegat","zi"],"icon":{"type":"file","path":"img/diff.png"},"match":"toggle folding functionality Diferència zi"},{"title":"Saltar a l'inici del canvi següent","subtitle":"Diferència ⎯  ]c","arg":["key code 53//keystroke \"]c\"","saltar a l'inici del canvi següent","]c"],"icon":{"type":"file","path":"img/diff.png"},"match":"jump to start of next change Diferència ]c"},{"title":"Saltar a l'inici del canvi anterior","subtitle":"Diferència ⎯  [c","arg":["key code 53//keystroke \"[c\"","saltar a l'inici del canvi anterior","[c"],"icon":{"type":"file","path":"img/diff.png"},"match":"jump to start of previous change Diferència [c"},{"title":"Obtenir  la diferència ","subtitle":"Diferència ⎯  do or :diffg[et]","arg":["key code 53//keystroke \"do\"","obtenir  la diferència ","do or :diffg[et]"],"icon":{"type":"file","path":"img/diff.png"},"match":"obtain  difference  Diferència do or :diffg[et]"},{"title":"Col·locar  la diferència ","subtitle":"Diferència ⎯  dp or :diffpu[t]","arg":["key code 53//keystroke \"dp\"","col·locar  la diferència ","dp or :diffpu[t]"],"icon":{"type":"file","path":"img/diff.png"},"match":"put difference  Diferència dp or :diffpu[t]"},{"title":"Fer que la finestra actual s'incorpori al mode diferencial","subtitle":"Diferència ⎯  :diffthis","arg":["key code 53//keystroke \":diffthis\" & return","fer que la finestra actual s'incorpori al mode diferencial",":diffthis"],"icon":{"type":"file","path":"img/diff.png"},"match":"make current window part of diff Diferència :diffthis"},{"title":"Actualitzar les diferències","subtitle":"Diferència ⎯  :dif[fupdate]","arg":["key code 53//keystroke \":dif\" & return","actualitzar les diferències",":dif[fupdate]"],"icon":{"type":"file","path":"img/diff.png"},"match":"update differences Diferència :dif[fupdate]"},{"title":"Desactivar el mode diferencial per a la finestra actual","subtitle":"Diferència ⎯  :diffo[ff]","arg":["key code 53//keystroke \":diffo\" & return","desactivar el mode diferencial per a la finestra actual",":diffo[ff]"],"icon":{"type":"file","path":"img/diff.png"},"match":"switch off diff mode for current window Diferència :diffo[ff]"},{"title":"Turn on us english spell checking","subtitle":"Spell checking ⎯  :set spell spelllang=en_us","arg":["key code 53//keystroke \":set\"//key code 49//keystroke \"spell\"//key code 49//keystroke \"spelllang=en_us\" & return","Turn on US English spell checking",":set spell spelllang=en_us"],"icon":{"type":"file","path":"img/spell.png"},"match":"Turn on US English spell checking Spell checking :set spell spelllang=en_us"},{"title":"Turn off spell checking","subtitle":"Spell checking ⎯  :set nospell","arg":["key code 53//keystroke \":set\"//key code 49//keystroke \"nospell\" & return","Turn off spell checking",":set nospell"],"icon":{"type":"file","path":"img/spell.png"},"match":"Turn off spell checking Spell checking :set nospell"},{"title":"Move to next misspelled word after the cursor","subtitle":"Spell checking ⎯  ]s","arg":["key code 53//keystroke \"]s\"","Move to next misspelled word after the cursor","]s"],"icon":{"type":"file","path":"img/spell.png"},"match":"Move to next misspelled word after the cursor Spell checking ]s"},{"title":"Move to previous misspelled word before the cursor","subtitle":"Spell checking ⎯  [s","arg":["key code 53//keystroke \"[s\"","Move to previous misspelled word before the cursor","[s"],"icon":{"type":"file","path":"img/spell.png"},"match":"Move to previous misspelled word before the cursor Spell checking [s"},{"title":"Suggest spellings for the word under/after the cursor","subtitle":"Spell checking ⎯  z=","arg":["key code 53//keystroke \"z=\"","Suggest spellings for the word under/after the cursor","z="],"icon":{"type":"file","path":"img/spell.png"},"match":"Suggest spellings for the word under/after the cursor Spell checking z="},{"title":"Add word to spell list","subtitle":"Spell checking ⎯  zg","arg":["key code 53//keystroke \"zg\"","Add word to spell list","zg"],"icon":{"type":"file","path":"img/spell.png"},"match":"Add word to spell list Spell checking zg"},{"title":"Mark word as bad/mispelling","subtitle":"Spell checking ⎯  zw","arg":["key code 53//keystroke \"zw\"","Mark word as bad/mispelling","zw"],"icon":{"type":"file","path":"img/spell.png"},"match":"Mark word as bad/mispelling Spell checking zw"},{"title":"Suggest words for bad word under cursor from spell file","subtitle":"Spell checking ⎯  zu","arg":["key code 53//keystroke \"zu\"","Suggest words for bad word under cursor from spell file","zu"],"icon":{"type":"file","path":"img/spell.png"},"match":"Suggest words for bad word under cursor from spell file Spell checking zu"},{"title":"Increment number","subtitle":"Miscellaneous ⎯  Ctrl+a","arg":["key code 53//keystroke \"a\" using control down","Increment number","Ctrl+a"],"icon":{"type":"file","path":"img/misc.png"},"match":"Increment number Miscellaneous Ctrl+a"},{"title":"Decrement number","subtitle":"Miscellaneous ⎯  Ctrl+x","arg":["key code 53//keystroke \"x\" using control down","Decrement number","Ctrl+x"],"icon":{"type":"file","path":"img/misc.png"},"match":"Decrement number Miscellaneous Ctrl+x"},{"title":"Re-select last selected block of text","subtitle":"Miscellaneous ⎯  gv","arg":["key code 53//keystroke \"gv\"","Re-select last selected block of text","gv"],"icon":{"type":"file","path":"img/misc.png"},"match":"Re-select last selected block of text Miscellaneous gv"},{"title":"Insert the result of an expression at the cursor","subtitle":"Miscellaneous ⎯  Ctrl+r =","arg":["key code 53//keystroke \"r\" using control down//keystroke \"=\"","Insert the result of an expression at the cursor","Ctrl+r ="],"icon":{"type":"file","path":"img/misc.png"},"match":"Insert the result of an expression at the cursor Miscellaneous Ctrl+r ="},{"title":"Change file encoding to utf-8","subtitle":"Miscellaneous ⎯  set fenc=UTF-8","arg":["key code 53//keystroke \"set\"//key code 49//keystroke \"fenc=UTF-8\"","Change file encoding to UTF-8","set fenc=UTF-8"],"icon":{"type":"file","path":"img/misc.png"},"match":"Change file encoding to UTF-8 Miscellaneous set fenc=UTF-8"},{"title":"Escape next character","subtitle":"Regex ⎯  \\","arg":["keystroke \"\\\\\"","Escape next character","\\"],"icon":{"type":"file","path":"img/regex.png"},"match":"Escape next character Regex \\"},{"title":"Start-of­-line","subtitle":"Regex ⎯  ^","arg":["keystroke \"^\"","Start-of­-line","^"],"icon":{"type":"file","path":"img/regex.png"},"match":"Start-of­-line Regex ^"},{"title":"End-of-­line","subtitle":"Regex ⎯  $","arg":["keystroke \"$\"","End-of-­line","$"],"icon":{"type":"file","path":"img/regex.png"},"match":"End-of-­line Regex $"},{"title":"Any char","subtitle":"Regex ⎯  .","arg":["keystroke \".\"","Any char","."],"icon":{"type":"file","path":"img/regex.png"},"match":"Any char Regex ."},{"title":"0 or more quantifier","subtitle":"Regex ⎯  *","arg":["keystroke \"*\"","0 or more quantifier","*"],"icon":{"type":"file","path":"img/regex.png"},"match":"0 or more quantifier Regex *"},{"title":"Match last given substitute string","subtitle":"Regex ⎯  ~","arg":["keystroke \"\"~","Match last given substitute string","~"],"icon":{"type":"file","path":"img/regex.png"},"match":"Match last given substitute string Regex ~"},{"title":"Match range","subtitle":"Regex ⎯  [...]","arg":["keystroke \"[...]\"","Match range","[...]"],"icon":{"type":"file","path":"img/regex.png"},"match":"Match range Regex [...]"},{"title":"Not range","subtitle":"Regex ⎯  [^...]","arg":["keystroke \"[^...]\"","Not range","[^...]"],"icon":{"type":"file","path":"img/regex.png"},"match":"Not range Regex [^...]"},{"title":"In replacement: insert <pattern>","subtitle":"Regex ⎯  &","arg":["keystroke \"&\"","In replacement: insert <pattern>","&"],"icon":{"type":"file","path":"img/regex.png"},"match":"In replacement: insert <pattern> Regex &"},{"title":"Beginning of a word","subtitle":"Regex ⎯  \\<","arg":["keystroke \"\\\\<\"","Beginning of a word","\\<"],"icon":{"type":"file","path":"img/regex.png"},"match":"Beginning of a word Regex \\<"},{"title":"End of word","subtitle":"Regex ⎯  \\>","arg":["keystroke \"\\\\>\"","End of word","\\>"],"icon":{"type":"file","path":"img/regex.png"},"match":"End of word Regex \\>"},{"title":"Group","subtitle":"Regex ⎯  \\(...\\)","arg":["keystroke \"\\\\(...\\\\)\"","Group","\\(...\\)"],"icon":{"type":"file","path":"img/regex.png"},"match":"Group Regex \\(...\\)"},{"title":"Separate alternative","subtitle":"Regex ⎯  \\|","arg":["keystroke \"\\\\|\"","Separate alternative","\\|"],"icon":{"type":"file","path":"img/regex.png"},"match":"Separate alternative Regex \\|"},{"title":"Any single char or end-of­line","subtitle":"Regex ⎯  \\_.","arg":["keystroke \"\\\\_.\"","Any single char or end-of­line","\\_."],"icon":{"type":"file","path":"img/regex.png"},"match":"Any single char or end-of­line Regex \\_."},{"title":"1 or more quantifier","subtitle":"Regex ⎯  \\+","arg":["keystroke \"\\\\+\"","1 or more quantifier","\\+"],"icon":{"type":"file","path":"img/regex.png"},"match":"1 or more quantifier Regex \\+"},{"title":"0 or 1 quantifier","subtitle":"Regex ⎯  \\=","arg":["keystroke \"\\\\=\"","0 or 1 quantifier","\\="],"icon":{"type":"file","path":"img/regex.png"},"match":"0 or 1 quantifier Regex \\="},{"title":"0 or 1 quantifier","subtitle":"Regex ⎯  \\?","arg":["keystroke \"\\\\?\"","0 or 1 quantifier","\\?"],"icon":{"type":"file","path":"img/regex.png"},"match":"0 or 1 quantifier Regex \\?"},{"title":"N to m quantifier","subtitle":"Regex ⎯  \\{n,m}","arg":["keystroke \"\\\\{n,m}\"","n to m quantifier","\\{n,m}"],"icon":{"type":"file","path":"img/regex.png"},"match":"n to m quantifier Regex \\{n,m}"},{"title":"N quantifier","subtitle":"Regex ⎯  \\{n}","arg":["keystroke \"\\\\{n}\"","n quantifier","\\{n}"],"icon":{"type":"file","path":"img/regex.png"},"match":"n quantifier Regex \\{n}"},{"title":"At least n quantifier","subtitle":"Regex ⎯  \\{n,}","arg":["keystroke \"\"\\\\{n,}","at least n quantifier","\\{n,}"],"icon":{"type":"file","path":"img/regex.png"},"match":"at least n quantifier Regex \\{n,}"},{"title":"0 to m quantifier","subtitle":"Regex ⎯  \\{,m}","arg":["keystroke \"\\\\{,}\"","0 to m quantifier","\\{,m}"],"icon":{"type":"file","path":"img/regex.png"},"match":"0 to m quantifier Regex \\{,m}"},{"title":"Delete all lines matching pattern","subtitle":"Regex ⎯  :%g/<pa­tte­rn>/d","arg":["key code 53//keystroke \":%g/<pa­tte­r/d\"","delete all lines matching pattern",":%g/<pa­tte­rn>/d"],"icon":{"type":"file","path":"img/regex.png"},"match":"delete all lines matching pattern Regex :%g/<pa­tte­rn>/d"},{"title":"Delete all lines not matching <pattern>","subtitle":"Regex ⎯  :%v/<pa­tte­rn>/d","arg":["key code 53//keystroke \":%v/<pa­tte­r/d\"","delete all lines NOT matching <pattern>",":%v/<pa­tte­rn>/d"],"icon":{"type":"file","path":"img/regex.png"},"match":"delete all lines NOT matching <pattern> Regex :%v/<pa­tte­rn>/d"},{"title":"Delete empty lines","subtitle":"Regex ⎯  :%s/^.*$\\n//","arg":["key code 53//keystroke \":%s/^.*$\\\\n//\"","delete empty lines",":%s/^.*$\\n//"],"icon":{"type":"file","path":"img/regex.png"},"match":"delete empty lines Regex :%s/^.*$\\n//"},{"title":"Replace <pattern> by 'new <pattern>'","subtitle":"Regex ⎯  :s/<pattern>/new &/","arg":["key code 53//keystroke \":%s/<pattern>/new &/\"","Replace <pattern> by 'new <pattern>'",":s/<pattern>/new &/"],"icon":{"type":"file","path":"img/regex.png"},"match":"Replace <pattern> by 'new <pattern>' Regex :s/<pattern>/new &/"},{"title":"Replace <pattern> by content of register","subtitle":"Regex ⎯  :s/<pattern>/\\=@a/","arg":["key code 53//keystroke \":%s/<pattern>/\\\\=@a/\"","Replace <pattern> by content of register",":s/<pattern>/\\=@a/"],"icon":{"type":"file","path":"img/regex.png"},"match":"Replace <pattern> by content of register Regex :s/<pattern>/\\=@a/"},{"title":"Count number of occurrence of <pattern>","subtitle":"Regex ⎯  :s/<pattern>//gn","arg":["key code 53//keystroke \":%s/<pattern>//gn\"","Count number of occurrence of <pattern>",":s/<pattern>//gn"],"icon":{"type":"file","path":"img/regex.png"},"match":"Count number of occurrence of <pattern> Regex :s/<pattern>//gn"},{"title":"Match start","subtitle":"Regex ⎯  \\zs","arg":["keystroke \"\\\\zs\"","Match start","\\zs"],"icon":{"type":"file","path":"img/regex.png"},"match":"Match start Regex \\zs"},{"title":"Match end","subtitle":"Regex ⎯  \\ze","arg":["keystroke \"\\\\ze\"","Match end","\\ze"],"icon":{"type":"file","path":"img/regex.png"},"match":"Match end Regex \\ze"},{"title":"Positive look behind to find <pattern>","subtitle":"Regex ⎯  <atom>\\@<=<pattern>","arg":["keystroke \"<atom>\\\\@<=<pattern>\"","Positive look behind to find <pattern>","<atom>\\@<=<pattern>"],"icon":{"type":"file","path":"img/regex.png"},"match":"Positive look behind to find <pattern> Regex <atom>\\@<=<pattern>"},{"title":"Positive look ahead to find <pattern>","subtitle":"Regex ⎯  <pattern><atom>\\@=","arg":["keystroke \"<pattern><atom>\\\\@=\"","Positive look ahead to find <pattern>","<pattern><atom>\\@="],"icon":{"type":"file","path":"img/regex.png"},"match":"Positive look ahead to find <pattern> Regex <pattern><atom>\\@="},{"title":"Negative look behind to find <pattern>","subtitle":"Regex ⎯  <atom>\\@<!<pattern>","arg":["keystroke \"<atom>\\\\@<!<pattern>\"","Negative look behind to find <pattern>","<atom>\\@<!<pattern>"],"icon":{"type":"file","path":"img/regex.png"},"match":"Negative look behind to find <pattern> Regex <atom>\\@<!<pattern>"},{"title":"Negative look ahead to find <pattern>","subtitle":"Regex ⎯  <pattern><atom>\\@!","arg":["keystroke \"<pattern><atom>\\\\@!\"","Negative look ahead to find <pattern>","<pattern><atom>\\@!"],"icon":{"type":"file","path":"img/regex.png"},"match":"Negative look ahead to find <pattern> Regex <pattern><atom>\\@!"},{"title":"Non-greedy 0 or more quantifier","subtitle":"Regex ⎯  \\{-}","arg":["keystroke \"\\\\{-}\"","Non-greedy 0 or more quantifier","\\{-}"],"icon":{"type":"file","path":"img/regex.png"},"match":"Non-greedy 0 or more quantifier Regex \\{-}"}]}