{"items":[{"title":"Hilfe zum schlüsselwort öffnen","subtitle":"Global ⎯  :h[elp] Stichwort","arg":["key code 53//keystroke \":h\"//key code 49//keystroke \"keyword\"","Hilfe zum Schlüsselwort öffnen",":h[elp] Stichwort"],"icon":{"type":"file","path":"img/global.png"},"match":"open help for keyword Global :h[elp] Stichwort"},{"title":"Speichern unter","subtitle":"Global ⎯  :sav[eas] Datei","arg":["key code 53//keystroke \":sav\"//key code 49//keystroke \"file\"","Speichern unter",":sav[eas] Datei"],"icon":{"type":"file","path":"img/global.png"},"match":"save file as Global :sav[eas] Datei"},{"title":"Ansicht schließen","subtitle":"Global ⎯  :clo[se]","arg":["key code 53//keystroke \":clo\" & return","Ansicht schließen",":clo[se]"],"icon":{"type":"file","path":"img/global.png"},"match":"close current pane Global :clo[se]"},{"title":"Ein terminal fenster öffnen","subtitle":"Global ⎯  :ter[minal]","arg":["key code 53//keystroke \":ter\" & return","Ein Terminal Fenster öffnen",":ter[minal]"],"icon":{"type":"file","path":"img/global.png"},"match":"open a terminal window Global :ter[minal]"},{"title":"Handbuchseite für das wort unter dem cursor öffnen","subtitle":"Global ⎯  K","arg":["key code 53//keystroke \"K\"","Handbuchseite für das Wort unter dem Cursor öffnen","K"],"icon":{"type":"file","path":"img/global.png"},"match":"open man page for word under the cursor Global K"},{"title":"Cursor ein zeichen nach links bewegen","subtitle":"Cursor-Bewegungen ⎯  h","arg":["key code 53//keystroke \"h\"","Cursor ein Zeichen nach links bewegen","h"],"icon":{"type":"file","path":"img/cursorMovement.png"},"match":"move cursor left Cursor-Bewegungen h"},{"title":"Cursor eine zeile nach unten bewegen","subtitle":"Cursor-Bewegungen ⎯  j","arg":["key code 53//keystroke \"j\"","Cursor eine Zeile nach unten bewegen","j"],"icon":{"type":"file","path":"img/cursorMovement.png"},"match":"move cursor down Cursor-Bewegungen j"},{"title":"Cursor eine zeile nach oben bewegen","subtitle":"Cursor-Bewegungen ⎯  k","arg":["key code 53//keystroke \"k\"","Cursor eine Zeile nach oben bewegen","k"],"icon":{"type":"file","path":"img/cursorMovement.png"},"match":"move cursor up Cursor-Bewegungen k"},{"title":"Cursor ein zeichen nach rechts bewegen","subtitle":"Cursor-Bewegungen ⎯  l","arg":["key code 53//keystroke \"l\"","Cursor ein Zeichen nach rechts bewegen","l"],"icon":{"type":"file","path":"img/cursorMovement.png"},"match":"move cursor right Cursor-Bewegungen l"},{"title":"Move cursor down ","subtitle":"Cursor-Bewegungen ⎯  gj","arg":["key code 53//keystroke \"gj\"","move cursor down ","gj"],"icon":{"type":"file","path":"img/cursorMovement.png"},"match":"move cursor down  Cursor-Bewegungen gj"},{"title":"Move cursor up ","subtitle":"Cursor-Bewegungen ⎯  gk","arg":["key code 53//keystroke \"gk\"","move cursor up ","gk"],"icon":{"type":"file","path":"img/cursorMovement.png"},"match":"move cursor up  Cursor-Bewegungen gk"},{"title":"Zum anfang des bildschirms springen","subtitle":"Cursor-Bewegungen ⎯  H","arg":["key code 53//keystroke \"H\"","Zum Anfang des Bildschirms springen","H"],"icon":{"type":"file","path":"img/cursorMovement.png"},"match":"move to top of screen Cursor-Bewegungen H"},{"title":"Zur mitte des bildschirms springen","subtitle":"Cursor-Bewegungen ⎯  M","arg":["key code 53//keystroke \"M\"","Zur Mitte des Bildschirms springen","M"],"icon":{"type":"file","path":"img/cursorMovement.png"},"match":"move to middle of screen Cursor-Bewegungen M"},{"title":"Zum ende des bildschirms springen","subtitle":"Cursor-Bewegungen ⎯  L","arg":["key code 53//keystroke \"L\"","Zum Ende des Bildschirms springen","L"],"icon":{"type":"file","path":"img/cursorMovement.png"},"match":"move to bottom of screen Cursor-Bewegungen L"},{"title":"Springe vorwärts zum wortanfang","subtitle":"Cursor-Bewegungen ⎯  w","arg":["key code 53//keystroke \"w\"","Springe vorwärts zum Wortanfang","w"],"icon":{"type":"file","path":"img/cursorMovement.png"},"match":"jump forwards to the start of a word Cursor-Bewegungen w"},{"title":"Springe vorwärts zum wortanfang ","subtitle":"Cursor-Bewegungen ⎯  W","arg":["key code 53//keystroke \"W\"","Springe vorwärts zum Wortanfang ","W"],"icon":{"type":"file","path":"img/cursorMovement.png"},"match":"jump forwards to the start of a word  Cursor-Bewegungen W"},{"title":"Springe vorwärts zum wortende","subtitle":"Cursor-Bewegungen ⎯  e","arg":["key code 53//keystroke \"e\"","Springe vorwärts zum Wortende","e"],"icon":{"type":"file","path":"img/cursorMovement.png"},"match":"jump forwards to the end of a word Cursor-Bewegungen e"},{"title":"Springe vorwärts zum wortende ","subtitle":"Cursor-Bewegungen ⎯  E","arg":["key code 53//keystroke \"E\"","Springe vorwärts zum Wortende ","E"],"icon":{"type":"file","path":"img/cursorMovement.png"},"match":"jump forwards to the end of a word  Cursor-Bewegungen E"},{"title":"Springe rückwärts zum wortanfang","subtitle":"Cursor-Bewegungen ⎯  b","arg":["key code 53//keystroke \"b\"","Springe rückwärts zum Wortanfang","b"],"icon":{"type":"file","path":"img/cursorMovement.png"},"match":"jump backwards to the start of a word Cursor-Bewegungen b"},{"title":"Springe rückwärts zum wortanfang ","subtitle":"Cursor-Bewegungen ⎯  B","arg":["key code 53//keystroke \"B\"","Springe rückwärts zum Wortanfang ","B"],"icon":{"type":"file","path":"img/cursorMovement.png"},"match":"jump backwards to the start of a word  Cursor-Bewegungen B"},{"title":"Springe rückwärts zum wortende","subtitle":"Cursor-Bewegungen ⎯  ge","arg":["key code 53//keystroke \"ge\"","Springe rückwärts zum Wortende","ge"],"icon":{"type":"file","path":"img/cursorMovement.png"},"match":"jump backwards to the end of a word Cursor-Bewegungen ge"},{"title":"Springe rückwärts zum wortende ","subtitle":"Cursor-Bewegungen ⎯  gE","arg":["key code 53//keystroke \"gE\"","Springe rückwärts zum Wortende ","gE"],"icon":{"type":"file","path":"img/cursorMovement.png"},"match":"jump backwards to the end of a word  Cursor-Bewegungen gE"},{"title":"Zum entsprechenden zeichen springen. ","subtitle":"Cursor-Bewegungen ⎯  %","arg":["key code 53//keystroke \"%\"","Zum entsprechenden Zeichen springen. ","%"],"icon":{"type":"file","path":"img/cursorMovement.png"},"match":"move to matching character  Cursor-Bewegungen %"},{"title":"Springe zum zeilenanfang","subtitle":"Cursor-Bewegungen ⎯  0","arg":["key code 53//keystroke \"0\"","Springe zum Zeilenanfang","0"],"icon":{"type":"file","path":"img/cursorMovement.png"},"match":"jump to the start of the line Cursor-Bewegungen 0"},{"title":"Springe zum ersten zeichen der zeile","subtitle":"Cursor-Bewegungen ⎯  ^","arg":["key code 53//keystroke \"^\"","Springe zum ersten Zeichen der Zeile","^"],"icon":{"type":"file","path":"img/cursorMovement.png"},"match":"jump to the first non-blank character of the line Cursor-Bewegungen ^"},{"title":"Springe zum zeilenende","subtitle":"Cursor-Bewegungen ⎯  $","arg":["key code 53//keystroke \"$\"","Springe zum Zeilenende","$"],"icon":{"type":"file","path":"img/cursorMovement.png"},"match":"jump to the end of the line Cursor-Bewegungen $"},{"title":"Springe zum letzten nicht-leerzeichen der linie","subtitle":"Cursor-Bewegungen ⎯  g_","arg":["key code 53//keystroke \"g_\"","Springe zum letzten Nicht-Leerzeichen der Linie","g_"],"icon":{"type":"file","path":"img/cursorMovement.png"},"match":"jump to the last non-blank character of the line Cursor-Bewegungen g_"},{"title":"Springe zum anfang des dokuments","subtitle":"Cursor-Bewegungen ⎯  gg","arg":["key code 53//keystroke \"gg\"","Springe zum Anfang des Dokuments","gg"],"icon":{"type":"file","path":"img/cursorMovement.png"},"match":"go to the first line of the document Cursor-Bewegungen gg"},{"title":"Springe zum ende des dokuments","subtitle":"Cursor-Bewegungen ⎯  G","arg":["key code 53//keystroke \"G\"","Springe zum Ende des Dokuments","G"],"icon":{"type":"file","path":"img/cursorMovement.png"},"match":"go to the last line of the document Cursor-Bewegungen G"},{"title":"Springe zu zeile 5","subtitle":"Cursor-Bewegungen ⎯  5gg or 5G","arg":["key code 53//keystroke \"5gg\"","Springe zu Zeile 5","5gg or 5G"],"icon":{"type":"file","path":"img/cursorMovement.png"},"match":"go to line 5 Cursor-Bewegungen 5gg or 5G"},{"title":"Move to local declaration","subtitle":"Cursor-Bewegungen ⎯  gd","arg":["key code 53//keystroke \"gd\"","move to local declaration","gd"],"icon":{"type":"file","path":"img/cursorMovement.png"},"match":"move to local declaration Cursor-Bewegungen gd"},{"title":"Move to global declaration","subtitle":"Cursor-Bewegungen ⎯  gD","arg":["key code 53//keystroke \"gD\"","move to global declaration","gD"],"icon":{"type":"file","path":"img/cursorMovement.png"},"match":"move to global declaration Cursor-Bewegungen gD"},{"title":"Springe zum nächsten 'x' auf der linie","subtitle":"Cursor-Bewegungen ⎯  fx","arg":["key code 53//keystroke \"fx\"","Springe zum nächsten 'x' auf der Linie","fx"],"icon":{"type":"file","path":"img/cursorMovement.png"},"match":"jump to next occurrence of character x Cursor-Bewegungen fx"},{"title":"Springe vor das nächste 'x' auf der linie","subtitle":"Cursor-Bewegungen ⎯  tx","arg":["key code 53//keystroke \"tx\"","Springe vor das nächste 'x' auf der Linie","tx"],"icon":{"type":"file","path":"img/cursorMovement.png"},"match":"jump to before next occurrence of character x Cursor-Bewegungen tx"},{"title":"Springe zum vorherigen 'x' auf der linie","subtitle":"Cursor-Bewegungen ⎯  Fx","arg":["key code 53//keystroke \"Fx\"","Springe zum vorherigen 'x' auf der Linie","Fx"],"icon":{"type":"file","path":"img/cursorMovement.png"},"match":"jump to the previous occurrence of character x Cursor-Bewegungen Fx"},{"title":"Springe hinter das vorherige 'x' auf der linie","subtitle":"Cursor-Bewegungen ⎯  Tx","arg":["key code 53//keystroke \"Tx\"","Springe hinter das vorherige 'x' auf der Linie","Tx"],"icon":{"type":"file","path":"img/cursorMovement.png"},"match":"jump to after previous occurrence of character x Cursor-Bewegungen Tx"},{"title":"Wiederhole die letzte bewegung mittels f, t, f oder t","subtitle":"Cursor-Bewegungen ⎯  ;","arg":["key code 53//keystroke \";\"","Wiederhole die letzte Bewegung mittels f, t, F oder T",";"],"icon":{"type":"file","path":"img/cursorMovement.png"},"match":"repeat previous f, t, F or T movement Cursor-Bewegungen ;"},{"title":"Wiederhole die letzte bewegung mittels f, t, f oder t in entgegengesetzer richtung","subtitle":"Cursor-Bewegungen ⎯  ,","arg":["key code 53//keystroke \",\"","Wiederhole die letzte Bewegung mittels f, t, F oder T in entgegengesetzer Richtung",","],"icon":{"type":"file","path":"img/cursorMovement.png"},"match":"repeat previous f, t, F or T movement, backwards Cursor-Bewegungen ,"},{"title":"Springe zum nächsten paragraphen ","subtitle":"Cursor-Bewegungen ⎯  }","arg":["key code 53//keystroke \"}\"","Springe zum nächsten Paragraphen ","}"],"icon":{"type":"file","path":"img/cursorMovement.png"},"match":"jump to next paragraph  Cursor-Bewegungen }"},{"title":"Springe zum vorherigen paragraphen ","subtitle":"Cursor-Bewegungen ⎯  {","arg":["key code 53//keystroke \"{\"","Springe zum vorherigen Paragraphen ","{"],"icon":{"type":"file","path":"img/cursorMovement.png"},"match":"jump to previous paragraph  Cursor-Bewegungen {"},{"title":"Zentriere den cursor","subtitle":"Cursor-Bewegungen ⎯  zz","arg":["key code 53//keystroke \"zz\"","Zentriere den Cursor","zz"],"icon":{"type":"file","path":"img/cursorMovement.png"},"match":"center cursor on screen Cursor-Bewegungen zz"},{"title":"Bewege den bildschirm eine zeile runter ","subtitle":"Cursor-Bewegungen ⎯  Ctrl+e","arg":["key code 53//keystroke \"e\" using control down","Bewege den Bildschirm eine Zeile runter ","Ctrl+e"],"icon":{"type":"file","path":"img/cursorMovement.png"},"match":"move screen down one line  Cursor-Bewegungen Ctrl+e"},{"title":"Bewege den bildschirm eine zeile hoch ","subtitle":"Cursor-Bewegungen ⎯  Ctrl+y","arg":["key code 53//keystroke \"y\" using control down","Bewege den Bildschirm eine Zeile hoch ","Ctrl+y"],"icon":{"type":"file","path":"img/cursorMovement.png"},"match":"move screen up one line  Cursor-Bewegungen Ctrl+y"},{"title":"Springe eine bildschirmseite zurück","subtitle":"Cursor-Bewegungen ⎯  Ctrl+b","arg":["key code 53//keystroke \"b\" using control down","Springe eine Bildschirmseite zurück","Ctrl+b"],"icon":{"type":"file","path":"img/cursorMovement.png"},"match":"move back one full screen Cursor-Bewegungen Ctrl+b"},{"title":"Springe eine bildschirmseite weiter","subtitle":"Cursor-Bewegungen ⎯  Ctrl+f","arg":["key code 53//keystroke \"f\" using control down","Springe eine Bildschirmseite weiter","Ctrl+f"],"icon":{"type":"file","path":"img/cursorMovement.png"},"match":"move forward one full screen Cursor-Bewegungen Ctrl+f"},{"title":"Springe eine halbe bildschirmseite zurück","subtitle":"Cursor-Bewegungen ⎯  Ctrl+u","arg":["key code 53//keystroke \"u\" using control down","Springe eine halbe Bildschirmseite zurück","Ctrl+u"],"icon":{"type":"file","path":"img/cursorMovement.png"},"match":"move back 1/2 a screen Cursor-Bewegungen Ctrl+u"},{"title":"Springe eine halbe bildschirmseite weiter","subtitle":"Cursor-Bewegungen ⎯  Ctrl+d","arg":["key code 53//keystroke \"d\" using control down","Springe eine halbe Bildschirmseite weiter","Ctrl+d"],"icon":{"type":"file","path":"img/cursorMovement.png"},"match":"move forward 1/2 a screen Cursor-Bewegungen Ctrl+d"},{"title":"Einfügen vor dem cursor","subtitle":"Eingabe-Modus - Text einfügen/anfügen ⎯  i","arg":["key code 53//keystroke \"i\"","Einfügen vor dem Cursor","i"],"icon":{"type":"file","path":"img/insertMode.png"},"match":"insert before the cursor Eingabe-Modus - Text einfügen/anfügen i"},{"title":"Einfügen am zeilenanfang","subtitle":"Eingabe-Modus - Text einfügen/anfügen ⎯  I","arg":["key code 53//keystroke \"I\"","Einfügen am Zeilenanfang","I"],"icon":{"type":"file","path":"img/insertMode.png"},"match":"insert at the beginning of the line Eingabe-Modus - Text einfügen/anfügen I"},{"title":"Anfügen hinter dem cursor","subtitle":"Eingabe-Modus - Text einfügen/anfügen ⎯  a","arg":["key code 53//keystroke \"a\"","Anfügen hinter dem Cursor","a"],"icon":{"type":"file","path":"img/insertMode.png"},"match":"insert  after the cursor Eingabe-Modus - Text einfügen/anfügen a"},{"title":"Anfügen am zeilenende","subtitle":"Eingabe-Modus - Text einfügen/anfügen ⎯  A","arg":["key code 53//keystroke \"A\"","Anfügen am Zeilenende","A"],"icon":{"type":"file","path":"img/insertMode.png"},"match":"insert  at the end of the line Eingabe-Modus - Text einfügen/anfügen A"},{"title":"Einfügen in einer neuen zeile, unterhalb der aktuellen zeile","subtitle":"Eingabe-Modus - Text einfügen/anfügen ⎯  o","arg":["key code 53//keystroke \"o\"","Einfügen in einer neuen Zeile, unterhalb der aktuellen Zeile","o"],"icon":{"type":"file","path":"img/insertMode.png"},"match":"append  a new line below the current line Eingabe-Modus - Text einfügen/anfügen o"},{"title":"Einfügen in einer neuen zeile, oberhalb der aktuellen zeile","subtitle":"Eingabe-Modus - Text einfügen/anfügen ⎯  O","arg":["key code 53//keystroke \"O\"","Einfügen in einer neuen Zeile, oberhalb der aktuellen Zeile","O"],"icon":{"type":"file","path":"img/insertMode.png"},"match":"append  a new line above the current line Eingabe-Modus - Text einfügen/anfügen O"},{"title":"Anfügen am wortende","subtitle":"Eingabe-Modus - Text einfügen/anfügen ⎯  ea","arg":["key code 53//keystroke \"ea\"","Anfügen am Wortende","ea"],"icon":{"type":"file","path":"img/insertMode.png"},"match":"insert  at the end of the word Eingabe-Modus - Text einfügen/anfügen ea"},{"title":"Entferne ein zeichen vor dem cursor im eingabe-modus","subtitle":"Eingabe-Modus - Text einfügen/anfügen ⎯  Ctrl+h","arg":["keystroke \"h\" using control down","Entferne ein Zeichen vor dem Cursor im Eingabe-Modus","Ctrl+h"],"icon":{"type":"file","path":"img/insertMode.png"},"match":"delete the character before the cursor during insert mode Eingabe-Modus - Text einfügen/anfügen Ctrl+h"},{"title":"Entferne ein wort vor dem cursor im eingabe-modus","subtitle":"Eingabe-Modus - Text einfügen/anfügen ⎯  Ctrl+w","arg":["keystroke \"w\" using control down","Entferne ein Wort vor dem Cursor im Eingabe-Modus","Ctrl+w"],"icon":{"type":"file","path":"img/insertMode.png"},"match":"delete word before the cursor during insert mode Eingabe-Modus - Text einfügen/anfügen Ctrl+w"},{"title":"Starte eine neue zeile im eingabe-modus","subtitle":"Eingabe-Modus - Text einfügen/anfügen ⎯  Ctrl+j","arg":["keystroke \"j\" using control down","Starte eine neue Zeile im Eingabe-Modus","Ctrl+j"],"icon":{"type":"file","path":"img/insertMode.png"},"match":"begin new line during insert mode Eingabe-Modus - Text einfügen/anfügen Ctrl+j"},{"title":"Zeile um eine einheit einrücken  im eingabe-modus","subtitle":"Eingabe-Modus - Text einfügen/anfügen ⎯  Ctrl+t","arg":["keystroke \"t\" using control down","Zeile um eine Einheit einrücken  im Eingabe-Modus","Ctrl+t"],"icon":{"type":"file","path":"img/insertMode.png"},"match":"indent  line one shiftwidth during insert mode Eingabe-Modus - Text einfügen/anfügen Ctrl+t"},{"title":"Zeile um eine einheit ausrücken  im eingabe-modus","subtitle":"Eingabe-Modus - Text einfügen/anfügen ⎯  Ctrl+d","arg":["keystroke \"d\" using control down","Zeile um eine Einheit ausrücken  im Eingabe-Modus","Ctrl+d"],"icon":{"type":"file","path":"img/insertMode.png"},"match":"de-indent  line one shiftwidth during insert mode Eingabe-Modus - Text einfügen/anfügen Ctrl+d"},{"title":"Nächstes passendes wort vor dem cursor einfügen  im eingabe-modus","subtitle":"Eingabe-Modus - Text einfügen/anfügen ⎯  Ctrl+n","arg":["keystroke \"n\" using control down","Nächstes passendes Wort vor dem Cursor einfügen  im Eingabe-Modus","Ctrl+n"],"icon":{"type":"file","path":"img/insertMode.png"},"match":"insert  next match before the cursor during insert mode Eingabe-Modus - Text einfügen/anfügen Ctrl+n"},{"title":"Vorheriges passendes wort vor dem cursor einfügen  im eingabe-modus","subtitle":"Eingabe-Modus - Text einfügen/anfügen ⎯  Ctrl+p","arg":["keystroke \"p\" using control down","Vorheriges passendes Wort vor dem Cursor einfügen  im Eingabe-Modus","Ctrl+p"],"icon":{"type":"file","path":"img/insertMode.png"},"match":"insert  previous match before the cursor during insert mode Eingabe-Modus - Text einfügen/anfügen Ctrl+p"},{"title":"Füge den inhalt von register x ein","subtitle":"Eingabe-Modus - Text einfügen/anfügen ⎯  Ctrl+r x","arg":["keystroke \"r\" using control down//keystroke \"x\"","Füge den Inhalt von Register x ein","Ctrl+r x"],"icon":{"type":"file","path":"img/insertMode.png"},"match":"insert the contents of register x Eingabe-Modus - Text einfügen/anfügen Ctrl+r x"},{"title":"Wechseln sie vorübergehend in den normalmodus, um nur einen normalmodus befehl -x zu verwenden.","subtitle":"Eingabe-Modus - Text einfügen/anfügen ⎯  Ctrl+o x","arg":["keystroke \"o\" using control down//keystroke \"x\"","Wechseln Sie vorübergehend in den Normalmodus, um nur einen Normalmodus Befehl -x zu verwenden.","Ctrl+o x"],"icon":{"type":"file","path":"img/insertMode.png"},"match":"Temporarily enter normal mode to issue one normal-mode command x. Eingabe-Modus - Text einfügen/anfügen Ctrl+o x"},{"title":"Eingabe-modus verlassen","subtitle":"Eingabe-Modus - Text einfügen/anfügen ⎯  Esc","arg":["key code 53","Eingabe-Modus verlassen","Esc"],"icon":{"type":"file","path":"img/insertMode.png"},"match":"exit insert mode Eingabe-Modus - Text einfügen/anfügen Esc"},{"title":"Einzelnes zeichen ersetzen","subtitle":"Editieren ⎯  r","arg":["key code 53//keystroke \"r\"","Einzelnes Zeichen ersetzen","r"],"icon":{"type":"file","path":"img/editing.png"},"match":"replace a single character. Editieren r"},{"title":"Replace more than one character, until esc is pressed.","subtitle":"Editieren ⎯  R","arg":["key code 53//keystroke \"R\"","replace more than one character, until ESC is pressed.","R"],"icon":{"type":"file","path":"img/editing.png"},"match":"replace more than one character, until ESC is pressed. Editieren R"},{"title":"Die zeile unterhalb zur aktuellen zeile hinzufügen","subtitle":"Editieren ⎯  J","arg":["key code 53//keystroke \"J\"","Die Zeile unterhalb zur aktuellen Zeile hinzufügen","J"],"icon":{"type":"file","path":"img/editing.png"},"match":"join line below to the current one with one space in between Editieren J"},{"title":"Die zeile unterhalb zur aktuellen zeile ohne abstand hinzufügen","subtitle":"Editieren ⎯  gJ","arg":["key code 53//keystroke \"gJ\"","Die Zeile unterhalb zur aktuellen Zeile ohne Abstand hinzufügen","gJ"],"icon":{"type":"file","path":"img/editing.png"},"match":"join line below to the current one without space in between Editieren gJ"},{"title":"Absatz neu umbrechen","subtitle":"Editieren ⎯  gwip","arg":["key code 53//keystroke \"gwip\"","Absatz neu umbrechen","gwip"],"icon":{"type":"file","path":"img/editing.png"},"match":"reflow paragraph Editieren gwip"},{"title":"Groß-/kleinschreibung umschalten bis zur bewegung","subtitle":"Editieren ⎯  g~","arg":["key code 53//keystroke \"g~\"","Groß-/Kleinschreibung umschalten bis zur Bewegung","g~"],"icon":{"type":"file","path":"img/editing.png"},"match":"switch case up to motion Editieren g~"},{"title":"In kleinschreibung ändern bis zur bewegung","subtitle":"Editieren ⎯  gu","arg":["key code 53//keystroke \"gu\"","In Kleinschreibung ändern bis zur Bewegung","gu"],"icon":{"type":"file","path":"img/editing.png"},"match":"change to lowercase up to motion Editieren gu"},{"title":"In großschreibung ändern bis zur bewegung","subtitle":"Editieren ⎯  gU","arg":["key code 53//keystroke \"gU\"","In Großschreibung ändern bis zur Bewegung","gU"],"icon":{"type":"file","path":"img/editing.png"},"match":"change to uppercase up to motion Editieren gU"},{"title":"Ersetzen der kompletten zeile","subtitle":"Editieren ⎯  cc","arg":["key code 53//keystroke \"cc\"","Ersetzen der kompletten Zeile","cc"],"icon":{"type":"file","path":"img/editing.png"},"match":"change  entire line Editieren cc"},{"title":"Ersetzen bis zum zeilenende","subtitle":"Editieren ⎯  c$ or C","arg":["key code 53//keystroke \"g$\"","Ersetzen bis zum Zeilenende","c$ or C"],"icon":{"type":"file","path":"img/editing.png"},"match":"change  to the end of the line Editieren c$ or C"},{"title":"Ersetzen des gesamten worts","subtitle":"Editieren ⎯  ciw","arg":["key code 53//keystroke \"ciw\"","Ersetzen des gesamten Worts","ciw"],"icon":{"type":"file","path":"img/editing.png"},"match":"change  entire word Editieren ciw"},{"title":"Ersetzen bis zum ende des worts","subtitle":"Editieren ⎯  cw or ce","arg":["key code 53//keystroke \"cw\"","Ersetzen bis zum Ende des Worts","cw or ce"],"icon":{"type":"file","path":"img/editing.png"},"match":"change  to the end of the word Editieren cw or ce"},{"title":"Zeichen löschen und ersetzen","subtitle":"Editieren ⎯  s","arg":["key code 53//keystroke \"s\"","Zeichen löschen und ersetzen","s"],"icon":{"type":"file","path":"img/editing.png"},"match":"delete character and substitute text Editieren s"},{"title":"Zeile löschen und ersetzen ","subtitle":"Editieren ⎯  S","arg":["key code 53//keystroke \"S\"","Zeile löschen und ersetzen ","S"],"icon":{"type":"file","path":"img/editing.png"},"match":"delete line and substitute text  Editieren S"},{"title":"Zwei zeichen vertauschen ","subtitle":"Editieren ⎯  xp","arg":["key code 53//keystroke \"xp\"","Zwei Zeichen vertauschen ","xp"],"icon":{"type":"file","path":"img/editing.png"},"match":"transpose two letters  Editieren xp"},{"title":"Änderung rückgängig","subtitle":"Editieren ⎯  u","arg":["key code 53//keystroke \"u\"","Änderung rückgängig","u"],"icon":{"type":"file","path":"img/editing.png"},"match":"undo Editieren u"},{"title":"Letzte geänderte zeile wiederherstellen ","subtitle":"Editieren ⎯  U","arg":["key code 53//keystroke \"U\"","Letzte geänderte Zeile wiederherstellen ","U"],"icon":{"type":"file","path":"img/editing.png"},"match":"restore  last changed line Editieren U"},{"title":"Wiederholen der letzten, rückgängig gemachten, änderung","subtitle":"Editieren ⎯  Ctrl+r","arg":["key code 53//keystroke \"r\" using control down","Wiederholen der letzten, rückgängig gemachten, Änderung","Ctrl+r"],"icon":{"type":"file","path":"img/editing.png"},"match":"redo Editieren Ctrl+r"},{"title":"Letztes kommando wiederholen","subtitle":"Editieren ⎯  .","arg":["key code 53//keystroke \".\"","Letztes Kommando wiederholen","."],"icon":{"type":"file","path":"img/editing.png"},"match":"repeat last command Editieren ."},{"title":"Visuellen modus starten, zeilen markieren, kommando ausführen ","subtitle":"Text markieren  ⎯  v","arg":["key code 53//keystroke \"v\"","Visuellen Modus starten, Zeilen markieren, Kommando ausführen ","v"],"icon":{"type":"file","path":"img/markingText.png"},"match":"start visual mode, mark lines, then do a command  Text markieren  v"},{"title":"Zeilenweise visuellen modus starten","subtitle":"Text markieren  ⎯  V","arg":["key code 53//keystroke \"V\"","Zeilenweise Visuellen Modus starten","V"],"icon":{"type":"file","path":"img/markingText.png"},"match":"start linewise visual mode Text markieren  V"},{"title":"Springe zum anderen ende der markierung","subtitle":"Text markieren  ⎯  o","arg":["key code 53//keystroke \"o\"","Springe zum anderen Ende der Markierung","o"],"icon":{"type":"file","path":"img/markingText.png"},"match":"move to other end of marked area Text markieren  o"},{"title":"Blockweise visuellen modus starten","subtitle":"Text markieren  ⎯  Ctrl+v","arg":["key code 53//keystroke \"v\" using control down","Blockweise Visuellen Modus starten","Ctrl+v"],"icon":{"type":"file","path":"img/markingText.png"},"match":"start visual block mode Text markieren  Ctrl+v"},{"title":"Springe zur anderen blockecke","subtitle":"Text markieren  ⎯  O","arg":["key code 53//keystroke \"O\"","Springe zur anderen Blockecke","O"],"icon":{"type":"file","path":"img/markingText.png"},"match":"move to other corner of block Text markieren  O"},{"title":"Wort markieren","subtitle":"Text markieren  ⎯  aw","arg":["key code 53//keystroke \"aw\"","Wort markieren","aw"],"icon":{"type":"file","path":"img/markingText.png"},"match":"mark a word Text markieren  aw"},{"title":"Block mit ()","subtitle":"Text markieren  ⎯  ab","arg":["key code 53//keystroke \"ab\"","Block mit ()","ab"],"icon":{"type":"file","path":"img/markingText.png"},"match":"a block with () Text markieren  ab"},{"title":"Block mit {}","subtitle":"Text markieren  ⎯  aB","arg":["key code 53//keystroke \"aB\"","Block mit {}","aB"],"icon":{"type":"file","path":"img/markingText.png"},"match":"a block with {} Text markieren  aB"},{"title":"Block mit <>","subtitle":"Text markieren  ⎯  at","arg":["key code 53//keystroke \"at\"","Block mit <>","at"],"icon":{"type":"file","path":"img/markingText.png"},"match":"a block with <> tags Text markieren  at"},{"title":"Innerer block mit ()","subtitle":"Text markieren  ⎯  ib","arg":["key code 53//keystroke \"ib\"","Innerer Block mit ()","ib"],"icon":{"type":"file","path":"img/markingText.png"},"match":"inner block with () Text markieren  ib"},{"title":"Innerer block mit {}","subtitle":"Text markieren  ⎯  iB","arg":["key code 53//keystroke \"iB\"","Innerer Block mit {}","iB"],"icon":{"type":"file","path":"img/markingText.png"},"match":"inner block with {} Text markieren  iB"},{"title":"Innerer block mit <>","subtitle":"Text markieren  ⎯  it","arg":["key code 53//keystroke \"it\"","Innerer Block mit <>","it"],"icon":{"type":"file","path":"img/markingText.png"},"match":"inner block with <> tags Text markieren  it"},{"title":"Visuellen modus verlassen","subtitle":"Text markieren  ⎯  Esc","arg":["key code 53//key code 53","Visuellen Modus verlassen","Esc"],"icon":{"type":"file","path":"img/markingText.png"},"match":"exit visual mode Text markieren  Esc"},{"title":"Text nach rechts rücken","subtitle":"Kommandos im Visuellen Modus (Reference only) ⎯  >","arg":["keystroke \">\"","Text nach rechts rücken",">"],"icon":{"type":"file","path":"img/visualCommands.png"},"match":"shift text right Kommandos im Visuellen Modus >"},{"title":"Text nach links rücken","subtitle":"Kommandos im Visuellen Modus (Reference only) ⎯  <","arg":["keystroke \"<\"","Text nach links rücken","<"],"icon":{"type":"file","path":"img/visualCommands.png"},"match":"shift text left Kommandos im Visuellen Modus <"},{"title":"Markierten text kopieren","subtitle":"Kommandos im Visuellen Modus (Reference only) ⎯  y","arg":["keystroke \"y\"","Markierten Text kopieren","y"],"icon":{"type":"file","path":"img/visualCommands.png"},"match":"yank  marked text Kommandos im Visuellen Modus y"},{"title":"Markierten text löschen","subtitle":"Kommandos im Visuellen Modus (Reference only) ⎯  d","arg":["keystroke \"d\"","Markierten Text löschen","d"],"icon":{"type":"file","path":"img/visualCommands.png"},"match":"delete marked text Kommandos im Visuellen Modus d"},{"title":"Groß-/kleinschreibung umschalten","subtitle":"Kommandos im Visuellen Modus (Reference only) ⎯  ~","arg":["keystroke \"~\"","Groß-/Kleinschreibung umschalten","~"],"icon":{"type":"file","path":"img/visualCommands.png"},"match":"switch case Kommandos im Visuellen Modus ~"},{"title":"Markierten text in kleinschreibung ändern","subtitle":"Kommandos im Visuellen Modus (Reference only) ⎯  u","arg":["keystroke \"u\"","Markierten Text in Kleinschreibung ändern","u"],"icon":{"type":"file","path":"img/visualCommands.png"},"match":"change marked text to lowercase Kommandos im Visuellen Modus u"},{"title":"Markierten text in großschreibung ändern","subtitle":"Kommandos im Visuellen Modus (Reference only) ⎯  U","arg":["keystroke \"U\"","Markierten Text in Großschreibung ändern","U"],"icon":{"type":"file","path":"img/visualCommands.png"},"match":"change marked text to uppercase Kommandos im Visuellen Modus U"},{"title":"Zeige den inhalt der register","subtitle":"Register ⎯  :reg[isters]","arg":["key code 53//keystroke \":reg\" & return","Zeige den Inhalt der Register",":reg[isters]"],"icon":{"type":"file","path":"img/registers.png"},"match":"show registers content Register :reg[isters]"},{"title":"Kopiere in das register x","subtitle":"Register ⎯  xy","arg":["key code 53//keystroke \"xy\"","Kopiere in das Register x","xy"],"icon":{"type":"file","path":"img/registers.png"},"match":"yank into register x Register xy"},{"title":"Füge den inhalt von register x ein","subtitle":"Register ⎯  xp","arg":["key code 53//keystroke \"xp\"","Füge den Inhalt von Register x ein","xp"],"icon":{"type":"file","path":"img/registers.png"},"match":"paste contents of register x Register xp"},{"title":"Kopiere in die system zwischenablage","subtitle":"Register ⎯  +y","arg":["key code 53//keystroke \"+y\"","Kopiere in die System Zwischenablage","+y"],"icon":{"type":"file","path":"img/registers.png"},"match":"yank into the system clipboard register Register +y"},{"title":"Füge den inhalt von der system zwischenablage ein","subtitle":"Register ⎯  +p","arg":["key code 53//keystroke \"+p\"","Füge den Inhalt von der System Zwischenablage ein","+p"],"icon":{"type":"file","path":"img/registers.png"},"match":"paste from the system clipboard register Register +p"},{"title":"Erstelle die markierung 'a' an dieser position","subtitle":"Markierungen und Positionen ⎯  ma","arg":["key code 53//keystroke \"ma\"","Erstelle die Markierung 'a' an dieser Position","ma"],"icon":{"type":"file","path":"img/marks.png"},"match":"set current position for mark A Markierungen und Positionen ma"},{"title":"Springe zur markierung 'a'","subtitle":"Markierungen und Positionen ⎯  `a","arg":["key code 53//keystroke \"`a\"","Springe zur Markierung 'a'","`a"],"icon":{"type":"file","path":"img/marks.png"},"match":"jump to position of mark A Markierungen und Positionen `a"},{"title":"Kopiere bis zur position der markierung 'a'","subtitle":"Markierungen und Positionen ⎯  y`a","arg":["key code 53//keystroke \"y`a\"","Kopiere bis zur Position der Markierung 'a'","y`a"],"icon":{"type":"file","path":"img/marks.png"},"match":"yank text to position of mark A Markierungen und Positionen y`a"},{"title":"Zur position gehen an der vim zuvor beendet wurde","subtitle":"Markierungen und Positionen ⎯  `0","arg":["key code 53//keystroke \"`0\"","Zur Position gehen an der Vim zuvor beendet wurde","`0"],"icon":{"type":"file","path":"img/marks.png"},"match":"go to the position where Vim was previously exited Markierungen und Positionen `0"},{"title":"Zur position gehen an der beim letzen mal gearbeitet wurde","subtitle":"Markierungen und Positionen ⎯  `\"","arg":["key code 53//keystroke \"`\\\"\"","Zur Position gehen an der beim letzen Mal gearbeitet wurde","`\""],"icon":{"type":"file","path":"img/marks.png"},"match":"go to the position when last editing this file Markierungen und Positionen `\""},{"title":"Zur position der letzten änderung gehen","subtitle":"Markierungen und Positionen ⎯  `.","arg":["key code 53//keystroke \"`.\"","Zur Position der letzten Änderung gehen","`."],"icon":{"type":"file","path":"img/marks.png"},"match":"go to the position of the last change in this file Markierungen und Positionen `."},{"title":"Zur position vor dem letzten sprung gehen","subtitle":"Markierungen und Positionen ⎯  ``","arg":["key code 53//keystroke \"``\"","Zur Position vor dem letzten Sprung gehen","``"],"icon":{"type":"file","path":"img/marks.png"},"match":"go to the position before the last jump Markierungen und Positionen ``"},{"title":"Liste alle sprünge","subtitle":"Markierungen und Positionen ⎯  :ju[mps]","arg":["key code 53//keystroke \":ju\" & return","Liste alle Sprünge",":ju[mps]"],"icon":{"type":"file","path":"img/marks.png"},"match":"list of jumps Markierungen und Positionen :ju[mps]"},{"title":"Zur neueren position in der sprungliste gehen","subtitle":"Markierungen und Positionen ⎯  Ctrl+i","arg":["key code 53//keystroke \"i\" using control down","Zur neueren Position in der Sprungliste gehen","Ctrl+i"],"icon":{"type":"file","path":"img/marks.png"},"match":"go to newer position in jump list Markierungen und Positionen Ctrl+i"},{"title":"Zur älteren position in der sprungliste gehen","subtitle":"Markierungen und Positionen ⎯  Ctrl+o","arg":["key code 53//keystroke \"o\" using control down","Zur älteren Position in der Sprungliste gehen","Ctrl+o"],"icon":{"type":"file","path":"img/marks.png"},"match":"go to older position in jump list Markierungen und Positionen Ctrl+o"},{"title":"Liste alle änderungen","subtitle":"Markierungen und Positionen ⎯  :changes","arg":["key code 53//keystroke \":changes\" & return","Liste alle Änderungen",":changes"],"icon":{"type":"file","path":"img/marks.png"},"match":"list of changes Markierungen und Positionen :changes"},{"title":"Zur neueren position in der änderungsliste gehen","subtitle":"Markierungen und Positionen ⎯  g,","arg":["key code 53//keystroke \"g,\"","Zur neueren Position in der Änderungsliste gehen","g,"],"icon":{"type":"file","path":"img/marks.png"},"match":"go to newer position in change list Markierungen und Positionen g,"},{"title":"Zur älteren position in der änderungsliste gehen","subtitle":"Markierungen und Positionen ⎯  g;","arg":["key code 53//keystroke \"g;\"","Zur älteren Position in der Änderungsliste gehen","g;"],"icon":{"type":"file","path":"img/marks.png"},"match":"go to older position in change list Markierungen und Positionen g;"},{"title":"Zum schlagwort unter dem cursor gehen","subtitle":"Markierungen und Positionen ⎯  Ctrl+]","arg":["key code 53//keystroke \"]\" using control down","Zum Schlagwort unter dem Cursor gehen","Ctrl+]"],"icon":{"type":"file","path":"img/marks.png"},"match":"jump to the tag under cursor Markierungen und Positionen Ctrl+]"},{"title":"Go to file in cursor","subtitle":"Markierungen und Positionen ⎯  gf","arg":["key code 53//keystroke \"gf\"","Go to file in cursor","gf"],"icon":{"type":"file","path":"img/marks.png"},"match":"Go to file in cursor Markierungen und Positionen gf"},{"title":"Starte aufnahme 'a'","subtitle":"Makros ⎯  qa","arg":["key code 53//keystroke \"qa\"","Starte Aufnahme 'a'","qa"],"icon":{"type":"file","path":"img/macros.png"},"match":"record macro a Makros qa"},{"title":"Stoppe die aufnahme","subtitle":"Makros ⎯  q","arg":["key code 53//keystroke \"q\"","Stoppe die Aufnahme","q"],"icon":{"type":"file","path":"img/macros.png"},"match":"stop recording macro Makros q"},{"title":"Führe das makro 'a' aus","subtitle":"Makros ⎯  @a","arg":["key code 53//keystroke \"@a\"","Führe das Makro 'a' aus","@a"],"icon":{"type":"file","path":"img/macros.png"},"match":"run macro a Makros @a"},{"title":"Führe das letzte makro nochmals aus","subtitle":"Makros ⎯  @@","arg":["key code 53//keystroke \"@@\"","Führe das letzte Makro nochmals aus","@@"],"icon":{"type":"file","path":"img/macros.png"},"match":"rerun last run macro Makros @@"},{"title":"Zeile kopieren","subtitle":"Kopieren/Auschneiden und Einfügen ⎯  yy","arg":["key code 53//keystroke \"yy\"","Zeile kopieren","yy"],"icon":{"type":"file","path":"img/cutAndPaste.png"},"match":"yank  a line Kopieren/Auschneiden und Einfügen yy"},{"title":"2 zeilen kopieren","subtitle":"Kopieren/Auschneiden und Einfügen ⎯  2yy","arg":["key code 53//keystroke \"2yy\"","2 Zeilen kopieren","2yy"],"icon":{"type":"file","path":"img/cutAndPaste.png"},"match":"yank  2 lines Kopieren/Auschneiden und Einfügen 2yy"},{"title":"Zeichen des worts unterm cursor bis zum nächsten wort kopieren.","subtitle":"Kopieren/Auschneiden und Einfügen ⎯  yw","arg":["key code 53//keystroke \"yw\"","Zeichen des Worts unterm Cursor bis zum nächsten Wort kopieren.","yw"],"icon":{"type":"file","path":"img/cutAndPaste.png"},"match":"yank  the characters of the word from the cursor position to the start of the next word Kopieren/Auschneiden und Einfügen yw"},{"title":"Wort kopieren","subtitle":"Kopieren/Auschneiden und Einfügen ⎯  yiw","arg":["key code 53//keystroke \"yiw\"","Wort kopieren","yiw"],"icon":{"type":"file","path":"img/cutAndPaste.png"},"match":"yank  word under the cursor Kopieren/Auschneiden und Einfügen yiw"},{"title":"Zeichen des worts unterm cursor und die abstände davor oder danach kopieren","subtitle":"Kopieren/Auschneiden und Einfügen ⎯  yaw","arg":["key code 53//keystroke \"yaw\"","Zeichen des Worts unterm Cursor und die Abstände davor oder danach kopieren","yaw"],"icon":{"type":"file","path":"img/cutAndPaste.png"},"match":"yank  word under the cursor and the space after or before it Kopieren/Auschneiden und Einfügen yaw"},{"title":"Bis zeilenende kopieren","subtitle":"Kopieren/Auschneiden und Einfügen ⎯  y$","arg":["key code 53//keystroke \"y$\"","bis Zeilenende kopieren","y$"],"icon":{"type":"file","path":"img/cutAndPaste.png"},"match":"yank  to end of line Kopieren/Auschneiden und Einfügen y$"},{"title":"Zwischenablage nach dem cursor einfügen","subtitle":"Kopieren/Auschneiden und Einfügen ⎯  p","arg":["key code 53//keystroke \"p\"","Zwischenablage nach dem Cursor einfügen","p"],"icon":{"type":"file","path":"img/cutAndPaste.png"},"match":"put  the clipboard after cursor Kopieren/Auschneiden und Einfügen p"},{"title":"Zwischenablage vor dem cursor einfügen","subtitle":"Kopieren/Auschneiden und Einfügen ⎯  P","arg":["key code 53//keystroke \"P\"","Zwischenablage vor dem Cursor einfügen","P"],"icon":{"type":"file","path":"img/cutAndPaste.png"},"match":"put  before cursor Kopieren/Auschneiden und Einfügen P"},{"title":"Put  the clipboard after cursor and leave cursor after the new text","subtitle":"Kopieren/Auschneiden und Einfügen ⎯  gp","arg":["key code 53//keystroke \"gp\"","put  the clipboard after cursor and leave cursor after the new text","gp"],"icon":{"type":"file","path":"img/cutAndPaste.png"},"match":"put  the clipboard after cursor and leave cursor after the new text Kopieren/Auschneiden und Einfügen gp"},{"title":"Put  before cursor and leave cursor after the new text","subtitle":"Kopieren/Auschneiden und Einfügen ⎯  gP","arg":["key code 53//keystroke \"gP\"","put  before cursor and leave cursor after the new text","gP"],"icon":{"type":"file","path":"img/cutAndPaste.png"},"match":"put  before cursor and leave cursor after the new text Kopieren/Auschneiden und Einfügen gP"},{"title":"Löschen  der aktuellen zeile","subtitle":"Kopieren/Auschneiden und Einfügen ⎯  dd","arg":["key code 53//keystroke \"dd\"","Löschen  der aktuellen Zeile","dd"],"icon":{"type":"file","path":"img/cutAndPaste.png"},"match":"delete  a line Kopieren/Auschneiden und Einfügen dd"},{"title":"Löschen  von 2 zeilen ","subtitle":"Kopieren/Auschneiden und Einfügen ⎯  2dd","arg":["key code 53//keystroke \"2dd\"","Löschen  von 2 Zeilen ","2dd"],"icon":{"type":"file","path":"img/cutAndPaste.png"},"match":"delete  2 lines Kopieren/Auschneiden und Einfügen 2dd"},{"title":"Zeichen des worts unterm cursor bis zum nächsten wort löschen .","subtitle":"Kopieren/Auschneiden und Einfügen ⎯  dw","arg":["key code 53//keystroke \"dw\"","Zeichen des Worts unterm Cursor bis zum nächsten Wort löschen .","dw"],"icon":{"type":"file","path":"img/cutAndPaste.png"},"match":"delete  the characters of the word from the cursor position to the start of the next word Kopieren/Auschneiden und Einfügen dw"},{"title":"Wort löschen ","subtitle":"Kopieren/Auschneiden und Einfügen ⎯  diw","arg":["key code 53//keystroke \"diw\"","Wort löschen ","diw"],"icon":{"type":"file","path":"img/cutAndPaste.png"},"match":"delete  word under the cursor Kopieren/Auschneiden und Einfügen diw"},{"title":"Zeichen des worts unterm cursor und die abstände davor oder danach löschen ","subtitle":"Kopieren/Auschneiden und Einfügen ⎯  daw","arg":["key code 53//keystroke \"daw\"","Zeichen des Worts unterm Cursor und die Abstände davor oder danach löschen ","daw"],"icon":{"type":"file","path":"img/cutAndPaste.png"},"match":"delete  word under the cursor and the space after or before it Kopieren/Auschneiden und Einfügen daw"},{"title":"Löschen  bis zeilenende","subtitle":"Kopieren/Auschneiden und Einfügen ⎯  d$ or D","arg":["key code 53//keystroke \"d$\"","Löschen  bis Zeilenende","d$ or D"],"icon":{"type":"file","path":"img/cutAndPaste.png"},"match":"delete  to the end of the line Kopieren/Auschneiden und Einfügen d$ or D"},{"title":"Zeichen löschen ","subtitle":"Kopieren/Auschneiden und Einfügen ⎯  x","arg":["key code 53//keystroke \"x\"","Zeichen löschen ","x"],"icon":{"type":"file","path":"img/cutAndPaste.png"},"match":"delete  character Kopieren/Auschneiden und Einfügen x"},{"title":"Zeile um eine einheit einrücken ","subtitle":"Text einrücken ⎯  >>","arg":["key code 53//keystroke \">>\"","Zeile um eine Einheit einrücken ",">>"],"icon":{"type":"file","path":"img/indentText.png"},"match":"indent  line one shiftwidth Text einrücken >>"},{"title":"Zeile um eine einheit ausrücken ","subtitle":"Text einrücken ⎯  <<","arg":["key code 53//keystroke \"<<\"","Zeile um eine Einheit ausrücken ","<<"],"icon":{"type":"file","path":"img/indentText.png"},"match":"de-indent  line one shiftwidth Text einrücken <<"},{"title":"Block mit () oder {} einrücken ","subtitle":"Text einrücken ⎯  >%","arg":["key code 53//keystroke \">%\"","Block mit () oder {} einrücken ",">%"],"icon":{"type":"file","path":"img/indentText.png"},"match":"indent a block with () or {}  Text einrücken >%"},{"title":"Innerer block mit () einrücken","subtitle":"Text einrücken ⎯  >ib","arg":["key code 53//keystroke \">ib\"","Innerer Block mit () einrücken",">ib"],"icon":{"type":"file","path":"img/indentText.png"},"match":"indent inner block with () Text einrücken >ib"},{"title":"Block mit <> einrücken","subtitle":"Text einrücken ⎯  >at","arg":["key code 53//keystroke \">at\"","Block mit <> einrücken",">at"],"icon":{"type":"file","path":"img/indentText.png"},"match":"indent a block with <> tags Text einrücken >at"},{"title":"3 zeilen neu ausrichten","subtitle":"Text einrücken ⎯  3==","arg":["key code 53//keystroke \"3==\"","3 Zeilen neu ausrichten","3=="],"icon":{"type":"file","path":"img/indentText.png"},"match":"re-indent 3 lines Text einrücken 3=="},{"title":"Block mit () oder {} neu ausrichten ","subtitle":"Text einrücken ⎯  =%","arg":["key code 53//keystroke \"=%\"","Block mit () oder {} neu ausrichten ","=%"],"icon":{"type":"file","path":"img/indentText.png"},"match":"re-indent a block with () or {}  Text einrücken =%"},{"title":"","subtitle":"Text einrücken ⎯  =iB","arg":["key code 53//keystroke \"iB\"",null,"=iB"],"icon":{"type":"file","path":"img/indentText.png"},"match":" Text einrücken =iB"},{"title":"Gesamter buffer neu ausrichten","subtitle":"Text einrücken ⎯  gg=G","arg":["key code 53//keystroke \"gg=G\"","Gesamter Buffer neu ausrichten","gg=G"],"icon":{"type":"file","path":"img/indentText.png"},"match":"re-indent entire buffer Text einrücken gg=G"},{"title":"Einfügen und analog zur aktuellen zeile einrücken","subtitle":"Text einrücken ⎯  ]p","arg":["key code 53//keystroke \"]p\"","Einfügen und analog zur aktuellen Zeile einrücken","]p"],"icon":{"type":"file","path":"img/indentText.png"},"match":"paste and adjust indent to current line Text einrücken ]p"},{"title":"Datei schreiben, aber nicht schließen","subtitle":"Speichern und Beenden ⎯  :w","arg":["key code 53//keystroke \":w\" & return","Datei schreiben, aber nicht schließen",":w"],"icon":{"type":"file","path":"img/exiting.png"},"match":"write  the file, but don't exit Speichern und Beenden :w"},{"title":"Schreibe die aktuelle datei mit sudo","subtitle":"Speichern und Beenden ⎯  :w !sudo tee %","arg":["key code 53//keystroke \":w !sudo tee %\"","Schreibe die aktuelle Datei mit sudo",":w !sudo tee %"],"icon":{"type":"file","path":"img/exiting.png"},"match":"write out the current file using sudo Speichern und Beenden :w !sudo tee %"},{"title":"Datei schreiben und schließen","subtitle":"Speichern und Beenden ⎯  :wq or :x or ZZ","arg":["key code 53//keystroke \":wq\" & return","Datei schreiben und schließen",":wq or :x or ZZ"],"icon":{"type":"file","path":"img/exiting.png"},"match":"write  and quit Speichern und Beenden :wq or :x or ZZ"},{"title":"Datei schließen ","subtitle":"Speichern und Beenden ⎯  :q","arg":["key code 53//keystroke \":q\" & return","Datei schließen ",":q"],"icon":{"type":"file","path":"img/exiting.png"},"match":"quit  Speichern und Beenden :q"},{"title":"Datei schließen und änderungen verwerfen","subtitle":"Speichern und Beenden ⎯  :q! or ZQ","arg":["key code 53//keystroke \":q!\" & return","Datei schließen und Änderungen verwerfen",":q! or ZQ"],"icon":{"type":"file","path":"img/exiting.png"},"match":"quit and throw away unsaved changes Speichern und Beenden :q! or ZQ"},{"title":"Datei in allen tabs schreiben und schließen","subtitle":"Speichern und Beenden ⎯  :wqa","arg":["key code 53//keystroke \":wqa\" & return","Datei in allen Tabs schreiben und schließen",":wqa"],"icon":{"type":"file","path":"img/exiting.png"},"match":"write  and quit on all tabs Speichern und Beenden :wqa"},{"title":"Muster suchen ","subtitle":"Suchen und Ersetzen ⎯  /pattern","arg":["key code 53//keystroke \"/pattern\"","Muster suchen ","/pattern"],"icon":{"type":"file","path":"img/searchAndReplace.png"},"match":"search for pattern Suchen und Ersetzen /pattern"},{"title":"Muster suchen ","subtitle":"Suchen und Ersetzen ⎯  ?pattern","arg":["key code 53//keystroke \"?pattern\"","Muster suchen ","?pattern"],"icon":{"type":"file","path":"img/searchAndReplace.png"},"match":"search backward for pattern Suchen und Ersetzen ?pattern"},{"title":"'very magic' pattern","subtitle":"Suchen und Ersetzen ⎯  \\vpattern","arg":["key code 53//keystroke \"\\\\vpattern\"","'very magic' pattern","\\vpattern"],"icon":{"type":"file","path":"img/searchAndReplace.png"},"match":"'very magic' pattern Suchen und Ersetzen \\vpattern"},{"title":"Suche wiederholen ","subtitle":"Suchen und Ersetzen ⎯  n","arg":["key code 53//keystroke \"n\"","Suche wiederholen ","n"],"icon":{"type":"file","path":"img/searchAndReplace.png"},"match":"repeat search in same direction Suchen und Ersetzen n"},{"title":"Suche wiederholen ","subtitle":"Suchen und Ersetzen ⎯  N","arg":["key code 53//keystroke \"N\"","Suche wiederholen ","N"],"icon":{"type":"file","path":"img/searchAndReplace.png"},"match":"repeat search in opposite direction Suchen und Ersetzen N"},{"title":"Muster im gesamten dokument ersetzen","subtitle":"Suchen und Ersetzen ⎯  :%s/old/new/g","arg":["key code 53//keystroke \":%s/old/new/g\"","Muster im gesamten Dokument ersetzen",":%s/old/new/g"],"icon":{"type":"file","path":"img/searchAndReplace.png"},"match":"replace all old with new throughout file Suchen und Ersetzen :%s/old/new/g"},{"title":"Muster im gesamten dokument ersetzen, mit bestätigung","subtitle":"Suchen und Ersetzen ⎯  :%s/old/new/gc","arg":["key code 53//keystroke \":%s/old/new/gc\"","Muster im gesamten Dokument ersetzen, mit Bestätigung",":%s/old/new/gc"],"icon":{"type":"file","path":"img/searchAndReplace.png"},"match":"replace all old with new throughout file with confirmations Suchen und Ersetzen :%s/old/new/gc"},{"title":"Entferne alle markierungen von such-treffern","subtitle":"Suchen und Ersetzen ⎯  :noh[lsearch]","arg":["key code 53//keystroke \":noh[lsearch]\"","Entferne alle Markierungen von Such-Treffern",":noh[lsearch]"],"icon":{"type":"file","path":"img/searchAndReplace.png"},"match":"remove highlighting of search matches Suchen und Ersetzen :noh[lsearch]"},{"title":"Next whole word under cursor","subtitle":"Suchen und Ersetzen ⎯  *","arg":["key code 53//keystroke \"*\"","Next whole word under cursor","*"],"icon":{"type":"file","path":"img/searchAndReplace.png"},"match":"Next whole word under cursor Suchen und Ersetzen *"},{"title":"Previous whole word under cursor","subtitle":"Suchen und Ersetzen ⎯  #","arg":["key code 53//keystroke \"#\"","Previous whole word under cursor","#"],"icon":{"type":"file","path":"img/searchAndReplace.png"},"match":"Previous whole word under cursor Suchen und Ersetzen #"},{"title":"Muster suchen in mehreren dateien","subtitle":"Suchen in mehreren Dateien ⎯  :vim[grep] /pattern/ file","arg":["key code 53//keystroke \":vim[grep]\"//key code 49//keystroke \"/pattern/\"//key code 49//keystroke \"file\"","Muster suchen in mehreren Dateien",":vim[grep] /pattern/ file"],"icon":{"type":"file","path":"img/searchMultipleFiles.png"},"match":"search for pattern in multiple files Suchen in mehreren Dateien :vim[grep] /pattern/ file"},{"title":"Springe zur nächsten übereinstimmung","subtitle":"Suchen in mehreren Dateien ⎯  :cn[ext]","arg":["key code 53//keystroke \":cn\" & return","Springe zur nächsten Übereinstimmung",":cn[ext]"],"icon":{"type":"file","path":"img/searchMultipleFiles.png"},"match":"jump to the next match Suchen in mehreren Dateien :cn[ext]"},{"title":"Springe zur vorherigen übereinstimmung","subtitle":"Suchen in mehreren Dateien ⎯  :cp[revious]","arg":["key code 53//keystroke \":cp\" & return","Springe zur vorherigen Übereinstimmung",":cp[revious]"],"icon":{"type":"file","path":"img/searchMultipleFiles.png"},"match":"jump to the previous match Suchen in mehreren Dateien :cp[revious]"},{"title":"Öffne ein fenster mit der liste von übereinstimmungen","subtitle":"Suchen in mehreren Dateien ⎯  :cope[n]","arg":["key code 53//keystroke \":cope\" & return","Öffne ein Fenster mit der Liste von Übereinstimmungen",":cope[n]"],"icon":{"type":"file","path":"img/searchMultipleFiles.png"},"match":"open a window containing the list of matches Suchen in mehreren Dateien :cope[n]"},{"title":"Schliesse das fenster mit der liste von übereinstimmungen","subtitle":"Suchen in mehreren Dateien ⎯  :ccl[ose]","arg":["key code 53//keystroke \":ccl\" & return","Schliesse das Fenster mit der Liste von Übereinstimmungen",":ccl[ose]"],"icon":{"type":"file","path":"img/searchMultipleFiles.png"},"match":"close the quickfix window Suchen in mehreren Dateien :ccl[ose]"},{"title":"","subtitle":"Suchen in mehreren Dateien ⎯  colonWa","arg":["key code 53//keystroke \":wa\" & return",null,"colonWa"],"icon":{"type":"file","path":"img/searchMultipleFiles.png"},"match":" Suchen in mehreren Dateien colonWa"},{"title":"Schliesse das fenster mit der liste von übereinstimmungen","subtitle":"Suchen in mehreren Dateien ⎯  :ccl[ose]","arg":["key code 53//keystroke \":ccl\" & return","Schliesse das Fenster mit der Liste von Übereinstimmungen",":ccl[ose]"],"icon":{"type":"file","path":"img/searchMultipleFiles.png"},"match":"close the quickfix window Suchen in mehreren Dateien :ccl[ose]"},{"title":"Datei in neuem tab öffnen","subtitle":"Tabs ⎯  :tabnew or :tabnew file","arg":["key code 53//keystroke \":tabnew\"//key code 49//keystroke \"file\" & return","Datei in neuem Tab öffnen",":tabnew or :tabnew file"],"icon":{"type":"file","path":"img/tabs.png"},"match":"open a file in a new tab Tabs :tabnew or :tabnew file"},{"title":"Aktuell geteiltes fenster in eigenen tab bewegen","subtitle":"Tabs ⎯  Ctrl+wT","arg":["key code 53//keystroke \"w\" using control down//keystroke \"T\"","Aktuell geteiltes Fenster in eigenen Tab bewegen","Ctrl+wT"],"icon":{"type":"file","path":"img/tabs.png"},"match":"move the current split window into its own tab Tabs Ctrl+wT"},{"title":"Zum nächsten tab springen","subtitle":"Tabs ⎯  gt or :tabn[ext]","arg":["key code 53//keystroke \"gt\"","Zum nächsten Tab springen","gt or :tabn[ext]"],"icon":{"type":"file","path":"img/tabs.png"},"match":"move to the next tab Tabs gt or :tabn[ext]"},{"title":"Zum vorigen tab springen","subtitle":"Tabs ⎯  gT or :tabp[revious]","arg":["key code 53//keystroke \"gT\"","Zum vorigen Tab springen","gT or :tabp[revious]"],"icon":{"type":"file","path":"img/tabs.png"},"match":"move to the previous tab Tabs gT or :tabp[revious]"},{"title":"Zum tab mit der nummer # springen","subtitle":"Tabs ⎯  #gt","arg":["key code 53//keystroke \"#gt\"","Zum Tab mit der Nummer # springen","#gt"],"icon":{"type":"file","path":"img/tabs.png"},"match":"move to tab number # Tabs #gt"},{"title":"Aktuellen tab an #te position bewegen ","subtitle":"Tabs ⎯  :tabm[ove]","arg":["key code 53//keystroke \":tabm\" & return","Aktuellen Tab an #te Position bewegen ",":tabm[ove]"],"icon":{"type":"file","path":"img/tabs.png"},"match":"move current tab to the #th position  Tabs :tabm[ove]"},{"title":"Aktuellen tab, inklusiver aller fenster, schließen","subtitle":"Tabs ⎯  :tabc[lose]","arg":["key code 53//keystroke \":tabc\" & return","Aktuellen Tab, inklusiver aller Fenster, schließen",":tabc[lose]"],"icon":{"type":"file","path":"img/tabs.png"},"match":"close the current tab and all its windows Tabs :tabc[lose]"},{"title":"Alle tabs schließen, außer dem aktuellen","subtitle":"Tabs ⎯  :tabo[nly]","arg":["key code 53//keystroke \":tabo\" & return","Alle Tabs schließen, außer dem Aktuellen",":tabo[nly]"],"icon":{"type":"file","path":"img/tabs.png"},"match":"close all tabs except for the current one Tabs :tabo[nly]"},{"title":"Führt command für alle tabs aus ","subtitle":"Tabs ⎯  :tabdo command","arg":["key code 53//keystroke \":tabdo\"//key code 49//keystroke \"command\"","Führt command für alle Tabs aus ",":tabdo command"],"icon":{"type":"file","path":"img/tabs.png"},"match":"run the command on all tabs  Tabs :tabdo command"},{"title":"Datei im neuen buffer bearbeiten","subtitle":"Arbeit mit mehreren Dateien ⎯  :e[dit] file","arg":["key code 53//keystroke \":e\"//key code 49//keystroke \"file\"","Datei im neuen Buffer bearbeiten",":e[dit] file"],"icon":{"type":"file","path":"img/workingWithMultipleFiles.png"},"match":"edit a file in a new buffer Arbeit mit mehreren Dateien :e[dit] file"},{"title":"Springe zum nächsten buffer","subtitle":"Arbeit mit mehreren Dateien ⎯  :bn[ext]","arg":["key code 53//keystroke \":bn\" & return","Springe zum nächsten Buffer",":bn[ext]"],"icon":{"type":"file","path":"img/workingWithMultipleFiles.png"},"match":"go to the next buffer Arbeit mit mehreren Dateien :bn[ext]"},{"title":"Springe zum vorherigen buffer","subtitle":"Arbeit mit mehreren Dateien ⎯  :bp[revious]","arg":["key code 53//keystroke \":bp\" & return","Springe zum vorherigen Buffer",":bp[revious]"],"icon":{"type":"file","path":"img/workingWithMultipleFiles.png"},"match":"go to the previous buffer Arbeit mit mehreren Dateien :bp[revious]"},{"title":"Buffer löschen ","subtitle":"Arbeit mit mehreren Dateien ⎯  :bd[elete]","arg":["key code 53//keystroke \":bd\" & return","Buffer löschen ",":bd[elete]"],"icon":{"type":"file","path":"img/workingWithMultipleFiles.png"},"match":"delete a buffer  Arbeit mit mehreren Dateien :bd[elete]"},{"title":"Springe zum buffer mit index #","subtitle":"Arbeit mit mehreren Dateien ⎯  :b[uffer]#","arg":["key code 53//keystroke \":b#\"","Springe zum Buffer mit Index #",":b[uffer]#"],"icon":{"type":"file","path":"img/workingWithMultipleFiles.png"},"match":"go to a buffer by index # Arbeit mit mehreren Dateien :b[uffer]#"},{"title":"Springe zum buffer einer datei","subtitle":"Arbeit mit mehreren Dateien ⎯  :b[uffer] file","arg":["key code 53//keystroke \":b\"//key code 49//keystroke \"file\"","Springe zum Buffer einer Datei",":b[uffer] file"],"icon":{"type":"file","path":"img/workingWithMultipleFiles.png"},"match":"go to a buffer by file Arbeit mit mehreren Dateien :b[uffer] file"},{"title":"Alle offenen buffer auflisten","subtitle":"Arbeit mit mehreren Dateien ⎯  :ls or :buffers","arg":["key code 53//keystroke \":ls\" & return","Alle offenen Buffer auflisten",":ls or :buffers"],"icon":{"type":"file","path":"img/workingWithMultipleFiles.png"},"match":"list all open buffers Arbeit mit mehreren Dateien :ls or :buffers"},{"title":"Datei im neuen buffer bearbeiten und fenster horizontal teilen","subtitle":"Arbeit mit mehreren Dateien ⎯  :sp[lit] file","arg":["key code 53//keystroke \":sp\"//key code 49//keystroke \"file\"","Datei im neuen Buffer bearbeiten und Fenster horizontal teilen",":sp[lit] file"],"icon":{"type":"file","path":"img/workingWithMultipleFiles.png"},"match":"open a file in a new buffer and split window Arbeit mit mehreren Dateien :sp[lit] file"},{"title":"Datei im neuen buffer bearbeiten und fenster vertikal teilen","subtitle":"Arbeit mit mehreren Dateien ⎯  :vs[plit] file","arg":["key code 53//keystroke \":vs\"//key code 49//keystroke \"file\"","Datei im neuen Buffer bearbeiten und Fenster vertikal teilen",":vs[plit] file"],"icon":{"type":"file","path":"img/workingWithMultipleFiles.png"},"match":"open a file in a new buffer and vertically split window Arbeit mit mehreren Dateien :vs[plit] file"},{"title":"Alle buffer als vertikale fenster bearbeiten","subtitle":"Arbeit mit mehreren Dateien ⎯  :vert[ical] ba[ll]","arg":["key code 53//keystroke \":vert\"//key code 49//keystroke \"ba\" & return","Alle Buffer als vertikale Fenster bearbeiten",":vert[ical] ba[ll]"],"icon":{"type":"file","path":"img/workingWithMultipleFiles.png"},"match":"edit all buffers as vertical windows Arbeit mit mehreren Dateien :vert[ical] ba[ll]"},{"title":"Alle buffer als tabs bearbeiten","subtitle":"Arbeit mit mehreren Dateien ⎯  :tab ba[ll]","arg":["key code 53//keystroke \":tab\"//key code 49//keystroke \"ba\" & return","Alle Buffer als Tabs bearbeiten",":tab ba[ll]"],"icon":{"type":"file","path":"img/workingWithMultipleFiles.png"},"match":"edit all buffers as tabs Arbeit mit mehreren Dateien :tab ba[ll]"},{"title":"Fenster horizontal teilen","subtitle":"Arbeit mit mehreren Dateien ⎯  Ctrl+w s","arg":["key code 53//keystroke \"w\" using control down//keystroke \"s\"","Fenster horizontal teilen","Ctrl+w s"],"icon":{"type":"file","path":"img/workingWithMultipleFiles.png"},"match":"split window Arbeit mit mehreren Dateien Ctrl+w s"},{"title":"Fenster vertikal teilen","subtitle":"Arbeit mit mehreren Dateien ⎯  Ctrl+w v","arg":["key code 53//keystroke \"w\" using control down//keystroke \"v\"","Fenster vertikal teilen","Ctrl+w v"],"icon":{"type":"file","path":"img/workingWithMultipleFiles.png"},"match":"split window vertically Arbeit mit mehreren Dateien Ctrl+w v"},{"title":"Fenster wechseln","subtitle":"Arbeit mit mehreren Dateien ⎯  Ctrl+w w","arg":["key code 53//keystroke \"w\" using control down//keystroke \"w\"","Fenster wechseln","Ctrl+w w"],"icon":{"type":"file","path":"img/workingWithMultipleFiles.png"},"match":"switch windows Arbeit mit mehreren Dateien Ctrl+w w"},{"title":"Fenster schließen","subtitle":"Arbeit mit mehreren Dateien ⎯  Ctrl+w q","arg":["key code 53//keystroke \"w\" using control down//keystroke \"q\"","Fenster schließen","Ctrl+w q"],"icon":{"type":"file","path":"img/workingWithMultipleFiles.png"},"match":"quit a window Arbeit mit mehreren Dateien Ctrl+w q"},{"title":"Aktuelles fenster mit nächstem tauschen","subtitle":"Arbeit mit mehreren Dateien ⎯  Ctrl+w x","arg":["key code 53//keystroke \"w\" using control down//keystroke \"x\"","Aktuelles Fenster mit nächstem tauschen","Ctrl+w x"],"icon":{"type":"file","path":"img/workingWithMultipleFiles.png"},"match":"exchange current window with next one Arbeit mit mehreren Dateien Ctrl+w x"},{"title":"Alle fenster gleich gross machen","subtitle":"Arbeit mit mehreren Dateien ⎯  Ctrl+w =","arg":["key code 53//keystroke \"w\" using control down//keystroke \"=\"","Alle Fenster gleich gross machen","Ctrl+w ="],"icon":{"type":"file","path":"img/workingWithMultipleFiles.png"},"match":"make all windows equal height & width Arbeit mit mehreren Dateien Ctrl+w ="},{"title":"Cursor in das linke fenster ","subtitle":"Arbeit mit mehreren Dateien ⎯  Ctrl+w h","arg":["key code 53//keystroke \"w\" using control down//keystroke \"h\"","Cursor in das linke Fenster ","Ctrl+w h"],"icon":{"type":"file","path":"img/workingWithMultipleFiles.png"},"match":"move cursor to the left window  Arbeit mit mehreren Dateien Ctrl+w h"},{"title":"Cursor in das rechte fenster ","subtitle":"Arbeit mit mehreren Dateien ⎯  Ctrl+w l","arg":["key code 53//keystroke \"w\" using control down//keystroke \"l\"","Cursor in das rechte Fenster ","Ctrl+w l"],"icon":{"type":"file","path":"img/workingWithMultipleFiles.png"},"match":"move cursor to the right window  Arbeit mit mehreren Dateien Ctrl+w l"},{"title":"Cursor in das untere fenster ","subtitle":"Arbeit mit mehreren Dateien ⎯  Ctrl+w j","arg":["key code 53//keystroke \"w\" using control down//keystroke \"j\"","Cursor in das untere Fenster ","Ctrl+w j"],"icon":{"type":"file","path":"img/workingWithMultipleFiles.png"},"match":"move cursor to the window below  Arbeit mit mehreren Dateien Ctrl+w j"},{"title":"Cursor in das obere fenster ","subtitle":"Arbeit mit mehreren Dateien ⎯  Ctrl+w k","arg":["key code 53//keystroke \"w\" using control down//keystroke \"k\"","Cursor in das obere Fenster ","Ctrl+w k"],"icon":{"type":"file","path":"img/workingWithMultipleFiles.png"},"match":"move cursor to the window above  Arbeit mit mehreren Dateien Ctrl+w k"},{"title":"Make current window full height at far left ","subtitle":"Arbeit mit mehreren Dateien ⎯  Ctrl+w H","arg":["key code 53//keystroke \"w\" using control down//keystroke \"H\"","make current window full height at far left ","Ctrl+w H"],"icon":{"type":"file","path":"img/workingWithMultipleFiles.png"},"match":"make current window full height at far left  Arbeit mit mehreren Dateien Ctrl+w H"},{"title":"Make current window full height at far right ","subtitle":"Arbeit mit mehreren Dateien ⎯  Ctrl+w L","arg":["key code 53//keystroke \"w\" using control down//keystroke \"L\"","make current window full height at far right ","Ctrl+w L"],"icon":{"type":"file","path":"img/workingWithMultipleFiles.png"},"match":"make current window full height at far right  Arbeit mit mehreren Dateien Ctrl+w L"},{"title":"Make current window full width at the very bottom ","subtitle":"Arbeit mit mehreren Dateien ⎯  Ctrl+w J","arg":["key code 53//keystroke \"w\" using control down//keystroke \"J\"","make current window full width at the very bottom ","Ctrl+w J"],"icon":{"type":"file","path":"img/workingWithMultipleFiles.png"},"match":"make current window full width at the very bottom  Arbeit mit mehreren Dateien Ctrl+w J"},{"title":"Make current window full width at the very top ","subtitle":"Arbeit mit mehreren Dateien ⎯  Ctrl+w K","arg":["key code 53//keystroke \"w\" using control down//keystroke \"K\"","make current window full width at the very top ","Ctrl+w K"],"icon":{"type":"file","path":"img/workingWithMultipleFiles.png"},"match":"make current window full width at the very top  Arbeit mit mehreren Dateien Ctrl+w K"},{"title":"Fold definieren bis zur bewegung","subtitle":"Diff ⎯  zf","arg":["key code 53//keystroke \"zf\"","Fold definieren bis zur Bewegung","zf"],"icon":{"type":"file","path":"img/diff.png"},"match":"manually define a fold up to motion Diff zf"},{"title":"Fold unter dem cursor löschen","subtitle":"Diff ⎯  zd","arg":["key code 53//keystroke \"zd\"","Fold unter dem Cursor löschen","zd"],"icon":{"type":"file","path":"img/diff.png"},"match":"delete fold under the cursor Diff zd"},{"title":"Fold unter dem cursor umschalten","subtitle":"Diff ⎯  za","arg":["key code 53//keystroke \"za\"","Fold unter dem Cursor umschalten","za"],"icon":{"type":"file","path":"img/diff.png"},"match":"toggle fold under the cursor Diff za"},{"title":"Fold unter dem cursor öffnen","subtitle":"Diff ⎯  zo","arg":["key code 53//keystroke \"zo\"","Fold unter dem Cursor öffnen","zo"],"icon":{"type":"file","path":"img/diff.png"},"match":"open fold under the cursor Diff zo"},{"title":"Fold unter dem cursor schliessen","subtitle":"Diff ⎯  zc","arg":["key code 53//keystroke \"zc\"","Fold unter dem Cursor schliessen","zc"],"icon":{"type":"file","path":"img/diff.png"},"match":"close fold under the cursor Diff zc"},{"title":"Alle folds um ein level öffnen ","subtitle":"Diff ⎯  zr","arg":["key code 53//keystroke \"zr\"","Alle Folds um ein Level öffnen ","zr"],"icon":{"type":"file","path":"img/diff.png"},"match":"reduce  all folds by one level Diff zr"},{"title":"Alle folds um ein level schliessen","subtitle":"Diff ⎯  zm","arg":["key code 53//keystroke \"zm\"","Alle Folds um ein Level schliessen","zm"],"icon":{"type":"file","path":"img/diff.png"},"match":"fold more  all folds by one level Diff zm"},{"title":"Folding funktionalität umschalten","subtitle":"Diff ⎯  zi","arg":["key code 53//keystroke \"zi\"","Folding Funktionalität umschalten","zi"],"icon":{"type":"file","path":"img/diff.png"},"match":"toggle folding functionality Diff zi"},{"title":"Springe zum start der nächsten änderung","subtitle":"Diff ⎯  ]c","arg":["key code 53//keystroke \"]c\"","Springe zum Start der nächsten Änderung","]c"],"icon":{"type":"file","path":"img/diff.png"},"match":"jump to start of next change Diff ]c"},{"title":"Springe zum start der vorherigen änderung","subtitle":"Diff ⎯  [c","arg":["key code 53//keystroke \"[c\"","Springe zum Start der vorherigen Änderung","[c"],"icon":{"type":"file","path":"img/diff.png"},"match":"jump to start of previous change Diff [c"},{"title":"Hole den unterschied ","subtitle":"Diff ⎯  do or :diffg[et]","arg":["key code 53//keystroke \"do\"","Hole den Unterschied ","do or :diffg[et]"],"icon":{"type":"file","path":"img/diff.png"},"match":"obtain  difference  Diff do or :diffg[et]"},{"title":"Gebe den unterschied ","subtitle":"Diff ⎯  dp or :diffpu[t]","arg":["key code 53//keystroke \"dp\"","Gebe den Unterschied ","dp or :diffpu[t]"],"icon":{"type":"file","path":"img/diff.png"},"match":"put difference  Diff dp or :diffpu[t]"},{"title":"Mache das aktuelle fenster teil vom diff","subtitle":"Diff ⎯  :diffthis","arg":["key code 53//keystroke \":diffthis\" & return","Mache das aktuelle Fenster Teil vom Diff",":diffthis"],"icon":{"type":"file","path":"img/diff.png"},"match":"make current window part of diff Diff :diffthis"},{"title":"Aktualisiere den diff","subtitle":"Diff ⎯  :dif[fupdate]","arg":["key code 53//keystroke \":dif\" & return","Aktualisiere den Diff",":dif[fupdate]"],"icon":{"type":"file","path":"img/diff.png"},"match":"update differences Diff :dif[fupdate]"},{"title":"Schalte den diff modus für das aktuelle fenster aus","subtitle":"Diff ⎯  :diffo[ff]","arg":["key code 53//keystroke \":diffo\" & return","Schalte den Diff Modus für das aktuelle Fenster aus",":diffo[ff]"],"icon":{"type":"file","path":"img/diff.png"},"match":"switch off diff mode for current window Diff :diffo[ff]"},{"title":"Turn on us english spell checking","subtitle":"Spell checking ⎯  :set spell spelllang=en_us","arg":["key code 53//keystroke \":set\"//key code 49//keystroke \"spell\"//key code 49//keystroke \"spelllang=en_us\" & return","Turn on US English spell checking",":set spell spelllang=en_us"],"icon":{"type":"file","path":"img/spell.png"},"match":"Turn on US English spell checking Spell checking :set spell spelllang=en_us"},{"title":"Turn off spell checking","subtitle":"Spell checking ⎯  :set nospell","arg":["key code 53//keystroke \":set\"//key code 49//keystroke \"nospell\" & return","Turn off spell checking",":set nospell"],"icon":{"type":"file","path":"img/spell.png"},"match":"Turn off spell checking Spell checking :set nospell"},{"title":"Move to next misspelled word after the cursor","subtitle":"Spell checking ⎯  ]s","arg":["key code 53//keystroke \"]s\"","Move to next misspelled word after the cursor","]s"],"icon":{"type":"file","path":"img/spell.png"},"match":"Move to next misspelled word after the cursor Spell checking ]s"},{"title":"Move to previous misspelled word before the cursor","subtitle":"Spell checking ⎯  [s","arg":["key code 53//keystroke \"[s\"","Move to previous misspelled word before the cursor","[s"],"icon":{"type":"file","path":"img/spell.png"},"match":"Move to previous misspelled word before the cursor Spell checking [s"},{"title":"Suggest spellings for the word under/after the cursor","subtitle":"Spell checking ⎯  z=","arg":["key code 53//keystroke \"z=\"","Suggest spellings for the word under/after the cursor","z="],"icon":{"type":"file","path":"img/spell.png"},"match":"Suggest spellings for the word under/after the cursor Spell checking z="},{"title":"Add word to spell list","subtitle":"Spell checking ⎯  zg","arg":["key code 53//keystroke \"zg\"","Add word to spell list","zg"],"icon":{"type":"file","path":"img/spell.png"},"match":"Add word to spell list Spell checking zg"},{"title":"Mark word as bad/mispelling","subtitle":"Spell checking ⎯  zw","arg":["key code 53//keystroke \"zw\"","Mark word as bad/mispelling","zw"],"icon":{"type":"file","path":"img/spell.png"},"match":"Mark word as bad/mispelling Spell checking zw"},{"title":"Suggest words for bad word under cursor from spell file","subtitle":"Spell checking ⎯  zu","arg":["key code 53//keystroke \"zu\"","Suggest words for bad word under cursor from spell file","zu"],"icon":{"type":"file","path":"img/spell.png"},"match":"Suggest words for bad word under cursor from spell file Spell checking zu"},{"title":"Increment number","subtitle":"Miscellaneous ⎯  Ctrl+a","arg":["key code 53//keystroke \"a\" using control down","Increment number","Ctrl+a"],"icon":{"type":"file","path":"img/misc.png"},"match":"Increment number Miscellaneous Ctrl+a"},{"title":"Decrement number","subtitle":"Miscellaneous ⎯  Ctrl+x","arg":["key code 53//keystroke \"x\" using control down","Decrement number","Ctrl+x"],"icon":{"type":"file","path":"img/misc.png"},"match":"Decrement number Miscellaneous Ctrl+x"},{"title":"Re-select last selected block of text","subtitle":"Miscellaneous ⎯  gv","arg":["key code 53//keystroke \"gv\"","Re-select last selected block of text","gv"],"icon":{"type":"file","path":"img/misc.png"},"match":"Re-select last selected block of text Miscellaneous gv"},{"title":"Insert the result of an expression at the cursor","subtitle":"Miscellaneous ⎯  Ctrl+r =","arg":["key code 53//keystroke \"r\" using control down//keystroke \"=\"","Insert the result of an expression at the cursor","Ctrl+r ="],"icon":{"type":"file","path":"img/misc.png"},"match":"Insert the result of an expression at the cursor Miscellaneous Ctrl+r ="},{"title":"Change file encoding to utf-8","subtitle":"Miscellaneous ⎯  set fenc=UTF-8","arg":["key code 53//keystroke \"set\"//key code 49//keystroke \"fenc=UTF-8\"","Change file encoding to UTF-8","set fenc=UTF-8"],"icon":{"type":"file","path":"img/misc.png"},"match":"Change file encoding to UTF-8 Miscellaneous set fenc=UTF-8"},{"title":"Escape next character","subtitle":"Regex ⎯  \\","arg":["keystroke \"\\\\\"","Escape next character","\\"],"icon":{"type":"file","path":"img/regex.png"},"match":"Escape next character Regex \\"},{"title":"Start-of­-line","subtitle":"Regex ⎯  ^","arg":["keystroke \"^\"","Start-of­-line","^"],"icon":{"type":"file","path":"img/regex.png"},"match":"Start-of­-line Regex ^"},{"title":"End-of-­line","subtitle":"Regex ⎯  $","arg":["keystroke \"$\"","End-of-­line","$"],"icon":{"type":"file","path":"img/regex.png"},"match":"End-of-­line Regex $"},{"title":"Any char","subtitle":"Regex ⎯  .","arg":["keystroke \".\"","Any char","."],"icon":{"type":"file","path":"img/regex.png"},"match":"Any char Regex ."},{"title":"0 or more quantifier","subtitle":"Regex ⎯  *","arg":["keystroke \"*\"","0 or more quantifier","*"],"icon":{"type":"file","path":"img/regex.png"},"match":"0 or more quantifier Regex *"},{"title":"Match last given substitute string","subtitle":"Regex ⎯  ~","arg":["keystroke \"\"~","Match last given substitute string","~"],"icon":{"type":"file","path":"img/regex.png"},"match":"Match last given substitute string Regex ~"},{"title":"Match range","subtitle":"Regex ⎯  [...]","arg":["keystroke \"[...]\"","Match range","[...]"],"icon":{"type":"file","path":"img/regex.png"},"match":"Match range Regex [...]"},{"title":"Not range","subtitle":"Regex ⎯  [^...]","arg":["keystroke \"[^...]\"","Not range","[^...]"],"icon":{"type":"file","path":"img/regex.png"},"match":"Not range Regex [^...]"},{"title":"In replacement: insert <pattern>","subtitle":"Regex ⎯  &","arg":["keystroke \"&\"","In replacement: insert <pattern>","&"],"icon":{"type":"file","path":"img/regex.png"},"match":"In replacement: insert <pattern> Regex &"},{"title":"Beginning of a word","subtitle":"Regex ⎯  \\<","arg":["keystroke \"\\\\<\"","Beginning of a word","\\<"],"icon":{"type":"file","path":"img/regex.png"},"match":"Beginning of a word Regex \\<"},{"title":"End of word","subtitle":"Regex ⎯  \\>","arg":["keystroke \"\\\\>\"","End of word","\\>"],"icon":{"type":"file","path":"img/regex.png"},"match":"End of word Regex \\>"},{"title":"Group","subtitle":"Regex ⎯  \\(...\\)","arg":["keystroke \"\\\\(...\\\\)\"","Group","\\(...\\)"],"icon":{"type":"file","path":"img/regex.png"},"match":"Group Regex \\(...\\)"},{"title":"Separate alternative","subtitle":"Regex ⎯  \\|","arg":["keystroke \"\\\\|\"","Separate alternative","\\|"],"icon":{"type":"file","path":"img/regex.png"},"match":"Separate alternative Regex \\|"},{"title":"Any single char or end-of­line","subtitle":"Regex ⎯  \\_.","arg":["keystroke \"\\\\_.\"","Any single char or end-of­line","\\_."],"icon":{"type":"file","path":"img/regex.png"},"match":"Any single char or end-of­line Regex \\_."},{"title":"1 or more quantifier","subtitle":"Regex ⎯  \\+","arg":["keystroke \"\\\\+\"","1 or more quantifier","\\+"],"icon":{"type":"file","path":"img/regex.png"},"match":"1 or more quantifier Regex \\+"},{"title":"0 or 1 quantifier","subtitle":"Regex ⎯  \\=","arg":["keystroke \"\\\\=\"","0 or 1 quantifier","\\="],"icon":{"type":"file","path":"img/regex.png"},"match":"0 or 1 quantifier Regex \\="},{"title":"0 or 1 quantifier","subtitle":"Regex ⎯  \\?","arg":["keystroke \"\\\\?\"","0 or 1 quantifier","\\?"],"icon":{"type":"file","path":"img/regex.png"},"match":"0 or 1 quantifier Regex \\?"},{"title":"N to m quantifier","subtitle":"Regex ⎯  \\{n,m}","arg":["keystroke \"\\\\{n,m}\"","n to m quantifier","\\{n,m}"],"icon":{"type":"file","path":"img/regex.png"},"match":"n to m quantifier Regex \\{n,m}"},{"title":"N quantifier","subtitle":"Regex ⎯  \\{n}","arg":["keystroke \"\\\\{n}\"","n quantifier","\\{n}"],"icon":{"type":"file","path":"img/regex.png"},"match":"n quantifier Regex \\{n}"},{"title":"At least n quantifier","subtitle":"Regex ⎯  \\{n,}","arg":["keystroke \"\"\\\\{n,}","at least n quantifier","\\{n,}"],"icon":{"type":"file","path":"img/regex.png"},"match":"at least n quantifier Regex \\{n,}"},{"title":"0 to m quantifier","subtitle":"Regex ⎯  \\{,m}","arg":["keystroke \"\\\\{,}\"","0 to m quantifier","\\{,m}"],"icon":{"type":"file","path":"img/regex.png"},"match":"0 to m quantifier Regex \\{,m}"},{"title":"Delete all lines matching pattern","subtitle":"Regex ⎯  :%g/<pa­tte­rn>/d","arg":["key code 53//keystroke \":%g/<pa­tte­r/d\"","delete all lines matching pattern",":%g/<pa­tte­rn>/d"],"icon":{"type":"file","path":"img/regex.png"},"match":"delete all lines matching pattern Regex :%g/<pa­tte­rn>/d"},{"title":"Delete all lines not matching <pattern>","subtitle":"Regex ⎯  :%v/<pa­tte­rn>/d","arg":["key code 53//keystroke \":%v/<pa­tte­r/d\"","delete all lines NOT matching <pattern>",":%v/<pa­tte­rn>/d"],"icon":{"type":"file","path":"img/regex.png"},"match":"delete all lines NOT matching <pattern> Regex :%v/<pa­tte­rn>/d"},{"title":"Delete empty lines","subtitle":"Regex ⎯  :%s/^.*$\\n//","arg":["key code 53//keystroke \":%s/^.*$\\\\n//\"","delete empty lines",":%s/^.*$\\n//"],"icon":{"type":"file","path":"img/regex.png"},"match":"delete empty lines Regex :%s/^.*$\\n//"},{"title":"Replace <pattern> by 'new <pattern>'","subtitle":"Regex ⎯  :s/<pattern>/new &/","arg":["key code 53//keystroke \":%s/<pattern>/new &/\"","Replace <pattern> by 'new <pattern>'",":s/<pattern>/new &/"],"icon":{"type":"file","path":"img/regex.png"},"match":"Replace <pattern> by 'new <pattern>' Regex :s/<pattern>/new &/"},{"title":"Replace <pattern> by content of register","subtitle":"Regex ⎯  :s/<pattern>/\\=@a/","arg":["key code 53//keystroke \":%s/<pattern>/\\\\=@a/\"","Replace <pattern> by content of register",":s/<pattern>/\\=@a/"],"icon":{"type":"file","path":"img/regex.png"},"match":"Replace <pattern> by content of register Regex :s/<pattern>/\\=@a/"},{"title":"Count number of occurrence of <pattern>","subtitle":"Regex ⎯  :s/<pattern>//gn","arg":["key code 53//keystroke \":%s/<pattern>//gn\"","Count number of occurrence of <pattern>",":s/<pattern>//gn"],"icon":{"type":"file","path":"img/regex.png"},"match":"Count number of occurrence of <pattern> Regex :s/<pattern>//gn"},{"title":"Match start","subtitle":"Regex ⎯  \\zs","arg":["keystroke \"\\\\zs\"","Match start","\\zs"],"icon":{"type":"file","path":"img/regex.png"},"match":"Match start Regex \\zs"},{"title":"Match end","subtitle":"Regex ⎯  \\ze","arg":["keystroke \"\\\\ze\"","Match end","\\ze"],"icon":{"type":"file","path":"img/regex.png"},"match":"Match end Regex \\ze"},{"title":"Positive look behind to find <pattern>","subtitle":"Regex ⎯  <atom>\\@<=<pattern>","arg":["keystroke \"<atom>\\\\@<=<pattern>\"","Positive look behind to find <pattern>","<atom>\\@<=<pattern>"],"icon":{"type":"file","path":"img/regex.png"},"match":"Positive look behind to find <pattern> Regex <atom>\\@<=<pattern>"},{"title":"Positive look ahead to find <pattern>","subtitle":"Regex ⎯  <pattern><atom>\\@=","arg":["keystroke \"<pattern><atom>\\\\@=\"","Positive look ahead to find <pattern>","<pattern><atom>\\@="],"icon":{"type":"file","path":"img/regex.png"},"match":"Positive look ahead to find <pattern> Regex <pattern><atom>\\@="},{"title":"Negative look behind to find <pattern>","subtitle":"Regex ⎯  <atom>\\@<!<pattern>","arg":["keystroke \"<atom>\\\\@<!<pattern>\"","Negative look behind to find <pattern>","<atom>\\@<!<pattern>"],"icon":{"type":"file","path":"img/regex.png"},"match":"Negative look behind to find <pattern> Regex <atom>\\@<!<pattern>"},{"title":"Negative look ahead to find <pattern>","subtitle":"Regex ⎯  <pattern><atom>\\@!","arg":["keystroke \"<pattern><atom>\\\\@!\"","Negative look ahead to find <pattern>","<pattern><atom>\\@!"],"icon":{"type":"file","path":"img/regex.png"},"match":"Negative look ahead to find <pattern> Regex <pattern><atom>\\@!"},{"title":"Non-greedy 0 or more quantifier","subtitle":"Regex ⎯  \\{-}","arg":["keystroke \"\\\\{-}\"","Non-greedy 0 or more quantifier","\\{-}"],"icon":{"type":"file","path":"img/regex.png"},"match":"Non-greedy 0 or more quantifier Regex \\{-}"}]}