{"items":[{"title":"Abrir ayuda para palabra clave","subtitle":"Global ⎯  :h[elp] keyword","arg":["key code 53//keystroke \":h\"//key code 49//keystroke \"keyword\"","abrir ayuda para palabra clave",":h[elp] keyword"],"icon":{"type":"file","path":"img/global.png"},"match":"open help for keyword Global :h[elp] keyword"},{"title":"Guardar archivo como","subtitle":"Global ⎯  :sav[eas] file","arg":["key code 53//keystroke \":sav\"//key code 49//keystroke \"file\"","guardar archivo como",":sav[eas] file"],"icon":{"type":"file","path":"img/global.png"},"match":"save file as Global :sav[eas] file"},{"title":"Cerrar archivo actual","subtitle":"Global ⎯  :clo[se]","arg":["key code 53//keystroke \":clo\" & return","cerrar archivo actual",":clo[se]"],"icon":{"type":"file","path":"img/global.png"},"match":"close current pane Global :clo[se]"},{"title":"Abre una ventana de terminal","subtitle":"Global ⎯  :ter[minal]","arg":["key code 53//keystroke \":ter\" & return","abre una ventana de terminal",":ter[minal]"],"icon":{"type":"file","path":"img/global.png"},"match":"open a terminal window Global :ter[minal]"},{"title":"Abrir página del manual  de la palabra bajo el cursor","subtitle":"Global ⎯  K","arg":["key code 53//keystroke \"K\"","abrir página del manual  de la palabra bajo el cursor","K"],"icon":{"type":"file","path":"img/global.png"},"match":"open man page for word under the cursor Global K"},{"title":"Mover el cursor hacia la izquierda","subtitle":"Mover el cursor ⎯  h","arg":["key code 53//keystroke \"h\"","mover el cursor hacia la izquierda","h"],"icon":{"type":"file","path":"img/cursorMovement.png"},"match":"move cursor left Mover el cursor h"},{"title":"Mover el cursor hacia abajo","subtitle":"Mover el cursor ⎯  j","arg":["key code 53//keystroke \"j\"","mover el cursor hacia abajo","j"],"icon":{"type":"file","path":"img/cursorMovement.png"},"match":"move cursor down Mover el cursor j"},{"title":"Mover el cursor hacia arriba","subtitle":"Mover el cursor ⎯  k","arg":["key code 53//keystroke \"k\"","mover el cursor hacia arriba","k"],"icon":{"type":"file","path":"img/cursorMovement.png"},"match":"move cursor up Mover el cursor k"},{"title":"Mover el cursor hacia la derecha","subtitle":"Mover el cursor ⎯  l","arg":["key code 53//keystroke \"l\"","mover el cursor hacia la derecha","l"],"icon":{"type":"file","path":"img/cursorMovement.png"},"match":"move cursor right Mover el cursor l"},{"title":"Move cursor down ","subtitle":"Mover el cursor ⎯  gj","arg":["key code 53//keystroke \"gj\"","move cursor down ","gj"],"icon":{"type":"file","path":"img/cursorMovement.png"},"match":"move cursor down  Mover el cursor gj"},{"title":"Move cursor up ","subtitle":"Mover el cursor ⎯  gk","arg":["key code 53//keystroke \"gk\"","move cursor up ","gk"],"icon":{"type":"file","path":"img/cursorMovement.png"},"match":"move cursor up  Mover el cursor gk"},{"title":"Moverse hacia la parte superior de la pantalla","subtitle":"Mover el cursor ⎯  H","arg":["key code 53//keystroke \"H\"","moverse hacia la parte superior de la pantalla","H"],"icon":{"type":"file","path":"img/cursorMovement.png"},"match":"move to top of screen Mover el cursor H"},{"title":"Moverse hacia el centro de la pantalla","subtitle":"Mover el cursor ⎯  M","arg":["key code 53//keystroke \"M\"","moverse hacia el centro de la pantalla","M"],"icon":{"type":"file","path":"img/cursorMovement.png"},"match":"move to middle of screen Mover el cursor M"},{"title":"Moverse hacia la parte inferior de la pantalla","subtitle":"Mover el cursor ⎯  L","arg":["key code 53//keystroke \"L\"","moverse hacia la parte inferior de la pantalla","L"],"icon":{"type":"file","path":"img/cursorMovement.png"},"match":"move to bottom of screen Mover el cursor L"},{"title":"Saltar hasta el inicio de la siguiente palabra","subtitle":"Mover el cursor ⎯  w","arg":["key code 53//keystroke \"w\"","saltar hasta el inicio de la siguiente palabra","w"],"icon":{"type":"file","path":"img/cursorMovement.png"},"match":"jump forwards to the start of a word Mover el cursor w"},{"title":"Saltar hasta el inicio de la siguiente palabra ","subtitle":"Mover el cursor ⎯  W","arg":["key code 53//keystroke \"W\"","saltar hasta el inicio de la siguiente palabra ","W"],"icon":{"type":"file","path":"img/cursorMovement.png"},"match":"jump forwards to the start of a word  Mover el cursor W"},{"title":"Saltar hasta el final de la siguiente palabra","subtitle":"Mover el cursor ⎯  e","arg":["key code 53//keystroke \"e\"","saltar hasta el final de la siguiente palabra","e"],"icon":{"type":"file","path":"img/cursorMovement.png"},"match":"jump forwards to the end of a word Mover el cursor e"},{"title":"Saltar hasta el final de la siguiente palabra ","subtitle":"Mover el cursor ⎯  E","arg":["key code 53//keystroke \"E\"","saltar hasta el final de la siguiente palabra ","E"],"icon":{"type":"file","path":"img/cursorMovement.png"},"match":"jump forwards to the end of a word  Mover el cursor E"},{"title":"Regresar al inicio de una palabra","subtitle":"Mover el cursor ⎯  b","arg":["key code 53//keystroke \"b\"","regresar al inicio de una palabra","b"],"icon":{"type":"file","path":"img/cursorMovement.png"},"match":"jump backwards to the start of a word Mover el cursor b"},{"title":"Regresar al inicio de una palabra ","subtitle":"Mover el cursor ⎯  B","arg":["key code 53//keystroke \"B\"","regresar al inicio de una palabra ","B"],"icon":{"type":"file","path":"img/cursorMovement.png"},"match":"jump backwards to the start of a word  Mover el cursor B"},{"title":"Saltar hacia atrás hasta el final de una palabra","subtitle":"Mover el cursor ⎯  ge","arg":["key code 53//keystroke \"ge\"","saltar hacia atrás hasta el final de una palabra","ge"],"icon":{"type":"file","path":"img/cursorMovement.png"},"match":"jump backwards to the end of a word Mover el cursor ge"},{"title":"Saltar hacia atrás hasta el final de una palabra ","subtitle":"Mover el cursor ⎯  gE","arg":["key code 53//keystroke \"gE\"","saltar hacia atrás hasta el final de una palabra ","gE"],"icon":{"type":"file","path":"img/cursorMovement.png"},"match":"jump backwards to the end of a word  Mover el cursor gE"},{"title":"Ir al carácter asociado ","subtitle":"Mover el cursor ⎯  %","arg":["key code 53//keystroke \"%\"","ir al carácter asociado ","%"],"icon":{"type":"file","path":"img/cursorMovement.png"},"match":"move to matching character  Mover el cursor %"},{"title":"Saltar al inicio de la línea","subtitle":"Mover el cursor ⎯  0","arg":["key code 53//keystroke \"0\"","saltar al inicio de la línea","0"],"icon":{"type":"file","path":"img/cursorMovement.png"},"match":"jump to the start of the line Mover el cursor 0"},{"title":"Saltar al primer carácter no-espacio de la línea","subtitle":"Mover el cursor ⎯  ^","arg":["key code 53//keystroke \"^\"","saltar al primer carácter no-espacio de la línea","^"],"icon":{"type":"file","path":"img/cursorMovement.png"},"match":"jump to the first non-blank character of the line Mover el cursor ^"},{"title":"Saltar al final de la línea","subtitle":"Mover el cursor ⎯  $","arg":["key code 53//keystroke \"$\"","saltar al final de la línea","$"],"icon":{"type":"file","path":"img/cursorMovement.png"},"match":"jump to the end of the line Mover el cursor $"},{"title":"Saltar al último carácter no-espacio de la línea","subtitle":"Mover el cursor ⎯  g_","arg":["key code 53//keystroke \"g_\"","saltar al último carácter no-espacio de la línea","g_"],"icon":{"type":"file","path":"img/cursorMovement.png"},"match":"jump to the last non-blank character of the line Mover el cursor g_"},{"title":"Ir a la primera línea del documento","subtitle":"Mover el cursor ⎯  gg","arg":["key code 53//keystroke \"gg\"","ir a la primera línea del documento","gg"],"icon":{"type":"file","path":"img/cursorMovement.png"},"match":"go to the first line of the document Mover el cursor gg"},{"title":"Ir a la última línea del documento","subtitle":"Mover el cursor ⎯  G","arg":["key code 53//keystroke \"G\"","ir a la última línea del documento","G"],"icon":{"type":"file","path":"img/cursorMovement.png"},"match":"go to the last line of the document Mover el cursor G"},{"title":"Ir a la línea 5","subtitle":"Mover el cursor ⎯  5gg or 5G","arg":["key code 53//keystroke \"5gg\"","ir a la línea 5","5gg or 5G"],"icon":{"type":"file","path":"img/cursorMovement.png"},"match":"go to line 5 Mover el cursor 5gg or 5G"},{"title":"Saltar a la declaración local","subtitle":"Mover el cursor ⎯  gd","arg":["key code 53//keystroke \"gd\"","saltar a la declaración local","gd"],"icon":{"type":"file","path":"img/cursorMovement.png"},"match":"move to local declaration Mover el cursor gd"},{"title":"Saltar a la declaración global","subtitle":"Mover el cursor ⎯  gD","arg":["key code 53//keystroke \"gD\"","saltar a la declaración global","gD"],"icon":{"type":"file","path":"img/cursorMovement.png"},"match":"move to global declaration Mover el cursor gD"},{"title":"Saltar a la siguiente ocurrencia del carácter x","subtitle":"Mover el cursor ⎯  fx","arg":["key code 53//keystroke \"fx\"","saltar a la siguiente ocurrencia del carácter x","fx"],"icon":{"type":"file","path":"img/cursorMovement.png"},"match":"jump to next occurrence of character x Mover el cursor fx"},{"title":"Saltar a la ocurrencia previa del carácter x","subtitle":"Mover el cursor ⎯  tx","arg":["key code 53//keystroke \"tx\"","saltar a la ocurrencia previa del carácter x","tx"],"icon":{"type":"file","path":"img/cursorMovement.png"},"match":"jump to before next occurrence of character x Mover el cursor tx"},{"title":"Saltar a la aparición anterior del carácter x","subtitle":"Mover el cursor ⎯  Fx","arg":["key code 53//keystroke \"Fx\"","saltar a la aparición anterior del carácter x","Fx"],"icon":{"type":"file","path":"img/cursorMovement.png"},"match":"jump to the previous occurrence of character x Mover el cursor Fx"},{"title":"Saltar a después de la aparición anterior del carácter x","subtitle":"Mover el cursor ⎯  Tx","arg":["key code 53//keystroke \"Tx\"","saltar a después de la aparición anterior del carácter x","Tx"],"icon":{"type":"file","path":"img/cursorMovement.png"},"match":"jump to after previous occurrence of character x Mover el cursor Tx"},{"title":"Repetir el movimiento anterior de f, t, f o t","subtitle":"Mover el cursor ⎯  ;","arg":["key code 53//keystroke \";\"","repetir el movimiento anterior de f, t, F o T",";"],"icon":{"type":"file","path":"img/cursorMovement.png"},"match":"repeat previous f, t, F or T movement Mover el cursor ;"},{"title":"Repetir el movimiento anterior de f, t, f o t, hacia atrás","subtitle":"Mover el cursor ⎯  ,","arg":["key code 53//keystroke \",\"","repetir el movimiento anterior de f, t, F o T, hacia atrás",","],"icon":{"type":"file","path":"img/cursorMovement.png"},"match":"repeat previous f, t, F or T movement, backwards Mover el cursor ,"},{"title":"Saltar al párrafo siguiente ","subtitle":"Mover el cursor ⎯  }","arg":["key code 53//keystroke \"}\"","saltar al párrafo siguiente ","}"],"icon":{"type":"file","path":"img/cursorMovement.png"},"match":"jump to next paragraph  Mover el cursor }"},{"title":"Saltar al párrafo previo ","subtitle":"Mover el cursor ⎯  {","arg":["key code 53//keystroke \"{\"","saltar al párrafo previo ","{"],"icon":{"type":"file","path":"img/cursorMovement.png"},"match":"jump to previous paragraph  Mover el cursor {"},{"title":"Centrar el cursor en la pantalla","subtitle":"Mover el cursor ⎯  zz","arg":["key code 53//keystroke \"zz\"","centrar el cursor en la pantalla","zz"],"icon":{"type":"file","path":"img/cursorMovement.png"},"match":"center cursor on screen Mover el cursor zz"},{"title":"Mover la pantalla hacia abajo una línea ","subtitle":"Mover el cursor ⎯  Ctrl+e","arg":["key code 53//keystroke \"e\" using control down","mover la pantalla hacia abajo una línea ","Ctrl+e"],"icon":{"type":"file","path":"img/cursorMovement.png"},"match":"move screen down one line  Mover el cursor Ctrl+e"},{"title":"Mover la pantalla una línea hacia arriba ","subtitle":"Mover el cursor ⎯  Ctrl+y","arg":["key code 53//keystroke \"y\" using control down","mover la pantalla una línea hacia arriba ","Ctrl+y"],"icon":{"type":"file","path":"img/cursorMovement.png"},"match":"move screen up one line  Mover el cursor Ctrl+y"},{"title":"Retroceder una pantalla","subtitle":"Mover el cursor ⎯  Ctrl+b","arg":["key code 53//keystroke \"b\" using control down","retroceder una pantalla","Ctrl+b"],"icon":{"type":"file","path":"img/cursorMovement.png"},"match":"move back one full screen Mover el cursor Ctrl+b"},{"title":"Avanzar una pantalla","subtitle":"Mover el cursor ⎯  Ctrl+f","arg":["key code 53//keystroke \"f\" using control down","avanzar una pantalla","Ctrl+f"],"icon":{"type":"file","path":"img/cursorMovement.png"},"match":"move forward one full screen Mover el cursor Ctrl+f"},{"title":"Retroceder cursor media pantalla","subtitle":"Mover el cursor ⎯  Ctrl+u","arg":["key code 53//keystroke \"u\" using control down","retroceder cursor media pantalla","Ctrl+u"],"icon":{"type":"file","path":"img/cursorMovement.png"},"match":"move back 1/2 a screen Mover el cursor Ctrl+u"},{"title":"Avanzar cursor media pantalla","subtitle":"Mover el cursor ⎯  Ctrl+d","arg":["key code 53//keystroke \"d\" using control down","avanzar cursor media pantalla","Ctrl+d"],"icon":{"type":"file","path":"img/cursorMovement.png"},"match":"move forward 1/2 a screen Mover el cursor Ctrl+d"},{"title":"Insertar antes del cursor","subtitle":"Modo insertar - insertar/agregar texto ⎯  i","arg":["key code 53//keystroke \"i\"","insertar antes del cursor","i"],"icon":{"type":"file","path":"img/insertMode.png"},"match":"insert before the cursor Modo insertar - insertar/agregar texto i"},{"title":"Insertar al comienzo de la línea","subtitle":"Modo insertar - insertar/agregar texto ⎯  I","arg":["key code 53//keystroke \"I\"","insertar al comienzo de la línea","I"],"icon":{"type":"file","path":"img/insertMode.png"},"match":"insert at the beginning of the line Modo insertar - insertar/agregar texto I"},{"title":"Insertar después del cursor","subtitle":"Modo insertar - insertar/agregar texto ⎯  a","arg":["key code 53//keystroke \"a\"","insertar después del cursor","a"],"icon":{"type":"file","path":"img/insertMode.png"},"match":"insert  after the cursor Modo insertar - insertar/agregar texto a"},{"title":"Insertar al final de la línea","subtitle":"Modo insertar - insertar/agregar texto ⎯  A","arg":["key code 53//keystroke \"A\"","insertar al final de la línea","A"],"icon":{"type":"file","path":"img/insertMode.png"},"match":"insert  at the end of the line Modo insertar - insertar/agregar texto A"},{"title":"Insertar una nueva linea debajo de la línea actual","subtitle":"Modo insertar - insertar/agregar texto ⎯  o","arg":["key code 53//keystroke \"o\"","insertar una nueva linea debajo de la línea actual","o"],"icon":{"type":"file","path":"img/insertMode.png"},"match":"append  a new line below the current line Modo insertar - insertar/agregar texto o"},{"title":"Insertar una nueva línea encima de la línea actual","subtitle":"Modo insertar - insertar/agregar texto ⎯  O","arg":["key code 53//keystroke \"O\"","insertar una nueva línea encima de la línea actual","O"],"icon":{"type":"file","path":"img/insertMode.png"},"match":"append  a new line above the current line Modo insertar - insertar/agregar texto O"},{"title":"Insertar después de palabra","subtitle":"Modo insertar - insertar/agregar texto ⎯  ea","arg":["key code 53//keystroke \"ea\"","insertar después de palabra","ea"],"icon":{"type":"file","path":"img/insertMode.png"},"match":"insert  at the end of the word Modo insertar - insertar/agregar texto ea"},{"title":"Eliminar el carácter antes del cursor durante el modo de inserción","subtitle":"Modo insertar - insertar/agregar texto ⎯  Ctrl+h","arg":["keystroke \"h\" using control down","eliminar el carácter antes del cursor durante el modo de inserción","Ctrl+h"],"icon":{"type":"file","path":"img/insertMode.png"},"match":"delete the character before the cursor during insert mode Modo insertar - insertar/agregar texto Ctrl+h"},{"title":"Eliminar palabra antes del cursor durante el modo de inserción","subtitle":"Modo insertar - insertar/agregar texto ⎯  Ctrl+w","arg":["keystroke \"w\" using control down","eliminar palabra antes del cursor durante el modo de inserción","Ctrl+w"],"icon":{"type":"file","path":"img/insertMode.png"},"match":"delete word before the cursor during insert mode Modo insertar - insertar/agregar texto Ctrl+w"},{"title":"Comenzar una nueva línea durante el modo de inserción","subtitle":"Modo insertar - insertar/agregar texto ⎯  Ctrl+j","arg":["keystroke \"j\" using control down","comenzar una nueva línea durante el modo de inserción","Ctrl+j"],"icon":{"type":"file","path":"img/insertMode.png"},"match":"begin new line during insert mode Modo insertar - insertar/agregar texto Ctrl+j"},{"title":"Sangrar  línea un ancho de cambio durante el modo de inserción","subtitle":"Modo insertar - insertar/agregar texto ⎯  Ctrl+t","arg":["keystroke \"t\" using control down","sangrar  línea un ancho de cambio durante el modo de inserción","Ctrl+t"],"icon":{"type":"file","path":"img/insertMode.png"},"match":"indent  line one shiftwidth during insert mode Modo insertar - insertar/agregar texto Ctrl+t"},{"title":"Desangrar  línea un ancho de turno durante el modo de inserción","subtitle":"Modo insertar - insertar/agregar texto ⎯  Ctrl+d","arg":["keystroke \"d\" using control down","desangrar  línea un ancho de turno durante el modo de inserción","Ctrl+d"],"icon":{"type":"file","path":"img/insertMode.png"},"match":"de-indent  line one shiftwidth during insert mode Modo insertar - insertar/agregar texto Ctrl+d"},{"title":"Insertar  la siguiente coincidencia antes del cursor durante el modo de inserción","subtitle":"Modo insertar - insertar/agregar texto ⎯  Ctrl+n","arg":["keystroke \"n\" using control down","insertar  la siguiente coincidencia antes del cursor durante el modo de inserción","Ctrl+n"],"icon":{"type":"file","path":"img/insertMode.png"},"match":"insert  next match before the cursor during insert mode Modo insertar - insertar/agregar texto Ctrl+n"},{"title":"Insertar  coincidencia anterior antes del cursor durante el modo de inserción","subtitle":"Modo insertar - insertar/agregar texto ⎯  Ctrl+p","arg":["keystroke \"p\" using control down","insertar  coincidencia anterior antes del cursor durante el modo de inserción","Ctrl+p"],"icon":{"type":"file","path":"img/insertMode.png"},"match":"insert  previous match before the cursor during insert mode Modo insertar - insertar/agregar texto Ctrl+p"},{"title":"Insertar el contenido del registro x","subtitle":"Modo insertar - insertar/agregar texto ⎯  Ctrl+r x","arg":["keystroke \"r\" using control down//keystroke \"x\"","insertar el contenido del registro x","Ctrl+r x"],"icon":{"type":"file","path":"img/insertMode.png"},"match":"insert the contents of register x Modo insertar - insertar/agregar texto Ctrl+r x"},{"title":"Ingrese temporalmente al modo normal para emitir un comando de modo normal x.","subtitle":"Modo insertar - insertar/agregar texto ⎯  Ctrl+o x","arg":["keystroke \"o\" using control down//keystroke \"x\"","Ingrese temporalmente al modo normal para emitir un comando de modo normal x.","Ctrl+o x"],"icon":{"type":"file","path":"img/insertMode.png"},"match":"Temporarily enter normal mode to issue one normal-mode command x. Modo insertar - insertar/agregar texto Ctrl+o x"},{"title":"Salir del modo insertar","subtitle":"Modo insertar - insertar/agregar texto ⎯  Esc","arg":["key code 53","salir del modo insertar","Esc"],"icon":{"type":"file","path":"img/insertMode.png"},"match":"exit insert mode Modo insertar - insertar/agregar texto Esc"},{"title":"Reemplazar un carácter","subtitle":"Editar ⎯  r","arg":["key code 53//keystroke \"r\"","reemplazar un carácter","r"],"icon":{"type":"file","path":"img/editing.png"},"match":"replace a single character. Editar r"},{"title":"Reemplazar más de un carácter, hasta que se presione esc.","subtitle":"Editar ⎯  R","arg":["key code 53//keystroke \"R\"","reemplazar más de un carácter, hasta que se presione ESC.","R"],"icon":{"type":"file","path":"img/editing.png"},"match":"replace more than one character, until ESC is pressed. Editar R"},{"title":"Juntar siguiente línea con la actual","subtitle":"Editar ⎯  J","arg":["key code 53//keystroke \"J\"","juntar siguiente línea con la actual","J"],"icon":{"type":"file","path":"img/editing.png"},"match":"join line below to the current one with one space in between Editar J"},{"title":"Une la línea de abajo a la actual sin espacio entre ellas","subtitle":"Editar ⎯  gJ","arg":["key code 53//keystroke \"gJ\"","une la línea de abajo a la actual sin espacio entre ellas","gJ"],"icon":{"type":"file","path":"img/editing.png"},"match":"join line below to the current one without space in between Editar gJ"},{"title":"Párrafo de reflujo","subtitle":"Editar ⎯  gwip","arg":["key code 53//keystroke \"gwip\"","párrafo de reflujo","gwip"],"icon":{"type":"file","path":"img/editing.png"},"match":"reflow paragraph Editar gwip"},{"title":"Cambiar caso a movimiento","subtitle":"Editar ⎯  g~","arg":["key code 53//keystroke \"g~\"","cambiar caso a movimiento","g~"],"icon":{"type":"file","path":"img/editing.png"},"match":"switch case up to motion Editar g~"},{"title":"Cambiar a minúsculas hasta movimiento","subtitle":"Editar ⎯  gu","arg":["key code 53//keystroke \"gu\"","cambiar a minúsculas hasta movimiento","gu"],"icon":{"type":"file","path":"img/editing.png"},"match":"change to lowercase up to motion Editar gu"},{"title":"Cambiar a mayúsculas hasta el movimiento","subtitle":"Editar ⎯  gU","arg":["key code 53//keystroke \"gU\"","cambiar a mayúsculas hasta el movimiento","gU"],"icon":{"type":"file","path":"img/editing.png"},"match":"change to uppercase up to motion Editar gU"},{"title":"Cambiar  toda la línea","subtitle":"Editar ⎯  cc","arg":["key code 53//keystroke \"cc\"","cambiar  toda la línea","cc"],"icon":{"type":"file","path":"img/editing.png"},"match":"change  entire line Editar cc"},{"title":"Cambiar  hasta el final de la línea","subtitle":"Editar ⎯  c$ or C","arg":["key code 53//keystroke \"g$\"","cambiar  hasta el final de la línea","c$ or C"],"icon":{"type":"file","path":"img/editing.png"},"match":"change  to the end of the line Editar c$ or C"},{"title":"Cambiar  palabra completa","subtitle":"Editar ⎯  ciw","arg":["key code 53//keystroke \"ciw\"","cambiar  palabra completa","ciw"],"icon":{"type":"file","path":"img/editing.png"},"match":"change  entire word Editar ciw"},{"title":"Cambiar  una palabra","subtitle":"Editar ⎯  cw or ce","arg":["key code 53//keystroke \"cw\"","cambiar  una palabra","cw or ce"],"icon":{"type":"file","path":"img/editing.png"},"match":"change  to the end of the word Editar cw or ce"},{"title":"Eliminar carácter y reemplazar texto","subtitle":"Editar ⎯  s","arg":["key code 53//keystroke \"s\"","eliminar carácter y reemplazar texto","s"],"icon":{"type":"file","path":"img/editing.png"},"match":"delete character and substitute text Editar s"},{"title":"Eliminar línea y reemplazar texto ","subtitle":"Editar ⎯  S","arg":["key code 53//keystroke \"S\"","eliminar línea y reemplazar texto ","S"],"icon":{"type":"file","path":"img/editing.png"},"match":"delete line and substitute text  Editar S"},{"title":"Transponer dos letras ","subtitle":"Editar ⎯  xp","arg":["key code 53//keystroke \"xp\"","transponer dos letras ","xp"],"icon":{"type":"file","path":"img/editing.png"},"match":"transpose two letters  Editar xp"},{"title":" deshacer","subtitle":"Editar ⎯  u","arg":["key code 53//keystroke \"u\""," deshacer","u"],"icon":{"type":"file","path":"img/editing.png"},"match":"undo Editar u"},{"title":"Restaurar  la última línea modificada","subtitle":"Editar ⎯  U","arg":["key code 53//keystroke \"U\"","restaurar  la última línea modificada","U"],"icon":{"type":"file","path":"img/editing.png"},"match":"restore  last changed line Editar U"},{"title":"Rehacer","subtitle":"Editar ⎯  Ctrl+r","arg":["key code 53//keystroke \"r\" using control down","rehacer","Ctrl+r"],"icon":{"type":"file","path":"img/editing.png"},"match":"redo Editar Ctrl+r"},{"title":"Repetir el último comando","subtitle":"Editar ⎯  .","arg":["key code 53//keystroke \".\"","repetir el último comando","."],"icon":{"type":"file","path":"img/editing.png"},"match":"repeat last command Editar ."},{"title":"Iniciar modo visual, seleccionar lineas y ejecutar un comando ","subtitle":"Seleccionar texto  ⎯  v","arg":["key code 53//keystroke \"v\"","iniciar modo visual, seleccionar lineas y ejecutar un comando ","v"],"icon":{"type":"file","path":"img/markingText.png"},"match":"start visual mode, mark lines, then do a command  Seleccionar texto  v"},{"title":"Iniciar modo visual seleccionando toda la línea","subtitle":"Seleccionar texto  ⎯  V","arg":["key code 53//keystroke \"V\"","iniciar modo visual seleccionando toda la línea","V"],"icon":{"type":"file","path":"img/markingText.png"},"match":"start linewise visual mode Seleccionar texto  V"},{"title":"Moverse al otro extremo de la zona seleccionada","subtitle":"Seleccionar texto  ⎯  o","arg":["key code 53//keystroke \"o\"","moverse al otro extremo de la zona seleccionada","o"],"icon":{"type":"file","path":"img/markingText.png"},"match":"move to other end of marked area Seleccionar texto  o"},{"title":"Iniciar modo visual de bloque ","subtitle":"Seleccionar texto  ⎯  Ctrl+v","arg":["key code 53//keystroke \"v\" using control down","iniciar modo visual de bloque ","Ctrl+v"],"icon":{"type":"file","path":"img/markingText.png"},"match":"start visual block mode Seleccionar texto  Ctrl+v"},{"title":"Moverse a la otra esquina del bloque","subtitle":"Seleccionar texto  ⎯  O","arg":["key code 53//keystroke \"O\"","moverse a la otra esquina del bloque","O"],"icon":{"type":"file","path":"img/markingText.png"},"match":"move to other corner of block Seleccionar texto  O"},{"title":"Seleccionar una palabra","subtitle":"Seleccionar texto  ⎯  aw","arg":["key code 53//keystroke \"aw\"","seleccionar una palabra","aw"],"icon":{"type":"file","path":"img/markingText.png"},"match":"mark a word Seleccionar texto  aw"},{"title":"Un bloque con ()","subtitle":"Seleccionar texto  ⎯  ab","arg":["key code 53//keystroke \"ab\"","un bloque con ()","ab"],"icon":{"type":"file","path":"img/markingText.png"},"match":"a block with () Seleccionar texto  ab"},{"title":"Un bloque con {}","subtitle":"Seleccionar texto  ⎯  aB","arg":["key code 53//keystroke \"aB\"","un bloque con {}","aB"],"icon":{"type":"file","path":"img/markingText.png"},"match":"a block with {} Seleccionar texto  aB"},{"title":"Un bloque con etiquetas <>","subtitle":"Seleccionar texto  ⎯  at","arg":["key code 53//keystroke \"at\"","un bloque con etiquetas <>","at"],"icon":{"type":"file","path":"img/markingText.png"},"match":"a block with <> tags Seleccionar texto  at"},{"title":"Un bloque interno con ()","subtitle":"Seleccionar texto  ⎯  ib","arg":["key code 53//keystroke \"ib\"","un bloque interno con ()","ib"],"icon":{"type":"file","path":"img/markingText.png"},"match":"inner block with () Seleccionar texto  ib"},{"title":"Un bloque interno con {}","subtitle":"Seleccionar texto  ⎯  iB","arg":["key code 53//keystroke \"iB\"","un bloque interno con {}","iB"],"icon":{"type":"file","path":"img/markingText.png"},"match":"inner block with {} Seleccionar texto  iB"},{"title":"Bloque interior con etiquetas <>","subtitle":"Seleccionar texto  ⎯  it","arg":["key code 53//keystroke \"it\"","bloque interior con etiquetas <>","it"],"icon":{"type":"file","path":"img/markingText.png"},"match":"inner block with <> tags Seleccionar texto  it"},{"title":"Salir del modo visual","subtitle":"Seleccionar texto  ⎯  Esc","arg":["key code 53//key code 53","salir del modo visual","Esc"],"icon":{"type":"file","path":"img/markingText.png"},"match":"exit visual mode Seleccionar texto  Esc"},{"title":"Mover texto hacia la derecha","subtitle":"Comandos visuales (Reference only) ⎯  >","arg":["keystroke \">\"","mover texto hacia la derecha",">"],"icon":{"type":"file","path":"img/visualCommands.png"},"match":"shift text right Comandos visuales >"},{"title":"Mover texto hacia la izquierda","subtitle":"Comandos visuales (Reference only) ⎯  <","arg":["keystroke \"<\"","mover texto hacia la izquierda","<"],"icon":{"type":"file","path":"img/visualCommands.png"},"match":"shift text left Comandos visuales <"},{"title":"Copiar texto seleccionado","subtitle":"Comandos visuales (Reference only) ⎯  y","arg":["keystroke \"y\"","copiar texto seleccionado","y"],"icon":{"type":"file","path":"img/visualCommands.png"},"match":"yank  marked text Comandos visuales y"},{"title":"Eliminar texto seleccionado","subtitle":"Comandos visuales (Reference only) ⎯  d","arg":["keystroke \"d\"","eliminar texto seleccionado","d"],"icon":{"type":"file","path":"img/visualCommands.png"},"match":"delete marked text Comandos visuales d"},{"title":"Pasar de minúscula a mayúscula y viceversa","subtitle":"Comandos visuales (Reference only) ⎯  ~","arg":["keystroke \"~\"","pasar de minúscula a mayúscula y viceversa","~"],"icon":{"type":"file","path":"img/visualCommands.png"},"match":"switch case Comandos visuales ~"},{"title":"Cambiar el texto marcado a minúsculas","subtitle":"Comandos visuales (Reference only) ⎯  u","arg":["keystroke \"u\"","cambiar el texto marcado a minúsculas","u"],"icon":{"type":"file","path":"img/visualCommands.png"},"match":"change marked text to lowercase Comandos visuales u"},{"title":"Cambiar el texto marcado a mayúsculas","subtitle":"Comandos visuales (Reference only) ⎯  U","arg":["keystroke \"U\"","cambiar el texto marcado a mayúsculas","U"],"icon":{"type":"file","path":"img/visualCommands.png"},"match":"change marked text to uppercase Comandos visuales U"},{"title":"Mostrar el contenido de los registros","subtitle":"Registros ⎯  :reg[isters]","arg":["key code 53//keystroke \":reg\" & return","mostrar el contenido de los registros",":reg[isters]"],"icon":{"type":"file","path":"img/registers.png"},"match":"show registers content Registros :reg[isters]"},{"title":"Copiar en el registro x","subtitle":"Registros ⎯  xy","arg":["key code 53//keystroke \"xy\"","copiar en el registro X","xy"],"icon":{"type":"file","path":"img/registers.png"},"match":"yank into register x Registros xy"},{"title":"Pegar el contenido del registro x","subtitle":"Registros ⎯  xp","arg":["key code 53//keystroke \"xp\"","pegar el contenido del registro X","xp"],"icon":{"type":"file","path":"img/registers.png"},"match":"paste contents of register x Registros xp"},{"title":"Copiar en el registro del portapapeles del sistema","subtitle":"Registros ⎯  +y","arg":["key code 53//keystroke \"+y\"","copiar en el registro del portapapeles del sistema","+y"],"icon":{"type":"file","path":"img/registers.png"},"match":"yank into the system clipboard register Registros +y"},{"title":"Pegar desde el registro del portapapeles del sistema","subtitle":"Registros ⎯  +p","arg":["key code 53//keystroke \"+p\"","pegar desde el registro del portapapeles del sistema","+p"],"icon":{"type":"file","path":"img/registers.png"},"match":"paste from the system clipboard register Registros +p"},{"title":"Definir posición actual para la marca a","subtitle":"Marcas ⎯  ma","arg":["key code 53//keystroke \"ma\"","definir posición actual para la marca A","ma"],"icon":{"type":"file","path":"img/marks.png"},"match":"set current position for mark A Marcas ma"},{"title":"Saltar a la posición de la marca a","subtitle":"Marcas ⎯  `a","arg":["key code 53//keystroke \"`a\"","saltar a la posición de la marca A","`a"],"icon":{"type":"file","path":"img/marks.png"},"match":"jump to position of mark A Marcas `a"},{"title":"Copiar texto a la posición de la marca a","subtitle":"Marcas ⎯  y`a","arg":["key code 53//keystroke \"y`a\"","copiar texto a la posición de la marca A","y`a"],"icon":{"type":"file","path":"img/marks.png"},"match":"yank text to position of mark A Marcas y`a"},{"title":"Ir a la posición donde se había salido previamente de vim","subtitle":"Marcas ⎯  `0","arg":["key code 53//keystroke \"`0\"","ir a la posición donde se había salido previamente de Vim","`0"],"icon":{"type":"file","path":"img/marks.png"},"match":"go to the position where Vim was previously exited Marcas `0"},{"title":"Ir a la posición en la que se editó por última vez este archivo","subtitle":"Marcas ⎯  `\"","arg":["key code 53//keystroke \"`\\\"\"","ir a la posición en la que se editó por última vez este archivo","`\""],"icon":{"type":"file","path":"img/marks.png"},"match":"go to the position when last editing this file Marcas `\""},{"title":"Ir a la posición del último cambio en este archivo","subtitle":"Marcas ⎯  `.","arg":["key code 53//keystroke \"`.\"","ir a la posición del último cambio en este archivo","`."],"icon":{"type":"file","path":"img/marks.png"},"match":"go to the position of the last change in this file Marcas `."},{"title":"Ir a la posición antes del último salto","subtitle":"Marcas ⎯  ``","arg":["key code 53//keystroke \"``\"","ir a la posición antes del último salto","``"],"icon":{"type":"file","path":"img/marks.png"},"match":"go to the position before the last jump Marcas ``"},{"title":"Lista de saltos","subtitle":"Marcas ⎯  :ju[mps]","arg":["key code 53//keystroke \":ju\" & return","lista de saltos",":ju[mps]"],"icon":{"type":"file","path":"img/marks.png"},"match":"list of jumps Marcas :ju[mps]"},{"title":"Ir a la nueva posición en la lista de salto","subtitle":"Marcas ⎯  Ctrl+i","arg":["key code 53//keystroke \"i\" using control down","ir a la nueva posición en la lista de salto","Ctrl+i"],"icon":{"type":"file","path":"img/marks.png"},"match":"go to newer position in jump list Marcas Ctrl+i"},{"title":"Ir a la posición anterior en la lista de salto","subtitle":"Marcas ⎯  Ctrl+o","arg":["key code 53//keystroke \"o\" using control down","ir a la posición anterior en la lista de salto","Ctrl+o"],"icon":{"type":"file","path":"img/marks.png"},"match":"go to older position in jump list Marcas Ctrl+o"},{"title":"Lista de cambios","subtitle":"Marcas ⎯  :changes","arg":["key code 53//keystroke \":changes\" & return","lista de cambios",":changes"],"icon":{"type":"file","path":"img/marks.png"},"match":"list of changes Marcas :changes"},{"title":"Ir a la nueva posición en la lista de cambios","subtitle":"Marcas ⎯  g,","arg":["key code 53//keystroke \"g,\"","ir a la nueva posición en la lista de cambios","g,"],"icon":{"type":"file","path":"img/marks.png"},"match":"go to newer position in change list Marcas g,"},{"title":"Ir a la posición anterior en la lista de cambios","subtitle":"Marcas ⎯  g;","arg":["key code 53//keystroke \"g;\"","ir a la posición anterior en la lista de cambios","g;"],"icon":{"type":"file","path":"img/marks.png"},"match":"go to older position in change list Marcas g;"},{"title":"Saltar a la etiqueta debajo del cursor","subtitle":"Marcas ⎯  Ctrl+]","arg":["key code 53//keystroke \"]\" using control down","saltar a la etiqueta debajo del cursor","Ctrl+]"],"icon":{"type":"file","path":"img/marks.png"},"match":"jump to the tag under cursor Marcas Ctrl+]"},{"title":"Go to file in cursor","subtitle":"Marcas ⎯  gf","arg":["key code 53//keystroke \"gf\"","Go to file in cursor","gf"],"icon":{"type":"file","path":"img/marks.png"},"match":"Go to file in cursor Marcas gf"},{"title":"Grabar macro a","subtitle":"Macros ⎯  qa","arg":["key code 53//keystroke \"qa\"","grabar macro a","qa"],"icon":{"type":"file","path":"img/macros.png"},"match":"record macro a Macros qa"},{"title":"Detener la grabación de la macro","subtitle":"Macros ⎯  q","arg":["key code 53//keystroke \"q\"","detener la grabación de la macro","q"],"icon":{"type":"file","path":"img/macros.png"},"match":"stop recording macro Macros q"},{"title":"Ejecutar macro a","subtitle":"Macros ⎯  @a","arg":["key code 53//keystroke \"@a\"","ejecutar macro a","@a"],"icon":{"type":"file","path":"img/macros.png"},"match":"run macro a Macros @a"},{"title":"Re-ejecutar la última macro ejecutada","subtitle":"Macros ⎯  @@","arg":["key code 53//keystroke \"@@\"","re-ejecutar la última macro ejecutada","@@"],"icon":{"type":"file","path":"img/macros.png"},"match":"rerun last run macro Macros @@"},{"title":"Copiar una línea","subtitle":"Copiar y pegar ⎯  yy","arg":["key code 53//keystroke \"yy\"","copiar una línea","yy"],"icon":{"type":"file","path":"img/cutAndPaste.png"},"match":"yank  a line Copiar y pegar yy"},{"title":"Copiar dos líneas","subtitle":"Copiar y pegar ⎯  2yy","arg":["key code 53//keystroke \"2yy\"","copiar dos líneas","2yy"],"icon":{"type":"file","path":"img/cutAndPaste.png"},"match":"yank  2 lines Copiar y pegar 2yy"},{"title":"Copiar el resto de los carácteres de la palabra desde la posición del cursor hasta el principio de la siguiente palabra","subtitle":"Copiar y pegar ⎯  yw","arg":["key code 53//keystroke \"yw\"","copiar el resto de los carácteres de la palabra desde la posición del cursor hasta el principio de la siguiente palabra","yw"],"icon":{"type":"file","path":"img/cutAndPaste.png"},"match":"yank  the characters of the word from the cursor position to the start of the next word Copiar y pegar yw"},{"title":"Copiar la palabra localizada en la posición del cursor","subtitle":"Copiar y pegar ⎯  yiw","arg":["key code 53//keystroke \"yiw\"","copiar la palabra localizada en la posición del cursor","yiw"],"icon":{"type":"file","path":"img/cutAndPaste.png"},"match":"yank  word under the cursor Copiar y pegar yiw"},{"title":"Copiar la palabra localizada en la posición del cursor y el espacio detras de ella o delante","subtitle":"Copiar y pegar ⎯  yaw","arg":["key code 53//keystroke \"yaw\"","copiar la palabra localizada en la posición del cursor y el espacio detras de ella o delante","yaw"],"icon":{"type":"file","path":"img/cutAndPaste.png"},"match":"yank  word under the cursor and the space after or before it Copiar y pegar yaw"},{"title":"Copiar hasta el final de la línea","subtitle":"Copiar y pegar ⎯  y$","arg":["key code 53//keystroke \"y$\"","copiar hasta el final de la línea","y$"],"icon":{"type":"file","path":"img/cutAndPaste.png"},"match":"yank  to end of line Copiar y pegar y$"},{"title":"Pegar antes del cursor","subtitle":"Copiar y pegar ⎯  p","arg":["key code 53//keystroke \"p\"","pegar antes del cursor","p"],"icon":{"type":"file","path":"img/cutAndPaste.png"},"match":"put  the clipboard after cursor Copiar y pegar p"},{"title":"Pegar después del cursor","subtitle":"Copiar y pegar ⎯  P","arg":["key code 53//keystroke \"P\"","pegar después del cursor","P"],"icon":{"type":"file","path":"img/cutAndPaste.png"},"match":"put  before cursor Copiar y pegar P"},{"title":"Put  the clipboard after cursor and leave cursor after the new text","subtitle":"Copiar y pegar ⎯  gp","arg":["key code 53//keystroke \"gp\"","put  the clipboard after cursor and leave cursor after the new text","gp"],"icon":{"type":"file","path":"img/cutAndPaste.png"},"match":"put  the clipboard after cursor and leave cursor after the new text Copiar y pegar gp"},{"title":"Put  before cursor and leave cursor after the new text","subtitle":"Copiar y pegar ⎯  gP","arg":["key code 53//keystroke \"gP\"","put  before cursor and leave cursor after the new text","gP"],"icon":{"type":"file","path":"img/cutAndPaste.png"},"match":"put  before cursor and leave cursor after the new text Copiar y pegar gP"},{"title":"Cortar una línea","subtitle":"Copiar y pegar ⎯  dd","arg":["key code 53//keystroke \"dd\"","cortar una línea","dd"],"icon":{"type":"file","path":"img/cutAndPaste.png"},"match":"delete  a line Copiar y pegar dd"},{"title":"Cortar dos líneas","subtitle":"Copiar y pegar ⎯  2dd","arg":["key code 53//keystroke \"2dd\"","cortar dos líneas","2dd"],"icon":{"type":"file","path":"img/cutAndPaste.png"},"match":"delete  2 lines Copiar y pegar 2dd"},{"title":"Cortar el resto de los carácteres de la palabra desde la posición del cursor hasta el principio de la siguiente palabra","subtitle":"Copiar y pegar ⎯  dw","arg":["key code 53//keystroke \"dw\"","cortar el resto de los carácteres de la palabra desde la posición del cursor hasta el principio de la siguiente palabra","dw"],"icon":{"type":"file","path":"img/cutAndPaste.png"},"match":"delete  the characters of the word from the cursor position to the start of the next word Copiar y pegar dw"},{"title":"Cortar la palabra localizada en la posición del cursor","subtitle":"Copiar y pegar ⎯  diw","arg":["key code 53//keystroke \"diw\"","cortar la palabra localizada en la posición del cursor","diw"],"icon":{"type":"file","path":"img/cutAndPaste.png"},"match":"delete  word under the cursor Copiar y pegar diw"},{"title":"Cortar la palabra localizada en la posición del cursor y el espacio detras de ella o delante","subtitle":"Copiar y pegar ⎯  daw","arg":["key code 53//keystroke \"daw\"","cortar la palabra localizada en la posición del cursor y el espacio detras de ella o delante","daw"],"icon":{"type":"file","path":"img/cutAndPaste.png"},"match":"delete  word under the cursor and the space after or before it Copiar y pegar daw"},{"title":"Cortar hasta el final de la línea","subtitle":"Copiar y pegar ⎯  d$ or D","arg":["key code 53//keystroke \"d$\"","cortar hasta el final de la línea","d$ or D"],"icon":{"type":"file","path":"img/cutAndPaste.png"},"match":"delete  to the end of the line Copiar y pegar d$ or D"},{"title":"Cortar carácter","subtitle":"Copiar y pegar ⎯  x","arg":["key code 53//keystroke \"x\"","cortar carácter","x"],"icon":{"type":"file","path":"img/cutAndPaste.png"},"match":"delete  character Copiar y pegar x"},{"title":"Sangría  línea uno ancho de turno","subtitle":"Sangría del texto ⎯  >>","arg":["key code 53//keystroke \">>\"","sangría  línea uno ancho de turno",">>"],"icon":{"type":"file","path":"img/indentText.png"},"match":"indent  line one shiftwidth Sangría del texto >>"},{"title":"Desangrar  línea uno ancho de turno","subtitle":"Sangría del texto ⎯  <<","arg":["key code 53//keystroke \"<<\"","desangrar  línea uno ancho de turno","<<"],"icon":{"type":"file","path":"img/indentText.png"},"match":"de-indent  line one shiftwidth Sangría del texto <<"},{"title":"Sangrar un bloque con () o {} ","subtitle":"Sangría del texto ⎯  >%","arg":["key code 53//keystroke \">%\"","sangrar un bloque con () o {} ",">%"],"icon":{"type":"file","path":"img/indentText.png"},"match":"indent a block with () or {}  Sangría del texto >%"},{"title":"Sangrar el bloque interior con ()","subtitle":"Sangría del texto ⎯  >ib","arg":["key code 53//keystroke \">ib\"","sangrar el bloque interior con ()",">ib"],"icon":{"type":"file","path":"img/indentText.png"},"match":"indent inner block with () Sangría del texto >ib"},{"title":"Sangrar un bloque con etiquetas <>","subtitle":"Sangría del texto ⎯  >at","arg":["key code 53//keystroke \">at\"","sangrar un bloque con etiquetas <>",">at"],"icon":{"type":"file","path":"img/indentText.png"},"match":"indent a block with <> tags Sangría del texto >at"},{"title":"Re-sangrar 3 líneas","subtitle":"Sangría del texto ⎯  3==","arg":["key code 53//keystroke \"3==\"","re-sangrar 3 líneas","3=="],"icon":{"type":"file","path":"img/indentText.png"},"match":"re-indent 3 lines Sangría del texto 3=="},{"title":"Volver a sangrar un bloque con () o {} ","subtitle":"Sangría del texto ⎯  =%","arg":["key code 53//keystroke \"=%\"","volver a sangrar un bloque con () o {} ","=%"],"icon":{"type":"file","path":"img/indentText.png"},"match":"re-indent a block with () or {}  Sangría del texto =%"},{"title":"","subtitle":"Sangría del texto ⎯  =iB","arg":["key code 53//keystroke \"iB\"",null,"=iB"],"icon":{"type":"file","path":"img/indentText.png"},"match":" Sangría del texto =iB"},{"title":"Volver a sangrar todo el búfer","subtitle":"Sangría del texto ⎯  gg=G","arg":["key code 53//keystroke \"gg=G\"","volver a sangrar todo el búfer","gg=G"],"icon":{"type":"file","path":"img/indentText.png"},"match":"re-indent entire buffer Sangría del texto gg=G"},{"title":"Pegar y ajustar la sangría a la línea actual","subtitle":"Sangría del texto ⎯  ]p","arg":["key code 53//keystroke \"]p\"","pegar y ajustar la sangría a la línea actual","]p"],"icon":{"type":"file","path":"img/indentText.png"},"match":"paste and adjust indent to current line Sangría del texto ]p"},{"title":"Guardar archivo sin salir","subtitle":"Salir ⎯  :w","arg":["key code 53//keystroke \":w\" & return","guardar archivo sin salir",":w"],"icon":{"type":"file","path":"img/exiting.png"},"match":"write  the file, but don't exit Salir :w"},{"title":"Guardar archivo usando sudo","subtitle":"Salir ⎯  :w !sudo tee %","arg":["key code 53//keystroke \":w !sudo tee %\"","guardar archivo usando sudo",":w !sudo tee %"],"icon":{"type":"file","path":"img/exiting.png"},"match":"write out the current file using sudo Salir :w !sudo tee %"},{"title":"Guardar archivo y salir","subtitle":"Salir ⎯  :wq or :x or ZZ","arg":["key code 53//keystroke \":wq\" & return","guardar archivo y salir",":wq or :x or ZZ"],"icon":{"type":"file","path":"img/exiting.png"},"match":"write  and quit Salir :wq or :x or ZZ"},{"title":"Salir ","subtitle":"Salir ⎯  :q","arg":["key code 53//keystroke \":q\" & return","salir ",":q"],"icon":{"type":"file","path":"img/exiting.png"},"match":"quit  Salir :q"},{"title":"Salir descartando los cambios no guardados","subtitle":"Salir ⎯  :q! or ZQ","arg":["key code 53//keystroke \":q!\" & return","salir descartando los cambios no guardados",":q! or ZQ"],"icon":{"type":"file","path":"img/exiting.png"},"match":"quit and throw away unsaved changes Salir :q! or ZQ"},{"title":"Escribir  y salir en todas las pestañas","subtitle":"Salir ⎯  :wqa","arg":["key code 53//keystroke \":wqa\" & return","escribir  y salir en todas las pestañas",":wqa"],"icon":{"type":"file","path":"img/exiting.png"},"match":"write  and quit on all tabs Salir :wqa"},{"title":"Buscar patrón","subtitle":"Buscar y reemplazar ⎯  /pattern","arg":["key code 53//keystroke \"/pattern\"","buscar patrón","/pattern"],"icon":{"type":"file","path":"img/searchAndReplace.png"},"match":"search for pattern Buscar y reemplazar /pattern"},{"title":"Buscar patrón hacia atrás","subtitle":"Buscar y reemplazar ⎯  ?pattern","arg":["key code 53//keystroke \"?pattern\"","buscar patrón hacia atrás","?pattern"],"icon":{"type":"file","path":"img/searchAndReplace.png"},"match":"search backward for pattern Buscar y reemplazar ?pattern"},{"title":"Patrón 'muy mágico' ","subtitle":"Buscar y reemplazar ⎯  \\vpattern","arg":["key code 53//keystroke \"\\\\vpattern\"","patrón 'muy mágico' ","\\vpattern"],"icon":{"type":"file","path":"img/searchAndReplace.png"},"match":"'very magic' pattern Buscar y reemplazar \\vpattern"},{"title":"Repetir la búsqueda en la misma dirección","subtitle":"Buscar y reemplazar ⎯  n","arg":["key code 53//keystroke \"n\"","repetir la búsqueda en la misma dirección","n"],"icon":{"type":"file","path":"img/searchAndReplace.png"},"match":"repeat search in same direction Buscar y reemplazar n"},{"title":"Repetir la búsqueda en la dirección contraria","subtitle":"Buscar y reemplazar ⎯  N","arg":["key code 53//keystroke \"N\"","repetir la búsqueda en la dirección contraria","N"],"icon":{"type":"file","path":"img/searchAndReplace.png"},"match":"repeat search in opposite direction Buscar y reemplazar N"},{"title":"Reemplazar en todo el archivo","subtitle":"Buscar y reemplazar ⎯  :%s/old/new/g","arg":["key code 53//keystroke \":%s/old/new/g\"","reemplazar en todo el archivo",":%s/old/new/g"],"icon":{"type":"file","path":"img/searchAndReplace.png"},"match":"replace all old with new throughout file Buscar y reemplazar :%s/old/new/g"},{"title":"Reemplazar en todo el archivo pidiendo una confirmación","subtitle":"Buscar y reemplazar ⎯  :%s/old/new/gc","arg":["key code 53//keystroke \":%s/old/new/gc\"","reemplazar en todo el archivo pidiendo una confirmación",":%s/old/new/gc"],"icon":{"type":"file","path":"img/searchAndReplace.png"},"match":"replace all old with new throughout file with confirmations Buscar y reemplazar :%s/old/new/gc"},{"title":"Desactiva el realce  de los resultados de búsqueda","subtitle":"Buscar y reemplazar ⎯  :noh[lsearch]","arg":["key code 53//keystroke \":noh[lsearch]\"","desactiva el realce  de los resultados de búsqueda",":noh[lsearch]"],"icon":{"type":"file","path":"img/searchAndReplace.png"},"match":"remove highlighting of search matches Buscar y reemplazar :noh[lsearch]"},{"title":"Next whole word under cursor","subtitle":"Buscar y reemplazar ⎯  *","arg":["key code 53//keystroke \"*\"","Next whole word under cursor","*"],"icon":{"type":"file","path":"img/searchAndReplace.png"},"match":"Next whole word under cursor Buscar y reemplazar *"},{"title":"Previous whole word under cursor","subtitle":"Buscar y reemplazar ⎯  #","arg":["key code 53//keystroke \"#\"","Previous whole word under cursor","#"],"icon":{"type":"file","path":"img/searchAndReplace.png"},"match":"Previous whole word under cursor Buscar y reemplazar #"},{"title":"Buscar un patrón en varios archivos","subtitle":"Buscar en varios archivos ⎯  :vim[grep] /pattern/ file","arg":["key code 53//keystroke \":vim[grep]\"//key code 49//keystroke \"/pattern/\"//key code 49//keystroke \"file\"","buscar un patrón en varios archivos",":vim[grep] /pattern/ file"],"icon":{"type":"file","path":"img/searchMultipleFiles.png"},"match":"search for pattern in multiple files Buscar en varios archivos :vim[grep] /pattern/ file"},{"title":"Ir al resultado siguiente","subtitle":"Buscar en varios archivos ⎯  :cn[ext]","arg":["key code 53//keystroke \":cn\" & return","ir al resultado siguiente",":cn[ext]"],"icon":{"type":"file","path":"img/searchMultipleFiles.png"},"match":"jump to the next match Buscar en varios archivos :cn[ext]"},{"title":"Ir al resultado previo","subtitle":"Buscar en varios archivos ⎯  :cp[revious]","arg":["key code 53//keystroke \":cp\" & return","ir al resultado previo",":cp[revious]"],"icon":{"type":"file","path":"img/searchMultipleFiles.png"},"match":"jump to the previous match Buscar en varios archivos :cp[revious]"},{"title":"Abrir ventana con una lista de los resultados","subtitle":"Buscar en varios archivos ⎯  :cope[n]","arg":["key code 53//keystroke \":cope\" & return","abrir ventana con una lista de los resultados",":cope[n]"],"icon":{"type":"file","path":"img/searchMultipleFiles.png"},"match":"open a window containing the list of matches Buscar en varios archivos :cope[n]"},{"title":"Cerrar la ventana de corrección rápida","subtitle":"Buscar en varios archivos ⎯  :ccl[ose]","arg":["key code 53//keystroke \":ccl\" & return","cerrar la ventana de corrección rápida",":ccl[ose]"],"icon":{"type":"file","path":"img/searchMultipleFiles.png"},"match":"close the quickfix window Buscar en varios archivos :ccl[ose]"},{"title":"","subtitle":"Buscar en varios archivos ⎯  colonWa","arg":["key code 53//keystroke \":wa\" & return",null,"colonWa"],"icon":{"type":"file","path":"img/searchMultipleFiles.png"},"match":" Buscar en varios archivos colonWa"},{"title":"Cerrar la ventana de corrección rápida","subtitle":"Buscar en varios archivos ⎯  :ccl[ose]","arg":["key code 53//keystroke \":ccl\" & return","cerrar la ventana de corrección rápida",":ccl[ose]"],"icon":{"type":"file","path":"img/searchMultipleFiles.png"},"match":"close the quickfix window Buscar en varios archivos :ccl[ose]"},{"title":"Abrir archivo en una nueva pestaña","subtitle":"Pestañas ⎯  :tabnew or :tabnew file","arg":["key code 53//keystroke \":tabnew\"//key code 49//keystroke \"file\" & return","abrir archivo en una nueva pestaña",":tabnew or :tabnew file"],"icon":{"type":"file","path":"img/tabs.png"},"match":"open a file in a new tab Pestañas :tabnew or :tabnew file"},{"title":"Mover la ventana actual a su propia pestaña","subtitle":"Pestañas ⎯  Ctrl+wT","arg":["key code 53//keystroke \"w\" using control down//keystroke \"T\"","mover la ventana actual a su propia pestaña","Ctrl+wT"],"icon":{"type":"file","path":"img/tabs.png"},"match":"move the current split window into its own tab Pestañas Ctrl+wT"},{"title":"Irr a la próxima pestaña","subtitle":"Pestañas ⎯  gt or :tabn[ext]","arg":["key code 53//keystroke \"gt\"","irr a la próxima pestaña","gt or :tabn[ext]"],"icon":{"type":"file","path":"img/tabs.png"},"match":"move to the next tab Pestañas gt or :tabn[ext]"},{"title":"Ir a la pestaña anterior","subtitle":"Pestañas ⎯  gT or :tabp[revious]","arg":["key code 53//keystroke \"gT\"","ir a la pestaña anterior","gT or :tabp[revious]"],"icon":{"type":"file","path":"img/tabs.png"},"match":"move to the previous tab Pestañas gT or :tabp[revious]"},{"title":"Ir a la pestaña número #","subtitle":"Pestañas ⎯  #gt","arg":["key code 53//keystroke \"#gt\"","ir a la pestaña número #","#gt"],"icon":{"type":"file","path":"img/tabs.png"},"match":"move to tab number # Pestañas #gt"},{"title":"Mover a la pestaña actual a la posición número # ","subtitle":"Pestañas ⎯  :tabm[ove]","arg":["key code 53//keystroke \":tabm\" & return","mover a la pestaña actual a la posición número # ",":tabm[ove]"],"icon":{"type":"file","path":"img/tabs.png"},"match":"move current tab to the #th position  Pestañas :tabm[ove]"},{"title":"Cerrar todas las pestañas y sus ventanas","subtitle":"Pestañas ⎯  :tabc[lose]","arg":["key code 53//keystroke \":tabc\" & return","cerrar todas las pestañas y sus ventanas",":tabc[lose]"],"icon":{"type":"file","path":"img/tabs.png"},"match":"close the current tab and all its windows Pestañas :tabc[lose]"},{"title":"Cerrar todas las pestañas salvo la actual","subtitle":"Pestañas ⎯  :tabo[nly]","arg":["key code 53//keystroke \":tabo\" & return","cerrar todas las pestañas salvo la actual",":tabo[nly]"],"icon":{"type":"file","path":"img/tabs.png"},"match":"close all tabs except for the current one Pestañas :tabo[nly]"},{"title":"Ejecuta el comando en todas las pestañas ","subtitle":"Pestañas ⎯  :tabdo command","arg":["key code 53//keystroke \":tabdo\"//key code 49//keystroke \"command\"","ejecuta el comando en todas las pestañas ",":tabdo command"],"icon":{"type":"file","path":"img/tabs.png"},"match":"run the command on all tabs  Pestañas :tabdo command"},{"title":"Editar un archivo en un nuevo búfer","subtitle":"Trabajar con varios archivos ⎯  :e[dit] file","arg":["key code 53//keystroke \":e\"//key code 49//keystroke \"file\"","editar un archivo en un nuevo búfer",":e[dit] file"],"icon":{"type":"file","path":"img/workingWithMultipleFiles.png"},"match":"edit a file in a new buffer Trabajar con varios archivos :e[dit] file"},{"title":"Ir al próximo búfer","subtitle":"Trabajar con varios archivos ⎯  :bn[ext]","arg":["key code 53//keystroke \":bn\" & return","ir al próximo búfer",":bn[ext]"],"icon":{"type":"file","path":"img/workingWithMultipleFiles.png"},"match":"go to the next buffer Trabajar con varios archivos :bn[ext]"},{"title":"Ir al búfer anterior","subtitle":"Trabajar con varios archivos ⎯  :bp[revious]","arg":["key code 53//keystroke \":bp\" & return","ir al búfer anterior",":bp[revious]"],"icon":{"type":"file","path":"img/workingWithMultipleFiles.png"},"match":"go to the previous buffer Trabajar con varios archivos :bp[revious]"},{"title":"Eliminar búfer ","subtitle":"Trabajar con varios archivos ⎯  :bd[elete]","arg":["key code 53//keystroke \":bd\" & return","eliminar búfer ",":bd[elete]"],"icon":{"type":"file","path":"img/workingWithMultipleFiles.png"},"match":"delete a buffer  Trabajar con varios archivos :bd[elete]"},{"title":"Ir a un búfer por #","subtitle":"Trabajar con varios archivos ⎯  :b[uffer]#","arg":["key code 53//keystroke \":b#\"","ir a un búfer por #",":b[uffer]#"],"icon":{"type":"file","path":"img/workingWithMultipleFiles.png"},"match":"go to a buffer by index # Trabajar con varios archivos :b[uffer]#"},{"title":"Ir a un búfer por archivo","subtitle":"Trabajar con varios archivos ⎯  :b[uffer] file","arg":["key code 53//keystroke \":b\"//key code 49//keystroke \"file\"","ir a un búfer por archivo",":b[uffer] file"],"icon":{"type":"file","path":"img/workingWithMultipleFiles.png"},"match":"go to a buffer by file Trabajar con varios archivos :b[uffer] file"},{"title":"Mostrar todos los búfers abiertos","subtitle":"Trabajar con varios archivos ⎯  :ls or :buffers","arg":["key code 53//keystroke \":ls\" & return","mostrar todos los búfers abiertos",":ls or :buffers"],"icon":{"type":"file","path":"img/workingWithMultipleFiles.png"},"match":"list all open buffers Trabajar con varios archivos :ls or :buffers"},{"title":"Abrir archivo en un nuevo búfer y dividir la ventana","subtitle":"Trabajar con varios archivos ⎯  :sp[lit] file","arg":["key code 53//keystroke \":sp\"//key code 49//keystroke \"file\"","abrir archivo en un nuevo búfer y dividir la ventana",":sp[lit] file"],"icon":{"type":"file","path":"img/workingWithMultipleFiles.png"},"match":"open a file in a new buffer and split window Trabajar con varios archivos :sp[lit] file"},{"title":"Abrir archivo en un nuevo búfer y dividir la ventana verticalmente","subtitle":"Trabajar con varios archivos ⎯  :vs[plit] file","arg":["key code 53//keystroke \":vs\"//key code 49//keystroke \"file\"","abrir archivo en un nuevo búfer y dividir la ventana verticalmente",":vs[plit] file"],"icon":{"type":"file","path":"img/workingWithMultipleFiles.png"},"match":"open a file in a new buffer and vertically split window Trabajar con varios archivos :vs[plit] file"},{"title":"Editar todos los búferes como ventanas verticales","subtitle":"Trabajar con varios archivos ⎯  :vert[ical] ba[ll]","arg":["key code 53//keystroke \":vert\"//key code 49//keystroke \"ba\" & return","editar todos los búferes como ventanas verticales",":vert[ical] ba[ll]"],"icon":{"type":"file","path":"img/workingWithMultipleFiles.png"},"match":"edit all buffers as vertical windows Trabajar con varios archivos :vert[ical] ba[ll]"},{"title":"Editar todos los búferes como pestañas","subtitle":"Trabajar con varios archivos ⎯  :tab ba[ll]","arg":["key code 53//keystroke \":tab\"//key code 49//keystroke \"ba\" & return","editar todos los búferes como pestañas",":tab ba[ll]"],"icon":{"type":"file","path":"img/workingWithMultipleFiles.png"},"match":"edit all buffers as tabs Trabajar con varios archivos :tab ba[ll]"},{"title":"Dividir ventana","subtitle":"Trabajar con varios archivos ⎯  Ctrl+w s","arg":["key code 53//keystroke \"w\" using control down//keystroke \"s\"","dividir ventana","Ctrl+w s"],"icon":{"type":"file","path":"img/workingWithMultipleFiles.png"},"match":"split window Trabajar con varios archivos Ctrl+w s"},{"title":"Dividir ventana verticalmente","subtitle":"Trabajar con varios archivos ⎯  Ctrl+w v","arg":["key code 53//keystroke \"w\" using control down//keystroke \"v\"","dividir ventana verticalmente","Ctrl+w v"],"icon":{"type":"file","path":"img/workingWithMultipleFiles.png"},"match":"split window vertically Trabajar con varios archivos Ctrl+w v"},{"title":"Cambiar de ventana","subtitle":"Trabajar con varios archivos ⎯  Ctrl+w w","arg":["key code 53//keystroke \"w\" using control down//keystroke \"w\"","cambiar de ventana","Ctrl+w w"],"icon":{"type":"file","path":"img/workingWithMultipleFiles.png"},"match":"switch windows Trabajar con varios archivos Ctrl+w w"},{"title":"Cerrar ventana","subtitle":"Trabajar con varios archivos ⎯  Ctrl+w q","arg":["key code 53//keystroke \"w\" using control down//keystroke \"q\"","cerrar ventana","Ctrl+w q"],"icon":{"type":"file","path":"img/workingWithMultipleFiles.png"},"match":"quit a window Trabajar con varios archivos Ctrl+w q"},{"title":"Intercambiar la ventana actual con la siguiente","subtitle":"Trabajar con varios archivos ⎯  Ctrl+w x","arg":["key code 53//keystroke \"w\" using control down//keystroke \"x\"","intercambiar la ventana actual con la siguiente","Ctrl+w x"],"icon":{"type":"file","path":"img/workingWithMultipleFiles.png"},"match":"exchange current window with next one Trabajar con varios archivos Ctrl+w x"},{"title":"Hacer que todas las ventanas tengan la misma altura y ancho","subtitle":"Trabajar con varios archivos ⎯  Ctrl+w =","arg":["key code 53//keystroke \"w\" using control down//keystroke \"=\"","hacer que todas las ventanas tengan la misma altura y ancho","Ctrl+w ="],"icon":{"type":"file","path":"img/workingWithMultipleFiles.png"},"match":"make all windows equal height & width Trabajar con varios archivos Ctrl+w ="},{"title":"Mover el cursor a la ventana izquierda ","subtitle":"Trabajar con varios archivos ⎯  Ctrl+w h","arg":["key code 53//keystroke \"w\" using control down//keystroke \"h\"","mover el cursor a la ventana izquierda ","Ctrl+w h"],"icon":{"type":"file","path":"img/workingWithMultipleFiles.png"},"match":"move cursor to the left window  Trabajar con varios archivos Ctrl+w h"},{"title":"Mover el cursor a la ventana derecha ","subtitle":"Trabajar con varios archivos ⎯  Ctrl+w l","arg":["key code 53//keystroke \"w\" using control down//keystroke \"l\"","mover el cursor a la ventana derecha ","Ctrl+w l"],"icon":{"type":"file","path":"img/workingWithMultipleFiles.png"},"match":"move cursor to the right window  Trabajar con varios archivos Ctrl+w l"},{"title":"Mover el cursor a la ventana de abajo ","subtitle":"Trabajar con varios archivos ⎯  Ctrl+w j","arg":["key code 53//keystroke \"w\" using control down//keystroke \"j\"","mover el cursor a la ventana de abajo ","Ctrl+w j"],"icon":{"type":"file","path":"img/workingWithMultipleFiles.png"},"match":"move cursor to the window below  Trabajar con varios archivos Ctrl+w j"},{"title":"Mover el cursor a la ventana de arriba ","subtitle":"Trabajar con varios archivos ⎯  Ctrl+w k","arg":["key code 53//keystroke \"w\" using control down//keystroke \"k\"","mover el cursor a la ventana de arriba ","Ctrl+w k"],"icon":{"type":"file","path":"img/workingWithMultipleFiles.png"},"match":"move cursor to the window above  Trabajar con varios archivos Ctrl+w k"},{"title":"Make current window full height at far left ","subtitle":"Trabajar con varios archivos ⎯  Ctrl+w H","arg":["key code 53//keystroke \"w\" using control down//keystroke \"H\"","make current window full height at far left ","Ctrl+w H"],"icon":{"type":"file","path":"img/workingWithMultipleFiles.png"},"match":"make current window full height at far left  Trabajar con varios archivos Ctrl+w H"},{"title":"Make current window full height at far right ","subtitle":"Trabajar con varios archivos ⎯  Ctrl+w L","arg":["key code 53//keystroke \"w\" using control down//keystroke \"L\"","make current window full height at far right ","Ctrl+w L"],"icon":{"type":"file","path":"img/workingWithMultipleFiles.png"},"match":"make current window full height at far right  Trabajar con varios archivos Ctrl+w L"},{"title":"Make current window full width at the very bottom ","subtitle":"Trabajar con varios archivos ⎯  Ctrl+w J","arg":["key code 53//keystroke \"w\" using control down//keystroke \"J\"","make current window full width at the very bottom ","Ctrl+w J"],"icon":{"type":"file","path":"img/workingWithMultipleFiles.png"},"match":"make current window full width at the very bottom  Trabajar con varios archivos Ctrl+w J"},{"title":"Make current window full width at the very top ","subtitle":"Trabajar con varios archivos ⎯  Ctrl+w K","arg":["key code 53//keystroke \"w\" using control down//keystroke \"K\"","make current window full width at the very top ","Ctrl+w K"],"icon":{"type":"file","path":"img/workingWithMultipleFiles.png"},"match":"make current window full width at the very top  Trabajar con varios archivos Ctrl+w K"},{"title":"Definir manualmente un pliegue hasta el movimiento","subtitle":"Diferencia ⎯  zf","arg":["key code 53//keystroke \"zf\"","definir manualmente un pliegue hasta el movimiento","zf"],"icon":{"type":"file","path":"img/diff.png"},"match":"manually define a fold up to motion Diferencia zf"},{"title":"Eliminar pliegue debajo del cursor","subtitle":"Diferencia ⎯  zd","arg":["key code 53//keystroke \"zd\"","eliminar pliegue debajo del cursor","zd"],"icon":{"type":"file","path":"img/diff.png"},"match":"delete fold under the cursor Diferencia zd"},{"title":"Alternar pliegue debajo del cursor","subtitle":"Diferencia ⎯  za","arg":["key code 53//keystroke \"za\"","alternar pliegue debajo del cursor","za"],"icon":{"type":"file","path":"img/diff.png"},"match":"toggle fold under the cursor Diferencia za"},{"title":"Pliegue abierto debajo del cursor","subtitle":"Diferencia ⎯  zo","arg":["key code 53//keystroke \"zo\"","pliegue abierto debajo del cursor","zo"],"icon":{"type":"file","path":"img/diff.png"},"match":"open fold under the cursor Diferencia zo"},{"title":"Cerrar pliegue debajo del cursor","subtitle":"Diferencia ⎯  zc","arg":["key code 53//keystroke \"zc\"","cerrar pliegue debajo del cursor","zc"],"icon":{"type":"file","path":"img/diff.png"},"match":"close fold under the cursor Diferencia zc"},{"title":"Reducir  todos los pliegues en un nivel","subtitle":"Diferencia ⎯  zr","arg":["key code 53//keystroke \"zr\"","reducir  todos los pliegues en un nivel","zr"],"icon":{"type":"file","path":"img/diff.png"},"match":"reduce  all folds by one level Diferencia zr"},{"title":"Doblar más  todos los dobleces en un nivel","subtitle":"Diferencia ⎯  zm","arg":["key code 53//keystroke \"zm\"","doblar más  todos los dobleces en un nivel","zm"],"icon":{"type":"file","path":"img/diff.png"},"match":"fold more  all folds by one level Diferencia zm"},{"title":"Alternar la funcionalidad de plegado","subtitle":"Diferencia ⎯  zi","arg":["key code 53//keystroke \"zi\"","alternar la funcionalidad de plegado","zi"],"icon":{"type":"file","path":"img/diff.png"},"match":"toggle folding functionality Diferencia zi"},{"title":"Saltar al inicio del próximo cambio","subtitle":"Diferencia ⎯  ]c","arg":["key code 53//keystroke \"]c\"","saltar al inicio del próximo cambio","]c"],"icon":{"type":"file","path":"img/diff.png"},"match":"jump to start of next change Diferencia ]c"},{"title":"Saltar al inicio del cambio anterior","subtitle":"Diferencia ⎯  [c","arg":["key code 53//keystroke \"[c\"","saltar al inicio del cambio anterior","[c"],"icon":{"type":"file","path":"img/diff.png"},"match":"jump to start of previous change Diferencia [c"},{"title":"Obtener  diferencia ","subtitle":"Diferencia ⎯  do or :diffg[et]","arg":["key code 53//keystroke \"do\"","obtener  diferencia ","do or :diffg[et]"],"icon":{"type":"file","path":"img/diff.png"},"match":"obtain  difference  Diferencia do or :diffg[et]"},{"title":"Poner diferencia ","subtitle":"Diferencia ⎯  dp or :diffpu[t]","arg":["key code 53//keystroke \"dp\"","poner diferencia ","dp or :diffpu[t]"],"icon":{"type":"file","path":"img/diff.png"},"match":"put difference  Diferencia dp or :diffpu[t]"},{"title":"Hacer que la ventana actual forme parte de diff","subtitle":"Diferencia ⎯  :diffthis","arg":["key code 53//keystroke \":diffthis\" & return","hacer que la ventana actual forme parte de diff",":diffthis"],"icon":{"type":"file","path":"img/diff.png"},"match":"make current window part of diff Diferencia :diffthis"},{"title":"Actualizar diferencias","subtitle":"Diferencia ⎯  :dif[fupdate]","arg":["key code 53//keystroke \":dif\" & return","actualizar diferencias",":dif[fupdate]"],"icon":{"type":"file","path":"img/diff.png"},"match":"update differences Diferencia :dif[fupdate]"},{"title":"Desactivar el modo diferencial para la ventana actual","subtitle":"Diferencia ⎯  :diffo[ff]","arg":["key code 53//keystroke \":diffo\" & return","desactivar el modo diferencial para la ventana actual",":diffo[ff]"],"icon":{"type":"file","path":"img/diff.png"},"match":"switch off diff mode for current window Diferencia :diffo[ff]"},{"title":"Turn on us english spell checking","subtitle":"Spell checking ⎯  :set spell spelllang=en_us","arg":["key code 53//keystroke \":set\"//key code 49//keystroke \"spell\"//key code 49//keystroke \"spelllang=en_us\" & return","Turn on US English spell checking",":set spell spelllang=en_us"],"icon":{"type":"file","path":"img/spell.png"},"match":"Turn on US English spell checking Spell checking :set spell spelllang=en_us"},{"title":"Turn off spell checking","subtitle":"Spell checking ⎯  :set nospell","arg":["key code 53//keystroke \":set\"//key code 49//keystroke \"nospell\" & return","Turn off spell checking",":set nospell"],"icon":{"type":"file","path":"img/spell.png"},"match":"Turn off spell checking Spell checking :set nospell"},{"title":"Move to next misspelled word after the cursor","subtitle":"Spell checking ⎯  ]s","arg":["key code 53//keystroke \"]s\"","Move to next misspelled word after the cursor","]s"],"icon":{"type":"file","path":"img/spell.png"},"match":"Move to next misspelled word after the cursor Spell checking ]s"},{"title":"Move to previous misspelled word before the cursor","subtitle":"Spell checking ⎯  [s","arg":["key code 53//keystroke \"[s\"","Move to previous misspelled word before the cursor","[s"],"icon":{"type":"file","path":"img/spell.png"},"match":"Move to previous misspelled word before the cursor Spell checking [s"},{"title":"Suggest spellings for the word under/after the cursor","subtitle":"Spell checking ⎯  z=","arg":["key code 53//keystroke \"z=\"","Suggest spellings for the word under/after the cursor","z="],"icon":{"type":"file","path":"img/spell.png"},"match":"Suggest spellings for the word under/after the cursor Spell checking z="},{"title":"Add word to spell list","subtitle":"Spell checking ⎯  zg","arg":["key code 53//keystroke \"zg\"","Add word to spell list","zg"],"icon":{"type":"file","path":"img/spell.png"},"match":"Add word to spell list Spell checking zg"},{"title":"Mark word as bad/mispelling","subtitle":"Spell checking ⎯  zw","arg":["key code 53//keystroke \"zw\"","Mark word as bad/mispelling","zw"],"icon":{"type":"file","path":"img/spell.png"},"match":"Mark word as bad/mispelling Spell checking zw"},{"title":"Suggest words for bad word under cursor from spell file","subtitle":"Spell checking ⎯  zu","arg":["key code 53//keystroke \"zu\"","Suggest words for bad word under cursor from spell file","zu"],"icon":{"type":"file","path":"img/spell.png"},"match":"Suggest words for bad word under cursor from spell file Spell checking zu"},{"title":"Increment number","subtitle":"Miscellaneous ⎯  Ctrl+a","arg":["key code 53//keystroke \"a\" using control down","Increment number","Ctrl+a"],"icon":{"type":"file","path":"img/misc.png"},"match":"Increment number Miscellaneous Ctrl+a"},{"title":"Decrement number","subtitle":"Miscellaneous ⎯  Ctrl+x","arg":["key code 53//keystroke \"x\" using control down","Decrement number","Ctrl+x"],"icon":{"type":"file","path":"img/misc.png"},"match":"Decrement number Miscellaneous Ctrl+x"},{"title":"Re-select last selected block of text","subtitle":"Miscellaneous ⎯  gv","arg":["key code 53//keystroke \"gv\"","Re-select last selected block of text","gv"],"icon":{"type":"file","path":"img/misc.png"},"match":"Re-select last selected block of text Miscellaneous gv"},{"title":"Insert the result of an expression at the cursor","subtitle":"Miscellaneous ⎯  Ctrl+r =","arg":["key code 53//keystroke \"r\" using control down//keystroke \"=\"","Insert the result of an expression at the cursor","Ctrl+r ="],"icon":{"type":"file","path":"img/misc.png"},"match":"Insert the result of an expression at the cursor Miscellaneous Ctrl+r ="},{"title":"Change file encoding to utf-8","subtitle":"Miscellaneous ⎯  set fenc=UTF-8","arg":["key code 53//keystroke \"set\"//key code 49//keystroke \"fenc=UTF-8\"","Change file encoding to UTF-8","set fenc=UTF-8"],"icon":{"type":"file","path":"img/misc.png"},"match":"Change file encoding to UTF-8 Miscellaneous set fenc=UTF-8"},{"title":"Escape next character","subtitle":"Regex ⎯  \\","arg":["keystroke \"\\\\\"","Escape next character","\\"],"icon":{"type":"file","path":"img/regex.png"},"match":"Escape next character Regex \\"},{"title":"Start-of­-line","subtitle":"Regex ⎯  ^","arg":["keystroke \"^\"","Start-of­-line","^"],"icon":{"type":"file","path":"img/regex.png"},"match":"Start-of­-line Regex ^"},{"title":"End-of-­line","subtitle":"Regex ⎯  $","arg":["keystroke \"$\"","End-of-­line","$"],"icon":{"type":"file","path":"img/regex.png"},"match":"End-of-­line Regex $"},{"title":"Any char","subtitle":"Regex ⎯  .","arg":["keystroke \".\"","Any char","."],"icon":{"type":"file","path":"img/regex.png"},"match":"Any char Regex ."},{"title":"0 or more quantifier","subtitle":"Regex ⎯  *","arg":["keystroke \"*\"","0 or more quantifier","*"],"icon":{"type":"file","path":"img/regex.png"},"match":"0 or more quantifier Regex *"},{"title":"Match last given substitute string","subtitle":"Regex ⎯  ~","arg":["keystroke \"\"~","Match last given substitute string","~"],"icon":{"type":"file","path":"img/regex.png"},"match":"Match last given substitute string Regex ~"},{"title":"Match range","subtitle":"Regex ⎯  [...]","arg":["keystroke \"[...]\"","Match range","[...]"],"icon":{"type":"file","path":"img/regex.png"},"match":"Match range Regex [...]"},{"title":"Not range","subtitle":"Regex ⎯  [^...]","arg":["keystroke \"[^...]\"","Not range","[^...]"],"icon":{"type":"file","path":"img/regex.png"},"match":"Not range Regex [^...]"},{"title":"In replacement: insert <pattern>","subtitle":"Regex ⎯  &","arg":["keystroke \"&\"","In replacement: insert <pattern>","&"],"icon":{"type":"file","path":"img/regex.png"},"match":"In replacement: insert <pattern> Regex &"},{"title":"Beginning of a word","subtitle":"Regex ⎯  \\<","arg":["keystroke \"\\\\<\"","Beginning of a word","\\<"],"icon":{"type":"file","path":"img/regex.png"},"match":"Beginning of a word Regex \\<"},{"title":"End of word","subtitle":"Regex ⎯  \\>","arg":["keystroke \"\\\\>\"","End of word","\\>"],"icon":{"type":"file","path":"img/regex.png"},"match":"End of word Regex \\>"},{"title":"Group","subtitle":"Regex ⎯  \\(...\\)","arg":["keystroke \"\\\\(...\\\\)\"","Group","\\(...\\)"],"icon":{"type":"file","path":"img/regex.png"},"match":"Group Regex \\(...\\)"},{"title":"Separate alternative","subtitle":"Regex ⎯  \\|","arg":["keystroke \"\\\\|\"","Separate alternative","\\|"],"icon":{"type":"file","path":"img/regex.png"},"match":"Separate alternative Regex \\|"},{"title":"Any single char or end-of­line","subtitle":"Regex ⎯  \\_.","arg":["keystroke \"\\\\_.\"","Any single char or end-of­line","\\_."],"icon":{"type":"file","path":"img/regex.png"},"match":"Any single char or end-of­line Regex \\_."},{"title":"1 or more quantifier","subtitle":"Regex ⎯  \\+","arg":["keystroke \"\\\\+\"","1 or more quantifier","\\+"],"icon":{"type":"file","path":"img/regex.png"},"match":"1 or more quantifier Regex \\+"},{"title":"0 or 1 quantifier","subtitle":"Regex ⎯  \\=","arg":["keystroke \"\\\\=\"","0 or 1 quantifier","\\="],"icon":{"type":"file","path":"img/regex.png"},"match":"0 or 1 quantifier Regex \\="},{"title":"0 or 1 quantifier","subtitle":"Regex ⎯  \\?","arg":["keystroke \"\\\\?\"","0 or 1 quantifier","\\?"],"icon":{"type":"file","path":"img/regex.png"},"match":"0 or 1 quantifier Regex \\?"},{"title":"N to m quantifier","subtitle":"Regex ⎯  \\{n,m}","arg":["keystroke \"\\\\{n,m}\"","n to m quantifier","\\{n,m}"],"icon":{"type":"file","path":"img/regex.png"},"match":"n to m quantifier Regex \\{n,m}"},{"title":"N quantifier","subtitle":"Regex ⎯  \\{n}","arg":["keystroke \"\\\\{n}\"","n quantifier","\\{n}"],"icon":{"type":"file","path":"img/regex.png"},"match":"n quantifier Regex \\{n}"},{"title":"At least n quantifier","subtitle":"Regex ⎯  \\{n,}","arg":["keystroke \"\"\\\\{n,}","at least n quantifier","\\{n,}"],"icon":{"type":"file","path":"img/regex.png"},"match":"at least n quantifier Regex \\{n,}"},{"title":"0 to m quantifier","subtitle":"Regex ⎯  \\{,m}","arg":["keystroke \"\\\\{,}\"","0 to m quantifier","\\{,m}"],"icon":{"type":"file","path":"img/regex.png"},"match":"0 to m quantifier Regex \\{,m}"},{"title":"Delete all lines matching pattern","subtitle":"Regex ⎯  :%g/<pa­tte­rn>/d","arg":["key code 53//keystroke \":%g/<pa­tte­r/d\"","delete all lines matching pattern",":%g/<pa­tte­rn>/d"],"icon":{"type":"file","path":"img/regex.png"},"match":"delete all lines matching pattern Regex :%g/<pa­tte­rn>/d"},{"title":"Delete all lines not matching <pattern>","subtitle":"Regex ⎯  :%v/<pa­tte­rn>/d","arg":["key code 53//keystroke \":%v/<pa­tte­r/d\"","delete all lines NOT matching <pattern>",":%v/<pa­tte­rn>/d"],"icon":{"type":"file","path":"img/regex.png"},"match":"delete all lines NOT matching <pattern> Regex :%v/<pa­tte­rn>/d"},{"title":"Delete empty lines","subtitle":"Regex ⎯  :%s/^.*$\\n//","arg":["key code 53//keystroke \":%s/^.*$\\\\n//\"","delete empty lines",":%s/^.*$\\n//"],"icon":{"type":"file","path":"img/regex.png"},"match":"delete empty lines Regex :%s/^.*$\\n//"},{"title":"Replace <pattern> by 'new <pattern>'","subtitle":"Regex ⎯  :s/<pattern>/new &/","arg":["key code 53//keystroke \":%s/<pattern>/new &/\"","Replace <pattern> by 'new <pattern>'",":s/<pattern>/new &/"],"icon":{"type":"file","path":"img/regex.png"},"match":"Replace <pattern> by 'new <pattern>' Regex :s/<pattern>/new &/"},{"title":"Replace <pattern> by content of register","subtitle":"Regex ⎯  :s/<pattern>/\\=@a/","arg":["key code 53//keystroke \":%s/<pattern>/\\\\=@a/\"","Replace <pattern> by content of register",":s/<pattern>/\\=@a/"],"icon":{"type":"file","path":"img/regex.png"},"match":"Replace <pattern> by content of register Regex :s/<pattern>/\\=@a/"},{"title":"Count number of occurrence of <pattern>","subtitle":"Regex ⎯  :s/<pattern>//gn","arg":["key code 53//keystroke \":%s/<pattern>//gn\"","Count number of occurrence of <pattern>",":s/<pattern>//gn"],"icon":{"type":"file","path":"img/regex.png"},"match":"Count number of occurrence of <pattern> Regex :s/<pattern>//gn"},{"title":"Match start","subtitle":"Regex ⎯  \\zs","arg":["keystroke \"\\\\zs\"","Match start","\\zs"],"icon":{"type":"file","path":"img/regex.png"},"match":"Match start Regex \\zs"},{"title":"Match end","subtitle":"Regex ⎯  \\ze","arg":["keystroke \"\\\\ze\"","Match end","\\ze"],"icon":{"type":"file","path":"img/regex.png"},"match":"Match end Regex \\ze"},{"title":"Positive look behind to find <pattern>","subtitle":"Regex ⎯  <atom>\\@<=<pattern>","arg":["keystroke \"<atom>\\\\@<=<pattern>\"","Positive look behind to find <pattern>","<atom>\\@<=<pattern>"],"icon":{"type":"file","path":"img/regex.png"},"match":"Positive look behind to find <pattern> Regex <atom>\\@<=<pattern>"},{"title":"Positive look ahead to find <pattern>","subtitle":"Regex ⎯  <pattern><atom>\\@=","arg":["keystroke \"<pattern><atom>\\\\@=\"","Positive look ahead to find <pattern>","<pattern><atom>\\@="],"icon":{"type":"file","path":"img/regex.png"},"match":"Positive look ahead to find <pattern> Regex <pattern><atom>\\@="},{"title":"Negative look behind to find <pattern>","subtitle":"Regex ⎯  <atom>\\@<!<pattern>","arg":["keystroke \"<atom>\\\\@<!<pattern>\"","Negative look behind to find <pattern>","<atom>\\@<!<pattern>"],"icon":{"type":"file","path":"img/regex.png"},"match":"Negative look behind to find <pattern> Regex <atom>\\@<!<pattern>"},{"title":"Negative look ahead to find <pattern>","subtitle":"Regex ⎯  <pattern><atom>\\@!","arg":["keystroke \"<pattern><atom>\\\\@!\"","Negative look ahead to find <pattern>","<pattern><atom>\\@!"],"icon":{"type":"file","path":"img/regex.png"},"match":"Negative look ahead to find <pattern> Regex <pattern><atom>\\@!"},{"title":"Non-greedy 0 or more quantifier","subtitle":"Regex ⎯  \\{-}","arg":["keystroke \"\\\\{-}\"","Non-greedy 0 or more quantifier","\\{-}"],"icon":{"type":"file","path":"img/regex.png"},"match":"Non-greedy 0 or more quantifier Regex \\{-}"}]}