{"items":[{"title":"کمک در مورد کلمه کلیدی","subtitle":"فرمان های کلی ⎯  :h[elp] کلید واژه","arg":["key code 53//keystroke \":h\"//key code 49//keystroke \"keyword\"","کمک در مورد کلمه کلیدی",":h[elp] کلید واژه"],"icon":{"type":"file","path":"img/global.png"},"match":"open help for keyword فرمان های کلی :h[elp] کلید واژه"},{"title":"ذخیره کردن با عنوان","subtitle":"فرمان های کلی ⎯  :sav[eas] فایل","arg":["key code 53//keystroke \":sav\"//key code 49//keystroke \"file\"","ذخیره کردن با عنوان",":sav[eas] فایل"],"icon":{"type":"file","path":"img/global.png"},"match":"save file as فرمان های کلی :sav[eas] فایل"},{"title":"بستن پنل فعلی","subtitle":"فرمان های کلی ⎯  :clo[se]","arg":["key code 53//keystroke \":clo\" & return","بستن پنل فعلی",":clo[se]"],"icon":{"type":"file","path":"img/global.png"},"match":"close current pane فرمان های کلی :clo[se]"},{"title":"یک پنجره ترمینال را باز کن","subtitle":"فرمان های کلی ⎯  :ter[minal]","arg":["key code 53//keystroke \":ter\" & return","یک پنجره ترمینال را باز کن",":ter[minal]"],"icon":{"type":"file","path":"img/global.png"},"match":"open a terminal window فرمان های کلی :ter[minal]"},{"title":"برای کلمه زیر مکان‌نما، یک صفحه راهنما باز کن","subtitle":"فرمان های کلی ⎯  K","arg":["key code 53//keystroke \"K\"","برای کلمه زیر مکان‌نما، یک صفحه راهنما باز کن","K"],"icon":{"type":"file","path":"img/global.png"},"match":"open man page for word under the cursor فرمان های کلی K"},{"title":"حرکت مکان نما به سمت چپ","subtitle":"حرکت مکان نما ⎯  h","arg":["key code 53//keystroke \"h\"","حرکت مکان نما به سمت چپ","h"],"icon":{"type":"file","path":"img/cursorMovement.png"},"match":"move cursor left حرکت مکان نما h"},{"title":"حرکت مکان نما به سمت پایین","subtitle":"حرکت مکان نما ⎯  j","arg":["key code 53//keystroke \"j\"","حرکت مکان نما به سمت پایین","j"],"icon":{"type":"file","path":"img/cursorMovement.png"},"match":"move cursor down حرکت مکان نما j"},{"title":"حرکت مکان نما به سمت بالا","subtitle":"حرکت مکان نما ⎯  k","arg":["key code 53//keystroke \"k\"","حرکت مکان نما به سمت بالا","k"],"icon":{"type":"file","path":"img/cursorMovement.png"},"match":"move cursor up حرکت مکان نما k"},{"title":"حرکت مکان نما به سمت پایین","subtitle":"حرکت مکان نما ⎯  l","arg":["key code 53//keystroke \"l\"","حرکت مکان نما به سمت پایین","l"],"icon":{"type":"file","path":"img/cursorMovement.png"},"match":"move cursor right حرکت مکان نما l"},{"title":"Move cursor down ","subtitle":"حرکت مکان نما ⎯  gj","arg":["key code 53//keystroke \"gj\"","move cursor down ","gj"],"icon":{"type":"file","path":"img/cursorMovement.png"},"match":"move cursor down  حرکت مکان نما gj"},{"title":"Move cursor up ","subtitle":"حرکت مکان نما ⎯  gk","arg":["key code 53//keystroke \"gk\"","move cursor up ","gk"],"icon":{"type":"file","path":"img/cursorMovement.png"},"match":"move cursor up  حرکت مکان نما gk"},{"title":"برو به ابتدای نمایشگر","subtitle":"حرکت مکان نما ⎯  H","arg":["key code 53//keystroke \"H\"","برو به ابتدای نمایشگر","H"],"icon":{"type":"file","path":"img/cursorMovement.png"},"match":"move to top of screen حرکت مکان نما H"},{"title":"برو به وسط نمایشگر","subtitle":"حرکت مکان نما ⎯  M","arg":["key code 53//keystroke \"M\"","برو به وسط نمایشگر","M"],"icon":{"type":"file","path":"img/cursorMovement.png"},"match":"move to middle of screen حرکت مکان نما M"},{"title":"برو به آخر نمایشگر","subtitle":"حرکت مکان نما ⎯  L","arg":["key code 53//keystroke \"L\"","برو به آخر نمایشگر","L"],"icon":{"type":"file","path":"img/cursorMovement.png"},"match":"move to bottom of screen حرکت مکان نما L"},{"title":"برو به ابتدای کلمه","subtitle":"حرکت مکان نما ⎯  w","arg":["key code 53//keystroke \"w\"","برو به ابتدای کلمه","w"],"icon":{"type":"file","path":"img/cursorMovement.png"},"match":"jump forwards to the start of a word حرکت مکان نما w"},{"title":"برو به ابتدای کلمه","subtitle":"حرکت مکان نما ⎯  W","arg":["key code 53//keystroke \"W\"","برو به ابتدای کلمه","W"],"icon":{"type":"file","path":"img/cursorMovement.png"},"match":"jump forwards to the start of a word  حرکت مکان نما W"},{"title":"برو به آخر کلمه","subtitle":"حرکت مکان نما ⎯  e","arg":["key code 53//keystroke \"e\"","برو به آخر کلمه","e"],"icon":{"type":"file","path":"img/cursorMovement.png"},"match":"jump forwards to the end of a word حرکت مکان نما e"},{"title":"برو به آخر کلمه ","subtitle":"حرکت مکان نما ⎯  E","arg":["key code 53//keystroke \"E\"","برو به آخر کلمه ","E"],"icon":{"type":"file","path":"img/cursorMovement.png"},"match":"jump forwards to the end of a word  حرکت مکان نما E"},{"title":"برو به ابتدای کلمه","subtitle":"حرکت مکان نما ⎯  b","arg":["key code 53//keystroke \"b\"","برو به ابتدای کلمه","b"],"icon":{"type":"file","path":"img/cursorMovement.png"},"match":"jump backwards to the start of a word حرکت مکان نما b"},{"title":"برو به ابتدای کلمه","subtitle":"حرکت مکان نما ⎯  B","arg":["key code 53//keystroke \"B\"","برو به ابتدای کلمه","B"],"icon":{"type":"file","path":"img/cursorMovement.png"},"match":"jump backwards to the start of a word  حرکت مکان نما B"},{"title":"پرش رو به عقب تا انتهای کلمه","subtitle":"حرکت مکان نما ⎯  ge","arg":["key code 53//keystroke \"ge\"","پرش رو به عقب تا انتهای کلمه","ge"],"icon":{"type":"file","path":"img/cursorMovement.png"},"match":"jump backwards to the end of a word حرکت مکان نما ge"},{"title":"پرش رو به عقب تا انتهای کلمه ","subtitle":"حرکت مکان نما ⎯  gE","arg":["key code 53//keystroke \"gE\"","پرش رو به عقب تا انتهای کلمه ","gE"],"icon":{"type":"file","path":"img/cursorMovement.png"},"match":"jump backwards to the end of a word  حرکت مکان نما gE"},{"title":"برو به براکت بسته","subtitle":"حرکت مکان نما ⎯  %","arg":["key code 53//keystroke \"%\"","برو به براکت بسته","%"],"icon":{"type":"file","path":"img/cursorMovement.png"},"match":"move to matching character  حرکت مکان نما %"},{"title":"برو به ابتدای خط","subtitle":"حرکت مکان نما ⎯  0","arg":["key code 53//keystroke \"0\"","برو به ابتدای خط","0"],"icon":{"type":"file","path":"img/cursorMovement.png"},"match":"jump to the start of the line حرکت مکان نما 0"},{"title":"برو به اولین کاراکتر با صرف نظر از فضای خالی","subtitle":"حرکت مکان نما ⎯  ^","arg":["key code 53//keystroke \"^\"","برو به اولین کاراکتر با صرف نظر از فضای خالی","^"],"icon":{"type":"file","path":"img/cursorMovement.png"},"match":"jump to the first non-blank character of the line حرکت مکان نما ^"},{"title":"برو به انتهای خط","subtitle":"حرکت مکان نما ⎯  $","arg":["key code 53//keystroke \"$\"","برو به انتهای خط","$"],"icon":{"type":"file","path":"img/cursorMovement.png"},"match":"jump to the end of the line حرکت مکان نما $"},{"title":"برو به آخرین کاراکتر غیر بلاک","subtitle":"حرکت مکان نما ⎯  g_","arg":["key code 53//keystroke \"g_\"","برو به آخرین کاراکتر غیر بلاک","g_"],"icon":{"type":"file","path":"img/cursorMovement.png"},"match":"jump to the last non-blank character of the line حرکت مکان نما g_"},{"title":"برو به اولین خط این فایل","subtitle":"حرکت مکان نما ⎯  gg","arg":["key code 53//keystroke \"gg\"","برو به اولین خط این فایل","gg"],"icon":{"type":"file","path":"img/cursorMovement.png"},"match":"go to the first line of the document حرکت مکان نما gg"},{"title":"برو به آخرین خط این فایل","subtitle":"حرکت مکان نما ⎯  G","arg":["key code 53//keystroke \"G\"","برو به آخرین خط این فایل","G"],"icon":{"type":"file","path":"img/cursorMovement.png"},"match":"go to the last line of the document حرکت مکان نما G"},{"title":"برو به خط شماره 5","subtitle":"حرکت مکان نما ⎯  5gg or 5G","arg":["key code 53//keystroke \"5gg\"","برو به خط شماره 5","5gg or 5G"],"icon":{"type":"file","path":"img/cursorMovement.png"},"match":"go to line 5 حرکت مکان نما 5gg or 5G"},{"title":"حرکت روی تعریف  محلی","subtitle":"حرکت مکان نما ⎯  gd","arg":["key code 53//keystroke \"gd\"","حرکت روی تعریف  محلی","gd"],"icon":{"type":"file","path":"img/cursorMovement.png"},"match":"move to local declaration حرکت مکان نما gd"},{"title":"حرکت روی تعریف  سرتاسری","subtitle":"حرکت مکان نما ⎯  gD","arg":["key code 53//keystroke \"gD\"","حرکت روی تعریف  سرتاسری","gD"],"icon":{"type":"file","path":"img/cursorMovement.png"},"match":"move to global declaration حرکت مکان نما gD"},{"title":"برو به کاراکتر x","subtitle":"حرکت مکان نما ⎯  fx","arg":["key code 53//keystroke \"fx\"","برو به کاراکتر x","fx"],"icon":{"type":"file","path":"img/cursorMovement.png"},"match":"jump to next occurrence of character x حرکت مکان نما fx"},{"title":"برو به یک کاراکتر قبل از x","subtitle":"حرکت مکان نما ⎯  tx","arg":["key code 53//keystroke \"tx\"","برو به یک کاراکتر قبل از x","tx"],"icon":{"type":"file","path":"img/cursorMovement.png"},"match":"jump to before next occurrence of character x حرکت مکان نما tx"},{"title":"برو به کاراکتر x قبل از محل فعلی مکان نما","subtitle":"حرکت مکان نما ⎯  Fx","arg":["key code 53//keystroke \"Fx\"","برو به کاراکتر x قبل از محل فعلی مکان نما","Fx"],"icon":{"type":"file","path":"img/cursorMovement.png"},"match":"jump to the previous occurrence of character x حرکت مکان نما Fx"},{"title":"برو به  یک کاراکتر بعد از کاراکتر x قبل از محل فعلی مکان نما","subtitle":"حرکت مکان نما ⎯  Tx","arg":["key code 53//keystroke \"Tx\"","برو به  یک کاراکتر بعد از کاراکتر x قبل از محل فعلی مکان نما","Tx"],"icon":{"type":"file","path":"img/cursorMovement.png"},"match":"jump to after previous occurrence of character x حرکت مکان نما Tx"},{"title":"تکرار عملیات قبلی  اگر این عملیات f,f,t,t  باشد","subtitle":"حرکت مکان نما ⎯  ;","arg":["key code 53//keystroke \";\"","تکرار عملیات قبلی  اگر این عملیات F,f,T,t  باشد",";"],"icon":{"type":"file","path":"img/cursorMovement.png"},"match":"repeat previous f, t, F or T movement حرکت مکان نما ;"},{"title":"مثل سمی کالمن اما برعکس","subtitle":"حرکت مکان نما ⎯  ,","arg":["key code 53//keystroke \",\"","مثل سمی کالمن اما برعکس",","],"icon":{"type":"file","path":"img/cursorMovement.png"},"match":"repeat previous f, t, F or T movement, backwards حرکت مکان نما ,"},{"title":"برو به پاراگراف بعدی","subtitle":"حرکت مکان نما ⎯  }","arg":["key code 53//keystroke \"}\"","برو به پاراگراف بعدی","}"],"icon":{"type":"file","path":"img/cursorMovement.png"},"match":"jump to next paragraph  حرکت مکان نما }"},{"title":"برو به پاراگراف قبلی","subtitle":"حرکت مکان نما ⎯  {","arg":["key code 53//keystroke \"{\"","برو به پاراگراف قبلی","{"],"icon":{"type":"file","path":"img/cursorMovement.png"},"match":"jump to previous paragraph  حرکت مکان نما {"},{"title":"قرار دادن خط فعلی در مرکز صفحه نمایش","subtitle":"حرکت مکان نما ⎯  zz","arg":["key code 53//keystroke \"zz\"","قرار دادن خط فعلی در مرکز صفحه نمایش","zz"],"icon":{"type":"file","path":"img/cursorMovement.png"},"match":"center cursor on screen حرکت مکان نما zz"},{"title":"یک خط به پایین","subtitle":"حرکت مکان نما ⎯  Ctrl+e","arg":["key code 53//keystroke \"e\" using control down","یک خط به پایین","Ctrl+e"],"icon":{"type":"file","path":"img/cursorMovement.png"},"match":"move screen down one line  حرکت مکان نما Ctrl+e"},{"title":"یک خط به بالا","subtitle":"حرکت مکان نما ⎯  Ctrl+y","arg":["key code 53//keystroke \"y\" using control down","یک خط به بالا","Ctrl+y"],"icon":{"type":"file","path":"img/cursorMovement.png"},"match":"move screen up one line  حرکت مکان نما Ctrl+y"},{"title":"صفحه قبل","subtitle":"حرکت مکان نما ⎯  Ctrl+b","arg":["key code 53//keystroke \"b\" using control down","صفحه قبل","Ctrl+b"],"icon":{"type":"file","path":"img/cursorMovement.png"},"match":"move back one full screen حرکت مکان نما Ctrl+b"},{"title":"صفحه بعد","subtitle":"حرکت مکان نما ⎯  Ctrl+f","arg":["key code 53//keystroke \"f\" using control down","صفحه بعد","Ctrl+f"],"icon":{"type":"file","path":"img/cursorMovement.png"},"match":"move forward one full screen حرکت مکان نما Ctrl+f"},{"title":"یک نیم صفحه قبل","subtitle":"حرکت مکان نما ⎯  Ctrl+u","arg":["key code 53//keystroke \"u\" using control down","یک نیم صفحه قبل","Ctrl+u"],"icon":{"type":"file","path":"img/cursorMovement.png"},"match":"move back 1/2 a screen حرکت مکان نما Ctrl+u"},{"title":"یک نیم صفحه بعد","subtitle":"حرکت مکان نما ⎯  Ctrl+d","arg":["key code 53//keystroke \"d\" using control down","یک نیم صفحه بعد","Ctrl+d"],"icon":{"type":"file","path":"img/cursorMovement.png"},"match":"move forward 1/2 a screen حرکت مکان نما Ctrl+d"},{"title":"اضافه کن به قبل از مکان فعلی مکان نما","subtitle":"افزودن و اضافه کردن ⎯  i","arg":["key code 53//keystroke \"i\"","اضافه کن به قبل از مکان فعلی مکان نما","i"],"icon":{"type":"file","path":"img/insertMode.png"},"match":"insert before the cursor افزودن و اضافه کردن i"},{"title":"اضافه کن به ابتدای خط","subtitle":"افزودن و اضافه کردن ⎯  I","arg":["key code 53//keystroke \"I\"","اضافه کن به ابتدای خط","I"],"icon":{"type":"file","path":"img/insertMode.png"},"match":"insert at the beginning of the line افزودن و اضافه کردن I"},{"title":"اضافه کن بعد از مکان فعلی مکان نما","subtitle":"افزودن و اضافه کردن ⎯  a","arg":["key code 53//keystroke \"a\"","اضافه کن بعد از مکان فعلی مکان نما","a"],"icon":{"type":"file","path":"img/insertMode.png"},"match":"insert  after the cursor افزودن و اضافه کردن a"},{"title":"اضافه کن به انتهای خط","subtitle":"افزودن و اضافه کردن ⎯  A","arg":["key code 53//keystroke \"A\"","اضافه کن به انتهای خط","A"],"icon":{"type":"file","path":"img/insertMode.png"},"match":"insert  at the end of the line افزودن و اضافه کردن A"},{"title":"اضافه کن به خط بعدی","subtitle":"افزودن و اضافه کردن ⎯  o","arg":["key code 53//keystroke \"o\"","اضافه کن به خط بعدی","o"],"icon":{"type":"file","path":"img/insertMode.png"},"match":"append  a new line below the current line افزودن و اضافه کردن o"},{"title":"اضافه کن به خط قبلی","subtitle":"افزودن و اضافه کردن ⎯  O","arg":["key code 53//keystroke \"O\"","اضافه کن به خط قبلی","O"],"icon":{"type":"file","path":"img/insertMode.png"},"match":"append  a new line above the current line افزودن و اضافه کردن O"},{"title":"اضافه کن به انتهای کلمه","subtitle":"افزودن و اضافه کردن ⎯  ea","arg":["key code 53//keystroke \"ea\"","اضافه کن به انتهای کلمه","ea"],"icon":{"type":"file","path":"img/insertMode.png"},"match":"insert  at the end of the word افزودن و اضافه کردن ea"},{"title":"حذف کاراکتر قبل مکان‌نما، در مُد درج","subtitle":"افزودن و اضافه کردن ⎯  Ctrl+h","arg":["keystroke \"h\" using control down","حذف کاراکتر قبل مکان‌نما، در مُد درج","Ctrl+h"],"icon":{"type":"file","path":"img/insertMode.png"},"match":"delete the character before the cursor during insert mode افزودن و اضافه کردن Ctrl+h"},{"title":"حذف کلمه قبل مکان‌نما، در مُد درج","subtitle":"افزودن و اضافه کردن ⎯  Ctrl+w","arg":["keystroke \"w\" using control down","حذف کلمه قبل مکان‌نما، در مُد درج","Ctrl+w"],"icon":{"type":"file","path":"img/insertMode.png"},"match":"delete word before the cursor during insert mode افزودن و اضافه کردن Ctrl+w"},{"title":"ایجاد خط جدید، در مُد درج","subtitle":"افزودن و اضافه کردن ⎯  Ctrl+j","arg":["keystroke \"j\" using control down","ایجاد خط جدید، در مُد درج","Ctrl+j"],"icon":{"type":"file","path":"img/insertMode.png"},"match":"begin new line during insert mode افزودن و اضافه کردن Ctrl+j"},{"title":"Indent  line one shiftwidth during insert mode","subtitle":"افزودن و اضافه کردن ⎯  Ctrl+t","arg":["keystroke \"t\" using control down","indent  line one shiftwidth during insert mode","Ctrl+t"],"icon":{"type":"file","path":"img/insertMode.png"},"match":"indent  line one shiftwidth during insert mode افزودن و اضافه کردن Ctrl+t"},{"title":"De-indent  line one shiftwidth during insert mode","subtitle":"افزودن و اضافه کردن ⎯  Ctrl+d","arg":["keystroke \"d\" using control down","de-indent  line one shiftwidth during insert mode","Ctrl+d"],"icon":{"type":"file","path":"img/insertMode.png"},"match":"de-indent  line one shiftwidth during insert mode افزودن و اضافه کردن Ctrl+d"},{"title":"Insert  next match before the cursor during insert mode","subtitle":"افزودن و اضافه کردن ⎯  Ctrl+n","arg":["keystroke \"n\" using control down","insert  next match before the cursor during insert mode","Ctrl+n"],"icon":{"type":"file","path":"img/insertMode.png"},"match":"insert  next match before the cursor during insert mode افزودن و اضافه کردن Ctrl+n"},{"title":"Insert  previous match before the cursor during insert mode","subtitle":"افزودن و اضافه کردن ⎯  Ctrl+p","arg":["keystroke \"p\" using control down","insert  previous match before the cursor during insert mode","Ctrl+p"],"icon":{"type":"file","path":"img/insertMode.png"},"match":"insert  previous match before the cursor during insert mode افزودن و اضافه کردن Ctrl+p"},{"title":"Insert the contents of register x","subtitle":"افزودن و اضافه کردن ⎯  Ctrl+r x","arg":["keystroke \"r\" using control down//keystroke \"x\"","insert the contents of register x","Ctrl+r x"],"icon":{"type":"file","path":"img/insertMode.png"},"match":"insert the contents of register x افزودن و اضافه کردن Ctrl+r x"},{"title":"Temporarily enter normal mode to issue one normal-mode command x.","subtitle":"افزودن و اضافه کردن ⎯  Ctrl+o x","arg":["keystroke \"o\" using control down//keystroke \"x\"","Temporarily enter normal mode to issue one normal-mode command x.","Ctrl+o x"],"icon":{"type":"file","path":"img/insertMode.png"},"match":"Temporarily enter normal mode to issue one normal-mode command x. افزودن و اضافه کردن Ctrl+o x"},{"title":"از مُد درج خارج شو","subtitle":"افزودن و اضافه کردن ⎯  Esc","arg":["key code 53","از مُد درج خارج شو","Esc"],"icon":{"type":"file","path":"img/insertMode.png"},"match":"exit insert mode افزودن و اضافه کردن Esc"},{"title":"یک کاراکتر را جایگزین کن","subtitle":"تصحیح ⎯  r","arg":["key code 53//keystroke \"r\"","یک کاراکتر را جایگزین کن","r"],"icon":{"type":"file","path":"img/editing.png"},"match":"replace a single character. تصحیح r"},{"title":"Replace more than one character, until esc is pressed.","subtitle":"تصحیح ⎯  R","arg":["key code 53//keystroke \"R\"","replace more than one character, until ESC is pressed.","R"],"icon":{"type":"file","path":"img/editing.png"},"match":"replace more than one character, until ESC is pressed. تصحیح R"},{"title":"خط بعدی را به خط فعلی بچسبان با فاصله","subtitle":"تصحیح ⎯  J","arg":["key code 53//keystroke \"J\"","خط بعدی را به خط فعلی بچسبان با فاصله","J"],"icon":{"type":"file","path":"img/editing.png"},"match":"join line below to the current one with one space in between تصحیح J"},{"title":"خط بعدی را بدون فاصله به خط فعلی بچسبان","subtitle":"تصحیح ⎯  gJ","arg":["key code 53//keystroke \"gJ\"","خط بعدی را بدون فاصله به خط فعلی بچسبان","gJ"],"icon":{"type":"file","path":"img/editing.png"},"match":"join line below to the current one without space in between تصحیح gJ"},{"title":"جمع کردن پاراگراف","subtitle":"تصحیح ⎯  gwip","arg":["key code 53//keystroke \"gwip\"","جمع کردن پاراگراف","gwip"],"icon":{"type":"file","path":"img/editing.png"},"match":"reflow paragraph تصحیح gwip"},{"title":"Switch case up to motion","subtitle":"تصحیح ⎯  g~","arg":["key code 53//keystroke \"g~\"","switch case up to motion","g~"],"icon":{"type":"file","path":"img/editing.png"},"match":"switch case up to motion تصحیح g~"},{"title":"Change to lowercase up to motion","subtitle":"تصحیح ⎯  gu","arg":["key code 53//keystroke \"gu\"","change to lowercase up to motion","gu"],"icon":{"type":"file","path":"img/editing.png"},"match":"change to lowercase up to motion تصحیح gu"},{"title":"Change to uppercase up to motion","subtitle":"تصحیح ⎯  gU","arg":["key code 53//keystroke \"gU\"","change to uppercase up to motion","gU"],"icon":{"type":"file","path":"img/editing.png"},"match":"change to uppercase up to motion تصحیح gU"},{"title":"خط فعلی را جایگزین کن","subtitle":"تصحیح ⎯  cc","arg":["key code 53//keystroke \"cc\"","خط فعلی را جایگزین کن","cc"],"icon":{"type":"file","path":"img/editing.png"},"match":"change  entire line تصحیح cc"},{"title":"از مکان فعلی تا آخر خط را جایگزین کن","subtitle":"تصحیح ⎯  c$ or C","arg":["key code 53//keystroke \"g$\"","از مکان فعلی تا آخر خط را جایگزین کن","c$ or C"],"icon":{"type":"file","path":"img/editing.png"},"match":"change  to the end of the line تصحیح c$ or C"},{"title":"خط فعلی را جایگزین کن","subtitle":"تصحیح ⎯  ciw","arg":["key code 53//keystroke \"ciw\"","خط فعلی را جایگزین کن","ciw"],"icon":{"type":"file","path":"img/editing.png"},"match":"change  entire word تصحیح ciw"},{"title":"کلمه فعلی را جایگزین کن","subtitle":"تصحیح ⎯  cw or ce","arg":["key code 53//keystroke \"cw\"","کلمه فعلی را جایگزین کن","cw or ce"],"icon":{"type":"file","path":"img/editing.png"},"match":"change  to the end of the word تصحیح cw or ce"},{"title":"کاراکتر فعلی را جایگزین کن","subtitle":"تصحیح ⎯  s","arg":["key code 53//keystroke \"s\"","کاراکتر فعلی را جایگزین کن","s"],"icon":{"type":"file","path":"img/editing.png"},"match":"delete character and substitute text تصحیح s"},{"title":"خط فعلی را جایگزین کن","subtitle":"تصحیح ⎯  S","arg":["key code 53//keystroke \"S\"","خط فعلی را جایگزین کن","S"],"icon":{"type":"file","path":"img/editing.png"},"match":"delete line and substitute text  تصحیح S"},{"title":"ترانهادن دو کاراکتر","subtitle":"تصحیح ⎯  xp","arg":["key code 53//keystroke \"xp\"","ترانهادن دو کاراکتر","xp"],"icon":{"type":"file","path":"img/editing.png"},"match":"transpose two letters  تصحیح xp"},{"title":"بازگرداندن","subtitle":"تصحیح ⎯  u","arg":["key code 53//keystroke \"u\"","بازگرداندن","u"],"icon":{"type":"file","path":"img/editing.png"},"match":"undo تصحیح u"},{"title":"بازگرداندن تغییرات آخرین خط تغییرکرده","subtitle":"تصحیح ⎯  U","arg":["key code 53//keystroke \"U\"","بازگرداندن تغییرات آخرین خط تغییرکرده","U"],"icon":{"type":"file","path":"img/editing.png"},"match":"restore  last changed line تصحیح U"},{"title":"دوباره انجام بده","subtitle":"تصحیح ⎯  Ctrl+r","arg":["key code 53//keystroke \"r\" using control down","دوباره انجام بده","Ctrl+r"],"icon":{"type":"file","path":"img/editing.png"},"match":"redo تصحیح Ctrl+r"},{"title":"فرمان قبلی را تکرار کن","subtitle":"تصحیح ⎯  .","arg":["key code 53//keystroke \".\"","فرمان قبلی را تکرار کن","."],"icon":{"type":"file","path":"img/editing.png"},"match":"repeat last command تصحیح ."},{"title":"ورود به مد بصری","subtitle":"علامت گذاری ⎯  v","arg":["key code 53//keystroke \"v\"","ورود به مد بصری","v"],"icon":{"type":"file","path":"img/markingText.png"},"match":"start visual mode, mark lines, then do a command  علامت گذاری v"},{"title":"ورود به مد بصری برای کار روی خط","subtitle":"علامت گذاری ⎯  V","arg":["key code 53//keystroke \"V\"","ورود به مد بصری برای کار روی خط","V"],"icon":{"type":"file","path":"img/markingText.png"},"match":"start linewise visual mode علامت گذاری V"},{"title":"برو به طرف دیگر ناحیه علامت گذاری شده","subtitle":"علامت گذاری ⎯  o","arg":["key code 53//keystroke \"o\"","برو به طرف دیگر ناحیه علامت گذاری شده","o"],"icon":{"type":"file","path":"img/markingText.png"},"match":"move to other end of marked area علامت گذاری o"},{"title":"ورود به مد بصری برای علامت گذاری یک بلاک","subtitle":"علامت گذاری ⎯  Ctrl+v","arg":["key code 53//keystroke \"v\" using control down","ورود به مد بصری برای علامت گذاری یک بلاک","Ctrl+v"],"icon":{"type":"file","path":"img/markingText.png"},"match":"start visual block mode علامت گذاری Ctrl+v"},{"title":"برو به گوشه دیگر بلاک انتخاب شده","subtitle":"علامت گذاری ⎯  O","arg":["key code 53//keystroke \"O\"","برو به گوشه دیگر بلاک انتخاب شده","O"],"icon":{"type":"file","path":"img/markingText.png"},"match":"move to other corner of block علامت گذاری O"},{"title":"یک کلمه را علامت گذاری کن","subtitle":"علامت گذاری ⎯  aw","arg":["key code 53//keystroke \"aw\"","یک کلمه را علامت گذاری کن","aw"],"icon":{"type":"file","path":"img/markingText.png"},"match":"mark a word علامت گذاری aw"},{"title":"یک بلاکت با ()","subtitle":"علامت گذاری ⎯  ab","arg":["key code 53//keystroke \"ab\"","یک بلاکت با ()","ab"],"icon":{"type":"file","path":"img/markingText.png"},"match":"a block with () علامت گذاری ab"},{"title":"یک بلاک با {}","subtitle":"علامت گذاری ⎯  aB","arg":["key code 53//keystroke \"aB\"","یک بلاک با {}","aB"],"icon":{"type":"file","path":"img/markingText.png"},"match":"a block with {} علامت گذاری aB"},{"title":"A block with <> tags","subtitle":"علامت گذاری ⎯  at","arg":["key code 53//keystroke \"at\"","a block with <> tags","at"],"icon":{"type":"file","path":"img/markingText.png"},"match":"a block with <> tags علامت گذاری at"},{"title":"بلاک داخل ()","subtitle":"علامت گذاری ⎯  ib","arg":["key code 53//keystroke \"ib\"","بلاک داخل ()","ib"],"icon":{"type":"file","path":"img/markingText.png"},"match":"inner block with () علامت گذاری ib"},{"title":"بلاک داخل {}","subtitle":"علامت گذاری ⎯  iB","arg":["key code 53//keystroke \"iB\"","بلاک داخل {}","iB"],"icon":{"type":"file","path":"img/markingText.png"},"match":"inner block with {} علامت گذاری iB"},{"title":"Inner block with <> tags","subtitle":"علامت گذاری ⎯  it","arg":["key code 53//keystroke \"it\"","inner block with <> tags","it"],"icon":{"type":"file","path":"img/markingText.png"},"match":"inner block with <> tags علامت گذاری it"},{"title":"از مد بصری خارج شو","subtitle":"علامت گذاری ⎯  Esc","arg":["key code 53//key code 53","از مد بصری خارج شو","Esc"],"icon":{"type":"file","path":"img/markingText.png"},"match":"exit visual mode علامت گذاری Esc"},{"title":"حرکت متن به سمت راست","subtitle":"دستورات مد بصری (Reference only) ⎯  >","arg":["keystroke \">\"","حرکت متن به سمت راست",">"],"icon":{"type":"file","path":"img/visualCommands.png"},"match":"shift text right دستورات مد بصری >"},{"title":"حرکت متن به سمت چپ","subtitle":"دستورات مد بصری (Reference only) ⎯  <","arg":["keystroke \"<\"","حرکت متن به سمت چپ","<"],"icon":{"type":"file","path":"img/visualCommands.png"},"match":"shift text left دستورات مد بصری <"},{"title":"کپی کردن متن","subtitle":"دستورات مد بصری (Reference only) ⎯  y","arg":["keystroke \"y\"","کپی کردن متن","y"],"icon":{"type":"file","path":"img/visualCommands.png"},"match":"yank  marked text دستورات مد بصری y"},{"title":"حذف متن","subtitle":"دستورات مد بصری (Reference only) ⎯  d","arg":["keystroke \"d\"","حذف متن","d"],"icon":{"type":"file","path":"img/visualCommands.png"},"match":"delete marked text دستورات مد بصری d"},{"title":"تغییر از حرف کوچک به بزرگ یا برعکس","subtitle":"دستورات مد بصری (Reference only) ⎯  ~","arg":["keystroke \"~\"","تغییر از حرف کوچک به بزرگ یا برعکس","~"],"icon":{"type":"file","path":"img/visualCommands.png"},"match":"switch case دستورات مد بصری ~"},{"title":"تغییر متن مشخص‌شده به حروف کوچک","subtitle":"دستورات مد بصری (Reference only) ⎯  u","arg":["keystroke \"u\"","تغییر متن مشخص‌شده به حروف کوچک","u"],"icon":{"type":"file","path":"img/visualCommands.png"},"match":"change marked text to lowercase دستورات مد بصری u"},{"title":"تغییر متن مشخص‌شده به حروف بزرگ","subtitle":"دستورات مد بصری (Reference only) ⎯  U","arg":["keystroke \"U\"","تغییر متن مشخص‌شده به حروف بزرگ","U"],"icon":{"type":"file","path":"img/visualCommands.png"},"match":"change marked text to uppercase دستورات مد بصری U"},{"title":"محتوای رجیستر را نمایش بده","subtitle":"رجیسترها ⎯  :reg[isters]","arg":["key code 53//keystroke \":reg\" & return","محتوای رجیستر را نمایش بده",":reg[isters]"],"icon":{"type":"file","path":"img/registers.png"},"match":"show registers content رجیسترها :reg[isters]"},{"title":"محتوای رجیستر x را پیست کن","subtitle":"رجیسترها ⎯  xy","arg":["key code 53//keystroke \"xy\"","محتوای رجیستر x را پیست کن","xy"],"icon":{"type":"file","path":"img/registers.png"},"match":"yank into register x رجیسترها xy"},{"title":"کپی کردن به رجیستر x","subtitle":"رجیسترها ⎯  xp","arg":["key code 53//keystroke \"xp\"","کپی کردن به رجیستر x","xp"],"icon":{"type":"file","path":"img/registers.png"},"match":"paste contents of register x رجیسترها xp"},{"title":"کپی‌کردن  در رجیستر کلیپ‌بورد سیستم ","subtitle":"رجیسترها ⎯  +y","arg":["key code 53//keystroke \"+y\"","کپی‌کردن  در رجیستر کلیپ‌بورد سیستم ","+y"],"icon":{"type":"file","path":"img/registers.png"},"match":"yank into the system clipboard register رجیسترها +y"},{"title":"چسباندن به وسیلیه رجیستر کلیپ‌بورد سیستم","subtitle":"رجیسترها ⎯  +p","arg":["key code 53//keystroke \"+p\"","چسباندن به وسیلیه رجیستر کلیپ‌بورد سیستم","+p"],"icon":{"type":"file","path":"img/registers.png"},"match":"paste from the system clipboard register رجیسترها +p"},{"title":"مکان فعلی را به عنوان علامت a نشان کن","subtitle":"علامت ها ⎯  ma","arg":["key code 53//keystroke \"ma\"","مکان فعلی را به عنوان علامت a نشان کن","ma"],"icon":{"type":"file","path":"img/marks.png"},"match":"set current position for mark A علامت ها ma"},{"title":"برو به مکانی که به عنوان a نشان شده است","subtitle":"علامت ها ⎯  `a","arg":["key code 53//keystroke \"`a\"","برو به مکانی که به عنوان a نشان شده است","`a"],"icon":{"type":"file","path":"img/marks.png"},"match":"jump to position of mark A علامت ها `a"},{"title":"متن را به مکانی که به عنوان a نشان شده کپی کن","subtitle":"علامت ها ⎯  y`a","arg":["key code 53//keystroke \"y`a\"","متن را به مکانی که به عنوان a نشان شده کپی کن","y`a"],"icon":{"type":"file","path":"img/marks.png"},"match":"yank text to position of mark A علامت ها y`a"},{"title":"برو به مکانی که قبلا ویم از در آنجا خارج شده است.","subtitle":"علامت ها ⎯  `0","arg":["key code 53//keystroke \"`0\"","برو به مکانی که قبلا ویم از در آنجا خارج شده است.","`0"],"icon":{"type":"file","path":"img/marks.png"},"match":"go to the position where Vim was previously exited علامت ها `0"},{"title":"Go to the position when last editing this file","subtitle":"علامت ها ⎯  `\"","arg":["key code 53//keystroke \"`\\\"\"","go to the position when last editing this file","`\""],"icon":{"type":"file","path":"img/marks.png"},"match":"go to the position when last editing this file علامت ها `\""},{"title":"برو به مکانی که آخرین تغییر در این فایل انجام شده است.","subtitle":"علامت ها ⎯  `.","arg":["key code 53//keystroke \"`.\"","برو به مکانی که آخرین تغییر در این فایل انجام شده است.","`."],"icon":{"type":"file","path":"img/marks.png"},"match":"go to the position of the last change in this file علامت ها `."},{"title":"برو به مکانی که قبل از آخرین پرش بودی","subtitle":"علامت ها ⎯  ``","arg":["key code 53//keystroke \"``\"","برو به مکانی که قبل از آخرین پرش بودی","``"],"icon":{"type":"file","path":"img/marks.png"},"match":"go to the position before the last jump علامت ها ``"},{"title":"لیست پرش‌ها","subtitle":"علامت ها ⎯  :ju[mps]","arg":["key code 53//keystroke \":ju\" & return","لیست پرش‌ها",":ju[mps]"],"icon":{"type":"file","path":"img/marks.png"},"match":"list of jumps علامت ها :ju[mps]"},{"title":"برو به مکان جدید‌تر در لیست پرش","subtitle":"علامت ها ⎯  Ctrl+i","arg":["key code 53//keystroke \"i\" using control down","برو به مکان جدید‌تر در لیست پرش","Ctrl+i"],"icon":{"type":"file","path":"img/marks.png"},"match":"go to newer position in jump list علامت ها Ctrl+i"},{"title":"برو به مکان قدیمی‌تر در لیست پرش","subtitle":"علامت ها ⎯  Ctrl+o","arg":["key code 53//keystroke \"o\" using control down","برو به مکان قدیمی‌تر در لیست پرش","Ctrl+o"],"icon":{"type":"file","path":"img/marks.png"},"match":"go to older position in jump list علامت ها Ctrl+o"},{"title":"لیست تغییرات","subtitle":"علامت ها ⎯  :changes","arg":["key code 53//keystroke \":changes\" & return","لیست تغییرات",":changes"],"icon":{"type":"file","path":"img/marks.png"},"match":"list of changes علامت ها :changes"},{"title":"برو به مکان جدیدتر در لیست تغییر","subtitle":"علامت ها ⎯  g,","arg":["key code 53//keystroke \"g,\"","برو به مکان جدیدتر در لیست تغییر","g,"],"icon":{"type":"file","path":"img/marks.png"},"match":"go to newer position in change list علامت ها g,"},{"title":"برو به مکان قدیمی‌تر در لیست تغییر","subtitle":"علامت ها ⎯  g;","arg":["key code 53//keystroke \"g;\"","برو به مکان قدیمی‌تر در لیست تغییر","g;"],"icon":{"type":"file","path":"img/marks.png"},"match":"go to older position in change list علامت ها g;"},{"title":"پرش به برچسب زیر مکان‌نما","subtitle":"علامت ها ⎯  Ctrl+]","arg":["key code 53//keystroke \"]\" using control down","پرش به برچسب زیر مکان‌نما","Ctrl+]"],"icon":{"type":"file","path":"img/marks.png"},"match":"jump to the tag under cursor علامت ها Ctrl+]"},{"title":"Go to file in cursor","subtitle":"علامت ها ⎯  gf","arg":["key code 53//keystroke \"gf\"","Go to file in cursor","gf"],"icon":{"type":"file","path":"img/marks.png"},"match":"Go to file in cursor علامت ها gf"},{"title":"ضبط ماکرو 'a'","subtitle":"ماکروها ⎯  qa","arg":["key code 53//keystroke \"qa\"","ضبط ماکرو 'a'","qa"],"icon":{"type":"file","path":"img/macros.png"},"match":"record macro a ماکروها qa"},{"title":"توقف ضبط ماکرو","subtitle":"ماکروها ⎯  q","arg":["key code 53//keystroke \"q\"","توقف ضبط ماکرو","q"],"icon":{"type":"file","path":"img/macros.png"},"match":"stop recording macro ماکروها q"},{"title":"اجرای ماکروی 'a'","subtitle":"ماکروها ⎯  @a","arg":["key code 53//keystroke \"@a\"","اجرای ماکروی 'a'","@a"],"icon":{"type":"file","path":"img/macros.png"},"match":"run macro a ماکروها @a"},{"title":"اجرای دوباره آخرین ماکروی اجرا شده","subtitle":"ماکروها ⎯  @@","arg":["key code 53//keystroke \"@@\"","اجرای دوباره آخرین ماکروی اجرا شده","@@"],"icon":{"type":"file","path":"img/macros.png"},"match":"rerun last run macro ماکروها @@"},{"title":"کپی کردن هط","subtitle":"کپی کردن و چسباندن ⎯  yy","arg":["key code 53//keystroke \"yy\"","کپی کردن هط","yy"],"icon":{"type":"file","path":"img/cutAndPaste.png"},"match":"yank  a line کپی کردن و چسباندن yy"},{"title":"کپی کردن 2 خط","subtitle":"کپی کردن و چسباندن ⎯  2yy","arg":["key code 53//keystroke \"2yy\"","کپی کردن 2 خط","2yy"],"icon":{"type":"file","path":"img/cutAndPaste.png"},"match":"yank  2 lines کپی کردن و چسباندن 2yy"},{"title":"کپی کردن از مکان فعلی مکان نما تا ابتدای کلمه بعد","subtitle":"کپی کردن و چسباندن ⎯  yw","arg":["key code 53//keystroke \"yw\"","کپی کردن از مکان فعلی مکان نما تا ابتدای کلمه بعد","yw"],"icon":{"type":"file","path":"img/cutAndPaste.png"},"match":"yank  the characters of the word from the cursor position to the start of the next word کپی کردن و چسباندن yw"},{"title":"کپی کردن کلمه","subtitle":"کپی کردن و چسباندن ⎯  yiw","arg":["key code 53//keystroke \"yiw\"","کپی کردن کلمه","yiw"],"icon":{"type":"file","path":"img/cutAndPaste.png"},"match":"yank  word under the cursor کپی کردن و چسباندن yiw"},{"title":"","subtitle":"کپی کردن و چسباندن ⎯  yaw","arg":["key code 53//keystroke \"yaw\"","","yaw"],"icon":{"type":"file","path":"img/cutAndPaste.png"},"match":"yank  word under the cursor and the space after or before it کپی کردن و چسباندن yaw"},{"title":"کپی کردن تا آخری خط","subtitle":"کپی کردن و چسباندن ⎯  y$","arg":["key code 53//keystroke \"y$\"","کپی کردن تا آخری خط","y$"],"icon":{"type":"file","path":"img/cutAndPaste.png"},"match":"yank  to end of line کپی کردن و چسباندن y$"},{"title":"چسباندن محتوای کلیپ بورد بعد از مکان فعلی مکان نما","subtitle":"کپی کردن و چسباندن ⎯  p","arg":["key code 53//keystroke \"p\"","چسباندن محتوای کلیپ بورد بعد از مکان فعلی مکان نما","p"],"icon":{"type":"file","path":"img/cutAndPaste.png"},"match":"put  the clipboard after cursor کپی کردن و چسباندن p"},{"title":"چسباندن محتوای کلیپ بورد قبل از مکان فعلی مکان نما","subtitle":"کپی کردن و چسباندن ⎯  P","arg":["key code 53//keystroke \"P\"","چسباندن محتوای کلیپ بورد قبل از مکان فعلی مکان نما","P"],"icon":{"type":"file","path":"img/cutAndPaste.png"},"match":"put  before cursor کپی کردن و چسباندن P"},{"title":"Put  the clipboard after cursor and leave cursor after the new text","subtitle":"کپی کردن و چسباندن ⎯  gp","arg":["key code 53//keystroke \"gp\"","put  the clipboard after cursor and leave cursor after the new text","gp"],"icon":{"type":"file","path":"img/cutAndPaste.png"},"match":"put  the clipboard after cursor and leave cursor after the new text کپی کردن و چسباندن gp"},{"title":"Put  before cursor and leave cursor after the new text","subtitle":"کپی کردن و چسباندن ⎯  gP","arg":["key code 53//keystroke \"gP\"","put  before cursor and leave cursor after the new text","gP"],"icon":{"type":"file","path":"img/cutAndPaste.png"},"match":"put  before cursor and leave cursor after the new text کپی کردن و چسباندن gP"},{"title":"کات کردن خط فعلی","subtitle":"کپی کردن و چسباندن ⎯  dd","arg":["key code 53//keystroke \"dd\"","کات کردن خط فعلی","dd"],"icon":{"type":"file","path":"img/cutAndPaste.png"},"match":"delete  a line کپی کردن و چسباندن dd"},{"title":"کات کردن دو خط","subtitle":"کپی کردن و چسباندن ⎯  2dd","arg":["key code 53//keystroke \"2dd\"","کات کردن دو خط","2dd"],"icon":{"type":"file","path":"img/cutAndPaste.png"},"match":"delete  2 lines کپی کردن و چسباندن 2dd"},{"title":"کات کردن از مکان فعلی مکان نما تا ابتدای کلمه بعدی","subtitle":"کپی کردن و چسباندن ⎯  dw","arg":["key code 53//keystroke \"dw\"","کات کردن از مکان فعلی مکان نما تا ابتدای کلمه بعدی","dw"],"icon":{"type":"file","path":"img/cutAndPaste.png"},"match":"delete  the characters of the word from the cursor position to the start of the next word کپی کردن و چسباندن dw"},{"title":"","subtitle":"کپی کردن و چسباندن ⎯  diw","arg":["key code 53//keystroke \"diw\"","","diw"],"icon":{"type":"file","path":"img/cutAndPaste.png"},"match":"delete  word under the cursor کپی کردن و چسباندن diw"},{"title":"","subtitle":"کپی کردن و چسباندن ⎯  daw","arg":["key code 53//keystroke \"daw\"","","daw"],"icon":{"type":"file","path":"img/cutAndPaste.png"},"match":"delete  word under the cursor and the space after or before it کپی کردن و چسباندن daw"},{"title":"کات کردن تا انتهای خط","subtitle":"کپی کردن و چسباندن ⎯  d$ or D","arg":["key code 53//keystroke \"d$\"","کات کردن تا انتهای خط","d$ or D"],"icon":{"type":"file","path":"img/cutAndPaste.png"},"match":"delete  to the end of the line کپی کردن و چسباندن d$ or D"},{"title":"کات کردن یک کاراکتر","subtitle":"کپی کردن و چسباندن ⎯  x","arg":["key code 53//keystroke \"x\"","کات کردن یک کاراکتر","x"],"icon":{"type":"file","path":"img/cutAndPaste.png"},"match":"delete  character کپی کردن و چسباندن x"},{"title":"Indent  line one shiftwidth","subtitle":"تو رفتنگی متن ⎯  >>","arg":["key code 53//keystroke \">>\"","indent  line one shiftwidth",">>"],"icon":{"type":"file","path":"img/indentText.png"},"match":"indent  line one shiftwidth تو رفتنگی متن >>"},{"title":"De-indent  line one shiftwidth","subtitle":"تو رفتنگی متن ⎯  <<","arg":["key code 53//keystroke \"<<\"","de-indent  line one shiftwidth","<<"],"icon":{"type":"file","path":"img/indentText.png"},"match":"de-indent  line one shiftwidth تو رفتنگی متن <<"},{"title":"Indent a block with () or {} ","subtitle":"تو رفتنگی متن ⎯  >%","arg":["key code 53//keystroke \">%\"","indent a block with () or {} ",">%"],"icon":{"type":"file","path":"img/indentText.png"},"match":"indent a block with () or {}  تو رفتنگی متن >%"},{"title":"Indent inner block with ()","subtitle":"تو رفتنگی متن ⎯  >ib","arg":["key code 53//keystroke \">ib\"","indent inner block with ()",">ib"],"icon":{"type":"file","path":"img/indentText.png"},"match":"indent inner block with () تو رفتنگی متن >ib"},{"title":"Indent a block with <> tags","subtitle":"تو رفتنگی متن ⎯  >at","arg":["key code 53//keystroke \">at\"","indent a block with <> tags",">at"],"icon":{"type":"file","path":"img/indentText.png"},"match":"indent a block with <> tags تو رفتنگی متن >at"},{"title":"تنظیم مجدد تو رفتگی ۳ خط","subtitle":"تو رفتنگی متن ⎯  3==","arg":["key code 53//keystroke \"3==\"","تنظیم مجدد تو رفتگی ۳ خط","3=="],"icon":{"type":"file","path":"img/indentText.png"},"match":"re-indent 3 lines تو رفتنگی متن 3=="},{"title":"Re-indent a block with () or {} ","subtitle":"تو رفتنگی متن ⎯  =%","arg":["key code 53//keystroke \"=%\"","re-indent a block with () or {} ","=%"],"icon":{"type":"file","path":"img/indentText.png"},"match":"re-indent a block with () or {}  تو رفتنگی متن =%"},{"title":"","subtitle":"تو رفتنگی متن ⎯  =iB","arg":["key code 53//keystroke \"iB\"",null,"=iB"],"icon":{"type":"file","path":"img/indentText.png"},"match":" تو رفتنگی متن =iB"},{"title":"تنظیم مجدد تورفتنگی کل بافر","subtitle":"تو رفتنگی متن ⎯  gg=G","arg":["key code 53//keystroke \"gg=G\"","تنظیم مجدد تورفتنگی کل بافر","gg=G"],"icon":{"type":"file","path":"img/indentText.png"},"match":"re-indent entire buffer تو رفتنگی متن gg=G"},{"title":"چسباندن و تنظیم تو رفتگی برای خط کنونی","subtitle":"تو رفتنگی متن ⎯  ]p","arg":["key code 53//keystroke \"]p\"","چسباندن و تنظیم تو رفتگی برای خط کنونی","]p"],"icon":{"type":"file","path":"img/indentText.png"},"match":"paste and adjust indent to current line تو رفتنگی متن ]p"},{"title":"ذخیره کن اما خارج نشو","subtitle":"خارج شدن ⎯  :w","arg":["key code 53//keystroke \":w\" & return","ذخیره کن اما خارج نشو",":w"],"icon":{"type":"file","path":"img/exiting.png"},"match":"write  the file, but don't exit خارج شدن :w"},{"title":"فایل فعلی را با sudo ذخیره کن","subtitle":"خارج شدن ⎯  :w !sudo tee %","arg":["key code 53//keystroke \":w !sudo tee %\"","فایل فعلی را با sudo ذخیره کن",":w !sudo tee %"],"icon":{"type":"file","path":"img/exiting.png"},"match":"write out the current file using sudo خارج شدن :w !sudo tee %"},{"title":"ذخیره کن و خارج شو","subtitle":"خارج شدن ⎯  :wq or :x or ZZ","arg":["key code 53//keystroke \":wq\" & return","ذخیره کن و خارج شو",":wq or :x or ZZ"],"icon":{"type":"file","path":"img/exiting.png"},"match":"write  and quit خارج شدن :wq or :x or ZZ"},{"title":"خارج شو خطا میدهد","subtitle":"خارج شدن ⎯  :q","arg":["key code 53//keystroke \":q\" & return","خارج شو خطا میدهد",":q"],"icon":{"type":"file","path":"img/exiting.png"},"match":"quit  خارج شدن :q"},{"title":"خارج شو و از فایلهای ذخیره نشده صرف نظر کن","subtitle":"خارج شدن ⎯  :q! or ZQ","arg":["key code 53//keystroke \":q!\" & return","خارج شو و از فایلهای ذخیره نشده صرف نظر کن",":q! or ZQ"],"icon":{"type":"file","path":"img/exiting.png"},"match":"quit and throw away unsaved changes خارج شدن :q! or ZQ"},{"title":"همه ها فایلها در همه ی تبها را ذخیره کن و خارج شو","subtitle":"خارج شدن ⎯  :wqa","arg":["key code 53//keystroke \":wqa\" & return","همه ها فایلها در همه ی تبها را ذخیره کن و خارج شو",":wqa"],"icon":{"type":"file","path":"img/exiting.png"},"match":"write  and quit on all tabs خارج شدن :wqa"},{"title":"جستجوی الگو ","subtitle":"جستجو و جایگذاری ⎯  /pattern","arg":["key code 53//keystroke \"/pattern\"","جستجوی الگو ","/pattern"],"icon":{"type":"file","path":"img/searchAndReplace.png"},"match":"search for pattern جستجو و جایگذاری /pattern"},{"title":"جستجوی الگو از مکان فعلی مکان نما به قبل","subtitle":"جستجو و جایگذاری ⎯  ?pattern","arg":["key code 53//keystroke \"?pattern\"","جستجوی الگو از مکان فعلی مکان نما به قبل","?pattern"],"icon":{"type":"file","path":"img/searchAndReplace.png"},"match":"search backward for pattern جستجو و جایگذاری ?pattern"},{"title":"الگوی 'very magic'","subtitle":"جستجو و جایگذاری ⎯  \\vpattern","arg":["key code 53//keystroke \"\\\\vpattern\"","الگوی 'very magic'","\\vpattern"],"icon":{"type":"file","path":"img/searchAndReplace.png"},"match":"'very magic' pattern جستجو و جایگذاری \\vpattern"},{"title":"تکرار جستجو در جهت یکسان","subtitle":"جستجو و جایگذاری ⎯  n","arg":["key code 53//keystroke \"n\"","تکرار جستجو در جهت یکسان","n"],"icon":{"type":"file","path":"img/searchAndReplace.png"},"match":"repeat search in same direction جستجو و جایگذاری n"},{"title":"تکرار جستجو در جهت مخالف","subtitle":"جستجو و جایگذاری ⎯  N","arg":["key code 53//keystroke \"N\"","تکرار جستجو در جهت مخالف","N"],"icon":{"type":"file","path":"img/searchAndReplace.png"},"match":"repeat search in opposite direction جستجو و جایگذاری N"},{"title":"جایگذاری الگوی قدیمی با الگوی جدید","subtitle":"جستجو و جایگذاری ⎯  :%s/old/new/g","arg":["key code 53//keystroke \":%s/old/new/g\"","جایگذاری الگوی قدیمی با الگوی جدید",":%s/old/new/g"],"icon":{"type":"file","path":"img/searchAndReplace.png"},"match":"replace all old with new throughout file جستجو و جایگذاری :%s/old/new/g"},{"title":"جایگذاری الگوی قدیمی با الگوی جدید در تمامی فایل به همراه تایید","subtitle":"جستجو و جایگذاری ⎯  :%s/old/new/gc","arg":["key code 53//keystroke \":%s/old/new/gc\"","جایگذاری الگوی قدیمی با الگوی جدید در تمامی فایل به همراه تایید",":%s/old/new/gc"],"icon":{"type":"file","path":"img/searchAndReplace.png"},"match":"replace all old with new throughout file with confirmations جستجو و جایگذاری :%s/old/new/gc"},{"title":"برداشتن هایلایت از نتایج جستجو","subtitle":"جستجو و جایگذاری ⎯  :noh[lsearch]","arg":["key code 53//keystroke \":noh[lsearch]\"","برداشتن هایلایت از نتایج جستجو",":noh[lsearch]"],"icon":{"type":"file","path":"img/searchAndReplace.png"},"match":"remove highlighting of search matches جستجو و جایگذاری :noh[lsearch]"},{"title":"Next whole word under cursor","subtitle":"جستجو و جایگذاری ⎯  *","arg":["key code 53//keystroke \"*\"","Next whole word under cursor","*"],"icon":{"type":"file","path":"img/searchAndReplace.png"},"match":"Next whole word under cursor جستجو و جایگذاری *"},{"title":"Previous whole word under cursor","subtitle":"جستجو و جایگذاری ⎯  #","arg":["key code 53//keystroke \"#\"","Previous whole word under cursor","#"],"icon":{"type":"file","path":"img/searchAndReplace.png"},"match":"Previous whole word under cursor جستجو و جایگذاری #"},{"title":"جستجوی الگو در چند فایل","subtitle":"جستجو در چند فایل ⎯  :vim[grep] /pattern/ file","arg":["key code 53//keystroke \":vim[grep]\"//key code 49//keystroke \"/pattern/\"//key code 49//keystroke \"file\"","جستجوی الگو در چند فایل",":vim[grep] /pattern/ file"],"icon":{"type":"file","path":"img/searchMultipleFiles.png"},"match":"search for pattern in multiple files جستجو در چند فایل :vim[grep] /pattern/ file"},{"title":"برو به نتیجه بعدی","subtitle":"جستجو در چند فایل ⎯  :cn[ext]","arg":["key code 53//keystroke \":cn\" & return","برو به نتیجه بعدی",":cn[ext]"],"icon":{"type":"file","path":"img/searchMultipleFiles.png"},"match":"jump to the next match جستجو در چند فایل :cn[ext]"},{"title":"برو به نتیجه قبلی","subtitle":"جستجو در چند فایل ⎯  :cp[revious]","arg":["key code 53//keystroke \":cp\" & return","برو به نتیجه قبلی",":cp[revious]"],"icon":{"type":"file","path":"img/searchMultipleFiles.png"},"match":"jump to the previous match جستجو در چند فایل :cp[revious]"},{"title":"باز کردن یک پنجره که شامل لیست نتایج جستجو باشد","subtitle":"جستجو در چند فایل ⎯  :cope[n]","arg":["key code 53//keystroke \":cope\" & return","باز کردن یک پنجره که شامل لیست نتایج جستجو باشد",":cope[n]"],"icon":{"type":"file","path":"img/searchMultipleFiles.png"},"match":"open a window containing the list of matches جستجو در چند فایل :cope[n]"},{"title":"بستن پنجره تعمیر سریع","subtitle":"جستجو در چند فایل ⎯  :ccl[ose]","arg":["key code 53//keystroke \":ccl\" & return","بستن پنجره تعمیر سریع",":ccl[ose]"],"icon":{"type":"file","path":"img/searchMultipleFiles.png"},"match":"close the quickfix window جستجو در چند فایل :ccl[ose]"},{"title":"","subtitle":"جستجو در چند فایل ⎯  colonWa","arg":["key code 53//keystroke \":wa\" & return",null,"colonWa"],"icon":{"type":"file","path":"img/searchMultipleFiles.png"},"match":" جستجو در چند فایل colonWa"},{"title":"بستن پنجره تعمیر سریع","subtitle":"جستجو در چند فایل ⎯  :ccl[ose]","arg":["key code 53//keystroke \":ccl\" & return","بستن پنجره تعمیر سریع",":ccl[ose]"],"icon":{"type":"file","path":"img/searchMultipleFiles.png"},"match":"close the quickfix window جستجو در چند فایل :ccl[ose]"},{"title":"باز کردن فایل در تب جدید","subtitle":"تب ها ⎯  :tabnew or :tabnew file","arg":["key code 53//keystroke \":tabnew\"//key code 49//keystroke \"file\" & return","باز کردن فایل در تب جدید",":tabnew or :tabnew file"],"icon":{"type":"file","path":"img/tabs.png"},"match":"open a file in a new tab تب ها :tabnew or :tabnew file"},{"title":"انتقال بافر فعلی به تب جدید","subtitle":"تب ها ⎯  Ctrl+wT","arg":["key code 53//keystroke \"w\" using control down//keystroke \"T\"","انتقال بافر فعلی به تب جدید","Ctrl+wT"],"icon":{"type":"file","path":"img/tabs.png"},"match":"move the current split window into its own tab تب ها Ctrl+wT"},{"title":"برو به تب بعدی","subtitle":"تب ها ⎯  gt or :tabn[ext]","arg":["key code 53//keystroke \"gt\"","برو به تب بعدی","gt or :tabn[ext]"],"icon":{"type":"file","path":"img/tabs.png"},"match":"move to the next tab تب ها gt or :tabn[ext]"},{"title":"برو به تب قبلی","subtitle":"تب ها ⎯  gT or :tabp[revious]","arg":["key code 53//keystroke \"gT\"","برو به تب قبلی","gT or :tabp[revious]"],"icon":{"type":"file","path":"img/tabs.png"},"match":"move to the previous tab تب ها gT or :tabp[revious]"},{"title":"برو به تب شماره #","subtitle":"تب ها ⎯  #gt","arg":["key code 53//keystroke \"#gt\"","برو به تب شماره #","#gt"],"icon":{"type":"file","path":"img/tabs.png"},"match":"move to tab number # تب ها #gt"},{"title":"انتقال تب فعلی به موقعیت #","subtitle":"تب ها ⎯  :tabm[ove]","arg":["key code 53//keystroke \":tabm\" & return","انتقال تب فعلی به موقعیت #",":tabm[ove]"],"icon":{"type":"file","path":"img/tabs.png"},"match":"move current tab to the #th position  تب ها :tabm[ove]"},{"title":"بستن تب فعلی و تمام پنجره های آن","subtitle":"تب ها ⎯  :tabc[lose]","arg":["key code 53//keystroke \":tabc\" & return","بستن تب فعلی و تمام پنجره های آن",":tabc[lose]"],"icon":{"type":"file","path":"img/tabs.png"},"match":"close the current tab and all its windows تب ها :tabc[lose]"},{"title":"بستن تمامی تبها غیر از تب فعلی","subtitle":"تب ها ⎯  :tabo[nly]","arg":["key code 53//keystroke \":tabo\" & return","بستن تمامی تبها غیر از تب فعلی",":tabo[nly]"],"icon":{"type":"file","path":"img/tabs.png"},"match":"close all tabs except for the current one تب ها :tabo[nly]"},{"title":"اجرای دستور روی تمامی تبها","subtitle":"تب ها ⎯  :tabdo command","arg":["key code 53//keystroke \":tabdo\"//key code 49//keystroke \"command\"","اجرای دستور روی تمامی تبها",":tabdo command"],"icon":{"type":"file","path":"img/tabs.png"},"match":"run the command on all tabs  تب ها :tabdo command"},{"title":"کار کردن با یک فایل در بافر جدید","subtitle":"کار کردن با چند فایل ⎯  :e[dit] file","arg":["key code 53//keystroke \":e\"//key code 49//keystroke \"file\"","کار کردن با یک فایل در بافر جدید",":e[dit] file"],"icon":{"type":"file","path":"img/workingWithMultipleFiles.png"},"match":"edit a file in a new buffer کار کردن با چند فایل :e[dit] file"},{"title":"برو به بافر بعدی","subtitle":"کار کردن با چند فایل ⎯  :bn[ext]","arg":["key code 53//keystroke \":bn\" & return","برو به بافر بعدی",":bn[ext]"],"icon":{"type":"file","path":"img/workingWithMultipleFiles.png"},"match":"go to the next buffer کار کردن با چند فایل :bn[ext]"},{"title":"برو به بافر قبلی","subtitle":"کار کردن با چند فایل ⎯  :bp[revious]","arg":["key code 53//keystroke \":bp\" & return","برو به بافر قبلی",":bp[revious]"],"icon":{"type":"file","path":"img/workingWithMultipleFiles.png"},"match":"go to the previous buffer کار کردن با چند فایل :bp[revious]"},{"title":"بستن بافر","subtitle":"کار کردن با چند فایل ⎯  :bd[elete]","arg":["key code 53//keystroke \":bd\" & return","بستن بافر",":bd[elete]"],"icon":{"type":"file","path":"img/workingWithMultipleFiles.png"},"match":"delete a buffer  کار کردن با چند فایل :bd[elete]"},{"title":"با استفاده از هشتگ  به بافر برو","subtitle":"کار کردن با چند فایل ⎯  :b[uffer]#","arg":["key code 53//keystroke \":b#\"","با استفاده از هشتگ  به بافر برو",":b[uffer]#"],"icon":{"type":"file","path":"img/workingWithMultipleFiles.png"},"match":"go to a buffer by index # کار کردن با چند فایل :b[uffer]#"},{"title":"با استفاده از فایل به بافر برو","subtitle":"کار کردن با چند فایل ⎯  :b[uffer] file","arg":["key code 53//keystroke \":b\"//key code 49//keystroke \"file\"","با استفاده از فایل به بافر برو",":b[uffer] file"],"icon":{"type":"file","path":"img/workingWithMultipleFiles.png"},"match":"go to a buffer by file کار کردن با چند فایل :b[uffer] file"},{"title":"لیست تمامی بافرهای باز","subtitle":"کار کردن با چند فایل ⎯  :ls or :buffers","arg":["key code 53//keystroke \":ls\" & return","لیست تمامی بافرهای باز",":ls or :buffers"],"icon":{"type":"file","path":"img/workingWithMultipleFiles.png"},"match":"list all open buffers کار کردن با چند فایل :ls or :buffers"},{"title":"باز کردن فایل در پنجره جدید و  به دو قسمت کردن پنجره","subtitle":"کار کردن با چند فایل ⎯  :sp[lit] file","arg":["key code 53//keystroke \":sp\"//key code 49//keystroke \"file\"","باز کردن فایل در پنجره جدید و  به دو قسمت کردن پنجره",":sp[lit] file"],"icon":{"type":"file","path":"img/workingWithMultipleFiles.png"},"match":"open a file in a new buffer and split window کار کردن با چند فایل :sp[lit] file"},{"title":"باز کردن فایل در پنجره جدید و به دو قسمت کردن پنجره به صورت عمودی","subtitle":"کار کردن با چند فایل ⎯  :vs[plit] file","arg":["key code 53//keystroke \":vs\"//key code 49//keystroke \"file\"","باز کردن فایل در پنجره جدید و به دو قسمت کردن پنجره به صورت عمودی",":vs[plit] file"],"icon":{"type":"file","path":"img/workingWithMultipleFiles.png"},"match":"open a file in a new buffer and vertically split window کار کردن با چند فایل :vs[plit] file"},{"title":"پیرایش تمامی بافرها با استفاده از پنجره‌های عمودی","subtitle":"کار کردن با چند فایل ⎯  :vert[ical] ba[ll]","arg":["key code 53//keystroke \":vert\"//key code 49//keystroke \"ba\" & return","پیرایش تمامی بافرها با استفاده از پنجره‌های عمودی",":vert[ical] ba[ll]"],"icon":{"type":"file","path":"img/workingWithMultipleFiles.png"},"match":"edit all buffers as vertical windows کار کردن با چند فایل :vert[ical] ba[ll]"},{"title":"ویرایش تمامی بافرها با استفاده از تب‌‌ها","subtitle":"کار کردن با چند فایل ⎯  :tab ba[ll]","arg":["key code 53//keystroke \":tab\"//key code 49//keystroke \"ba\" & return","ویرایش تمامی بافرها با استفاده از تب‌‌ها",":tab ba[ll]"],"icon":{"type":"file","path":"img/workingWithMultipleFiles.png"},"match":"edit all buffers as tabs کار کردن با چند فایل :tab ba[ll]"},{"title":"به دو قسمت کردن پنجره","subtitle":"کار کردن با چند فایل ⎯  Ctrl+w s","arg":["key code 53//keystroke \"w\" using control down//keystroke \"s\"","به دو قسمت کردن پنجره","Ctrl+w s"],"icon":{"type":"file","path":"img/workingWithMultipleFiles.png"},"match":"split window کار کردن با چند فایل Ctrl+w s"},{"title":"به دو قسمت کردن به صورت عمودی","subtitle":"کار کردن با چند فایل ⎯  Ctrl+w v","arg":["key code 53//keystroke \"w\" using control down//keystroke \"v\"","به دو قسمت کردن به صورت عمودی","Ctrl+w v"],"icon":{"type":"file","path":"img/workingWithMultipleFiles.png"},"match":"split window vertically کار کردن با چند فایل Ctrl+w v"},{"title":"سوئیچ کردن مابین پنجره ها","subtitle":"کار کردن با چند فایل ⎯  Ctrl+w w","arg":["key code 53//keystroke \"w\" using control down//keystroke \"w\"","سوئیچ کردن مابین پنجره ها","Ctrl+w w"],"icon":{"type":"file","path":"img/workingWithMultipleFiles.png"},"match":"switch windows کار کردن با چند فایل Ctrl+w w"},{"title":"خارج شدن از پنجره","subtitle":"کار کردن با چند فایل ⎯  Ctrl+w q","arg":["key code 53//keystroke \"w\" using control down//keystroke \"q\"","خارج شدن از پنجره","Ctrl+w q"],"icon":{"type":"file","path":"img/workingWithMultipleFiles.png"},"match":"quit a window کار کردن با چند فایل Ctrl+w q"},{"title":"تعویض پنجره فعلی با بعدی","subtitle":"کار کردن با چند فایل ⎯  Ctrl+w x","arg":["key code 53//keystroke \"w\" using control down//keystroke \"x\"","تعویض پنجره فعلی با بعدی","Ctrl+w x"],"icon":{"type":"file","path":"img/workingWithMultipleFiles.png"},"match":"exchange current window with next one کار کردن با چند فایل Ctrl+w x"},{"title":"مساوی‌کردن طول و عرض تمامی پنجره‌ها","subtitle":"کار کردن با چند فایل ⎯  Ctrl+w =","arg":["key code 53//keystroke \"w\" using control down//keystroke \"=\"","مساوی‌کردن طول و عرض تمامی پنجره‌ها","Ctrl+w ="],"icon":{"type":"file","path":"img/workingWithMultipleFiles.png"},"match":"make all windows equal height & width کار کردن با چند فایل Ctrl+w ="},{"title":"انتقال مکان نما به پنجره سمت چپ","subtitle":"کار کردن با چند فایل ⎯  Ctrl+w h","arg":["key code 53//keystroke \"w\" using control down//keystroke \"h\"","انتقال مکان نما به پنجره سمت چپ","Ctrl+w h"],"icon":{"type":"file","path":"img/workingWithMultipleFiles.png"},"match":"move cursor to the left window  کار کردن با چند فایل Ctrl+w h"},{"title":"انتقال مکان نما به پنجره سمت راست","subtitle":"کار کردن با چند فایل ⎯  Ctrl+w l","arg":["key code 53//keystroke \"w\" using control down//keystroke \"l\"","انتقال مکان نما به پنجره سمت راست","Ctrl+w l"],"icon":{"type":"file","path":"img/workingWithMultipleFiles.png"},"match":"move cursor to the right window  کار کردن با چند فایل Ctrl+w l"},{"title":"انتقال مکان نما به پنجره پایین","subtitle":"کار کردن با چند فایل ⎯  Ctrl+w j","arg":["key code 53//keystroke \"w\" using control down//keystroke \"j\"","انتقال مکان نما به پنجره پایین","Ctrl+w j"],"icon":{"type":"file","path":"img/workingWithMultipleFiles.png"},"match":"move cursor to the window below  کار کردن با چند فایل Ctrl+w j"},{"title":"انتقال مکان نمابه پنجره بالا","subtitle":"کار کردن با چند فایل ⎯  Ctrl+w k","arg":["key code 53//keystroke \"w\" using control down//keystroke \"k\"","انتقال مکان نمابه پنجره بالا","Ctrl+w k"],"icon":{"type":"file","path":"img/workingWithMultipleFiles.png"},"match":"move cursor to the window above  کار کردن با چند فایل Ctrl+w k"},{"title":"Make current window full height at far left ","subtitle":"کار کردن با چند فایل ⎯  Ctrl+w H","arg":["key code 53//keystroke \"w\" using control down//keystroke \"H\"","make current window full height at far left ","Ctrl+w H"],"icon":{"type":"file","path":"img/workingWithMultipleFiles.png"},"match":"make current window full height at far left  کار کردن با چند فایل Ctrl+w H"},{"title":"Make current window full height at far right ","subtitle":"کار کردن با چند فایل ⎯  Ctrl+w L","arg":["key code 53//keystroke \"w\" using control down//keystroke \"L\"","make current window full height at far right ","Ctrl+w L"],"icon":{"type":"file","path":"img/workingWithMultipleFiles.png"},"match":"make current window full height at far right  کار کردن با چند فایل Ctrl+w L"},{"title":"Make current window full width at the very bottom ","subtitle":"کار کردن با چند فایل ⎯  Ctrl+w J","arg":["key code 53//keystroke \"w\" using control down//keystroke \"J\"","make current window full width at the very bottom ","Ctrl+w J"],"icon":{"type":"file","path":"img/workingWithMultipleFiles.png"},"match":"make current window full width at the very bottom  کار کردن با چند فایل Ctrl+w J"},{"title":"Make current window full width at the very top ","subtitle":"کار کردن با چند فایل ⎯  Ctrl+w K","arg":["key code 53//keystroke \"w\" using control down//keystroke \"K\"","make current window full width at the very top ","Ctrl+w K"],"icon":{"type":"file","path":"img/workingWithMultipleFiles.png"},"match":"make current window full width at the very top  کار کردن با چند فایل Ctrl+w K"},{"title":"تا آخرین خط انتخابی یک پنهان گر کد بساز","subtitle":"مقایسه کردن ⎯  zf","arg":["key code 53//keystroke \"zf\"","تا آخرین خط انتخابی یک پنهان گر کد بساز","zf"],"icon":{"type":"file","path":"img/diff.png"},"match":"manually define a fold up to motion مقایسه کردن zf"},{"title":"پنهان گر کد زیر مکان نما را حذف من","subtitle":"مقایسه کردن ⎯  zd","arg":["key code 53//keystroke \"zd\"","پنهان گر کد زیر مکان نما را حذف من","zd"],"icon":{"type":"file","path":"img/diff.png"},"match":"delete fold under the cursor مقایسه کردن zd"},{"title":"پنهانگر کد زیر مکان نما را باز و بسته کن","subtitle":"مقایسه کردن ⎯  za","arg":["key code 53//keystroke \"za\"","پنهانگر کد زیر مکان نما را باز و بسته کن","za"],"icon":{"type":"file","path":"img/diff.png"},"match":"toggle fold under the cursor مقایسه کردن za"},{"title":"پنهانگر کد زیر مکان نما را باز کن","subtitle":"مقایسه کردن ⎯  zo","arg":["key code 53//keystroke \"zo\"","پنهانگر کد زیر مکان نما را باز کن","zo"],"icon":{"type":"file","path":"img/diff.png"},"match":"open fold under the cursor مقایسه کردن zo"},{"title":"پنهانگر کد زیر مکان نما را ببند","subtitle":"مقایسه کردن ⎯  zc","arg":["key code 53//keystroke \"zc\"","پنهانگر کد زیر مکان نما را ببند","zc"],"icon":{"type":"file","path":"img/diff.png"},"match":"close fold under the cursor مقایسه کردن zc"},{"title":"همه پنهانگر های کد را یک مرتبه باز کن","subtitle":"مقایسه کردن ⎯  zr","arg":["key code 53//keystroke \"zr\"","همه پنهانگر های کد را یک مرتبه باز کن","zr"],"icon":{"type":"file","path":"img/diff.png"},"match":"reduce  all folds by one level مقایسه کردن zr"},{"title":"همه پنهانگر های کد را یک مرتبه باز ببند","subtitle":"مقایسه کردن ⎯  zm","arg":["key code 53//keystroke \"zm\"","همه پنهانگر های کد را یک مرتبه باز ببند","zm"],"icon":{"type":"file","path":"img/diff.png"},"match":"fold more  all folds by one level مقایسه کردن zm"},{"title":"Toggle folding functionality","subtitle":"مقایسه کردن ⎯  zi","arg":["key code 53//keystroke \"zi\"","toggle folding functionality","zi"],"icon":{"type":"file","path":"img/diff.png"},"match":"toggle folding functionality مقایسه کردن zi"},{"title":"Jump to start of next change","subtitle":"مقایسه کردن ⎯  ]c","arg":["key code 53//keystroke \"]c\"","jump to start of next change","]c"],"icon":{"type":"file","path":"img/diff.png"},"match":"jump to start of next change مقایسه کردن ]c"},{"title":"Jump to start of previous change","subtitle":"مقایسه کردن ⎯  [c","arg":["key code 53//keystroke \"[c\"","jump to start of previous change","[c"],"icon":{"type":"file","path":"img/diff.png"},"match":"jump to start of previous change مقایسه کردن [c"},{"title":"Obtain  difference ","subtitle":"مقایسه کردن ⎯  do or :diffg[et]","arg":["key code 53//keystroke \"do\"","obtain  difference ","do or :diffg[et]"],"icon":{"type":"file","path":"img/diff.png"},"match":"obtain  difference  مقایسه کردن do or :diffg[et]"},{"title":"Put difference ","subtitle":"مقایسه کردن ⎯  dp or :diffpu[t]","arg":["key code 53//keystroke \"dp\"","put difference ","dp or :diffpu[t]"],"icon":{"type":"file","path":"img/diff.png"},"match":"put difference  مقایسه کردن dp or :diffpu[t]"},{"title":"Make current window part of diff","subtitle":"مقایسه کردن ⎯  :diffthis","arg":["key code 53//keystroke \":diffthis\" & return","make current window part of diff",":diffthis"],"icon":{"type":"file","path":"img/diff.png"},"match":"make current window part of diff مقایسه کردن :diffthis"},{"title":"Update differences","subtitle":"مقایسه کردن ⎯  :dif[fupdate]","arg":["key code 53//keystroke \":dif\" & return","update differences",":dif[fupdate]"],"icon":{"type":"file","path":"img/diff.png"},"match":"update differences مقایسه کردن :dif[fupdate]"},{"title":"Switch off diff mode for current window","subtitle":"مقایسه کردن ⎯  :diffo[ff]","arg":["key code 53//keystroke \":diffo\" & return","switch off diff mode for current window",":diffo[ff]"],"icon":{"type":"file","path":"img/diff.png"},"match":"switch off diff mode for current window مقایسه کردن :diffo[ff]"},{"title":"Turn on us english spell checking","subtitle":"Spell checking ⎯  :set spell spelllang=en_us","arg":["key code 53//keystroke \":set\"//key code 49//keystroke \"spell\"//key code 49//keystroke \"spelllang=en_us\" & return","Turn on US English spell checking",":set spell spelllang=en_us"],"icon":{"type":"file","path":"img/spell.png"},"match":"Turn on US English spell checking Spell checking :set spell spelllang=en_us"},{"title":"Turn off spell checking","subtitle":"Spell checking ⎯  :set nospell","arg":["key code 53//keystroke \":set\"//key code 49//keystroke \"nospell\" & return","Turn off spell checking",":set nospell"],"icon":{"type":"file","path":"img/spell.png"},"match":"Turn off spell checking Spell checking :set nospell"},{"title":"Move to next misspelled word after the cursor","subtitle":"Spell checking ⎯  ]s","arg":["key code 53//keystroke \"]s\"","Move to next misspelled word after the cursor","]s"],"icon":{"type":"file","path":"img/spell.png"},"match":"Move to next misspelled word after the cursor Spell checking ]s"},{"title":"Move to previous misspelled word before the cursor","subtitle":"Spell checking ⎯  [s","arg":["key code 53//keystroke \"[s\"","Move to previous misspelled word before the cursor","[s"],"icon":{"type":"file","path":"img/spell.png"},"match":"Move to previous misspelled word before the cursor Spell checking [s"},{"title":"Suggest spellings for the word under/after the cursor","subtitle":"Spell checking ⎯  z=","arg":["key code 53//keystroke \"z=\"","Suggest spellings for the word under/after the cursor","z="],"icon":{"type":"file","path":"img/spell.png"},"match":"Suggest spellings for the word under/after the cursor Spell checking z="},{"title":"Add word to spell list","subtitle":"Spell checking ⎯  zg","arg":["key code 53//keystroke \"zg\"","Add word to spell list","zg"],"icon":{"type":"file","path":"img/spell.png"},"match":"Add word to spell list Spell checking zg"},{"title":"Mark word as bad/mispelling","subtitle":"Spell checking ⎯  zw","arg":["key code 53//keystroke \"zw\"","Mark word as bad/mispelling","zw"],"icon":{"type":"file","path":"img/spell.png"},"match":"Mark word as bad/mispelling Spell checking zw"},{"title":"Suggest words for bad word under cursor from spell file","subtitle":"Spell checking ⎯  zu","arg":["key code 53//keystroke \"zu\"","Suggest words for bad word under cursor from spell file","zu"],"icon":{"type":"file","path":"img/spell.png"},"match":"Suggest words for bad word under cursor from spell file Spell checking zu"},{"title":"Increment number","subtitle":"Miscellaneous ⎯  Ctrl+a","arg":["key code 53//keystroke \"a\" using control down","Increment number","Ctrl+a"],"icon":{"type":"file","path":"img/misc.png"},"match":"Increment number Miscellaneous Ctrl+a"},{"title":"Decrement number","subtitle":"Miscellaneous ⎯  Ctrl+x","arg":["key code 53//keystroke \"x\" using control down","Decrement number","Ctrl+x"],"icon":{"type":"file","path":"img/misc.png"},"match":"Decrement number Miscellaneous Ctrl+x"},{"title":"Re-select last selected block of text","subtitle":"Miscellaneous ⎯  gv","arg":["key code 53//keystroke \"gv\"","Re-select last selected block of text","gv"],"icon":{"type":"file","path":"img/misc.png"},"match":"Re-select last selected block of text Miscellaneous gv"},{"title":"Insert the result of an expression at the cursor","subtitle":"Miscellaneous ⎯  Ctrl+r =","arg":["key code 53//keystroke \"r\" using control down//keystroke \"=\"","Insert the result of an expression at the cursor","Ctrl+r ="],"icon":{"type":"file","path":"img/misc.png"},"match":"Insert the result of an expression at the cursor Miscellaneous Ctrl+r ="},{"title":"Change file encoding to utf-8","subtitle":"Miscellaneous ⎯  set fenc=UTF-8","arg":["key code 53//keystroke \"set\"//key code 49//keystroke \"fenc=UTF-8\"","Change file encoding to UTF-8","set fenc=UTF-8"],"icon":{"type":"file","path":"img/misc.png"},"match":"Change file encoding to UTF-8 Miscellaneous set fenc=UTF-8"},{"title":"Escape next character","subtitle":"Regex ⎯  \\","arg":["keystroke \"\\\\\"","Escape next character","\\"],"icon":{"type":"file","path":"img/regex.png"},"match":"Escape next character Regex \\"},{"title":"Start-of­-line","subtitle":"Regex ⎯  ^","arg":["keystroke \"^\"","Start-of­-line","^"],"icon":{"type":"file","path":"img/regex.png"},"match":"Start-of­-line Regex ^"},{"title":"End-of-­line","subtitle":"Regex ⎯  $","arg":["keystroke \"$\"","End-of-­line","$"],"icon":{"type":"file","path":"img/regex.png"},"match":"End-of-­line Regex $"},{"title":"Any char","subtitle":"Regex ⎯  .","arg":["keystroke \".\"","Any char","."],"icon":{"type":"file","path":"img/regex.png"},"match":"Any char Regex ."},{"title":"0 or more quantifier","subtitle":"Regex ⎯  *","arg":["keystroke \"*\"","0 or more quantifier","*"],"icon":{"type":"file","path":"img/regex.png"},"match":"0 or more quantifier Regex *"},{"title":"Match last given substitute string","subtitle":"Regex ⎯  ~","arg":["keystroke \"\"~","Match last given substitute string","~"],"icon":{"type":"file","path":"img/regex.png"},"match":"Match last given substitute string Regex ~"},{"title":"Match range","subtitle":"Regex ⎯  [...]","arg":["keystroke \"[...]\"","Match range","[...]"],"icon":{"type":"file","path":"img/regex.png"},"match":"Match range Regex [...]"},{"title":"Not range","subtitle":"Regex ⎯  [^...]","arg":["keystroke \"[^...]\"","Not range","[^...]"],"icon":{"type":"file","path":"img/regex.png"},"match":"Not range Regex [^...]"},{"title":"In replacement: insert <pattern>","subtitle":"Regex ⎯  &","arg":["keystroke \"&\"","In replacement: insert <pattern>","&"],"icon":{"type":"file","path":"img/regex.png"},"match":"In replacement: insert <pattern> Regex &"},{"title":"Beginning of a word","subtitle":"Regex ⎯  \\<","arg":["keystroke \"\\\\<\"","Beginning of a word","\\<"],"icon":{"type":"file","path":"img/regex.png"},"match":"Beginning of a word Regex \\<"},{"title":"End of word","subtitle":"Regex ⎯  \\>","arg":["keystroke \"\\\\>\"","End of word","\\>"],"icon":{"type":"file","path":"img/regex.png"},"match":"End of word Regex \\>"},{"title":"Group","subtitle":"Regex ⎯  \\(...\\)","arg":["keystroke \"\\\\(...\\\\)\"","Group","\\(...\\)"],"icon":{"type":"file","path":"img/regex.png"},"match":"Group Regex \\(...\\)"},{"title":"Separate alternative","subtitle":"Regex ⎯  \\|","arg":["keystroke \"\\\\|\"","Separate alternative","\\|"],"icon":{"type":"file","path":"img/regex.png"},"match":"Separate alternative Regex \\|"},{"title":"Any single char or end-of­line","subtitle":"Regex ⎯  \\_.","arg":["keystroke \"\\\\_.\"","Any single char or end-of­line","\\_."],"icon":{"type":"file","path":"img/regex.png"},"match":"Any single char or end-of­line Regex \\_."},{"title":"1 or more quantifier","subtitle":"Regex ⎯  \\+","arg":["keystroke \"\\\\+\"","1 or more quantifier","\\+"],"icon":{"type":"file","path":"img/regex.png"},"match":"1 or more quantifier Regex \\+"},{"title":"0 or 1 quantifier","subtitle":"Regex ⎯  \\=","arg":["keystroke \"\\\\=\"","0 or 1 quantifier","\\="],"icon":{"type":"file","path":"img/regex.png"},"match":"0 or 1 quantifier Regex \\="},{"title":"0 or 1 quantifier","subtitle":"Regex ⎯  \\?","arg":["keystroke \"\\\\?\"","0 or 1 quantifier","\\?"],"icon":{"type":"file","path":"img/regex.png"},"match":"0 or 1 quantifier Regex \\?"},{"title":"N to m quantifier","subtitle":"Regex ⎯  \\{n,m}","arg":["keystroke \"\\\\{n,m}\"","n to m quantifier","\\{n,m}"],"icon":{"type":"file","path":"img/regex.png"},"match":"n to m quantifier Regex \\{n,m}"},{"title":"N quantifier","subtitle":"Regex ⎯  \\{n}","arg":["keystroke \"\\\\{n}\"","n quantifier","\\{n}"],"icon":{"type":"file","path":"img/regex.png"},"match":"n quantifier Regex \\{n}"},{"title":"At least n quantifier","subtitle":"Regex ⎯  \\{n,}","arg":["keystroke \"\"\\\\{n,}","at least n quantifier","\\{n,}"],"icon":{"type":"file","path":"img/regex.png"},"match":"at least n quantifier Regex \\{n,}"},{"title":"0 to m quantifier","subtitle":"Regex ⎯  \\{,m}","arg":["keystroke \"\\\\{,}\"","0 to m quantifier","\\{,m}"],"icon":{"type":"file","path":"img/regex.png"},"match":"0 to m quantifier Regex \\{,m}"},{"title":"Delete all lines matching pattern","subtitle":"Regex ⎯  :%g/<pa­tte­rn>/d","arg":["key code 53//keystroke \":%g/<pa­tte­r/d\"","delete all lines matching pattern",":%g/<pa­tte­rn>/d"],"icon":{"type":"file","path":"img/regex.png"},"match":"delete all lines matching pattern Regex :%g/<pa­tte­rn>/d"},{"title":"Delete all lines not matching <pattern>","subtitle":"Regex ⎯  :%v/<pa­tte­rn>/d","arg":["key code 53//keystroke \":%v/<pa­tte­r/d\"","delete all lines NOT matching <pattern>",":%v/<pa­tte­rn>/d"],"icon":{"type":"file","path":"img/regex.png"},"match":"delete all lines NOT matching <pattern> Regex :%v/<pa­tte­rn>/d"},{"title":"Delete empty lines","subtitle":"Regex ⎯  :%s/^.*$\\n//","arg":["key code 53//keystroke \":%s/^.*$\\\\n//\"","delete empty lines",":%s/^.*$\\n//"],"icon":{"type":"file","path":"img/regex.png"},"match":"delete empty lines Regex :%s/^.*$\\n//"},{"title":"Replace <pattern> by 'new <pattern>'","subtitle":"Regex ⎯  :s/<pattern>/new &/","arg":["key code 53//keystroke \":%s/<pattern>/new &/\"","Replace <pattern> by 'new <pattern>'",":s/<pattern>/new &/"],"icon":{"type":"file","path":"img/regex.png"},"match":"Replace <pattern> by 'new <pattern>' Regex :s/<pattern>/new &/"},{"title":"Replace <pattern> by content of register","subtitle":"Regex ⎯  :s/<pattern>/\\=@a/","arg":["key code 53//keystroke \":%s/<pattern>/\\\\=@a/\"","Replace <pattern> by content of register",":s/<pattern>/\\=@a/"],"icon":{"type":"file","path":"img/regex.png"},"match":"Replace <pattern> by content of register Regex :s/<pattern>/\\=@a/"},{"title":"Count number of occurrence of <pattern>","subtitle":"Regex ⎯  :s/<pattern>//gn","arg":["key code 53//keystroke \":%s/<pattern>//gn\"","Count number of occurrence of <pattern>",":s/<pattern>//gn"],"icon":{"type":"file","path":"img/regex.png"},"match":"Count number of occurrence of <pattern> Regex :s/<pattern>//gn"},{"title":"Match start","subtitle":"Regex ⎯  \\zs","arg":["keystroke \"\\\\zs\"","Match start","\\zs"],"icon":{"type":"file","path":"img/regex.png"},"match":"Match start Regex \\zs"},{"title":"Match end","subtitle":"Regex ⎯  \\ze","arg":["keystroke \"\\\\ze\"","Match end","\\ze"],"icon":{"type":"file","path":"img/regex.png"},"match":"Match end Regex \\ze"},{"title":"Positive look behind to find <pattern>","subtitle":"Regex ⎯  <atom>\\@<=<pattern>","arg":["keystroke \"<atom>\\\\@<=<pattern>\"","Positive look behind to find <pattern>","<atom>\\@<=<pattern>"],"icon":{"type":"file","path":"img/regex.png"},"match":"Positive look behind to find <pattern> Regex <atom>\\@<=<pattern>"},{"title":"Positive look ahead to find <pattern>","subtitle":"Regex ⎯  <pattern><atom>\\@=","arg":["keystroke \"<pattern><atom>\\\\@=\"","Positive look ahead to find <pattern>","<pattern><atom>\\@="],"icon":{"type":"file","path":"img/regex.png"},"match":"Positive look ahead to find <pattern> Regex <pattern><atom>\\@="},{"title":"Negative look behind to find <pattern>","subtitle":"Regex ⎯  <atom>\\@<!<pattern>","arg":["keystroke \"<atom>\\\\@<!<pattern>\"","Negative look behind to find <pattern>","<atom>\\@<!<pattern>"],"icon":{"type":"file","path":"img/regex.png"},"match":"Negative look behind to find <pattern> Regex <atom>\\@<!<pattern>"},{"title":"Negative look ahead to find <pattern>","subtitle":"Regex ⎯  <pattern><atom>\\@!","arg":["keystroke \"<pattern><atom>\\\\@!\"","Negative look ahead to find <pattern>","<pattern><atom>\\@!"],"icon":{"type":"file","path":"img/regex.png"},"match":"Negative look ahead to find <pattern> Regex <pattern><atom>\\@!"},{"title":"Non-greedy 0 or more quantifier","subtitle":"Regex ⎯  \\{-}","arg":["keystroke \"\\\\{-}\"","Non-greedy 0 or more quantifier","\\{-}"],"icon":{"type":"file","path":"img/regex.png"},"match":"Non-greedy 0 or more quantifier Regex \\{-}"}]}