{"items":[{"title":"Ouvrir l'aide pour le mot clé","subtitle":"Global ⎯  :h[elp] keyword","arg":["key code 53//keystroke \":h\"//key code 49//keystroke \"keyword\"","ouvrir l'aide pour le mot clé",":h[elp] keyword"],"icon":{"type":"file","path":"img/global.png"},"match":"open help for keyword Global :h[elp] keyword"},{"title":"Sauvegarder un fichier sous","subtitle":"Global ⎯  :sav[eas] file","arg":["key code 53//keystroke \":sav\"//key code 49//keystroke \"file\"","sauvegarder un fichier sous",":sav[eas] file"],"icon":{"type":"file","path":"img/global.png"},"match":"save file as Global :sav[eas] file"},{"title":"Fermer le fichier en cours","subtitle":"Global ⎯  :clo[se]","arg":["key code 53//keystroke \":clo\" & return","fermer le fichier en cours",":clo[se]"],"icon":{"type":"file","path":"img/global.png"},"match":"close current pane Global :clo[se]"},{"title":"Open a terminal window","subtitle":"Global ⎯  :ter[minal]","arg":["key code 53//keystroke \":ter\" & return","open a terminal window",":ter[minal]"],"icon":{"type":"file","path":"img/global.png"},"match":"open a terminal window Global :ter[minal]"},{"title":"Ouvre la page du manuel  du mot sous le curseur","subtitle":"Global ⎯  K","arg":["key code 53//keystroke \"K\"","ouvre la page du manuel  du mot sous le curseur","K"],"icon":{"type":"file","path":"img/global.png"},"match":"open man page for word under the cursor Global K"},{"title":"Déplacer le curseur vers la gauche","subtitle":"Mouvement du curseur ⎯  h","arg":["key code 53//keystroke \"h\"","déplacer le curseur vers la gauche","h"],"icon":{"type":"file","path":"img/cursorMovement.png"},"match":"move cursor left Mouvement du curseur h"},{"title":"Déplacer le curseur vers le bas","subtitle":"Mouvement du curseur ⎯  j","arg":["key code 53//keystroke \"j\"","déplacer le curseur vers le bas","j"],"icon":{"type":"file","path":"img/cursorMovement.png"},"match":"move cursor down Mouvement du curseur j"},{"title":"Déplacer le curseur vers le haut","subtitle":"Mouvement du curseur ⎯  k","arg":["key code 53//keystroke \"k\"","déplacer le curseur vers le haut","k"],"icon":{"type":"file","path":"img/cursorMovement.png"},"match":"move cursor up Mouvement du curseur k"},{"title":"Déplacer le curseur vers la droite","subtitle":"Mouvement du curseur ⎯  l","arg":["key code 53//keystroke \"l\"","déplacer le curseur vers la droite","l"],"icon":{"type":"file","path":"img/cursorMovement.png"},"match":"move cursor right Mouvement du curseur l"},{"title":"Move cursor down ","subtitle":"Mouvement du curseur ⎯  gj","arg":["key code 53//keystroke \"gj\"","move cursor down ","gj"],"icon":{"type":"file","path":"img/cursorMovement.png"},"match":"move cursor down  Mouvement du curseur gj"},{"title":"Move cursor up ","subtitle":"Mouvement du curseur ⎯  gk","arg":["key code 53//keystroke \"gk\"","move cursor up ","gk"],"icon":{"type":"file","path":"img/cursorMovement.png"},"match":"move cursor up  Mouvement du curseur gk"},{"title":"Aller en haut de l'écran","subtitle":"Mouvement du curseur ⎯  H","arg":["key code 53//keystroke \"H\"","aller en haut de l'écran","H"],"icon":{"type":"file","path":"img/cursorMovement.png"},"match":"move to top of screen Mouvement du curseur H"},{"title":"Aller au milieu de l'écran","subtitle":"Mouvement du curseur ⎯  M","arg":["key code 53//keystroke \"M\"","aller au milieu de l'écran","M"],"icon":{"type":"file","path":"img/cursorMovement.png"},"match":"move to middle of screen Mouvement du curseur M"},{"title":"Aller en bas de l'écran","subtitle":"Mouvement du curseur ⎯  L","arg":["key code 53//keystroke \"L\"","aller en bas de l'écran","L"],"icon":{"type":"file","path":"img/cursorMovement.png"},"match":"move to bottom of screen Mouvement du curseur L"},{"title":"Aller en avant au début d'un mot","subtitle":"Mouvement du curseur ⎯  w","arg":["key code 53//keystroke \"w\"","aller en avant au début d'un mot","w"],"icon":{"type":"file","path":"img/cursorMovement.png"},"match":"jump forwards to the start of a word Mouvement du curseur w"},{"title":"Aller en avant au début d'un mot ","subtitle":"Mouvement du curseur ⎯  W","arg":["key code 53//keystroke \"W\"","aller en avant au début d'un mot ","W"],"icon":{"type":"file","path":"img/cursorMovement.png"},"match":"jump forwards to the start of a word  Mouvement du curseur W"},{"title":"Aller en avant à la fin d'un mot","subtitle":"Mouvement du curseur ⎯  e","arg":["key code 53//keystroke \"e\"","aller en avant à la fin d'un mot","e"],"icon":{"type":"file","path":"img/cursorMovement.png"},"match":"jump forwards to the end of a word Mouvement du curseur e"},{"title":"Aller en avant à la fin d'un mot ","subtitle":"Mouvement du curseur ⎯  E","arg":["key code 53//keystroke \"E\"","aller en avant à la fin d'un mot ","E"],"icon":{"type":"file","path":"img/cursorMovement.png"},"match":"jump forwards to the end of a word  Mouvement du curseur E"},{"title":"Aller en arrière au début d'un mot","subtitle":"Mouvement du curseur ⎯  b","arg":["key code 53//keystroke \"b\"","aller en arrière au début d'un mot","b"],"icon":{"type":"file","path":"img/cursorMovement.png"},"match":"jump backwards to the start of a word Mouvement du curseur b"},{"title":"Aller en arrière au début d'un mot ","subtitle":"Mouvement du curseur ⎯  B","arg":["key code 53//keystroke \"B\"","aller en arrière au début d'un mot ","B"],"icon":{"type":"file","path":"img/cursorMovement.png"},"match":"jump backwards to the start of a word  Mouvement du curseur B"},{"title":"Jump backwards to the end of a word","subtitle":"Mouvement du curseur ⎯  ge","arg":["key code 53//keystroke \"ge\"","jump backwards to the end of a word","ge"],"icon":{"type":"file","path":"img/cursorMovement.png"},"match":"jump backwards to the end of a word Mouvement du curseur ge"},{"title":"Jump backwards to the end of a word ","subtitle":"Mouvement du curseur ⎯  gE","arg":["key code 53//keystroke \"gE\"","jump backwards to the end of a word ","gE"],"icon":{"type":"file","path":"img/cursorMovement.png"},"match":"jump backwards to the end of a word  Mouvement du curseur gE"},{"title":"Aller au caractère associé ","subtitle":"Mouvement du curseur ⎯  %","arg":["key code 53//keystroke \"%\"","aller au caractère associé ","%"],"icon":{"type":"file","path":"img/cursorMovement.png"},"match":"move to matching character  Mouvement du curseur %"},{"title":"Aller au début de la ligne","subtitle":"Mouvement du curseur ⎯  0","arg":["key code 53//keystroke \"0\"","aller au début de la ligne","0"],"icon":{"type":"file","path":"img/cursorMovement.png"},"match":"jump to the start of the line Mouvement du curseur 0"},{"title":"Aller au premier caractère non-espace de la ligne","subtitle":"Mouvement du curseur ⎯  ^","arg":["key code 53//keystroke \"^\"","aller au premier caractère non-espace de la ligne","^"],"icon":{"type":"file","path":"img/cursorMovement.png"},"match":"jump to the first non-blank character of the line Mouvement du curseur ^"},{"title":"Aller à la fin de la ligne","subtitle":"Mouvement du curseur ⎯  $","arg":["key code 53//keystroke \"$\"","aller à la fin de la ligne","$"],"icon":{"type":"file","path":"img/cursorMovement.png"},"match":"jump to the end of the line Mouvement du curseur $"},{"title":"Aller au dernier caractère non-espace de la ligne","subtitle":"Mouvement du curseur ⎯  g_","arg":["key code 53//keystroke \"g_\"","aller au dernier caractère non-espace de la ligne","g_"],"icon":{"type":"file","path":"img/cursorMovement.png"},"match":"jump to the last non-blank character of the line Mouvement du curseur g_"},{"title":"Aller à la première ligne du document","subtitle":"Mouvement du curseur ⎯  gg","arg":["key code 53//keystroke \"gg\"","aller à la première ligne du document","gg"],"icon":{"type":"file","path":"img/cursorMovement.png"},"match":"go to the first line of the document Mouvement du curseur gg"},{"title":"Aller à la dernière ligne du document","subtitle":"Mouvement du curseur ⎯  G","arg":["key code 53//keystroke \"G\"","aller à la dernière ligne du document","G"],"icon":{"type":"file","path":"img/cursorMovement.png"},"match":"go to the last line of the document Mouvement du curseur G"},{"title":"Aller à la ligne 5","subtitle":"Mouvement du curseur ⎯  5gg or 5G","arg":["key code 53//keystroke \"5gg\"","aller à la ligne 5","5gg or 5G"],"icon":{"type":"file","path":"img/cursorMovement.png"},"match":"go to line 5 Mouvement du curseur 5gg or 5G"},{"title":"Move to local declaration","subtitle":"Mouvement du curseur ⎯  gd","arg":["key code 53//keystroke \"gd\"","move to local declaration","gd"],"icon":{"type":"file","path":"img/cursorMovement.png"},"match":"move to local declaration Mouvement du curseur gd"},{"title":"Move to global declaration","subtitle":"Mouvement du curseur ⎯  gD","arg":["key code 53//keystroke \"gD\"","move to global declaration","gD"],"icon":{"type":"file","path":"img/cursorMovement.png"},"match":"move to global declaration Mouvement du curseur gD"},{"title":"Atteindre la prochaine occurence du caractère x","subtitle":"Mouvement du curseur ⎯  fx","arg":["key code 53//keystroke \"fx\"","atteindre la prochaine occurence du caractère x","fx"],"icon":{"type":"file","path":"img/cursorMovement.png"},"match":"jump to next occurrence of character x Mouvement du curseur fx"},{"title":"Atteindre le caractère précédent la prochaine occurence du caractère x","subtitle":"Mouvement du curseur ⎯  tx","arg":["key code 53//keystroke \"tx\"","atteindre le caractère précédent la prochaine occurence du caractère x","tx"],"icon":{"type":"file","path":"img/cursorMovement.png"},"match":"jump to before next occurrence of character x Mouvement du curseur tx"},{"title":"Atteindre la précédente occurence du character x","subtitle":"Mouvement du curseur ⎯  Fx","arg":["key code 53//keystroke \"Fx\"","atteindre la précédente occurence du character x","Fx"],"icon":{"type":"file","path":"img/cursorMovement.png"},"match":"jump to the previous occurrence of character x Mouvement du curseur Fx"},{"title":"Atteindre le caractère suivant la précédente occurence du caractère x","subtitle":"Mouvement du curseur ⎯  Tx","arg":["key code 53//keystroke \"Tx\"","atteindre le caractère suivant la précédente occurence du caractère x","Tx"],"icon":{"type":"file","path":"img/cursorMovement.png"},"match":"jump to after previous occurrence of character x Mouvement du curseur Tx"},{"title":"Répéter le dernier f, t, f ou t","subtitle":"Mouvement du curseur ⎯  ;","arg":["key code 53//keystroke \";\"","répéter le dernier f, t, F ou T",";"],"icon":{"type":"file","path":"img/cursorMovement.png"},"match":"repeat previous f, t, F or T movement Mouvement du curseur ;"},{"title":"Répéter le dernier f, t, f ou t, dans l'autre sens","subtitle":"Mouvement du curseur ⎯  ,","arg":["key code 53//keystroke \",\"","répéter le dernier f, t, F ou T, dans l'autre sens",","],"icon":{"type":"file","path":"img/cursorMovement.png"},"match":"repeat previous f, t, F or T movement, backwards Mouvement du curseur ,"},{"title":"Atteindre le prochain paragraphe ","subtitle":"Mouvement du curseur ⎯  }","arg":["key code 53//keystroke \"}\"","atteindre le prochain paragraphe ","}"],"icon":{"type":"file","path":"img/cursorMovement.png"},"match":"jump to next paragraph  Mouvement du curseur }"},{"title":"Atteindre le précédent paragraphe ","subtitle":"Mouvement du curseur ⎯  {","arg":["key code 53//keystroke \"{\"","atteindre le précédent paragraphe ","{"],"icon":{"type":"file","path":"img/cursorMovement.png"},"match":"jump to previous paragraph  Mouvement du curseur {"},{"title":"Centre le curseur sur l'écran","subtitle":"Mouvement du curseur ⎯  zz","arg":["key code 53//keystroke \"zz\"","centre le curseur sur l'écran","zz"],"icon":{"type":"file","path":"img/cursorMovement.png"},"match":"center cursor on screen Mouvement du curseur zz"},{"title":"Descendre l'écran d'une ligne ","subtitle":"Mouvement du curseur ⎯  Ctrl+e","arg":["key code 53//keystroke \"e\" using control down","Descendre l'écran d'une ligne ","Ctrl+e"],"icon":{"type":"file","path":"img/cursorMovement.png"},"match":"move screen down one line  Mouvement du curseur Ctrl+e"},{"title":"Monter l'écran d'une ligne ","subtitle":"Mouvement du curseur ⎯  Ctrl+y","arg":["key code 53//keystroke \"y\" using control down","Monter l'écran d'une ligne ","Ctrl+y"],"icon":{"type":"file","path":"img/cursorMovement.png"},"match":"move screen up one line  Mouvement du curseur Ctrl+y"},{"title":"Descendre d'une hauteur d'écran","subtitle":"Mouvement du curseur ⎯  Ctrl+b","arg":["key code 53//keystroke \"b\" using control down","Descendre d'une hauteur d'écran","Ctrl+b"],"icon":{"type":"file","path":"img/cursorMovement.png"},"match":"move back one full screen Mouvement du curseur Ctrl+b"},{"title":"Monte d'une hauteur d'écran","subtitle":"Mouvement du curseur ⎯  Ctrl+f","arg":["key code 53//keystroke \"f\" using control down","Monte d'une hauteur d'écran","Ctrl+f"],"icon":{"type":"file","path":"img/cursorMovement.png"},"match":"move forward one full screen Mouvement du curseur Ctrl+f"},{"title":"Descendre d'une demie-hauteur d'écran","subtitle":"Mouvement du curseur ⎯  Ctrl+u","arg":["key code 53//keystroke \"u\" using control down","Descendre d'une demie-hauteur d'écran","Ctrl+u"],"icon":{"type":"file","path":"img/cursorMovement.png"},"match":"move back 1/2 a screen Mouvement du curseur Ctrl+u"},{"title":"Monte d'une demie-hauteur d'écran","subtitle":"Mouvement du curseur ⎯  Ctrl+d","arg":["key code 53//keystroke \"d\" using control down","Monte d'une demie-hauteur d'écran","Ctrl+d"],"icon":{"type":"file","path":"img/cursorMovement.png"},"match":"move forward 1/2 a screen Mouvement du curseur Ctrl+d"},{"title":"Insérer avant le curseur","subtitle":"Mode insertion - insérer/ajouter du texte ⎯  i","arg":["key code 53//keystroke \"i\"","insérer avant le curseur","i"],"icon":{"type":"file","path":"img/insertMode.png"},"match":"insert before the cursor Mode insertion - insérer/ajouter du texte i"},{"title":"Insérer au début de la ligne","subtitle":"Mode insertion - insérer/ajouter du texte ⎯  I","arg":["key code 53//keystroke \"I\"","insérer au début de la ligne","I"],"icon":{"type":"file","path":"img/insertMode.png"},"match":"insert at the beginning of the line Mode insertion - insérer/ajouter du texte I"},{"title":"Insérer  après le curseur","subtitle":"Mode insertion - insérer/ajouter du texte ⎯  a","arg":["key code 53//keystroke \"a\"","insérer  après le curseur","a"],"icon":{"type":"file","path":"img/insertMode.png"},"match":"insert  after the cursor Mode insertion - insérer/ajouter du texte a"},{"title":"Insérer  à la fin de la ligne","subtitle":"Mode insertion - insérer/ajouter du texte ⎯  A","arg":["key code 53//keystroke \"A\"","insérer  à la fin de la ligne","A"],"icon":{"type":"file","path":"img/insertMode.png"},"match":"insert  at the end of the line Mode insertion - insérer/ajouter du texte A"},{"title":"Ajouter  une nouvelle ligne vers le bas","subtitle":"Mode insertion - insérer/ajouter du texte ⎯  o","arg":["key code 53//keystroke \"o\"","ajouter  une nouvelle ligne vers le bas","o"],"icon":{"type":"file","path":"img/insertMode.png"},"match":"append  a new line below the current line Mode insertion - insérer/ajouter du texte o"},{"title":"Ajouter  une nouvelle ligne vers le haut","subtitle":"Mode insertion - insérer/ajouter du texte ⎯  O","arg":["key code 53//keystroke \"O\"","ajouter  une nouvelle ligne vers le haut","O"],"icon":{"type":"file","path":"img/insertMode.png"},"match":"append  a new line above the current line Mode insertion - insérer/ajouter du texte O"},{"title":"Insérer  a la fin d'un mot","subtitle":"Mode insertion - insérer/ajouter du texte ⎯  ea","arg":["key code 53//keystroke \"ea\"","insérer  a la fin d'un mot","ea"],"icon":{"type":"file","path":"img/insertMode.png"},"match":"insert  at the end of the word Mode insertion - insérer/ajouter du texte ea"},{"title":"Delete the character before the cursor during insert mode","subtitle":"Mode insertion - insérer/ajouter du texte ⎯  Ctrl+h","arg":["keystroke \"h\" using control down","delete the character before the cursor during insert mode","Ctrl+h"],"icon":{"type":"file","path":"img/insertMode.png"},"match":"delete the character before the cursor during insert mode Mode insertion - insérer/ajouter du texte Ctrl+h"},{"title":"Delete word before the cursor during insert mode","subtitle":"Mode insertion - insérer/ajouter du texte ⎯  Ctrl+w","arg":["keystroke \"w\" using control down","delete word before the cursor during insert mode","Ctrl+w"],"icon":{"type":"file","path":"img/insertMode.png"},"match":"delete word before the cursor during insert mode Mode insertion - insérer/ajouter du texte Ctrl+w"},{"title":"Begin new line during insert mode","subtitle":"Mode insertion - insérer/ajouter du texte ⎯  Ctrl+j","arg":["keystroke \"j\" using control down","begin new line during insert mode","Ctrl+j"],"icon":{"type":"file","path":"img/insertMode.png"},"match":"begin new line during insert mode Mode insertion - insérer/ajouter du texte Ctrl+j"},{"title":"Indent  line one shiftwidth during insert mode","subtitle":"Mode insertion - insérer/ajouter du texte ⎯  Ctrl+t","arg":["keystroke \"t\" using control down","indent  line one shiftwidth during insert mode","Ctrl+t"],"icon":{"type":"file","path":"img/insertMode.png"},"match":"indent  line one shiftwidth during insert mode Mode insertion - insérer/ajouter du texte Ctrl+t"},{"title":"De-indent  line one shiftwidth during insert mode","subtitle":"Mode insertion - insérer/ajouter du texte ⎯  Ctrl+d","arg":["keystroke \"d\" using control down","de-indent  line one shiftwidth during insert mode","Ctrl+d"],"icon":{"type":"file","path":"img/insertMode.png"},"match":"de-indent  line one shiftwidth during insert mode Mode insertion - insérer/ajouter du texte Ctrl+d"},{"title":"Insert  next match before the cursor during insert mode","subtitle":"Mode insertion - insérer/ajouter du texte ⎯  Ctrl+n","arg":["keystroke \"n\" using control down","insert  next match before the cursor during insert mode","Ctrl+n"],"icon":{"type":"file","path":"img/insertMode.png"},"match":"insert  next match before the cursor during insert mode Mode insertion - insérer/ajouter du texte Ctrl+n"},{"title":"Insert  previous match before the cursor during insert mode","subtitle":"Mode insertion - insérer/ajouter du texte ⎯  Ctrl+p","arg":["keystroke \"p\" using control down","insert  previous match before the cursor during insert mode","Ctrl+p"],"icon":{"type":"file","path":"img/insertMode.png"},"match":"insert  previous match before the cursor during insert mode Mode insertion - insérer/ajouter du texte Ctrl+p"},{"title":"Insert the contents of register x","subtitle":"Mode insertion - insérer/ajouter du texte ⎯  Ctrl+r x","arg":["keystroke \"r\" using control down//keystroke \"x\"","insert the contents of register x","Ctrl+r x"],"icon":{"type":"file","path":"img/insertMode.png"},"match":"insert the contents of register x Mode insertion - insérer/ajouter du texte Ctrl+r x"},{"title":"Entrez temporairement en mode normal pour émettre une commande de mode normal x.","subtitle":"Mode insertion - insérer/ajouter du texte ⎯  Ctrl+o x","arg":["keystroke \"o\" using control down//keystroke \"x\"","Entrez temporairement en mode normal pour émettre une commande de mode normal x.","Ctrl+o x"],"icon":{"type":"file","path":"img/insertMode.png"},"match":"Temporarily enter normal mode to issue one normal-mode command x. Mode insertion - insérer/ajouter du texte Ctrl+o x"},{"title":"Quitter le mode insertion","subtitle":"Mode insertion - insérer/ajouter du texte ⎯  Esc","arg":["key code 53","quitter le mode insertion","Esc"],"icon":{"type":"file","path":"img/insertMode.png"},"match":"exit insert mode Mode insertion - insérer/ajouter du texte Esc"},{"title":"Remplacer un caractère","subtitle":"Éditer ⎯  r","arg":["key code 53//keystroke \"r\"","remplacer un caractère","r"],"icon":{"type":"file","path":"img/editing.png"},"match":"replace a single character. Éditer r"},{"title":"Replace more than one character, until esc is pressed.","subtitle":"Éditer ⎯  R","arg":["key code 53//keystroke \"R\"","replace more than one character, until ESC is pressed.","R"],"icon":{"type":"file","path":"img/editing.png"},"match":"replace more than one character, until ESC is pressed. Éditer R"},{"title":"Joindre la ligne suivante à la ligne en cours en ajoutant un espace","subtitle":"Éditer ⎯  J","arg":["key code 53//keystroke \"J\"","joindre la ligne suivante à la ligne en cours en ajoutant un espace","J"],"icon":{"type":"file","path":"img/editing.png"},"match":"join line below to the current one with one space in between Éditer J"},{"title":"Joindre la ligne suivante à la ligne en cours sans ajouter d'espace","subtitle":"Éditer ⎯  gJ","arg":["key code 53//keystroke \"gJ\"","joindre la ligne suivante à la ligne en cours sans ajouter d'espace","gJ"],"icon":{"type":"file","path":"img/editing.png"},"match":"join line below to the current one without space in between Éditer gJ"},{"title":"Reflow paragraph","subtitle":"Éditer ⎯  gwip","arg":["key code 53//keystroke \"gwip\"","reflow paragraph","gwip"],"icon":{"type":"file","path":"img/editing.png"},"match":"reflow paragraph Éditer gwip"},{"title":"Switch case up to motion","subtitle":"Éditer ⎯  g~","arg":["key code 53//keystroke \"g~\"","switch case up to motion","g~"],"icon":{"type":"file","path":"img/editing.png"},"match":"switch case up to motion Éditer g~"},{"title":"Change to lowercase up to motion","subtitle":"Éditer ⎯  gu","arg":["key code 53//keystroke \"gu\"","change to lowercase up to motion","gu"],"icon":{"type":"file","path":"img/editing.png"},"match":"change to lowercase up to motion Éditer gu"},{"title":"Change to uppercase up to motion","subtitle":"Éditer ⎯  gU","arg":["key code 53//keystroke \"gU\"","change to uppercase up to motion","gU"],"icon":{"type":"file","path":"img/editing.png"},"match":"change to uppercase up to motion Éditer gU"},{"title":"Changer  une ligne entière","subtitle":"Éditer ⎯  cc","arg":["key code 53//keystroke \"cc\"","changer  une ligne entière","cc"],"icon":{"type":"file","path":"img/editing.png"},"match":"change  entire line Éditer cc"},{"title":"Changer  jusqu'à la fin d'une ligne","subtitle":"Éditer ⎯  c$ or C","arg":["key code 53//keystroke \"g$\"","changer  jusqu'à la fin d'une ligne","c$ or C"],"icon":{"type":"file","path":"img/editing.png"},"match":"change  to the end of the line Éditer c$ or C"},{"title":"Changer  un mot entier","subtitle":"Éditer ⎯  ciw","arg":["key code 53//keystroke \"ciw\"","changer  un mot entier","ciw"],"icon":{"type":"file","path":"img/editing.png"},"match":"change  entire word Éditer ciw"},{"title":"Changer  jusqu'à la fin d'un mot","subtitle":"Éditer ⎯  cw or ce","arg":["key code 53//keystroke \"cw\"","changer  jusqu'à la fin d'un mot","cw or ce"],"icon":{"type":"file","path":"img/editing.png"},"match":"change  to the end of the word Éditer cw or ce"},{"title":"Supprimer un caractère et le remplacer par du texte","subtitle":"Éditer ⎯  s","arg":["key code 53//keystroke \"s\"","supprimer un caractère et le remplacer par du texte","s"],"icon":{"type":"file","path":"img/editing.png"},"match":"delete character and substitute text Éditer s"},{"title":"Supprimer une ligne et la remplacer par du texte ","subtitle":"Éditer ⎯  S","arg":["key code 53//keystroke \"S\"","supprimer une ligne et la remplacer par du texte ","S"],"icon":{"type":"file","path":"img/editing.png"},"match":"delete line and substitute text  Éditer S"},{"title":"Transposer deux lettres ","subtitle":"Éditer ⎯  xp","arg":["key code 53//keystroke \"xp\"","transposer deux lettres ","xp"],"icon":{"type":"file","path":"img/editing.png"},"match":"transpose two letters  Éditer xp"},{"title":"Annuler","subtitle":"Éditer ⎯  u","arg":["key code 53//keystroke \"u\"","annuler","u"],"icon":{"type":"file","path":"img/editing.png"},"match":"undo Éditer u"},{"title":"Restore  last changed line","subtitle":"Éditer ⎯  U","arg":["key code 53//keystroke \"U\"","restore  last changed line","U"],"icon":{"type":"file","path":"img/editing.png"},"match":"restore  last changed line Éditer U"},{"title":"Rétablir","subtitle":"Éditer ⎯  Ctrl+r","arg":["key code 53//keystroke \"r\" using control down","rétablir","Ctrl+r"],"icon":{"type":"file","path":"img/editing.png"},"match":"redo Éditer Ctrl+r"},{"title":"Répéter la commande précédente","subtitle":"Éditer ⎯  .","arg":["key code 53//keystroke \".\"","répéter la commande précédente","."],"icon":{"type":"file","path":"img/editing.png"},"match":"repeat last command Éditer ."},{"title":"Passer en mode visuel, marquer du texte, exécuter des commandes ","subtitle":"Marquer du texte  ⎯  v","arg":["key code 53//keystroke \"v\"","passer en mode visuel, marquer du texte, exécuter des commandes ","v"],"icon":{"type":"file","path":"img/markingText.png"},"match":"start visual mode, mark lines, then do a command  Marquer du texte  v"},{"title":"Passer en mode visuel ligne par ligne","subtitle":"Marquer du texte  ⎯  V","arg":["key code 53//keystroke \"V\"","passer en mode visuel ligne par ligne","V"],"icon":{"type":"file","path":"img/markingText.png"},"match":"start linewise visual mode Marquer du texte  V"},{"title":"Se déplacer à l'autre extrémité de la zone marquée","subtitle":"Marquer du texte  ⎯  o","arg":["key code 53//keystroke \"o\"","se déplacer à l'autre extrémité de la zone marquée","o"],"icon":{"type":"file","path":"img/markingText.png"},"match":"move to other end of marked area Marquer du texte  o"},{"title":"Passer en mode visuel par bloc","subtitle":"Marquer du texte  ⎯  Ctrl+v","arg":["key code 53//keystroke \"v\" using control down","passer en mode visuel par bloc","Ctrl+v"],"icon":{"type":"file","path":"img/markingText.png"},"match":"start visual block mode Marquer du texte  Ctrl+v"},{"title":"Se déplacer à l'autre angle du bloc","subtitle":"Marquer du texte  ⎯  O","arg":["key code 53//keystroke \"O\"","se déplacer à l'autre angle du bloc","O"],"icon":{"type":"file","path":"img/markingText.png"},"match":"move to other corner of block Marquer du texte  O"},{"title":"Marquer un mot","subtitle":"Marquer du texte  ⎯  aw","arg":["key code 53//keystroke \"aw\"","marquer un mot","aw"],"icon":{"type":"file","path":"img/markingText.png"},"match":"mark a word Marquer du texte  aw"},{"title":"Marquer un bloc avec ()","subtitle":"Marquer du texte  ⎯  ab","arg":["key code 53//keystroke \"ab\"","marquer un bloc avec ()","ab"],"icon":{"type":"file","path":"img/markingText.png"},"match":"a block with () Marquer du texte  ab"},{"title":"Marquer un bloc avec {}","subtitle":"Marquer du texte  ⎯  aB","arg":["key code 53//keystroke \"aB\"","marquer un bloc avec {}","aB"],"icon":{"type":"file","path":"img/markingText.png"},"match":"a block with {} Marquer du texte  aB"},{"title":"A block with <> tags","subtitle":"Marquer du texte  ⎯  at","arg":["key code 53//keystroke \"at\"","a block with <> tags","at"],"icon":{"type":"file","path":"img/markingText.png"},"match":"a block with <> tags Marquer du texte  at"},{"title":"Marquer par bloc le contenu de ()","subtitle":"Marquer du texte  ⎯  ib","arg":["key code 53//keystroke \"ib\"","marquer par bloc le contenu de ()","ib"],"icon":{"type":"file","path":"img/markingText.png"},"match":"inner block with () Marquer du texte  ib"},{"title":"Marquer par bloc le contenu de {}","subtitle":"Marquer du texte  ⎯  iB","arg":["key code 53//keystroke \"iB\"","marquer par bloc le contenu de {}","iB"],"icon":{"type":"file","path":"img/markingText.png"},"match":"inner block with {} Marquer du texte  iB"},{"title":"Inner block with <> tags","subtitle":"Marquer du texte  ⎯  it","arg":["key code 53//keystroke \"it\"","inner block with <> tags","it"],"icon":{"type":"file","path":"img/markingText.png"},"match":"inner block with <> tags Marquer du texte  it"},{"title":"Quitter le mode visuel","subtitle":"Marquer du texte  ⎯  Esc","arg":["key code 53//key code 53","quitter le mode visuel","Esc"],"icon":{"type":"file","path":"img/markingText.png"},"match":"exit visual mode Marquer du texte  Esc"},{"title":"Décaler le texte vers la droite","subtitle":"Commandes du mode visuel (Reference only) ⎯  >","arg":["keystroke \">\"","décaler le texte vers la droite",">"],"icon":{"type":"file","path":"img/visualCommands.png"},"match":"shift text right Commandes du mode visuel >"},{"title":"Décaler le texte vers la gauche","subtitle":"Commandes du mode visuel (Reference only) ⎯  <","arg":["keystroke \"<\"","décaler le texte vers la gauche","<"],"icon":{"type":"file","path":"img/visualCommands.png"},"match":"shift text left Commandes du mode visuel <"},{"title":"Copier le texte marqué","subtitle":"Commandes du mode visuel (Reference only) ⎯  y","arg":["keystroke \"y\"","copier le texte marqué","y"],"icon":{"type":"file","path":"img/visualCommands.png"},"match":"yank  marked text Commandes du mode visuel y"},{"title":"Supprimer le texte marqué","subtitle":"Commandes du mode visuel (Reference only) ⎯  d","arg":["keystroke \"d\"","supprimer le texte marqué","d"],"icon":{"type":"file","path":"img/visualCommands.png"},"match":"delete marked text Commandes du mode visuel d"},{"title":"Modifier la casse","subtitle":"Commandes du mode visuel (Reference only) ⎯  ~","arg":["keystroke \"~\"","modifier la casse","~"],"icon":{"type":"file","path":"img/visualCommands.png"},"match":"switch case Commandes du mode visuel ~"},{"title":"Change marked text to lowercase","subtitle":"Commandes du mode visuel (Reference only) ⎯  u","arg":["keystroke \"u\"","change marked text to lowercase","u"],"icon":{"type":"file","path":"img/visualCommands.png"},"match":"change marked text to lowercase Commandes du mode visuel u"},{"title":"Change marked text to uppercase","subtitle":"Commandes du mode visuel (Reference only) ⎯  U","arg":["keystroke \"U\"","change marked text to uppercase","U"],"icon":{"type":"file","path":"img/visualCommands.png"},"match":"change marked text to uppercase Commandes du mode visuel U"},{"title":"Afficher le contenu des registres","subtitle":"Registres ⎯  :reg[isters]","arg":["key code 53//keystroke \":reg\" & return","afficher le contenu des registres",":reg[isters]"],"icon":{"type":"file","path":"img/registers.png"},"match":"show registers content Registres :reg[isters]"},{"title":"Copier dans le registre x","subtitle":"Registres ⎯  xy","arg":["key code 53//keystroke \"xy\"","copier dans le registre X","xy"],"icon":{"type":"file","path":"img/registers.png"},"match":"yank into register x Registres xy"},{"title":"Coller le contenu du registre x","subtitle":"Registres ⎯  xp","arg":["key code 53//keystroke \"xp\"","coller le contenu du registre X","xp"],"icon":{"type":"file","path":"img/registers.png"},"match":"paste contents of register x Registres xp"},{"title":"Yank into the system clipboard register","subtitle":"Registres ⎯  +y","arg":["key code 53//keystroke \"+y\"","yank into the system clipboard register","+y"],"icon":{"type":"file","path":"img/registers.png"},"match":"yank into the system clipboard register Registres +y"},{"title":"Paste from the system clipboard register","subtitle":"Registres ⎯  +p","arg":["key code 53//keystroke \"+p\"","paste from the system clipboard register","+p"],"icon":{"type":"file","path":"img/registers.png"},"match":"paste from the system clipboard register Registres +p"},{"title":"Définir la position actuelle pour la marque a","subtitle":"Marques ⎯  ma","arg":["key code 53//keystroke \"ma\"","définir la position actuelle pour la marque A","ma"],"icon":{"type":"file","path":"img/marks.png"},"match":"set current position for mark A Marques ma"},{"title":"Accéder à la position de la marque a","subtitle":"Marques ⎯  `a","arg":["key code 53//keystroke \"`a\"","accéder à la position de la marque A","`a"],"icon":{"type":"file","path":"img/marks.png"},"match":"jump to position of mark A Marques `a"},{"title":"Copier le texte à la position de la marque a","subtitle":"Marques ⎯  y`a","arg":["key code 53//keystroke \"y`a\"","copier le texte à la position de la marque A","y`a"],"icon":{"type":"file","path":"img/marks.png"},"match":"yank text to position of mark A Marques y`a"},{"title":"Go to the position where vim was previously exited","subtitle":"Marques ⎯  `0","arg":["key code 53//keystroke \"`0\"","go to the position where Vim was previously exited","`0"],"icon":{"type":"file","path":"img/marks.png"},"match":"go to the position where Vim was previously exited Marques `0"},{"title":"Go to the position when last editing this file","subtitle":"Marques ⎯  `\"","arg":["key code 53//keystroke \"`\\\"\"","go to the position when last editing this file","`\""],"icon":{"type":"file","path":"img/marks.png"},"match":"go to the position when last editing this file Marques `\""},{"title":"Go to the position of the last change in this file","subtitle":"Marques ⎯  `.","arg":["key code 53//keystroke \"`.\"","go to the position of the last change in this file","`."],"icon":{"type":"file","path":"img/marks.png"},"match":"go to the position of the last change in this file Marques `."},{"title":"Go to the position before the last jump","subtitle":"Marques ⎯  ``","arg":["key code 53//keystroke \"``\"","go to the position before the last jump","``"],"icon":{"type":"file","path":"img/marks.png"},"match":"go to the position before the last jump Marques ``"},{"title":"List of jumps","subtitle":"Marques ⎯  :ju[mps]","arg":["key code 53//keystroke \":ju\" & return","list of jumps",":ju[mps]"],"icon":{"type":"file","path":"img/marks.png"},"match":"list of jumps Marques :ju[mps]"},{"title":"Go to newer position in jump list","subtitle":"Marques ⎯  Ctrl+i","arg":["key code 53//keystroke \"i\" using control down","go to newer position in jump list","Ctrl+i"],"icon":{"type":"file","path":"img/marks.png"},"match":"go to newer position in jump list Marques Ctrl+i"},{"title":"Go to older position in jump list","subtitle":"Marques ⎯  Ctrl+o","arg":["key code 53//keystroke \"o\" using control down","go to older position in jump list","Ctrl+o"],"icon":{"type":"file","path":"img/marks.png"},"match":"go to older position in jump list Marques Ctrl+o"},{"title":"List of changes","subtitle":"Marques ⎯  :changes","arg":["key code 53//keystroke \":changes\" & return","list of changes",":changes"],"icon":{"type":"file","path":"img/marks.png"},"match":"list of changes Marques :changes"},{"title":"Go to newer position in change list","subtitle":"Marques ⎯  g,","arg":["key code 53//keystroke \"g,\"","go to newer position in change list","g,"],"icon":{"type":"file","path":"img/marks.png"},"match":"go to newer position in change list Marques g,"},{"title":"Go to older position in change list","subtitle":"Marques ⎯  g;","arg":["key code 53//keystroke \"g;\"","go to older position in change list","g;"],"icon":{"type":"file","path":"img/marks.png"},"match":"go to older position in change list Marques g;"},{"title":"Jump to the tag under cursor","subtitle":"Marques ⎯  Ctrl+]","arg":["key code 53//keystroke \"]\" using control down","jump to the tag under cursor","Ctrl+]"],"icon":{"type":"file","path":"img/marks.png"},"match":"jump to the tag under cursor Marques Ctrl+]"},{"title":"Go to file in cursor","subtitle":"Marques ⎯  gf","arg":["key code 53//keystroke \"gf\"","Go to file in cursor","gf"],"icon":{"type":"file","path":"img/marks.png"},"match":"Go to file in cursor Marques gf"},{"title":"Enregistre la macro a","subtitle":"Macros ⎯  qa","arg":["key code 53//keystroke \"qa\"","enregistre la macro a","qa"],"icon":{"type":"file","path":"img/macros.png"},"match":"record macro a Macros qa"},{"title":"Arrêter l'enregistrement de la macro","subtitle":"Macros ⎯  q","arg":["key code 53//keystroke \"q\"","arrêter l'enregistrement de la macro","q"],"icon":{"type":"file","path":"img/macros.png"},"match":"stop recording macro Macros q"},{"title":"Exécuter la macro a","subtitle":"Macros ⎯  @a","arg":["key code 53//keystroke \"@a\"","exécuter la macro a","@a"],"icon":{"type":"file","path":"img/macros.png"},"match":"run macro a Macros @a"},{"title":"Re-exécuter la dernière macro executée","subtitle":"Macros ⎯  @@","arg":["key code 53//keystroke \"@@\"","re-exécuter la dernière macro executée","@@"],"icon":{"type":"file","path":"img/macros.png"},"match":"rerun last run macro Macros @@"},{"title":"Copier une ligne","subtitle":"Copier-coller ⎯  yy","arg":["key code 53//keystroke \"yy\"","copier une ligne","yy"],"icon":{"type":"file","path":"img/cutAndPaste.png"},"match":"yank  a line Copier-coller yy"},{"title":"Copier 2 lignes","subtitle":"Copier-coller ⎯  2yy","arg":["key code 53//keystroke \"2yy\"","copier 2 lignes","2yy"],"icon":{"type":"file","path":"img/cutAndPaste.png"},"match":"yank  2 lines Copier-coller 2yy"},{"title":"Copier un mot","subtitle":"Copier-coller ⎯  yw","arg":["key code 53//keystroke \"yw\"","copier un mot","yw"],"icon":{"type":"file","path":"img/cutAndPaste.png"},"match":"yank  the characters of the word from the cursor position to the start of the next word Copier-coller yw"},{"title":"Copier le mot sous le curseur","subtitle":"Copier-coller ⎯  yiw","arg":["key code 53//keystroke \"yiw\"","copier le mot sous le curseur","yiw"],"icon":{"type":"file","path":"img/cutAndPaste.png"},"match":"yank  word under the cursor Copier-coller yiw"},{"title":"Copier le mot sous le curseur avec l'espace après ou avant","subtitle":"Copier-coller ⎯  yaw","arg":["key code 53//keystroke \"yaw\"","copier le mot sous le curseur avec l'espace après ou avant","yaw"],"icon":{"type":"file","path":"img/cutAndPaste.png"},"match":"yank  word under the cursor and the space after or before it Copier-coller yaw"},{"title":"Copier jusqu'à la fin de la ligne","subtitle":"Copier-coller ⎯  y$","arg":["key code 53//keystroke \"y$\"","copier jusqu'à la fin de la ligne","y$"],"icon":{"type":"file","path":"img/cutAndPaste.png"},"match":"yank  to end of line Copier-coller y$"},{"title":"Coller le presse-papier après le curseur","subtitle":"Copier-coller ⎯  p","arg":["key code 53//keystroke \"p\"","coller le presse-papier après le curseur","p"],"icon":{"type":"file","path":"img/cutAndPaste.png"},"match":"put  the clipboard after cursor Copier-coller p"},{"title":"Coller le presse-papier avant le curseur","subtitle":"Copier-coller ⎯  P","arg":["key code 53//keystroke \"P\"","coller le presse-papier avant le curseur","P"],"icon":{"type":"file","path":"img/cutAndPaste.png"},"match":"put  before cursor Copier-coller P"},{"title":"Put  the clipboard after cursor and leave cursor after the new text","subtitle":"Copier-coller ⎯  gp","arg":["key code 53//keystroke \"gp\"","put  the clipboard after cursor and leave cursor after the new text","gp"],"icon":{"type":"file","path":"img/cutAndPaste.png"},"match":"put  the clipboard after cursor and leave cursor after the new text Copier-coller gp"},{"title":"Put  before cursor and leave cursor after the new text","subtitle":"Copier-coller ⎯  gP","arg":["key code 53//keystroke \"gP\"","put  before cursor and leave cursor after the new text","gP"],"icon":{"type":"file","path":"img/cutAndPaste.png"},"match":"put  before cursor and leave cursor after the new text Copier-coller gP"},{"title":"Supprimer  une ligne","subtitle":"Copier-coller ⎯  dd","arg":["key code 53//keystroke \"dd\"","supprimer  une ligne","dd"],"icon":{"type":"file","path":"img/cutAndPaste.png"},"match":"delete  a line Copier-coller dd"},{"title":"Supprimer  2 lignes","subtitle":"Copier-coller ⎯  2dd","arg":["key code 53//keystroke \"2dd\"","supprimer  2 lignes","2dd"],"icon":{"type":"file","path":"img/cutAndPaste.png"},"match":"delete  2 lines Copier-coller 2dd"},{"title":"Supprimer  un mot","subtitle":"Copier-coller ⎯  dw","arg":["key code 53//keystroke \"dw\"","supprimer  un mot","dw"],"icon":{"type":"file","path":"img/cutAndPaste.png"},"match":"delete  the characters of the word from the cursor position to the start of the next word Copier-coller dw"},{"title":"Supprimer  un mot sous le curseur","subtitle":"Copier-coller ⎯  diw","arg":["key code 53//keystroke \"diw\"","supprimer  un mot sous le curseur","diw"],"icon":{"type":"file","path":"img/cutAndPaste.png"},"match":"delete  word under the cursor Copier-coller diw"},{"title":"Supprimer  un mot avec l'espace après ou avant","subtitle":"Copier-coller ⎯  daw","arg":["key code 53//keystroke \"daw\"","supprimer  un mot avec l'espace après ou avant","daw"],"icon":{"type":"file","path":"img/cutAndPaste.png"},"match":"delete  word under the cursor and the space after or before it Copier-coller daw"},{"title":"Supprimer  jusqu'à la fin de la ligne","subtitle":"Copier-coller ⎯  d$ or D","arg":["key code 53//keystroke \"d$\"","supprimer  jusqu'à la fin de la ligne","d$ or D"],"icon":{"type":"file","path":"img/cutAndPaste.png"},"match":"delete  to the end of the line Copier-coller d$ or D"},{"title":"Supprimer  un caractère","subtitle":"Copier-coller ⎯  x","arg":["key code 53//keystroke \"x\"","supprimer  un caractère","x"],"icon":{"type":"file","path":"img/cutAndPaste.png"},"match":"delete  character Copier-coller x"},{"title":"Indent  line one shiftwidth","subtitle":"Indent text ⎯  >>","arg":["key code 53//keystroke \">>\"","indent  line one shiftwidth",">>"],"icon":{"type":"file","path":"img/indentText.png"},"match":"indent  line one shiftwidth Indent text >>"},{"title":"De-indent  line one shiftwidth","subtitle":"Indent text ⎯  <<","arg":["key code 53//keystroke \"<<\"","de-indent  line one shiftwidth","<<"],"icon":{"type":"file","path":"img/indentText.png"},"match":"de-indent  line one shiftwidth Indent text <<"},{"title":"Indent a block with () or {} ","subtitle":"Indent text ⎯  >%","arg":["key code 53//keystroke \">%\"","indent a block with () or {} ",">%"],"icon":{"type":"file","path":"img/indentText.png"},"match":"indent a block with () or {}  Indent text >%"},{"title":"Indent inner block with ()","subtitle":"Indent text ⎯  >ib","arg":["key code 53//keystroke \">ib\"","indent inner block with ()",">ib"],"icon":{"type":"file","path":"img/indentText.png"},"match":"indent inner block with () Indent text >ib"},{"title":"Indent a block with <> tags","subtitle":"Indent text ⎯  >at","arg":["key code 53//keystroke \">at\"","indent a block with <> tags",">at"],"icon":{"type":"file","path":"img/indentText.png"},"match":"indent a block with <> tags Indent text >at"},{"title":"Re-indent 3 lines","subtitle":"Indent text ⎯  3==","arg":["key code 53//keystroke \"3==\"","re-indent 3 lines","3=="],"icon":{"type":"file","path":"img/indentText.png"},"match":"re-indent 3 lines Indent text 3=="},{"title":"Re-indent a block with () or {} ","subtitle":"Indent text ⎯  =%","arg":["key code 53//keystroke \"=%\"","re-indent a block with () or {} ","=%"],"icon":{"type":"file","path":"img/indentText.png"},"match":"re-indent a block with () or {}  Indent text =%"},{"title":"","subtitle":"Indent text ⎯  =iB","arg":["key code 53//keystroke \"iB\"",null,"=iB"],"icon":{"type":"file","path":"img/indentText.png"},"match":" Indent text =iB"},{"title":"Re-indent entire buffer","subtitle":"Indent text ⎯  gg=G","arg":["key code 53//keystroke \"gg=G\"","re-indent entire buffer","gg=G"],"icon":{"type":"file","path":"img/indentText.png"},"match":"re-indent entire buffer Indent text gg=G"},{"title":"Paste and adjust indent to current line","subtitle":"Indent text ⎯  ]p","arg":["key code 53//keystroke \"]p\"","paste and adjust indent to current line","]p"],"icon":{"type":"file","path":"img/indentText.png"},"match":"paste and adjust indent to current line Indent text ]p"},{"title":"Écrire  le fichier","subtitle":"Quitter ⎯  :w","arg":["key code 53//keystroke \":w\" & return","écrire  le fichier",":w"],"icon":{"type":"file","path":"img/exiting.png"},"match":"write  the file, but don't exit Quitter :w"},{"title":"Écrire  le fichier en utilisant sudo","subtitle":"Quitter ⎯  :w !sudo tee %","arg":["key code 53//keystroke \":w !sudo tee %\"","écrire  le fichier en utilisant sudo",":w !sudo tee %"],"icon":{"type":"file","path":"img/exiting.png"},"match":"write out the current file using sudo Quitter :w !sudo tee %"},{"title":"Écrire  et quitter","subtitle":"Quitter ⎯  :wq or :x or ZZ","arg":["key code 53//keystroke \":wq\" & return","écrire  et quitter",":wq or :x or ZZ"],"icon":{"type":"file","path":"img/exiting.png"},"match":"write  and quit Quitter :wq or :x or ZZ"},{"title":"Quitter ","subtitle":"Quitter ⎯  :q","arg":["key code 53//keystroke \":q\" & return","quitter ",":q"],"icon":{"type":"file","path":"img/exiting.png"},"match":"quit  Quitter :q"},{"title":"Quitter et abandonner les modifications non sauvegardées","subtitle":"Quitter ⎯  :q! or ZQ","arg":["key code 53//keystroke \":q!\" & return","quitter et abandonner les modifications non sauvegardées",":q! or ZQ"],"icon":{"type":"file","path":"img/exiting.png"},"match":"quit and throw away unsaved changes Quitter :q! or ZQ"},{"title":"Écrire  et fermer tous les onglets","subtitle":"Quitter ⎯  :wqa","arg":["key code 53//keystroke \":wqa\" & return","écrire  et fermer tous les onglets",":wqa"],"icon":{"type":"file","path":"img/exiting.png"},"match":"write  and quit on all tabs Quitter :wqa"},{"title":"Chercher le motif","subtitle":"Rechercher et remplacer ⎯  /pattern","arg":["key code 53//keystroke \"/pattern\"","chercher le motif","/pattern"],"icon":{"type":"file","path":"img/searchAndReplace.png"},"match":"search for pattern Rechercher et remplacer /pattern"},{"title":"Chercher en arrière le motif","subtitle":"Rechercher et remplacer ⎯  ?pattern","arg":["key code 53//keystroke \"?pattern\"","chercher en arrière le motif","?pattern"],"icon":{"type":"file","path":"img/searchAndReplace.png"},"match":"search backward for pattern Rechercher et remplacer ?pattern"},{"title":"Motif 'très magique'","subtitle":"Rechercher et remplacer ⎯  \\vpattern","arg":["key code 53//keystroke \"\\\\vpattern\"","motif 'très magique'","\\vpattern"],"icon":{"type":"file","path":"img/searchAndReplace.png"},"match":"'very magic' pattern Rechercher et remplacer \\vpattern"},{"title":"Répéter la recherche dans la même direction","subtitle":"Rechercher et remplacer ⎯  n","arg":["key code 53//keystroke \"n\"","répéter la recherche dans la même direction","n"],"icon":{"type":"file","path":"img/searchAndReplace.png"},"match":"repeat search in same direction Rechercher et remplacer n"},{"title":"Répéter la recherche dans la direction opposée","subtitle":"Rechercher et remplacer ⎯  N","arg":["key code 53//keystroke \"N\"","répéter la recherche dans la direction opposée","N"],"icon":{"type":"file","path":"img/searchAndReplace.png"},"match":"repeat search in opposite direction Rechercher et remplacer N"},{"title":"Remplacer toutes les occurrences de old avec new dans tout le fichier","subtitle":"Rechercher et remplacer ⎯  :%s/old/new/g","arg":["key code 53//keystroke \":%s/old/new/g\"","remplacer toutes les occurrences de old avec new dans tout le fichier",":%s/old/new/g"],"icon":{"type":"file","path":"img/searchAndReplace.png"},"match":"replace all old with new throughout file Rechercher et remplacer :%s/old/new/g"},{"title":"Remplacer toutes les occurrences de old avec new dans tout le fichier ","subtitle":"Rechercher et remplacer ⎯  :%s/old/new/gc","arg":["key code 53//keystroke \":%s/old/new/gc\"","remplacer toutes les occurrences de old avec new dans tout le fichier ",":%s/old/new/gc"],"icon":{"type":"file","path":"img/searchAndReplace.png"},"match":"replace all old with new throughout file with confirmations Rechercher et remplacer :%s/old/new/gc"},{"title":"Supprime le surlignage du résultat des recherches","subtitle":"Rechercher et remplacer ⎯  :noh[lsearch]","arg":["key code 53//keystroke \":noh[lsearch]\"","supprime le surlignage du résultat des recherches",":noh[lsearch]"],"icon":{"type":"file","path":"img/searchAndReplace.png"},"match":"remove highlighting of search matches Rechercher et remplacer :noh[lsearch]"},{"title":"Next whole word under cursor","subtitle":"Rechercher et remplacer ⎯  *","arg":["key code 53//keystroke \"*\"","Next whole word under cursor","*"],"icon":{"type":"file","path":"img/searchAndReplace.png"},"match":"Next whole word under cursor Rechercher et remplacer *"},{"title":"Previous whole word under cursor","subtitle":"Rechercher et remplacer ⎯  #","arg":["key code 53//keystroke \"#\"","Previous whole word under cursor","#"],"icon":{"type":"file","path":"img/searchAndReplace.png"},"match":"Previous whole word under cursor Rechercher et remplacer #"},{"title":"Rechercher un motif dans plusieurs fichiers","subtitle":"Rechercher dans plusieurs fichiers ⎯  :vim[grep] /pattern/ file","arg":["key code 53//keystroke \":vim[grep]\"//key code 49//keystroke \"/pattern/\"//key code 49//keystroke \"file\"","rechercher un motif dans plusieurs fichiers",":vim[grep] /pattern/ file"],"icon":{"type":"file","path":"img/searchMultipleFiles.png"},"match":"search for pattern in multiple files Rechercher dans plusieurs fichiers :vim[grep] /pattern/ file"},{"title":"Atteindre le prochain résultat","subtitle":"Rechercher dans plusieurs fichiers ⎯  :cn[ext]","arg":["key code 53//keystroke \":cn\" & return","atteindre le prochain résultat",":cn[ext]"],"icon":{"type":"file","path":"img/searchMultipleFiles.png"},"match":"jump to the next match Rechercher dans plusieurs fichiers :cn[ext]"},{"title":"Atteindre le précédent résultat","subtitle":"Rechercher dans plusieurs fichiers ⎯  :cp[revious]","arg":["key code 53//keystroke \":cp\" & return","atteindre le précédent résultat",":cp[revious]"],"icon":{"type":"file","path":"img/searchMultipleFiles.png"},"match":"jump to the previous match Rechercher dans plusieurs fichiers :cp[revious]"},{"title":"Ouvre une fenetre contenant une liste des resultats","subtitle":"Rechercher dans plusieurs fichiers ⎯  :cope[n]","arg":["key code 53//keystroke \":cope\" & return","ouvre une fenetre contenant une liste des resultats",":cope[n]"],"icon":{"type":"file","path":"img/searchMultipleFiles.png"},"match":"open a window containing the list of matches Rechercher dans plusieurs fichiers :cope[n]"},{"title":"Close the quickfix window","subtitle":"Rechercher dans plusieurs fichiers ⎯  :ccl[ose]","arg":["key code 53//keystroke \":ccl\" & return","close the quickfix window",":ccl[ose]"],"icon":{"type":"file","path":"img/searchMultipleFiles.png"},"match":"close the quickfix window Rechercher dans plusieurs fichiers :ccl[ose]"},{"title":"","subtitle":"Rechercher dans plusieurs fichiers ⎯  colonWa","arg":["key code 53//keystroke \":wa\" & return",null,"colonWa"],"icon":{"type":"file","path":"img/searchMultipleFiles.png"},"match":" Rechercher dans plusieurs fichiers colonWa"},{"title":"Close the quickfix window","subtitle":"Rechercher dans plusieurs fichiers ⎯  :ccl[ose]","arg":["key code 53//keystroke \":ccl\" & return","close the quickfix window",":ccl[ose]"],"icon":{"type":"file","path":"img/searchMultipleFiles.png"},"match":"close the quickfix window Rechercher dans plusieurs fichiers :ccl[ose]"},{"title":"Ouvrir un fichier dans un nouvel onglet","subtitle":"Onglets ⎯  :tabnew or :tabnew file","arg":["key code 53//keystroke \":tabnew\"//key code 49//keystroke \"file\" & return","ouvrir un fichier dans un nouvel onglet",":tabnew or :tabnew file"],"icon":{"type":"file","path":"img/tabs.png"},"match":"open a file in a new tab Onglets :tabnew or :tabnew file"},{"title":"Déplacer la fenêtre en cours dans son propre onglet","subtitle":"Onglets ⎯  Ctrl+wT","arg":["key code 53//keystroke \"w\" using control down//keystroke \"T\"","déplacer la fenêtre en cours dans son propre onglet","Ctrl+wT"],"icon":{"type":"file","path":"img/tabs.png"},"match":"move the current split window into its own tab Onglets Ctrl+wT"},{"title":"Aller à l'onglet suivant","subtitle":"Onglets ⎯  gt or :tabn[ext]","arg":["key code 53//keystroke \"gt\"","aller à l'onglet suivant","gt or :tabn[ext]"],"icon":{"type":"file","path":"img/tabs.png"},"match":"move to the next tab Onglets gt or :tabn[ext]"},{"title":"Aller à l'onglet précédent","subtitle":"Onglets ⎯  gT or :tabp[revious]","arg":["key code 53//keystroke \"gT\"","aller à l'onglet précédent","gT or :tabp[revious]"],"icon":{"type":"file","path":"img/tabs.png"},"match":"move to the previous tab Onglets gT or :tabp[revious]"},{"title":"Aller à l'onglet #","subtitle":"Onglets ⎯  #gt","arg":["key code 53//keystroke \"#gt\"","aller à l'onglet #","#gt"],"icon":{"type":"file","path":"img/tabs.png"},"match":"move to tab number # Onglets #gt"},{"title":"Déplacer l'onglet à la position # ","subtitle":"Onglets ⎯  :tabm[ove]","arg":["key code 53//keystroke \":tabm\" & return","déplacer l'onglet à la position # ",":tabm[ove]"],"icon":{"type":"file","path":"img/tabs.png"},"match":"move current tab to the #th position  Onglets :tabm[ove]"},{"title":"Fermer l'onglet en cours et toutes ses fenêtres","subtitle":"Onglets ⎯  :tabc[lose]","arg":["key code 53//keystroke \":tabc\" & return","fermer l'onglet en cours et toutes ses fenêtres",":tabc[lose]"],"icon":{"type":"file","path":"img/tabs.png"},"match":"close the current tab and all its windows Onglets :tabc[lose]"},{"title":"Fermer tous les onglets sauf l'onglet courant","subtitle":"Onglets ⎯  :tabo[nly]","arg":["key code 53//keystroke \":tabo\" & return","fermer tous les onglets sauf l'onglet courant",":tabo[nly]"],"icon":{"type":"file","path":"img/tabs.png"},"match":"close all tabs except for the current one Onglets :tabo[nly]"},{"title":"Exécute la commande sur tout les onglets ","subtitle":"Onglets ⎯  :tabdo command","arg":["key code 53//keystroke \":tabdo\"//key code 49//keystroke \"command\"","exécute la commande sur tout les onglets ",":tabdo command"],"icon":{"type":"file","path":"img/tabs.png"},"match":"run the command on all tabs  Onglets :tabdo command"},{"title":"Modifier un fichier dans un nouveau tampon","subtitle":"Travailler avec plusieurs fichiers ⎯  :e[dit] file","arg":["key code 53//keystroke \":e\"//key code 49//keystroke \"file\"","modifier un fichier dans un nouveau tampon",":e[dit] file"],"icon":{"type":"file","path":"img/workingWithMultipleFiles.png"},"match":"edit a file in a new buffer Travailler avec plusieurs fichiers :e[dit] file"},{"title":"Aller au tampon suivant","subtitle":"Travailler avec plusieurs fichiers ⎯  :bn[ext]","arg":["key code 53//keystroke \":bn\" & return","aller au tampon suivant",":bn[ext]"],"icon":{"type":"file","path":"img/workingWithMultipleFiles.png"},"match":"go to the next buffer Travailler avec plusieurs fichiers :bn[ext]"},{"title":"Aller au tampon précédent","subtitle":"Travailler avec plusieurs fichiers ⎯  :bp[revious]","arg":["key code 53//keystroke \":bp\" & return","aller au tampon précédent",":bp[revious]"],"icon":{"type":"file","path":"img/workingWithMultipleFiles.png"},"match":"go to the previous buffer Travailler avec plusieurs fichiers :bp[revious]"},{"title":"Supprimer un tampon ","subtitle":"Travailler avec plusieurs fichiers ⎯  :bd[elete]","arg":["key code 53//keystroke \":bd\" & return","supprimer un tampon ",":bd[elete]"],"icon":{"type":"file","path":"img/workingWithMultipleFiles.png"},"match":"delete a buffer  Travailler avec plusieurs fichiers :bd[elete]"},{"title":"Go to a buffer by #","subtitle":"Travailler avec plusieurs fichiers ⎯  :b[uffer]#","arg":["key code 53//keystroke \":b#\"","go to a buffer by #",":b[uffer]#"],"icon":{"type":"file","path":"img/workingWithMultipleFiles.png"},"match":"go to a buffer by index # Travailler avec plusieurs fichiers :b[uffer]#"},{"title":"Go to a buffer by file","subtitle":"Travailler avec plusieurs fichiers ⎯  :b[uffer] file","arg":["key code 53//keystroke \":b\"//key code 49//keystroke \"file\"","go to a buffer by file",":b[uffer] file"],"icon":{"type":"file","path":"img/workingWithMultipleFiles.png"},"match":"go to a buffer by file Travailler avec plusieurs fichiers :b[uffer] file"},{"title":"Liste tout les tampons ouverts","subtitle":"Travailler avec plusieurs fichiers ⎯  :ls or :buffers","arg":["key code 53//keystroke \":ls\" & return","liste tout les tampons ouverts",":ls or :buffers"],"icon":{"type":"file","path":"img/workingWithMultipleFiles.png"},"match":"list all open buffers Travailler avec plusieurs fichiers :ls or :buffers"},{"title":"Ouvrir un fichier dans un nouveau tampon et diviser la fenêtre","subtitle":"Travailler avec plusieurs fichiers ⎯  :sp[lit] file","arg":["key code 53//keystroke \":sp\"//key code 49//keystroke \"file\"","ouvrir un fichier dans un nouveau tampon et diviser la fenêtre",":sp[lit] file"],"icon":{"type":"file","path":"img/workingWithMultipleFiles.png"},"match":"open a file in a new buffer and split window Travailler avec plusieurs fichiers :sp[lit] file"},{"title":"Ouvrir un fichier dans un nouveau tampon et diviser la fenêtre verticalement","subtitle":"Travailler avec plusieurs fichiers ⎯  :vs[plit] file","arg":["key code 53//keystroke \":vs\"//key code 49//keystroke \"file\"","ouvrir un fichier dans un nouveau tampon et diviser la fenêtre verticalement",":vs[plit] file"],"icon":{"type":"file","path":"img/workingWithMultipleFiles.png"},"match":"open a file in a new buffer and vertically split window Travailler avec plusieurs fichiers :vs[plit] file"},{"title":"Edit all buffers as vertical windows","subtitle":"Travailler avec plusieurs fichiers ⎯  :vert[ical] ba[ll]","arg":["key code 53//keystroke \":vert\"//key code 49//keystroke \"ba\" & return","edit all buffers as vertical windows",":vert[ical] ba[ll]"],"icon":{"type":"file","path":"img/workingWithMultipleFiles.png"},"match":"edit all buffers as vertical windows Travailler avec plusieurs fichiers :vert[ical] ba[ll]"},{"title":"Edit all buffers as tabs","subtitle":"Travailler avec plusieurs fichiers ⎯  :tab ba[ll]","arg":["key code 53//keystroke \":tab\"//key code 49//keystroke \"ba\" & return","edit all buffers as tabs",":tab ba[ll]"],"icon":{"type":"file","path":"img/workingWithMultipleFiles.png"},"match":"edit all buffers as tabs Travailler avec plusieurs fichiers :tab ba[ll]"},{"title":"Diviser la fenêtre","subtitle":"Travailler avec plusieurs fichiers ⎯  Ctrl+w s","arg":["key code 53//keystroke \"w\" using control down//keystroke \"s\"","diviser la fenêtre","Ctrl+w s"],"icon":{"type":"file","path":"img/workingWithMultipleFiles.png"},"match":"split window Travailler avec plusieurs fichiers Ctrl+w s"},{"title":"Diviser la fenêtre verticalement","subtitle":"Travailler avec plusieurs fichiers ⎯  Ctrl+w v","arg":["key code 53//keystroke \"w\" using control down//keystroke \"v\"","diviser la fenêtre verticalement","Ctrl+w v"],"icon":{"type":"file","path":"img/workingWithMultipleFiles.png"},"match":"split window vertically Travailler avec plusieurs fichiers Ctrl+w v"},{"title":"Changer de fenêtre","subtitle":"Travailler avec plusieurs fichiers ⎯  Ctrl+w w","arg":["key code 53//keystroke \"w\" using control down//keystroke \"w\"","changer de fenêtre","Ctrl+w w"],"icon":{"type":"file","path":"img/workingWithMultipleFiles.png"},"match":"switch windows Travailler avec plusieurs fichiers Ctrl+w w"},{"title":"Fermer la fenêtre","subtitle":"Travailler avec plusieurs fichiers ⎯  Ctrl+w q","arg":["key code 53//keystroke \"w\" using control down//keystroke \"q\"","fermer la fenêtre","Ctrl+w q"],"icon":{"type":"file","path":"img/workingWithMultipleFiles.png"},"match":"quit a window Travailler avec plusieurs fichiers Ctrl+w q"},{"title":"Exchange current window with next one","subtitle":"Travailler avec plusieurs fichiers ⎯  Ctrl+w x","arg":["key code 53//keystroke \"w\" using control down//keystroke \"x\"","exchange current window with next one","Ctrl+w x"],"icon":{"type":"file","path":"img/workingWithMultipleFiles.png"},"match":"exchange current window with next one Travailler avec plusieurs fichiers Ctrl+w x"},{"title":"Make all windows equal height & width","subtitle":"Travailler avec plusieurs fichiers ⎯  Ctrl+w =","arg":["key code 53//keystroke \"w\" using control down//keystroke \"=\"","make all windows equal height & width","Ctrl+w ="],"icon":{"type":"file","path":"img/workingWithMultipleFiles.png"},"match":"make all windows equal height & width Travailler avec plusieurs fichiers Ctrl+w ="},{"title":"Déplacer le curseur vers la fenêtre de gauche ","subtitle":"Travailler avec plusieurs fichiers ⎯  Ctrl+w h","arg":["key code 53//keystroke \"w\" using control down//keystroke \"h\"","déplacer le curseur vers la fenêtre de gauche ","Ctrl+w h"],"icon":{"type":"file","path":"img/workingWithMultipleFiles.png"},"match":"move cursor to the left window  Travailler avec plusieurs fichiers Ctrl+w h"},{"title":"Déplacer le curseur vers la fenêtre de droite ","subtitle":"Travailler avec plusieurs fichiers ⎯  Ctrl+w l","arg":["key code 53//keystroke \"w\" using control down//keystroke \"l\"","déplacer le curseur vers la fenêtre de droite ","Ctrl+w l"],"icon":{"type":"file","path":"img/workingWithMultipleFiles.png"},"match":"move cursor to the right window  Travailler avec plusieurs fichiers Ctrl+w l"},{"title":"Déplacer le curseur vers la fenêtre en dessous ","subtitle":"Travailler avec plusieurs fichiers ⎯  Ctrl+w j","arg":["key code 53//keystroke \"w\" using control down//keystroke \"j\"","déplacer le curseur vers la fenêtre en dessous ","Ctrl+w j"],"icon":{"type":"file","path":"img/workingWithMultipleFiles.png"},"match":"move cursor to the window below  Travailler avec plusieurs fichiers Ctrl+w j"},{"title":"Déplacer le curseur vers la fenêtre au dessus ","subtitle":"Travailler avec plusieurs fichiers ⎯  Ctrl+w k","arg":["key code 53//keystroke \"w\" using control down//keystroke \"k\"","déplacer le curseur vers la fenêtre au dessus ","Ctrl+w k"],"icon":{"type":"file","path":"img/workingWithMultipleFiles.png"},"match":"move cursor to the window above  Travailler avec plusieurs fichiers Ctrl+w k"},{"title":"Make current window full height at far left ","subtitle":"Travailler avec plusieurs fichiers ⎯  Ctrl+w H","arg":["key code 53//keystroke \"w\" using control down//keystroke \"H\"","make current window full height at far left ","Ctrl+w H"],"icon":{"type":"file","path":"img/workingWithMultipleFiles.png"},"match":"make current window full height at far left  Travailler avec plusieurs fichiers Ctrl+w H"},{"title":"Make current window full height at far right ","subtitle":"Travailler avec plusieurs fichiers ⎯  Ctrl+w L","arg":["key code 53//keystroke \"w\" using control down//keystroke \"L\"","make current window full height at far right ","Ctrl+w L"],"icon":{"type":"file","path":"img/workingWithMultipleFiles.png"},"match":"make current window full height at far right  Travailler avec plusieurs fichiers Ctrl+w L"},{"title":"Make current window full width at the very bottom ","subtitle":"Travailler avec plusieurs fichiers ⎯  Ctrl+w J","arg":["key code 53//keystroke \"w\" using control down//keystroke \"J\"","make current window full width at the very bottom ","Ctrl+w J"],"icon":{"type":"file","path":"img/workingWithMultipleFiles.png"},"match":"make current window full width at the very bottom  Travailler avec plusieurs fichiers Ctrl+w J"},{"title":"Make current window full width at the very top ","subtitle":"Travailler avec plusieurs fichiers ⎯  Ctrl+w K","arg":["key code 53//keystroke \"w\" using control down//keystroke \"K\"","make current window full width at the very top ","Ctrl+w K"],"icon":{"type":"file","path":"img/workingWithMultipleFiles.png"},"match":"make current window full width at the very top  Travailler avec plusieurs fichiers Ctrl+w K"},{"title":"Manually define a fold up to motion","subtitle":"Diff ⎯  zf","arg":["key code 53//keystroke \"zf\"","manually define a fold up to motion","zf"],"icon":{"type":"file","path":"img/diff.png"},"match":"manually define a fold up to motion Diff zf"},{"title":"Delete fold under the cursor","subtitle":"Diff ⎯  zd","arg":["key code 53//keystroke \"zd\"","delete fold under the cursor","zd"],"icon":{"type":"file","path":"img/diff.png"},"match":"delete fold under the cursor Diff zd"},{"title":"Toggle fold under the cursor","subtitle":"Diff ⎯  za","arg":["key code 53//keystroke \"za\"","toggle fold under the cursor","za"],"icon":{"type":"file","path":"img/diff.png"},"match":"toggle fold under the cursor Diff za"},{"title":"Open fold under the cursor","subtitle":"Diff ⎯  zo","arg":["key code 53//keystroke \"zo\"","open fold under the cursor","zo"],"icon":{"type":"file","path":"img/diff.png"},"match":"open fold under the cursor Diff zo"},{"title":"Close fold under the cursor","subtitle":"Diff ⎯  zc","arg":["key code 53//keystroke \"zc\"","close fold under the cursor","zc"],"icon":{"type":"file","path":"img/diff.png"},"match":"close fold under the cursor Diff zc"},{"title":"Reduce  all folds by one level","subtitle":"Diff ⎯  zr","arg":["key code 53//keystroke \"zr\"","reduce  all folds by one level","zr"],"icon":{"type":"file","path":"img/diff.png"},"match":"reduce  all folds by one level Diff zr"},{"title":"Fold more  all folds by one level","subtitle":"Diff ⎯  zm","arg":["key code 53//keystroke \"zm\"","fold more  all folds by one level","zm"],"icon":{"type":"file","path":"img/diff.png"},"match":"fold more  all folds by one level Diff zm"},{"title":"Toggle folding functionality","subtitle":"Diff ⎯  zi","arg":["key code 53//keystroke \"zi\"","toggle folding functionality","zi"],"icon":{"type":"file","path":"img/diff.png"},"match":"toggle folding functionality Diff zi"},{"title":"Jump to start of next change","subtitle":"Diff ⎯  ]c","arg":["key code 53//keystroke \"]c\"","jump to start of next change","]c"],"icon":{"type":"file","path":"img/diff.png"},"match":"jump to start of next change Diff ]c"},{"title":"Jump to start of previous change","subtitle":"Diff ⎯  [c","arg":["key code 53//keystroke \"[c\"","jump to start of previous change","[c"],"icon":{"type":"file","path":"img/diff.png"},"match":"jump to start of previous change Diff [c"},{"title":"Obtain  difference ","subtitle":"Diff ⎯  do or :diffg[et]","arg":["key code 53//keystroke \"do\"","obtain  difference ","do or :diffg[et]"],"icon":{"type":"file","path":"img/diff.png"},"match":"obtain  difference  Diff do or :diffg[et]"},{"title":"Put difference ","subtitle":"Diff ⎯  dp or :diffpu[t]","arg":["key code 53//keystroke \"dp\"","put difference ","dp or :diffpu[t]"],"icon":{"type":"file","path":"img/diff.png"},"match":"put difference  Diff dp or :diffpu[t]"},{"title":"Make current window part of diff","subtitle":"Diff ⎯  :diffthis","arg":["key code 53//keystroke \":diffthis\" & return","make current window part of diff",":diffthis"],"icon":{"type":"file","path":"img/diff.png"},"match":"make current window part of diff Diff :diffthis"},{"title":"Update differences","subtitle":"Diff ⎯  :dif[fupdate]","arg":["key code 53//keystroke \":dif\" & return","update differences",":dif[fupdate]"],"icon":{"type":"file","path":"img/diff.png"},"match":"update differences Diff :dif[fupdate]"},{"title":"Switch off diff mode for current window","subtitle":"Diff ⎯  :diffo[ff]","arg":["key code 53//keystroke \":diffo\" & return","switch off diff mode for current window",":diffo[ff]"],"icon":{"type":"file","path":"img/diff.png"},"match":"switch off diff mode for current window Diff :diffo[ff]"},{"title":"Turn on us english spell checking","subtitle":"Spell checking ⎯  :set spell spelllang=en_us","arg":["key code 53//keystroke \":set\"//key code 49//keystroke \"spell\"//key code 49//keystroke \"spelllang=en_us\" & return","Turn on US English spell checking",":set spell spelllang=en_us"],"icon":{"type":"file","path":"img/spell.png"},"match":"Turn on US English spell checking Spell checking :set spell spelllang=en_us"},{"title":"Turn off spell checking","subtitle":"Spell checking ⎯  :set nospell","arg":["key code 53//keystroke \":set\"//key code 49//keystroke \"nospell\" & return","Turn off spell checking",":set nospell"],"icon":{"type":"file","path":"img/spell.png"},"match":"Turn off spell checking Spell checking :set nospell"},{"title":"Move to next misspelled word after the cursor","subtitle":"Spell checking ⎯  ]s","arg":["key code 53//keystroke \"]s\"","Move to next misspelled word after the cursor","]s"],"icon":{"type":"file","path":"img/spell.png"},"match":"Move to next misspelled word after the cursor Spell checking ]s"},{"title":"Move to previous misspelled word before the cursor","subtitle":"Spell checking ⎯  [s","arg":["key code 53//keystroke \"[s\"","Move to previous misspelled word before the cursor","[s"],"icon":{"type":"file","path":"img/spell.png"},"match":"Move to previous misspelled word before the cursor Spell checking [s"},{"title":"Suggest spellings for the word under/after the cursor","subtitle":"Spell checking ⎯  z=","arg":["key code 53//keystroke \"z=\"","Suggest spellings for the word under/after the cursor","z="],"icon":{"type":"file","path":"img/spell.png"},"match":"Suggest spellings for the word under/after the cursor Spell checking z="},{"title":"Add word to spell list","subtitle":"Spell checking ⎯  zg","arg":["key code 53//keystroke \"zg\"","Add word to spell list","zg"],"icon":{"type":"file","path":"img/spell.png"},"match":"Add word to spell list Spell checking zg"},{"title":"Mark word as bad/mispelling","subtitle":"Spell checking ⎯  zw","arg":["key code 53//keystroke \"zw\"","Mark word as bad/mispelling","zw"],"icon":{"type":"file","path":"img/spell.png"},"match":"Mark word as bad/mispelling Spell checking zw"},{"title":"Suggest words for bad word under cursor from spell file","subtitle":"Spell checking ⎯  zu","arg":["key code 53//keystroke \"zu\"","Suggest words for bad word under cursor from spell file","zu"],"icon":{"type":"file","path":"img/spell.png"},"match":"Suggest words for bad word under cursor from spell file Spell checking zu"},{"title":"Increment number","subtitle":"Miscellaneous ⎯  Ctrl+a","arg":["key code 53//keystroke \"a\" using control down","Increment number","Ctrl+a"],"icon":{"type":"file","path":"img/misc.png"},"match":"Increment number Miscellaneous Ctrl+a"},{"title":"Decrement number","subtitle":"Miscellaneous ⎯  Ctrl+x","arg":["key code 53//keystroke \"x\" using control down","Decrement number","Ctrl+x"],"icon":{"type":"file","path":"img/misc.png"},"match":"Decrement number Miscellaneous Ctrl+x"},{"title":"Re-select last selected block of text","subtitle":"Miscellaneous ⎯  gv","arg":["key code 53//keystroke \"gv\"","Re-select last selected block of text","gv"],"icon":{"type":"file","path":"img/misc.png"},"match":"Re-select last selected block of text Miscellaneous gv"},{"title":"Insert the result of an expression at the cursor","subtitle":"Miscellaneous ⎯  Ctrl+r =","arg":["key code 53//keystroke \"r\" using control down//keystroke \"=\"","Insert the result of an expression at the cursor","Ctrl+r ="],"icon":{"type":"file","path":"img/misc.png"},"match":"Insert the result of an expression at the cursor Miscellaneous Ctrl+r ="},{"title":"Change file encoding to utf-8","subtitle":"Miscellaneous ⎯  set fenc=UTF-8","arg":["key code 53//keystroke \"set\"//key code 49//keystroke \"fenc=UTF-8\"","Change file encoding to UTF-8","set fenc=UTF-8"],"icon":{"type":"file","path":"img/misc.png"},"match":"Change file encoding to UTF-8 Miscellaneous set fenc=UTF-8"},{"title":"Escape next character","subtitle":"Regex ⎯  \\","arg":["keystroke \"\\\\\"","Escape next character","\\"],"icon":{"type":"file","path":"img/regex.png"},"match":"Escape next character Regex \\"},{"title":"Start-of­-line","subtitle":"Regex ⎯  ^","arg":["keystroke \"^\"","Start-of­-line","^"],"icon":{"type":"file","path":"img/regex.png"},"match":"Start-of­-line Regex ^"},{"title":"End-of-­line","subtitle":"Regex ⎯  $","arg":["keystroke \"$\"","End-of-­line","$"],"icon":{"type":"file","path":"img/regex.png"},"match":"End-of-­line Regex $"},{"title":"Any char","subtitle":"Regex ⎯  .","arg":["keystroke \".\"","Any char","."],"icon":{"type":"file","path":"img/regex.png"},"match":"Any char Regex ."},{"title":"0 or more quantifier","subtitle":"Regex ⎯  *","arg":["keystroke \"*\"","0 or more quantifier","*"],"icon":{"type":"file","path":"img/regex.png"},"match":"0 or more quantifier Regex *"},{"title":"Match last given substitute string","subtitle":"Regex ⎯  ~","arg":["keystroke \"\"~","Match last given substitute string","~"],"icon":{"type":"file","path":"img/regex.png"},"match":"Match last given substitute string Regex ~"},{"title":"Match range","subtitle":"Regex ⎯  [...]","arg":["keystroke \"[...]\"","Match range","[...]"],"icon":{"type":"file","path":"img/regex.png"},"match":"Match range Regex [...]"},{"title":"Not range","subtitle":"Regex ⎯  [^...]","arg":["keystroke \"[^...]\"","Not range","[^...]"],"icon":{"type":"file","path":"img/regex.png"},"match":"Not range Regex [^...]"},{"title":"In replacement: insert <pattern>","subtitle":"Regex ⎯  &","arg":["keystroke \"&\"","In replacement: insert <pattern>","&"],"icon":{"type":"file","path":"img/regex.png"},"match":"In replacement: insert <pattern> Regex &"},{"title":"Beginning of a word","subtitle":"Regex ⎯  \\<","arg":["keystroke \"\\\\<\"","Beginning of a word","\\<"],"icon":{"type":"file","path":"img/regex.png"},"match":"Beginning of a word Regex \\<"},{"title":"End of word","subtitle":"Regex ⎯  \\>","arg":["keystroke \"\\\\>\"","End of word","\\>"],"icon":{"type":"file","path":"img/regex.png"},"match":"End of word Regex \\>"},{"title":"Group","subtitle":"Regex ⎯  \\(...\\)","arg":["keystroke \"\\\\(...\\\\)\"","Group","\\(...\\)"],"icon":{"type":"file","path":"img/regex.png"},"match":"Group Regex \\(...\\)"},{"title":"Separate alternative","subtitle":"Regex ⎯  \\|","arg":["keystroke \"\\\\|\"","Separate alternative","\\|"],"icon":{"type":"file","path":"img/regex.png"},"match":"Separate alternative Regex \\|"},{"title":"Any single char or end-of­line","subtitle":"Regex ⎯  \\_.","arg":["keystroke \"\\\\_.\"","Any single char or end-of­line","\\_."],"icon":{"type":"file","path":"img/regex.png"},"match":"Any single char or end-of­line Regex \\_."},{"title":"1 or more quantifier","subtitle":"Regex ⎯  \\+","arg":["keystroke \"\\\\+\"","1 or more quantifier","\\+"],"icon":{"type":"file","path":"img/regex.png"},"match":"1 or more quantifier Regex \\+"},{"title":"0 or 1 quantifier","subtitle":"Regex ⎯  \\=","arg":["keystroke \"\\\\=\"","0 or 1 quantifier","\\="],"icon":{"type":"file","path":"img/regex.png"},"match":"0 or 1 quantifier Regex \\="},{"title":"0 or 1 quantifier","subtitle":"Regex ⎯  \\?","arg":["keystroke \"\\\\?\"","0 or 1 quantifier","\\?"],"icon":{"type":"file","path":"img/regex.png"},"match":"0 or 1 quantifier Regex \\?"},{"title":"N to m quantifier","subtitle":"Regex ⎯  \\{n,m}","arg":["keystroke \"\\\\{n,m}\"","n to m quantifier","\\{n,m}"],"icon":{"type":"file","path":"img/regex.png"},"match":"n to m quantifier Regex \\{n,m}"},{"title":"N quantifier","subtitle":"Regex ⎯  \\{n}","arg":["keystroke \"\\\\{n}\"","n quantifier","\\{n}"],"icon":{"type":"file","path":"img/regex.png"},"match":"n quantifier Regex \\{n}"},{"title":"At least n quantifier","subtitle":"Regex ⎯  \\{n,}","arg":["keystroke \"\"\\\\{n,}","at least n quantifier","\\{n,}"],"icon":{"type":"file","path":"img/regex.png"},"match":"at least n quantifier Regex \\{n,}"},{"title":"0 to m quantifier","subtitle":"Regex ⎯  \\{,m}","arg":["keystroke \"\\\\{,}\"","0 to m quantifier","\\{,m}"],"icon":{"type":"file","path":"img/regex.png"},"match":"0 to m quantifier Regex \\{,m}"},{"title":"Delete all lines matching pattern","subtitle":"Regex ⎯  :%g/<pa­tte­rn>/d","arg":["key code 53//keystroke \":%g/<pa­tte­r/d\"","delete all lines matching pattern",":%g/<pa­tte­rn>/d"],"icon":{"type":"file","path":"img/regex.png"},"match":"delete all lines matching pattern Regex :%g/<pa­tte­rn>/d"},{"title":"Delete all lines not matching <pattern>","subtitle":"Regex ⎯  :%v/<pa­tte­rn>/d","arg":["key code 53//keystroke \":%v/<pa­tte­r/d\"","delete all lines NOT matching <pattern>",":%v/<pa­tte­rn>/d"],"icon":{"type":"file","path":"img/regex.png"},"match":"delete all lines NOT matching <pattern> Regex :%v/<pa­tte­rn>/d"},{"title":"Delete empty lines","subtitle":"Regex ⎯  :%s/^.*$\\n//","arg":["key code 53//keystroke \":%s/^.*$\\\\n//\"","delete empty lines",":%s/^.*$\\n//"],"icon":{"type":"file","path":"img/regex.png"},"match":"delete empty lines Regex :%s/^.*$\\n//"},{"title":"Replace <pattern> by 'new <pattern>'","subtitle":"Regex ⎯  :s/<pattern>/new &/","arg":["key code 53//keystroke \":%s/<pattern>/new &/\"","Replace <pattern> by 'new <pattern>'",":s/<pattern>/new &/"],"icon":{"type":"file","path":"img/regex.png"},"match":"Replace <pattern> by 'new <pattern>' Regex :s/<pattern>/new &/"},{"title":"Replace <pattern> by content of register","subtitle":"Regex ⎯  :s/<pattern>/\\=@a/","arg":["key code 53//keystroke \":%s/<pattern>/\\\\=@a/\"","Replace <pattern> by content of register",":s/<pattern>/\\=@a/"],"icon":{"type":"file","path":"img/regex.png"},"match":"Replace <pattern> by content of register Regex :s/<pattern>/\\=@a/"},{"title":"Count number of occurrence of <pattern>","subtitle":"Regex ⎯  :s/<pattern>//gn","arg":["key code 53//keystroke \":%s/<pattern>//gn\"","Count number of occurrence of <pattern>",":s/<pattern>//gn"],"icon":{"type":"file","path":"img/regex.png"},"match":"Count number of occurrence of <pattern> Regex :s/<pattern>//gn"},{"title":"Match start","subtitle":"Regex ⎯  \\zs","arg":["keystroke \"\\\\zs\"","Match start","\\zs"],"icon":{"type":"file","path":"img/regex.png"},"match":"Match start Regex \\zs"},{"title":"Match end","subtitle":"Regex ⎯  \\ze","arg":["keystroke \"\\\\ze\"","Match end","\\ze"],"icon":{"type":"file","path":"img/regex.png"},"match":"Match end Regex \\ze"},{"title":"Positive look behind to find <pattern>","subtitle":"Regex ⎯  <atom>\\@<=<pattern>","arg":["keystroke \"<atom>\\\\@<=<pattern>\"","Positive look behind to find <pattern>","<atom>\\@<=<pattern>"],"icon":{"type":"file","path":"img/regex.png"},"match":"Positive look behind to find <pattern> Regex <atom>\\@<=<pattern>"},{"title":"Positive look ahead to find <pattern>","subtitle":"Regex ⎯  <pattern><atom>\\@=","arg":["keystroke \"<pattern><atom>\\\\@=\"","Positive look ahead to find <pattern>","<pattern><atom>\\@="],"icon":{"type":"file","path":"img/regex.png"},"match":"Positive look ahead to find <pattern> Regex <pattern><atom>\\@="},{"title":"Negative look behind to find <pattern>","subtitle":"Regex ⎯  <atom>\\@<!<pattern>","arg":["keystroke \"<atom>\\\\@<!<pattern>\"","Negative look behind to find <pattern>","<atom>\\@<!<pattern>"],"icon":{"type":"file","path":"img/regex.png"},"match":"Negative look behind to find <pattern> Regex <atom>\\@<!<pattern>"},{"title":"Negative look ahead to find <pattern>","subtitle":"Regex ⎯  <pattern><atom>\\@!","arg":["keystroke \"<pattern><atom>\\\\@!\"","Negative look ahead to find <pattern>","<pattern><atom>\\@!"],"icon":{"type":"file","path":"img/regex.png"},"match":"Negative look ahead to find <pattern> Regex <pattern><atom>\\@!"},{"title":"Non-greedy 0 or more quantifier","subtitle":"Regex ⎯  \\{-}","arg":["keystroke \"\\\\{-}\"","Non-greedy 0 or more quantifier","\\{-}"],"icon":{"type":"file","path":"img/regex.png"},"match":"Non-greedy 0 or more quantifier Regex \\{-}"}]}