{"items":[{"title":" keyword עזרה עבור","subtitle":"Global ⎯  :h[elp] keyword","arg":["key code 53//keystroke \":h\"//key code 49//keystroke \"keyword\""," keyword עזרה עבור",":h[elp] keyword"],"icon":{"type":"file","path":"img/global.png"},"match":"open help for keyword Global :h[elp] keyword"},{"title":"שמור בשם","subtitle":"Global ⎯  :sav[eas] file","arg":["key code 53//keystroke \":sav\"//key code 49//keystroke \"file\"","שמור בשם",":sav[eas] file"],"icon":{"type":"file","path":"img/global.png"},"match":"save file as Global :sav[eas] file"},{"title":"סגור את הפאנל","subtitle":"Global ⎯  :clo[se]","arg":["key code 53//keystroke \":clo\" & return","סגור את הפאנל",":clo[se]"],"icon":{"type":"file","path":"img/global.png"},"match":"close current pane Global :clo[se]"},{"title":"פתח טרמינל","subtitle":"Global ⎯  :ter[minal]","arg":["key code 53//keystroke \":ter\" & return","פתח טרמינל",":ter[minal]"],"icon":{"type":"file","path":"img/global.png"},"match":"open a terminal window Global :ter[minal]"},{"title":"Open man page for word under the cursor","subtitle":"Global ⎯  K","arg":["key code 53//keystroke \"K\"","open man page for word under the cursor","K"],"icon":{"type":"file","path":"img/global.png"},"match":"open man page for word under the cursor Global K"},{"title":"הזזת הסמן לשמאל","subtitle":"הזזת הסמן ⎯  h","arg":["key code 53//keystroke \"h\"","הזזת הסמן לשמאל","h"],"icon":{"type":"file","path":"img/cursorMovement.png"},"match":"move cursor left הזזת הסמן h"},{"title":"הזזת הסמן למטה","subtitle":"הזזת הסמן ⎯  j","arg":["key code 53//keystroke \"j\"","הזזת הסמן למטה","j"],"icon":{"type":"file","path":"img/cursorMovement.png"},"match":"move cursor down הזזת הסמן j"},{"title":"הזזת הסמן למעלה","subtitle":"הזזת הסמן ⎯  k","arg":["key code 53//keystroke \"k\"","הזזת הסמן למעלה","k"],"icon":{"type":"file","path":"img/cursorMovement.png"},"match":"move cursor up הזזת הסמן k"},{"title":"הזזת הסמן לימין","subtitle":"הזזת הסמן ⎯  l","arg":["key code 53//keystroke \"l\"","הזזת הסמן לימין","l"],"icon":{"type":"file","path":"img/cursorMovement.png"},"match":"move cursor right הזזת הסמן l"},{"title":"Move cursor down ","subtitle":"הזזת הסמן ⎯  gj","arg":["key code 53//keystroke \"gj\"","move cursor down ","gj"],"icon":{"type":"file","path":"img/cursorMovement.png"},"match":"move cursor down  הזזת הסמן gj"},{"title":"Move cursor up ","subtitle":"הזזת הסמן ⎯  gk","arg":["key code 53//keystroke \"gk\"","move cursor up ","gk"],"icon":{"type":"file","path":"img/cursorMovement.png"},"match":"move cursor up  הזזת הסמן gk"},{"title":"עבור לתחילת המסך","subtitle":"הזזת הסמן ⎯  H","arg":["key code 53//keystroke \"H\"","עבור לתחילת המסך","H"],"icon":{"type":"file","path":"img/cursorMovement.png"},"match":"move to top of screen הזזת הסמן H"},{"title":"עבור לאמצע המסך","subtitle":"הזזת הסמן ⎯  M","arg":["key code 53//keystroke \"M\"","עבור לאמצע המסך","M"],"icon":{"type":"file","path":"img/cursorMovement.png"},"match":"move to middle of screen הזזת הסמן M"},{"title":"עבור לסוף המסך","subtitle":"הזזת הסמן ⎯  L","arg":["key code 53//keystroke \"L\"","עבור לסוף המסך","L"],"icon":{"type":"file","path":"img/cursorMovement.png"},"match":"move to bottom of screen הזזת הסמן L"},{"title":"עבור לתחילת המילה הבאה","subtitle":"הזזת הסמן ⎯  w","arg":["key code 53//keystroke \"w\"","עבור לתחילת המילה הבאה","w"],"icon":{"type":"file","path":"img/cursorMovement.png"},"match":"jump forwards to the start of a word הזזת הסמן w"},{"title":"עבור לתחילת המילה הבאה ","subtitle":"הזזת הסמן ⎯  W","arg":["key code 53//keystroke \"W\"","עבור לתחילת המילה הבאה ","W"],"icon":{"type":"file","path":"img/cursorMovement.png"},"match":"jump forwards to the start of a word  הזזת הסמן W"},{"title":"עבור לסוף המילה הבאה","subtitle":"הזזת הסמן ⎯  e","arg":["key code 53//keystroke \"e\"","עבור לסוף המילה הבאה","e"],"icon":{"type":"file","path":"img/cursorMovement.png"},"match":"jump forwards to the end of a word הזזת הסמן e"},{"title":"עבור לסוף המילה הבאה ","subtitle":"הזזת הסמן ⎯  E","arg":["key code 53//keystroke \"E\"","עבור לסוף המילה הבאה ","E"],"icon":{"type":"file","path":"img/cursorMovement.png"},"match":"jump forwards to the end of a word  הזזת הסמן E"},{"title":"עבור לתחילת המילה הקודמת","subtitle":"הזזת הסמן ⎯  b","arg":["key code 53//keystroke \"b\"","עבור לתחילת המילה הקודמת","b"],"icon":{"type":"file","path":"img/cursorMovement.png"},"match":"jump backwards to the start of a word הזזת הסמן b"},{"title":"עבור לתחילת המילה הקודמת ","subtitle":"הזזת הסמן ⎯  B","arg":["key code 53//keystroke \"B\"","עבור לתחילת המילה הקודמת ","B"],"icon":{"type":"file","path":"img/cursorMovement.png"},"match":"jump backwards to the start of a word  הזזת הסמן B"},{"title":"עבור לסוף המילה הקודמת","subtitle":"הזזת הסמן ⎯  ge","arg":["key code 53//keystroke \"ge\"","עבור לסוף המילה הקודמת","ge"],"icon":{"type":"file","path":"img/cursorMovement.png"},"match":"jump backwards to the end of a word הזזת הסמן ge"},{"title":"עבור לסוף המילה הקודמת (מילים יכולות להכיל סימני פיסוק","subtitle":"הזזת הסמן ⎯  gE","arg":["key code 53//keystroke \"gE\"","עבור לסוף המילה הקודמת (מילים יכולות להכיל סימני פיסוק","gE"],"icon":{"type":"file","path":"img/cursorMovement.png"},"match":"jump backwards to the end of a word  הזזת הסמן gE"},{"title":"עבור לתו המתאים ","subtitle":"הזזת הסמן ⎯  %","arg":["key code 53//keystroke \"%\"","עבור לתו המתאים ","%"],"icon":{"type":"file","path":"img/cursorMovement.png"},"match":"move to matching character  הזזת הסמן %"},{"title":"עבור לתחילת השורה","subtitle":"הזזת הסמן ⎯  0","arg":["key code 53//keystroke \"0\"","עבור לתחילת השורה","0"],"icon":{"type":"file","path":"img/cursorMovement.png"},"match":"jump to the start of the line הזזת הסמן 0"},{"title":"עבור לתו הלא ריק הראשון בשורה","subtitle":"הזזת הסמן ⎯  ^","arg":["key code 53//keystroke \"^\"","עבור לתו הלא ריק הראשון בשורה","^"],"icon":{"type":"file","path":"img/cursorMovement.png"},"match":"jump to the first non-blank character of the line הזזת הסמן ^"},{"title":"עבור לסוף השורה","subtitle":"הזזת הסמן ⎯  $","arg":["key code 53//keystroke \"$\"","עבור לסוף השורה","$"],"icon":{"type":"file","path":"img/cursorMovement.png"},"match":"jump to the end of the line הזזת הסמן $"},{"title":"עבור לתו הלא ריק האחרון בשורה","subtitle":"הזזת הסמן ⎯  g_","arg":["key code 53//keystroke \"g_\"","עבור לתו הלא ריק האחרון בשורה","g_"],"icon":{"type":"file","path":"img/cursorMovement.png"},"match":"jump to the last non-blank character of the line הזזת הסמן g_"},{"title":"עבור לשורה הראשונה במסמך","subtitle":"הזזת הסמן ⎯  gg","arg":["key code 53//keystroke \"gg\"","עבור לשורה הראשונה במסמך","gg"],"icon":{"type":"file","path":"img/cursorMovement.png"},"match":"go to the first line of the document הזזת הסמן gg"},{"title":"עבור לשורה האחרונה במסמך","subtitle":"הזזת הסמן ⎯  G","arg":["key code 53//keystroke \"G\"","עבור לשורה האחרונה במסמך","G"],"icon":{"type":"file","path":"img/cursorMovement.png"},"match":"go to the last line of the document הזזת הסמן G"},{"title":"עבור לשורה 5","subtitle":"הזזת הסמן ⎯  5gg or 5G","arg":["key code 53//keystroke \"5gg\"","עבור לשורה 5","5gg or 5G"],"icon":{"type":"file","path":"img/cursorMovement.png"},"match":"go to line 5 הזזת הסמן 5gg or 5G"},{"title":"Move to local declaration","subtitle":"הזזת הסמן ⎯  gd","arg":["key code 53//keystroke \"gd\"","move to local declaration","gd"],"icon":{"type":"file","path":"img/cursorMovement.png"},"match":"move to local declaration הזזת הסמן gd"},{"title":"Move to global declaration","subtitle":"הזזת הסמן ⎯  gD","arg":["key code 53//keystroke \"gD\"","move to global declaration","gD"],"icon":{"type":"file","path":"img/cursorMovement.png"},"match":"move to global declaration הזזת הסמן gD"},{"title":"X עבור למופע הבא של התו","subtitle":"הזזת הסמן ⎯  fx","arg":["key code 53//keystroke \"fx\"","x עבור למופע הבא של התו","fx"],"icon":{"type":"file","path":"img/cursorMovement.png"},"match":"jump to next occurrence of character x הזזת הסמן fx"},{"title":"X עבור ללפני המופע הבא של התו","subtitle":"הזזת הסמן ⎯  tx","arg":["key code 53//keystroke \"tx\"","x עבור ללפני המופע הבא של התו","tx"],"icon":{"type":"file","path":"img/cursorMovement.png"},"match":"jump to before next occurrence of character x הזזת הסמן tx"},{"title":"X עבור למופע הקודם של התו","subtitle":"הזזת הסמן ⎯  Fx","arg":["key code 53//keystroke \"Fx\"","x עבור למופע הקודם של התו","Fx"],"icon":{"type":"file","path":"img/cursorMovement.png"},"match":"jump to the previous occurrence of character x הזזת הסמן Fx"},{"title":"X עבור לאחרי המופע הקודם של התו","subtitle":"הזזת הסמן ⎯  Tx","arg":["key code 53//keystroke \"Tx\"","x עבור לאחרי המופע הקודם של התו","Tx"],"icon":{"type":"file","path":"img/cursorMovement.png"},"match":"jump to after previous occurrence of character x הזזת הסמן Tx"},{"title":"קדימה t או ,f ,t ,f חזור על","subtitle":"הזזת הסמן ⎯  ;","arg":["key code 53//keystroke \";\"","קדימה T או ,F ,t ,f חזור על",";"],"icon":{"type":"file","path":"img/cursorMovement.png"},"match":"repeat previous f, t, F or T movement הזזת הסמן ;"},{"title":"אחורה t או ,f ,t ,f חזור על","subtitle":"הזזת הסמן ⎯  ,","arg":["key code 53//keystroke \",\"","אחורה T או ,F ,t ,f חזור על",","],"icon":{"type":"file","path":"img/cursorMovement.png"},"match":"repeat previous f, t, F or T movement, backwards הזזת הסמן ,"},{"title":" עבור לפסקה  הבאה ","subtitle":"הזזת הסמן ⎯  }","arg":["key code 53//keystroke \"}\""," עבור לפסקה  הבאה ","}"],"icon":{"type":"file","path":"img/cursorMovement.png"},"match":"jump to next paragraph  הזזת הסמן }"},{"title":" עבור לפסקה  הקודמת ","subtitle":"הזזת הסמן ⎯  {","arg":["key code 53//keystroke \"{\""," עבור לפסקה  הקודמת ","{"],"icon":{"type":"file","path":"img/cursorMovement.png"},"match":"jump to previous paragraph  הזזת הסמן {"},{"title":"ממרכז את מיקום הסמן במסך","subtitle":"הזזת הסמן ⎯  zz","arg":["key code 53//keystroke \"zz\"","ממרכז את מיקום הסמן במסך","zz"],"icon":{"type":"file","path":"img/cursorMovement.png"},"match":"center cursor on screen הזזת הסמן zz"},{"title":" מוריד את המסך שורה אחת","subtitle":"הזזת הסמן ⎯  Ctrl+e","arg":["key code 53//keystroke \"e\" using control down"," מוריד את המסך שורה אחת","Ctrl+e"],"icon":{"type":"file","path":"img/cursorMovement.png"},"match":"move screen down one line  הזזת הסמן Ctrl+e"},{"title":" מעלה את המסך שורה אחת","subtitle":"הזזת הסמן ⎯  Ctrl+y","arg":["key code 53//keystroke \"y\" using control down"," מעלה את המסך שורה אחת","Ctrl+y"],"icon":{"type":"file","path":"img/cursorMovement.png"},"match":"move screen up one line  הזזת הסמן Ctrl+y"},{"title":"עבור מסך מלא אחורה","subtitle":"הזזת הסמן ⎯  Ctrl+b","arg":["key code 53//keystroke \"b\" using control down","עבור מסך מלא אחורה","Ctrl+b"],"icon":{"type":"file","path":"img/cursorMovement.png"},"match":"move back one full screen הזזת הסמן Ctrl+b"},{"title":"עבור מסך מלא קדימה","subtitle":"הזזת הסמן ⎯  Ctrl+f","arg":["key code 53//keystroke \"f\" using control down","עבור מסך מלא קדימה","Ctrl+f"],"icon":{"type":"file","path":"img/cursorMovement.png"},"match":"move forward one full screen הזזת הסמן Ctrl+f"},{"title":"עבור אחורה חצי מסך","subtitle":"הזזת הסמן ⎯  Ctrl+u","arg":["key code 53//keystroke \"u\" using control down","עבור אחורה חצי מסך","Ctrl+u"],"icon":{"type":"file","path":"img/cursorMovement.png"},"match":"move back 1/2 a screen הזזת הסמן Ctrl+u"},{"title":"עבור קדימה חצי מסך","subtitle":"הזזת הסמן ⎯  Ctrl+d","arg":["key code 53//keystroke \"d\" using control down","עבור קדימה חצי מסך","Ctrl+d"],"icon":{"type":"file","path":"img/cursorMovement.png"},"match":"move forward 1/2 a screen הזזת הסמן Ctrl+d"},{"title":"הכנס טקסט לפני הסמן","subtitle":"Insert mode - inserting/appending text ⎯  i","arg":["key code 53//keystroke \"i\"","הכנס טקסט לפני הסמן","i"],"icon":{"type":"file","path":"img/insertMode.png"},"match":"insert before the cursor Insert mode - inserting/appending text i"},{"title":"Insert at the beginning of the line","subtitle":"Insert mode - inserting/appending text ⎯  I","arg":["key code 53//keystroke \"I\"","insert at the beginning of the line","I"],"icon":{"type":"file","path":"img/insertMode.png"},"match":"insert at the beginning of the line Insert mode - inserting/appending text I"},{"title":"Insert  after the cursor","subtitle":"Insert mode - inserting/appending text ⎯  a","arg":["key code 53//keystroke \"a\"","insert  after the cursor","a"],"icon":{"type":"file","path":"img/insertMode.png"},"match":"insert  after the cursor Insert mode - inserting/appending text a"},{"title":"Insert  at the end of the line","subtitle":"Insert mode - inserting/appending text ⎯  A","arg":["key code 53//keystroke \"A\"","insert  at the end of the line","A"],"icon":{"type":"file","path":"img/insertMode.png"},"match":"insert  at the end of the line Insert mode - inserting/appending text A"},{"title":"Append  a new line below the current line","subtitle":"Insert mode - inserting/appending text ⎯  o","arg":["key code 53//keystroke \"o\"","append  a new line below the current line","o"],"icon":{"type":"file","path":"img/insertMode.png"},"match":"append  a new line below the current line Insert mode - inserting/appending text o"},{"title":"Append  a new line above the current line","subtitle":"Insert mode - inserting/appending text ⎯  O","arg":["key code 53//keystroke \"O\"","append  a new line above the current line","O"],"icon":{"type":"file","path":"img/insertMode.png"},"match":"append  a new line above the current line Insert mode - inserting/appending text O"},{"title":"Insert  at the end of the word","subtitle":"Insert mode - inserting/appending text ⎯  ea","arg":["key code 53//keystroke \"ea\"","insert  at the end of the word","ea"],"icon":{"type":"file","path":"img/insertMode.png"},"match":"insert  at the end of the word Insert mode - inserting/appending text ea"},{"title":"Delete the character before the cursor during insert mode","subtitle":"Insert mode - inserting/appending text ⎯  Ctrl+h","arg":["keystroke \"h\" using control down","delete the character before the cursor during insert mode","Ctrl+h"],"icon":{"type":"file","path":"img/insertMode.png"},"match":"delete the character before the cursor during insert mode Insert mode - inserting/appending text Ctrl+h"},{"title":"Delete word before the cursor during insert mode","subtitle":"Insert mode - inserting/appending text ⎯  Ctrl+w","arg":["keystroke \"w\" using control down","delete word before the cursor during insert mode","Ctrl+w"],"icon":{"type":"file","path":"img/insertMode.png"},"match":"delete word before the cursor during insert mode Insert mode - inserting/appending text Ctrl+w"},{"title":"Begin new line during insert mode","subtitle":"Insert mode - inserting/appending text ⎯  Ctrl+j","arg":["keystroke \"j\" using control down","begin new line during insert mode","Ctrl+j"],"icon":{"type":"file","path":"img/insertMode.png"},"match":"begin new line during insert mode Insert mode - inserting/appending text Ctrl+j"},{"title":"Indent  line one shiftwidth during insert mode","subtitle":"Insert mode - inserting/appending text ⎯  Ctrl+t","arg":["keystroke \"t\" using control down","indent  line one shiftwidth during insert mode","Ctrl+t"],"icon":{"type":"file","path":"img/insertMode.png"},"match":"indent  line one shiftwidth during insert mode Insert mode - inserting/appending text Ctrl+t"},{"title":"De-indent  line one shiftwidth during insert mode","subtitle":"Insert mode - inserting/appending text ⎯  Ctrl+d","arg":["keystroke \"d\" using control down","de-indent  line one shiftwidth during insert mode","Ctrl+d"],"icon":{"type":"file","path":"img/insertMode.png"},"match":"de-indent  line one shiftwidth during insert mode Insert mode - inserting/appending text Ctrl+d"},{"title":"Insert  next match before the cursor during insert mode","subtitle":"Insert mode - inserting/appending text ⎯  Ctrl+n","arg":["keystroke \"n\" using control down","insert  next match before the cursor during insert mode","Ctrl+n"],"icon":{"type":"file","path":"img/insertMode.png"},"match":"insert  next match before the cursor during insert mode Insert mode - inserting/appending text Ctrl+n"},{"title":"Insert  previous match before the cursor during insert mode","subtitle":"Insert mode - inserting/appending text ⎯  Ctrl+p","arg":["keystroke \"p\" using control down","insert  previous match before the cursor during insert mode","Ctrl+p"],"icon":{"type":"file","path":"img/insertMode.png"},"match":"insert  previous match before the cursor during insert mode Insert mode - inserting/appending text Ctrl+p"},{"title":"Insert the contents of register x","subtitle":"Insert mode - inserting/appending text ⎯  Ctrl+r x","arg":["keystroke \"r\" using control down//keystroke \"x\"","insert the contents of register x","Ctrl+r x"],"icon":{"type":"file","path":"img/insertMode.png"},"match":"insert the contents of register x Insert mode - inserting/appending text Ctrl+r x"},{"title":"Temporarily enter normal mode to issue one normal-mode command x.","subtitle":"Insert mode - inserting/appending text ⎯  Ctrl+o x","arg":["keystroke \"o\" using control down//keystroke \"x\"","Temporarily enter normal mode to issue one normal-mode command x.","Ctrl+o x"],"icon":{"type":"file","path":"img/insertMode.png"},"match":"Temporarily enter normal mode to issue one normal-mode command x. Insert mode - inserting/appending text Ctrl+o x"},{"title":"Exit insert mode","subtitle":"Insert mode - inserting/appending text ⎯  Esc","arg":["key code 53","exit insert mode","Esc"],"icon":{"type":"file","path":"img/insertMode.png"},"match":"exit insert mode Insert mode - inserting/appending text Esc"},{"title":"Replace a single character","subtitle":"Editing ⎯  r","arg":["key code 53//keystroke \"r\"","replace a single character","r"],"icon":{"type":"file","path":"img/editing.png"},"match":"replace a single character. Editing r"},{"title":"Replace more than one character, until esc is pressed.","subtitle":"Editing ⎯  R","arg":["key code 53//keystroke \"R\"","replace more than one character, until ESC is pressed.","R"],"icon":{"type":"file","path":"img/editing.png"},"match":"replace more than one character, until ESC is pressed. Editing R"},{"title":"Join line below to the current one with one space in between","subtitle":"Editing ⎯  J","arg":["key code 53//keystroke \"J\"","join line below to the current one with one space in between","J"],"icon":{"type":"file","path":"img/editing.png"},"match":"join line below to the current one with one space in between Editing J"},{"title":"Join line below to the current one without space in between","subtitle":"Editing ⎯  gJ","arg":["key code 53//keystroke \"gJ\"","join line below to the current one without space in between","gJ"],"icon":{"type":"file","path":"img/editing.png"},"match":"join line below to the current one without space in between Editing gJ"},{"title":"Reflow paragraph","subtitle":"Editing ⎯  gwip","arg":["key code 53//keystroke \"gwip\"","reflow paragraph","gwip"],"icon":{"type":"file","path":"img/editing.png"},"match":"reflow paragraph Editing gwip"},{"title":"Switch case up to motion","subtitle":"Editing ⎯  g~","arg":["key code 53//keystroke \"g~\"","switch case up to motion","g~"],"icon":{"type":"file","path":"img/editing.png"},"match":"switch case up to motion Editing g~"},{"title":"Change to lowercase up to motion","subtitle":"Editing ⎯  gu","arg":["key code 53//keystroke \"gu\"","change to lowercase up to motion","gu"],"icon":{"type":"file","path":"img/editing.png"},"match":"change to lowercase up to motion Editing gu"},{"title":"Change to uppercase up to motion","subtitle":"Editing ⎯  gU","arg":["key code 53//keystroke \"gU\"","change to uppercase up to motion","gU"],"icon":{"type":"file","path":"img/editing.png"},"match":"change to uppercase up to motion Editing gU"},{"title":"Change  entire line","subtitle":"Editing ⎯  cc","arg":["key code 53//keystroke \"cc\"","change  entire line","cc"],"icon":{"type":"file","path":"img/editing.png"},"match":"change  entire line Editing cc"},{"title":"Change  to the end of the line","subtitle":"Editing ⎯  c$ or C","arg":["key code 53//keystroke \"g$\"","change  to the end of the line","c$ or C"],"icon":{"type":"file","path":"img/editing.png"},"match":"change  to the end of the line Editing c$ or C"},{"title":"Change  entire word","subtitle":"Editing ⎯  ciw","arg":["key code 53//keystroke \"ciw\"","change  entire word","ciw"],"icon":{"type":"file","path":"img/editing.png"},"match":"change  entire word Editing ciw"},{"title":"Change  to the end of the word","subtitle":"Editing ⎯  cw or ce","arg":["key code 53//keystroke \"cw\"","change  to the end of the word","cw or ce"],"icon":{"type":"file","path":"img/editing.png"},"match":"change  to the end of the word Editing cw or ce"},{"title":"Delete character and substitute text","subtitle":"Editing ⎯  s","arg":["key code 53//keystroke \"s\"","delete character and substitute text","s"],"icon":{"type":"file","path":"img/editing.png"},"match":"delete character and substitute text Editing s"},{"title":"Delete line and substitute text ","subtitle":"Editing ⎯  S","arg":["key code 53//keystroke \"S\"","delete line and substitute text ","S"],"icon":{"type":"file","path":"img/editing.png"},"match":"delete line and substitute text  Editing S"},{"title":"Transpose two letters ","subtitle":"Editing ⎯  xp","arg":["key code 53//keystroke \"xp\"","transpose two letters ","xp"],"icon":{"type":"file","path":"img/editing.png"},"match":"transpose two letters  Editing xp"},{"title":"Undo","subtitle":"Editing ⎯  u","arg":["key code 53//keystroke \"u\"","undo","u"],"icon":{"type":"file","path":"img/editing.png"},"match":"undo Editing u"},{"title":"Restore  last changed line","subtitle":"Editing ⎯  U","arg":["key code 53//keystroke \"U\"","restore  last changed line","U"],"icon":{"type":"file","path":"img/editing.png"},"match":"restore  last changed line Editing U"},{"title":"Redo","subtitle":"Editing ⎯  Ctrl+r","arg":["key code 53//keystroke \"r\" using control down","redo","Ctrl+r"],"icon":{"type":"file","path":"img/editing.png"},"match":"redo Editing Ctrl+r"},{"title":"Repeat last command","subtitle":"Editing ⎯  .","arg":["key code 53//keystroke \".\"","repeat last command","."],"icon":{"type":"file","path":"img/editing.png"},"match":"repeat last command Editing ."},{"title":"Start visual mode, mark lines, then do a command ","subtitle":"Marking text  ⎯  v","arg":["key code 53//keystroke \"v\"","start visual mode, mark lines, then do a command ","v"],"icon":{"type":"file","path":"img/markingText.png"},"match":"start visual mode, mark lines, then do a command  Marking text  v"},{"title":"Start linewise visual mode","subtitle":"Marking text  ⎯  V","arg":["key code 53//keystroke \"V\"","start linewise visual mode","V"],"icon":{"type":"file","path":"img/markingText.png"},"match":"start linewise visual mode Marking text  V"},{"title":"Move to other end of marked area","subtitle":"Marking text  ⎯  o","arg":["key code 53//keystroke \"o\"","move to other end of marked area","o"],"icon":{"type":"file","path":"img/markingText.png"},"match":"move to other end of marked area Marking text  o"},{"title":"Start visual block mode","subtitle":"Marking text  ⎯  Ctrl+v","arg":["key code 53//keystroke \"v\" using control down","start visual block mode","Ctrl+v"],"icon":{"type":"file","path":"img/markingText.png"},"match":"start visual block mode Marking text  Ctrl+v"},{"title":"Move to other corner of block","subtitle":"Marking text  ⎯  O","arg":["key code 53//keystroke \"O\"","move to other corner of block","O"],"icon":{"type":"file","path":"img/markingText.png"},"match":"move to other corner of block Marking text  O"},{"title":"Mark a word","subtitle":"Marking text  ⎯  aw","arg":["key code 53//keystroke \"aw\"","mark a word","aw"],"icon":{"type":"file","path":"img/markingText.png"},"match":"mark a word Marking text  aw"},{"title":"A block with ()","subtitle":"Marking text  ⎯  ab","arg":["key code 53//keystroke \"ab\"","a block with ()","ab"],"icon":{"type":"file","path":"img/markingText.png"},"match":"a block with () Marking text  ab"},{"title":"A block with {}","subtitle":"Marking text  ⎯  aB","arg":["key code 53//keystroke \"aB\"","a block with {}","aB"],"icon":{"type":"file","path":"img/markingText.png"},"match":"a block with {} Marking text  aB"},{"title":"A block with <> tags","subtitle":"Marking text  ⎯  at","arg":["key code 53//keystroke \"at\"","a block with <> tags","at"],"icon":{"type":"file","path":"img/markingText.png"},"match":"a block with <> tags Marking text  at"},{"title":"Inner block with ()","subtitle":"Marking text  ⎯  ib","arg":["key code 53//keystroke \"ib\"","inner block with ()","ib"],"icon":{"type":"file","path":"img/markingText.png"},"match":"inner block with () Marking text  ib"},{"title":"Inner block with {}","subtitle":"Marking text  ⎯  iB","arg":["key code 53//keystroke \"iB\"","inner block with {}","iB"],"icon":{"type":"file","path":"img/markingText.png"},"match":"inner block with {} Marking text  iB"},{"title":"Inner block with <> tags","subtitle":"Marking text  ⎯  it","arg":["key code 53//keystroke \"it\"","inner block with <> tags","it"],"icon":{"type":"file","path":"img/markingText.png"},"match":"inner block with <> tags Marking text  it"},{"title":"Exit visual mode","subtitle":"Marking text  ⎯  Esc","arg":["key code 53//key code 53","exit visual mode","Esc"],"icon":{"type":"file","path":"img/markingText.png"},"match":"exit visual mode Marking text  Esc"},{"title":"Shift text right","subtitle":"Visual commands (Reference only) ⎯  >","arg":["keystroke \">\"","shift text right",">"],"icon":{"type":"file","path":"img/visualCommands.png"},"match":"shift text right Visual commands >"},{"title":"Shift text left","subtitle":"Visual commands (Reference only) ⎯  <","arg":["keystroke \"<\"","shift text left","<"],"icon":{"type":"file","path":"img/visualCommands.png"},"match":"shift text left Visual commands <"},{"title":"Yank  marked text","subtitle":"Visual commands (Reference only) ⎯  y","arg":["keystroke \"y\"","yank  marked text","y"],"icon":{"type":"file","path":"img/visualCommands.png"},"match":"yank  marked text Visual commands y"},{"title":"Delete marked text","subtitle":"Visual commands (Reference only) ⎯  d","arg":["keystroke \"d\"","delete marked text","d"],"icon":{"type":"file","path":"img/visualCommands.png"},"match":"delete marked text Visual commands d"},{"title":"Switch case","subtitle":"Visual commands (Reference only) ⎯  ~","arg":["keystroke \"~\"","switch case","~"],"icon":{"type":"file","path":"img/visualCommands.png"},"match":"switch case Visual commands ~"},{"title":"Change marked text to lowercase","subtitle":"Visual commands (Reference only) ⎯  u","arg":["keystroke \"u\"","change marked text to lowercase","u"],"icon":{"type":"file","path":"img/visualCommands.png"},"match":"change marked text to lowercase Visual commands u"},{"title":"Change marked text to uppercase","subtitle":"Visual commands (Reference only) ⎯  U","arg":["keystroke \"U\"","change marked text to uppercase","U"],"icon":{"type":"file","path":"img/visualCommands.png"},"match":"change marked text to uppercase Visual commands U"},{"title":"Show registers content","subtitle":"Registers ⎯  :reg[isters]","arg":["key code 53//keystroke \":reg\" & return","show registers content",":reg[isters]"],"icon":{"type":"file","path":"img/registers.png"},"match":"show registers content Registers :reg[isters]"},{"title":"Yank into register x","subtitle":"Registers ⎯  xy","arg":["key code 53//keystroke \"xy\"","yank into register x","xy"],"icon":{"type":"file","path":"img/registers.png"},"match":"yank into register x Registers xy"},{"title":"Paste contents of register x","subtitle":"Registers ⎯  xp","arg":["key code 53//keystroke \"xp\"","paste contents of register x","xp"],"icon":{"type":"file","path":"img/registers.png"},"match":"paste contents of register x Registers xp"},{"title":"Yank into the system clipboard register","subtitle":"Registers ⎯  +y","arg":["key code 53//keystroke \"+y\"","yank into the system clipboard register","+y"],"icon":{"type":"file","path":"img/registers.png"},"match":"yank into the system clipboard register Registers +y"},{"title":"Paste from the system clipboard register","subtitle":"Registers ⎯  +p","arg":["key code 53//keystroke \"+p\"","paste from the system clipboard register","+p"],"icon":{"type":"file","path":"img/registers.png"},"match":"paste from the system clipboard register Registers +p"},{"title":"Set current position for mark a","subtitle":"Marks and positions ⎯  ma","arg":["key code 53//keystroke \"ma\"","set current position for mark A","ma"],"icon":{"type":"file","path":"img/marks.png"},"match":"set current position for mark A Marks and positions ma"},{"title":"Jump to position of mark a","subtitle":"Marks and positions ⎯  `a","arg":["key code 53//keystroke \"`a\"","jump to position of mark A","`a"],"icon":{"type":"file","path":"img/marks.png"},"match":"jump to position of mark A Marks and positions `a"},{"title":"Yank text to position of mark a","subtitle":"Marks and positions ⎯  y`a","arg":["key code 53//keystroke \"y`a\"","yank text to position of mark A","y`a"],"icon":{"type":"file","path":"img/marks.png"},"match":"yank text to position of mark A Marks and positions y`a"},{"title":"Go to the position where vim was previously exited","subtitle":"Marks and positions ⎯  `0","arg":["key code 53//keystroke \"`0\"","go to the position where Vim was previously exited","`0"],"icon":{"type":"file","path":"img/marks.png"},"match":"go to the position where Vim was previously exited Marks and positions `0"},{"title":"Go to the position when last editing this file","subtitle":"Marks and positions ⎯  `\"","arg":["key code 53//keystroke \"`\\\"\"","go to the position when last editing this file","`\""],"icon":{"type":"file","path":"img/marks.png"},"match":"go to the position when last editing this file Marks and positions `\""},{"title":"Go to the position of the last change in this file","subtitle":"Marks and positions ⎯  `.","arg":["key code 53//keystroke \"`.\"","go to the position of the last change in this file","`."],"icon":{"type":"file","path":"img/marks.png"},"match":"go to the position of the last change in this file Marks and positions `."},{"title":"Go to the position before the last jump","subtitle":"Marks and positions ⎯  ``","arg":["key code 53//keystroke \"``\"","go to the position before the last jump","``"],"icon":{"type":"file","path":"img/marks.png"},"match":"go to the position before the last jump Marks and positions ``"},{"title":"List of jumps","subtitle":"Marks and positions ⎯  :ju[mps]","arg":["key code 53//keystroke \":ju\" & return","list of jumps",":ju[mps]"],"icon":{"type":"file","path":"img/marks.png"},"match":"list of jumps Marks and positions :ju[mps]"},{"title":"Go to newer position in jump list","subtitle":"Marks and positions ⎯  Ctrl+i","arg":["key code 53//keystroke \"i\" using control down","go to newer position in jump list","Ctrl+i"],"icon":{"type":"file","path":"img/marks.png"},"match":"go to newer position in jump list Marks and positions Ctrl+i"},{"title":"Go to older position in jump list","subtitle":"Marks and positions ⎯  Ctrl+o","arg":["key code 53//keystroke \"o\" using control down","go to older position in jump list","Ctrl+o"],"icon":{"type":"file","path":"img/marks.png"},"match":"go to older position in jump list Marks and positions Ctrl+o"},{"title":"List of changes","subtitle":"Marks and positions ⎯  :changes","arg":["key code 53//keystroke \":changes\" & return","list of changes",":changes"],"icon":{"type":"file","path":"img/marks.png"},"match":"list of changes Marks and positions :changes"},{"title":"Go to newer position in change list","subtitle":"Marks and positions ⎯  g,","arg":["key code 53//keystroke \"g,\"","go to newer position in change list","g,"],"icon":{"type":"file","path":"img/marks.png"},"match":"go to newer position in change list Marks and positions g,"},{"title":"Go to older position in change list","subtitle":"Marks and positions ⎯  g;","arg":["key code 53//keystroke \"g;\"","go to older position in change list","g;"],"icon":{"type":"file","path":"img/marks.png"},"match":"go to older position in change list Marks and positions g;"},{"title":"Jump to the tag under cursor","subtitle":"Marks and positions ⎯  Ctrl+]","arg":["key code 53//keystroke \"]\" using control down","jump to the tag under cursor","Ctrl+]"],"icon":{"type":"file","path":"img/marks.png"},"match":"jump to the tag under cursor Marks and positions Ctrl+]"},{"title":"Go to file in cursor","subtitle":"Marks and positions ⎯  gf","arg":["key code 53//keystroke \"gf\"","Go to file in cursor","gf"],"icon":{"type":"file","path":"img/marks.png"},"match":"Go to file in cursor Marks and positions gf"},{"title":"Record macro a","subtitle":"Macros ⎯  qa","arg":["key code 53//keystroke \"qa\"","record macro a","qa"],"icon":{"type":"file","path":"img/macros.png"},"match":"record macro a Macros qa"},{"title":"Stop recording macro","subtitle":"Macros ⎯  q","arg":["key code 53//keystroke \"q\"","stop recording macro","q"],"icon":{"type":"file","path":"img/macros.png"},"match":"stop recording macro Macros q"},{"title":"Run macro a","subtitle":"Macros ⎯  @a","arg":["key code 53//keystroke \"@a\"","run macro a","@a"],"icon":{"type":"file","path":"img/macros.png"},"match":"run macro a Macros @a"},{"title":"Rerun last run macro","subtitle":"Macros ⎯  @@","arg":["key code 53//keystroke \"@@\"","rerun last run macro","@@"],"icon":{"type":"file","path":"img/macros.png"},"match":"rerun last run macro Macros @@"},{"title":"שלוף  שורה","subtitle":"העתק והדבק ⎯  yy","arg":["key code 53//keystroke \"yy\"","שלוף  שורה","yy"],"icon":{"type":"file","path":"img/cutAndPaste.png"},"match":"yank  a line העתק והדבק yy"},{"title":"שלוף  2 שורות","subtitle":"העתק והדבק ⎯  2yy","arg":["key code 53//keystroke \"2yy\"","שלוף  2 שורות","2yy"],"icon":{"type":"file","path":"img/cutAndPaste.png"},"match":"yank  2 lines העתק והדבק 2yy"},{"title":"Yank  the characters of the word from the cursor position to the start of the next word","subtitle":"העתק והדבק ⎯  yw","arg":["key code 53//keystroke \"yw\"","yank  the characters of the word from the cursor position to the start of the next word","yw"],"icon":{"type":"file","path":"img/cutAndPaste.png"},"match":"yank  the characters of the word from the cursor position to the start of the next word העתק והדבק yw"},{"title":"Yank  word under the cursor","subtitle":"העתק והדבק ⎯  yiw","arg":["key code 53//keystroke \"yiw\"","yank  word under the cursor","yiw"],"icon":{"type":"file","path":"img/cutAndPaste.png"},"match":"yank  word under the cursor העתק והדבק yiw"},{"title":"Yank  word under the cursor and the space after or before it","subtitle":"העתק והדבק ⎯  yaw","arg":["key code 53//keystroke \"yaw\"","yank  word under the cursor and the space after or before it","yaw"],"icon":{"type":"file","path":"img/cutAndPaste.png"},"match":"yank  word under the cursor and the space after or before it העתק והדבק yaw"},{"title":"Yank  to end of line","subtitle":"העתק והדבק ⎯  y$","arg":["key code 53//keystroke \"y$\"","yank  to end of line","y$"],"icon":{"type":"file","path":"img/cutAndPaste.png"},"match":"yank  to end of line העתק והדבק y$"},{"title":"Put  the clipboard after cursor","subtitle":"העתק והדבק ⎯  p","arg":["key code 53//keystroke \"p\"","put  the clipboard after cursor","p"],"icon":{"type":"file","path":"img/cutAndPaste.png"},"match":"put  the clipboard after cursor העתק והדבק p"},{"title":"Put  before cursor","subtitle":"העתק והדבק ⎯  P","arg":["key code 53//keystroke \"P\"","put  before cursor","P"],"icon":{"type":"file","path":"img/cutAndPaste.png"},"match":"put  before cursor העתק והדבק P"},{"title":"Put  the clipboard after cursor and leave cursor after the new text","subtitle":"העתק והדבק ⎯  gp","arg":["key code 53//keystroke \"gp\"","put  the clipboard after cursor and leave cursor after the new text","gp"],"icon":{"type":"file","path":"img/cutAndPaste.png"},"match":"put  the clipboard after cursor and leave cursor after the new text העתק והדבק gp"},{"title":"Put  before cursor and leave cursor after the new text","subtitle":"העתק והדבק ⎯  gP","arg":["key code 53//keystroke \"gP\"","put  before cursor and leave cursor after the new text","gP"],"icon":{"type":"file","path":"img/cutAndPaste.png"},"match":"put  before cursor and leave cursor after the new text העתק והדבק gP"},{"title":"Delete  a line","subtitle":"העתק והדבק ⎯  dd","arg":["key code 53//keystroke \"dd\"","delete  a line","dd"],"icon":{"type":"file","path":"img/cutAndPaste.png"},"match":"delete  a line העתק והדבק dd"},{"title":"Delete  2 lines","subtitle":"העתק והדבק ⎯  2dd","arg":["key code 53//keystroke \"2dd\"","delete  2 lines","2dd"],"icon":{"type":"file","path":"img/cutAndPaste.png"},"match":"delete  2 lines העתק והדבק 2dd"},{"title":"Delete  the characters of the word from the cursor position to the start of the next word","subtitle":"העתק והדבק ⎯  dw","arg":["key code 53//keystroke \"dw\"","delete  the characters of the word from the cursor position to the start of the next word","dw"],"icon":{"type":"file","path":"img/cutAndPaste.png"},"match":"delete  the characters of the word from the cursor position to the start of the next word העתק והדבק dw"},{"title":"Delete  word under the cursor","subtitle":"העתק והדבק ⎯  diw","arg":["key code 53//keystroke \"diw\"","delete  word under the cursor","diw"],"icon":{"type":"file","path":"img/cutAndPaste.png"},"match":"delete  word under the cursor העתק והדבק diw"},{"title":"Delete  word under the cursor and the space after or before it","subtitle":"העתק והדבק ⎯  daw","arg":["key code 53//keystroke \"daw\"","delete  word under the cursor and the space after or before it","daw"],"icon":{"type":"file","path":"img/cutAndPaste.png"},"match":"delete  word under the cursor and the space after or before it העתק והדבק daw"},{"title":"Delete  to the end of the line","subtitle":"העתק והדבק ⎯  d$ or D","arg":["key code 53//keystroke \"d$\"","delete  to the end of the line","d$ or D"],"icon":{"type":"file","path":"img/cutAndPaste.png"},"match":"delete  to the end of the line העתק והדבק d$ or D"},{"title":"Delete  character","subtitle":"העתק והדבק ⎯  x","arg":["key code 53//keystroke \"x\"","delete  character","x"],"icon":{"type":"file","path":"img/cutAndPaste.png"},"match":"delete  character העתק והדבק x"},{"title":"Indent  line one shiftwidth","subtitle":"Indent text ⎯  >>","arg":["key code 53//keystroke \">>\"","indent  line one shiftwidth",">>"],"icon":{"type":"file","path":"img/indentText.png"},"match":"indent  line one shiftwidth Indent text >>"},{"title":"De-indent  line one shiftwidth","subtitle":"Indent text ⎯  <<","arg":["key code 53//keystroke \"<<\"","de-indent  line one shiftwidth","<<"],"icon":{"type":"file","path":"img/indentText.png"},"match":"de-indent  line one shiftwidth Indent text <<"},{"title":"Indent a block with () or {} ","subtitle":"Indent text ⎯  >%","arg":["key code 53//keystroke \">%\"","indent a block with () or {} ",">%"],"icon":{"type":"file","path":"img/indentText.png"},"match":"indent a block with () or {}  Indent text >%"},{"title":"Indent inner block with ()","subtitle":"Indent text ⎯  >ib","arg":["key code 53//keystroke \">ib\"","indent inner block with ()",">ib"],"icon":{"type":"file","path":"img/indentText.png"},"match":"indent inner block with () Indent text >ib"},{"title":"Indent a block with <> tags","subtitle":"Indent text ⎯  >at","arg":["key code 53//keystroke \">at\"","indent a block with <> tags",">at"],"icon":{"type":"file","path":"img/indentText.png"},"match":"indent a block with <> tags Indent text >at"},{"title":"Re-indent 3 lines","subtitle":"Indent text ⎯  3==","arg":["key code 53//keystroke \"3==\"","re-indent 3 lines","3=="],"icon":{"type":"file","path":"img/indentText.png"},"match":"re-indent 3 lines Indent text 3=="},{"title":"Re-indent a block with () or {} ","subtitle":"Indent text ⎯  =%","arg":["key code 53//keystroke \"=%\"","re-indent a block with () or {} ","=%"],"icon":{"type":"file","path":"img/indentText.png"},"match":"re-indent a block with () or {}  Indent text =%"},{"title":"","subtitle":"Indent text ⎯  =iB","arg":["key code 53//keystroke \"iB\"",null,"=iB"],"icon":{"type":"file","path":"img/indentText.png"},"match":" Indent text =iB"},{"title":"Re-indent entire buffer","subtitle":"Indent text ⎯  gg=G","arg":["key code 53//keystroke \"gg=G\"","re-indent entire buffer","gg=G"],"icon":{"type":"file","path":"img/indentText.png"},"match":"re-indent entire buffer Indent text gg=G"},{"title":"Paste and adjust indent to current line","subtitle":"Indent text ⎯  ]p","arg":["key code 53//keystroke \"]p\"","paste and adjust indent to current line","]p"],"icon":{"type":"file","path":"img/indentText.png"},"match":"paste and adjust indent to current line Indent text ]p"},{"title":"שמור בלי לצאת","subtitle":"יציאה ⎯  :w","arg":["key code 53//keystroke \":w\" & return","שמור בלי לצאת",":w"],"icon":{"type":"file","path":"img/exiting.png"},"match":"write  the file, but don't exit יציאה :w"},{"title":"Write out the current file using sudo","subtitle":"יציאה ⎯  :w !sudo tee %","arg":["key code 53//keystroke \":w !sudo tee %\"","write out the current file using sudo",":w !sudo tee %"],"icon":{"type":"file","path":"img/exiting.png"},"match":"write out the current file using sudo יציאה :w !sudo tee %"},{"title":"שמור וצא","subtitle":"יציאה ⎯  :wq or :x or ZZ","arg":["key code 53//keystroke \":wq\" & return","שמור וצא",":wq or :x or ZZ"],"icon":{"type":"file","path":"img/exiting.png"},"match":"write  and quit יציאה :wq or :x or ZZ"},{"title":" יציאה","subtitle":"יציאה ⎯  :q","arg":["key code 53//keystroke \":q\" & return"," יציאה",":q"],"icon":{"type":"file","path":"img/exiting.png"},"match":"quit  יציאה :q"},{"title":"צא ללא שמירת שינויים","subtitle":"יציאה ⎯  :q! or ZQ","arg":["key code 53//keystroke \":q!\" & return","צא ללא שמירת שינויים",":q! or ZQ"],"icon":{"type":"file","path":"img/exiting.png"},"match":"quit and throw away unsaved changes יציאה :q! or ZQ"},{"title":"שמור וצא מכל הכרטיסיות","subtitle":"יציאה ⎯  :wqa","arg":["key code 53//keystroke \":wqa\" & return","שמור וצא מכל הכרטיסיות",":wqa"],"icon":{"type":"file","path":"img/exiting.png"},"match":"write  and quit on all tabs יציאה :wqa"},{"title":"Search for pattern","subtitle":"Search and replace ⎯  /pattern","arg":["key code 53//keystroke \"/pattern\"","search for pattern","/pattern"],"icon":{"type":"file","path":"img/searchAndReplace.png"},"match":"search for pattern Search and replace /pattern"},{"title":"Search backward for pattern","subtitle":"Search and replace ⎯  ?pattern","arg":["key code 53//keystroke \"?pattern\"","search backward for pattern","?pattern"],"icon":{"type":"file","path":"img/searchAndReplace.png"},"match":"search backward for pattern Search and replace ?pattern"},{"title":"'very magic' pattern","subtitle":"Search and replace ⎯  \\vpattern","arg":["key code 53//keystroke \"\\\\vpattern\"","'very magic' pattern","\\vpattern"],"icon":{"type":"file","path":"img/searchAndReplace.png"},"match":"'very magic' pattern Search and replace \\vpattern"},{"title":"Repeat search in same direction","subtitle":"Search and replace ⎯  n","arg":["key code 53//keystroke \"n\"","repeat search in same direction","n"],"icon":{"type":"file","path":"img/searchAndReplace.png"},"match":"repeat search in same direction Search and replace n"},{"title":"Repeat search in opposite direction","subtitle":"Search and replace ⎯  N","arg":["key code 53//keystroke \"N\"","repeat search in opposite direction","N"],"icon":{"type":"file","path":"img/searchAndReplace.png"},"match":"repeat search in opposite direction Search and replace N"},{"title":"Replace all old with new throughout file","subtitle":"Search and replace ⎯  :%s/old/new/g","arg":["key code 53//keystroke \":%s/old/new/g\"","replace all old with new throughout file",":%s/old/new/g"],"icon":{"type":"file","path":"img/searchAndReplace.png"},"match":"replace all old with new throughout file Search and replace :%s/old/new/g"},{"title":"Replace all old with new throughout file with confirmations","subtitle":"Search and replace ⎯  :%s/old/new/gc","arg":["key code 53//keystroke \":%s/old/new/gc\"","replace all old with new throughout file with confirmations",":%s/old/new/gc"],"icon":{"type":"file","path":"img/searchAndReplace.png"},"match":"replace all old with new throughout file with confirmations Search and replace :%s/old/new/gc"},{"title":"Remove highlighting of search matches","subtitle":"Search and replace ⎯  :noh[lsearch]","arg":["key code 53//keystroke \":noh[lsearch]\"","remove highlighting of search matches",":noh[lsearch]"],"icon":{"type":"file","path":"img/searchAndReplace.png"},"match":"remove highlighting of search matches Search and replace :noh[lsearch]"},{"title":"Next whole word under cursor","subtitle":"Search and replace ⎯  *","arg":["key code 53//keystroke \"*\"","Next whole word under cursor","*"],"icon":{"type":"file","path":"img/searchAndReplace.png"},"match":"Next whole word under cursor Search and replace *"},{"title":"Previous whole word under cursor","subtitle":"Search and replace ⎯  #","arg":["key code 53//keystroke \"#\"","Previous whole word under cursor","#"],"icon":{"type":"file","path":"img/searchAndReplace.png"},"match":"Previous whole word under cursor Search and replace #"},{"title":"Search for pattern in multiple files","subtitle":"Search in multiple files ⎯  :vim[grep] /pattern/ file","arg":["key code 53//keystroke \":vim[grep]\"//key code 49//keystroke \"/pattern/\"//key code 49//keystroke \"file\"","search for pattern in multiple files",":vim[grep] /pattern/ file"],"icon":{"type":"file","path":"img/searchMultipleFiles.png"},"match":"search for pattern in multiple files Search in multiple files :vim[grep] /pattern/ file"},{"title":"Jump to the next match","subtitle":"Search in multiple files ⎯  :cn[ext]","arg":["key code 53//keystroke \":cn\" & return","jump to the next match",":cn[ext]"],"icon":{"type":"file","path":"img/searchMultipleFiles.png"},"match":"jump to the next match Search in multiple files :cn[ext]"},{"title":"Jump to the previous match","subtitle":"Search in multiple files ⎯  :cp[revious]","arg":["key code 53//keystroke \":cp\" & return","jump to the previous match",":cp[revious]"],"icon":{"type":"file","path":"img/searchMultipleFiles.png"},"match":"jump to the previous match Search in multiple files :cp[revious]"},{"title":"Open a window containing the list of matches","subtitle":"Search in multiple files ⎯  :cope[n]","arg":["key code 53//keystroke \":cope\" & return","open a window containing the list of matches",":cope[n]"],"icon":{"type":"file","path":"img/searchMultipleFiles.png"},"match":"open a window containing the list of matches Search in multiple files :cope[n]"},{"title":"Close the quickfix window","subtitle":"Search in multiple files ⎯  :ccl[ose]","arg":["key code 53//keystroke \":ccl\" & return","close the quickfix window",":ccl[ose]"],"icon":{"type":"file","path":"img/searchMultipleFiles.png"},"match":"close the quickfix window Search in multiple files :ccl[ose]"},{"title":"","subtitle":"Search in multiple files ⎯  colonWa","arg":["key code 53//keystroke \":wa\" & return",null,"colonWa"],"icon":{"type":"file","path":"img/searchMultipleFiles.png"},"match":" Search in multiple files colonWa"},{"title":"Close the quickfix window","subtitle":"Search in multiple files ⎯  :ccl[ose]","arg":["key code 53//keystroke \":ccl\" & return","close the quickfix window",":ccl[ose]"],"icon":{"type":"file","path":"img/searchMultipleFiles.png"},"match":"close the quickfix window Search in multiple files :ccl[ose]"},{"title":"Open a file in a new tab","subtitle":"Tabs ⎯  :tabnew or :tabnew file","arg":["key code 53//keystroke \":tabnew\"//key code 49//keystroke \"file\" & return","open a file in a new tab",":tabnew or :tabnew file"],"icon":{"type":"file","path":"img/tabs.png"},"match":"open a file in a new tab Tabs :tabnew or :tabnew file"},{"title":"Move the current split window into its own tab","subtitle":"Tabs ⎯  Ctrl+wT","arg":["key code 53//keystroke \"w\" using control down//keystroke \"T\"","move the current split window into its own tab","Ctrl+wT"],"icon":{"type":"file","path":"img/tabs.png"},"match":"move the current split window into its own tab Tabs Ctrl+wT"},{"title":"Move to the next tab","subtitle":"Tabs ⎯  gt or :tabn[ext]","arg":["key code 53//keystroke \"gt\"","move to the next tab","gt or :tabn[ext]"],"icon":{"type":"file","path":"img/tabs.png"},"match":"move to the next tab Tabs gt or :tabn[ext]"},{"title":"Move to the previous tab","subtitle":"Tabs ⎯  gT or :tabp[revious]","arg":["key code 53//keystroke \"gT\"","move to the previous tab","gT or :tabp[revious]"],"icon":{"type":"file","path":"img/tabs.png"},"match":"move to the previous tab Tabs gT or :tabp[revious]"},{"title":"Move to tab number #","subtitle":"Tabs ⎯  #gt","arg":["key code 53//keystroke \"#gt\"","move to tab number #","#gt"],"icon":{"type":"file","path":"img/tabs.png"},"match":"move to tab number # Tabs #gt"},{"title":"Move current tab to the #th position ","subtitle":"Tabs ⎯  :tabm[ove]","arg":["key code 53//keystroke \":tabm\" & return","move current tab to the #th position ",":tabm[ove]"],"icon":{"type":"file","path":"img/tabs.png"},"match":"move current tab to the #th position  Tabs :tabm[ove]"},{"title":"Close the current tab and all its windows","subtitle":"Tabs ⎯  :tabc[lose]","arg":["key code 53//keystroke \":tabc\" & return","close the current tab and all its windows",":tabc[lose]"],"icon":{"type":"file","path":"img/tabs.png"},"match":"close the current tab and all its windows Tabs :tabc[lose]"},{"title":"Close all tabs except for the current one","subtitle":"Tabs ⎯  :tabo[nly]","arg":["key code 53//keystroke \":tabo\" & return","close all tabs except for the current one",":tabo[nly]"],"icon":{"type":"file","path":"img/tabs.png"},"match":"close all tabs except for the current one Tabs :tabo[nly]"},{"title":"Run the command on all tabs ","subtitle":"Tabs ⎯  :tabdo command","arg":["key code 53//keystroke \":tabdo\"//key code 49//keystroke \"command\"","run the command on all tabs ",":tabdo command"],"icon":{"type":"file","path":"img/tabs.png"},"match":"run the command on all tabs  Tabs :tabdo command"},{"title":"Edit a file in a new buffer","subtitle":"Working with multiple files ⎯  :e[dit] file","arg":["key code 53//keystroke \":e\"//key code 49//keystroke \"file\"","edit a file in a new buffer",":e[dit] file"],"icon":{"type":"file","path":"img/workingWithMultipleFiles.png"},"match":"edit a file in a new buffer Working with multiple files :e[dit] file"},{"title":"Go to the next buffer","subtitle":"Working with multiple files ⎯  :bn[ext]","arg":["key code 53//keystroke \":bn\" & return","go to the next buffer",":bn[ext]"],"icon":{"type":"file","path":"img/workingWithMultipleFiles.png"},"match":"go to the next buffer Working with multiple files :bn[ext]"},{"title":"Go to the previous buffer","subtitle":"Working with multiple files ⎯  :bp[revious]","arg":["key code 53//keystroke \":bp\" & return","go to the previous buffer",":bp[revious]"],"icon":{"type":"file","path":"img/workingWithMultipleFiles.png"},"match":"go to the previous buffer Working with multiple files :bp[revious]"},{"title":"Delete a buffer ","subtitle":"Working with multiple files ⎯  :bd[elete]","arg":["key code 53//keystroke \":bd\" & return","delete a buffer ",":bd[elete]"],"icon":{"type":"file","path":"img/workingWithMultipleFiles.png"},"match":"delete a buffer  Working with multiple files :bd[elete]"},{"title":"Go to a buffer by index #","subtitle":"Working with multiple files ⎯  :b[uffer]#","arg":["key code 53//keystroke \":b#\"","go to a buffer by index #",":b[uffer]#"],"icon":{"type":"file","path":"img/workingWithMultipleFiles.png"},"match":"go to a buffer by index # Working with multiple files :b[uffer]#"},{"title":"Go to a buffer by file","subtitle":"Working with multiple files ⎯  :b[uffer] file","arg":["key code 53//keystroke \":b\"//key code 49//keystroke \"file\"","go to a buffer by file",":b[uffer] file"],"icon":{"type":"file","path":"img/workingWithMultipleFiles.png"},"match":"go to a buffer by file Working with multiple files :b[uffer] file"},{"title":"List all open buffers","subtitle":"Working with multiple files ⎯  :ls or :buffers","arg":["key code 53//keystroke \":ls\" & return","list all open buffers",":ls or :buffers"],"icon":{"type":"file","path":"img/workingWithMultipleFiles.png"},"match":"list all open buffers Working with multiple files :ls or :buffers"},{"title":"Open a file in a new buffer and split window","subtitle":"Working with multiple files ⎯  :sp[lit] file","arg":["key code 53//keystroke \":sp\"//key code 49//keystroke \"file\"","open a file in a new buffer and split window",":sp[lit] file"],"icon":{"type":"file","path":"img/workingWithMultipleFiles.png"},"match":"open a file in a new buffer and split window Working with multiple files :sp[lit] file"},{"title":"Open a file in a new buffer and vertically split window","subtitle":"Working with multiple files ⎯  :vs[plit] file","arg":["key code 53//keystroke \":vs\"//key code 49//keystroke \"file\"","open a file in a new buffer and vertically split window",":vs[plit] file"],"icon":{"type":"file","path":"img/workingWithMultipleFiles.png"},"match":"open a file in a new buffer and vertically split window Working with multiple files :vs[plit] file"},{"title":"Edit all buffers as vertical windows","subtitle":"Working with multiple files ⎯  :vert[ical] ba[ll]","arg":["key code 53//keystroke \":vert\"//key code 49//keystroke \"ba\" & return","edit all buffers as vertical windows",":vert[ical] ba[ll]"],"icon":{"type":"file","path":"img/workingWithMultipleFiles.png"},"match":"edit all buffers as vertical windows Working with multiple files :vert[ical] ba[ll]"},{"title":"Edit all buffers as tabs","subtitle":"Working with multiple files ⎯  :tab ba[ll]","arg":["key code 53//keystroke \":tab\"//key code 49//keystroke \"ba\" & return","edit all buffers as tabs",":tab ba[ll]"],"icon":{"type":"file","path":"img/workingWithMultipleFiles.png"},"match":"edit all buffers as tabs Working with multiple files :tab ba[ll]"},{"title":"Split window","subtitle":"Working with multiple files ⎯  Ctrl+w s","arg":["key code 53//keystroke \"w\" using control down//keystroke \"s\"","split window","Ctrl+w s"],"icon":{"type":"file","path":"img/workingWithMultipleFiles.png"},"match":"split window Working with multiple files Ctrl+w s"},{"title":"Split window vertically","subtitle":"Working with multiple files ⎯  Ctrl+w v","arg":["key code 53//keystroke \"w\" using control down//keystroke \"v\"","split window vertically","Ctrl+w v"],"icon":{"type":"file","path":"img/workingWithMultipleFiles.png"},"match":"split window vertically Working with multiple files Ctrl+w v"},{"title":"Switch windows","subtitle":"Working with multiple files ⎯  Ctrl+w w","arg":["key code 53//keystroke \"w\" using control down//keystroke \"w\"","switch windows","Ctrl+w w"],"icon":{"type":"file","path":"img/workingWithMultipleFiles.png"},"match":"switch windows Working with multiple files Ctrl+w w"},{"title":"Quit a window","subtitle":"Working with multiple files ⎯  Ctrl+w q","arg":["key code 53//keystroke \"w\" using control down//keystroke \"q\"","quit a window","Ctrl+w q"],"icon":{"type":"file","path":"img/workingWithMultipleFiles.png"},"match":"quit a window Working with multiple files Ctrl+w q"},{"title":"Exchange current window with next one","subtitle":"Working with multiple files ⎯  Ctrl+w x","arg":["key code 53//keystroke \"w\" using control down//keystroke \"x\"","exchange current window with next one","Ctrl+w x"],"icon":{"type":"file","path":"img/workingWithMultipleFiles.png"},"match":"exchange current window with next one Working with multiple files Ctrl+w x"},{"title":"Make all windows equal height & width","subtitle":"Working with multiple files ⎯  Ctrl+w =","arg":["key code 53//keystroke \"w\" using control down//keystroke \"=\"","make all windows equal height & width","Ctrl+w ="],"icon":{"type":"file","path":"img/workingWithMultipleFiles.png"},"match":"make all windows equal height & width Working with multiple files Ctrl+w ="},{"title":"Move cursor to the left window ","subtitle":"Working with multiple files ⎯  Ctrl+w h","arg":["key code 53//keystroke \"w\" using control down//keystroke \"h\"","move cursor to the left window ","Ctrl+w h"],"icon":{"type":"file","path":"img/workingWithMultipleFiles.png"},"match":"move cursor to the left window  Working with multiple files Ctrl+w h"},{"title":"Move cursor to the right window ","subtitle":"Working with multiple files ⎯  Ctrl+w l","arg":["key code 53//keystroke \"w\" using control down//keystroke \"l\"","move cursor to the right window ","Ctrl+w l"],"icon":{"type":"file","path":"img/workingWithMultipleFiles.png"},"match":"move cursor to the right window  Working with multiple files Ctrl+w l"},{"title":"Move cursor to the window below ","subtitle":"Working with multiple files ⎯  Ctrl+w j","arg":["key code 53//keystroke \"w\" using control down//keystroke \"j\"","move cursor to the window below ","Ctrl+w j"],"icon":{"type":"file","path":"img/workingWithMultipleFiles.png"},"match":"move cursor to the window below  Working with multiple files Ctrl+w j"},{"title":"Move cursor to the window above ","subtitle":"Working with multiple files ⎯  Ctrl+w k","arg":["key code 53//keystroke \"w\" using control down//keystroke \"k\"","move cursor to the window above ","Ctrl+w k"],"icon":{"type":"file","path":"img/workingWithMultipleFiles.png"},"match":"move cursor to the window above  Working with multiple files Ctrl+w k"},{"title":"Make current window full height at far left ","subtitle":"Working with multiple files ⎯  Ctrl+w H","arg":["key code 53//keystroke \"w\" using control down//keystroke \"H\"","make current window full height at far left ","Ctrl+w H"],"icon":{"type":"file","path":"img/workingWithMultipleFiles.png"},"match":"make current window full height at far left  Working with multiple files Ctrl+w H"},{"title":"Make current window full height at far right ","subtitle":"Working with multiple files ⎯  Ctrl+w L","arg":["key code 53//keystroke \"w\" using control down//keystroke \"L\"","make current window full height at far right ","Ctrl+w L"],"icon":{"type":"file","path":"img/workingWithMultipleFiles.png"},"match":"make current window full height at far right  Working with multiple files Ctrl+w L"},{"title":"Make current window full width at the very bottom ","subtitle":"Working with multiple files ⎯  Ctrl+w J","arg":["key code 53//keystroke \"w\" using control down//keystroke \"J\"","make current window full width at the very bottom ","Ctrl+w J"],"icon":{"type":"file","path":"img/workingWithMultipleFiles.png"},"match":"make current window full width at the very bottom  Working with multiple files Ctrl+w J"},{"title":"Make current window full width at the very top ","subtitle":"Working with multiple files ⎯  Ctrl+w K","arg":["key code 53//keystroke \"w\" using control down//keystroke \"K\"","make current window full width at the very top ","Ctrl+w K"],"icon":{"type":"file","path":"img/workingWithMultipleFiles.png"},"match":"make current window full width at the very top  Working with multiple files Ctrl+w K"},{"title":"Manually define a fold up to motion","subtitle":"Diff ⎯  zf","arg":["key code 53//keystroke \"zf\"","manually define a fold up to motion","zf"],"icon":{"type":"file","path":"img/diff.png"},"match":"manually define a fold up to motion Diff zf"},{"title":"Delete fold under the cursor","subtitle":"Diff ⎯  zd","arg":["key code 53//keystroke \"zd\"","delete fold under the cursor","zd"],"icon":{"type":"file","path":"img/diff.png"},"match":"delete fold under the cursor Diff zd"},{"title":"Toggle fold under the cursor","subtitle":"Diff ⎯  za","arg":["key code 53//keystroke \"za\"","toggle fold under the cursor","za"],"icon":{"type":"file","path":"img/diff.png"},"match":"toggle fold under the cursor Diff za"},{"title":"Open fold under the cursor","subtitle":"Diff ⎯  zo","arg":["key code 53//keystroke \"zo\"","open fold under the cursor","zo"],"icon":{"type":"file","path":"img/diff.png"},"match":"open fold under the cursor Diff zo"},{"title":"Close fold under the cursor","subtitle":"Diff ⎯  zc","arg":["key code 53//keystroke \"zc\"","close fold under the cursor","zc"],"icon":{"type":"file","path":"img/diff.png"},"match":"close fold under the cursor Diff zc"},{"title":"Reduce  all folds by one level","subtitle":"Diff ⎯  zr","arg":["key code 53//keystroke \"zr\"","reduce  all folds by one level","zr"],"icon":{"type":"file","path":"img/diff.png"},"match":"reduce  all folds by one level Diff zr"},{"title":"Fold more  all folds by one level","subtitle":"Diff ⎯  zm","arg":["key code 53//keystroke \"zm\"","fold more  all folds by one level","zm"],"icon":{"type":"file","path":"img/diff.png"},"match":"fold more  all folds by one level Diff zm"},{"title":"Toggle folding functionality","subtitle":"Diff ⎯  zi","arg":["key code 53//keystroke \"zi\"","toggle folding functionality","zi"],"icon":{"type":"file","path":"img/diff.png"},"match":"toggle folding functionality Diff zi"},{"title":"Jump to start of next change","subtitle":"Diff ⎯  ]c","arg":["key code 53//keystroke \"]c\"","jump to start of next change","]c"],"icon":{"type":"file","path":"img/diff.png"},"match":"jump to start of next change Diff ]c"},{"title":"Jump to start of previous change","subtitle":"Diff ⎯  [c","arg":["key code 53//keystroke \"[c\"","jump to start of previous change","[c"],"icon":{"type":"file","path":"img/diff.png"},"match":"jump to start of previous change Diff [c"},{"title":"Obtain  difference ","subtitle":"Diff ⎯  do or :diffg[et]","arg":["key code 53//keystroke \"do\"","obtain  difference ","do or :diffg[et]"],"icon":{"type":"file","path":"img/diff.png"},"match":"obtain  difference  Diff do or :diffg[et]"},{"title":"Put difference ","subtitle":"Diff ⎯  dp or :diffpu[t]","arg":["key code 53//keystroke \"dp\"","put difference ","dp or :diffpu[t]"],"icon":{"type":"file","path":"img/diff.png"},"match":"put difference  Diff dp or :diffpu[t]"},{"title":"Make current window part of diff","subtitle":"Diff ⎯  :diffthis","arg":["key code 53//keystroke \":diffthis\" & return","make current window part of diff",":diffthis"],"icon":{"type":"file","path":"img/diff.png"},"match":"make current window part of diff Diff :diffthis"},{"title":"Update differences","subtitle":"Diff ⎯  :dif[fupdate]","arg":["key code 53//keystroke \":dif\" & return","update differences",":dif[fupdate]"],"icon":{"type":"file","path":"img/diff.png"},"match":"update differences Diff :dif[fupdate]"},{"title":"Switch off diff mode for current window","subtitle":"Diff ⎯  :diffo[ff]","arg":["key code 53//keystroke \":diffo\" & return","switch off diff mode for current window",":diffo[ff]"],"icon":{"type":"file","path":"img/diff.png"},"match":"switch off diff mode for current window Diff :diffo[ff]"},{"title":"Turn on us english spell checking","subtitle":"Spell checking ⎯  :set spell spelllang=en_us","arg":["key code 53//keystroke \":set\"//key code 49//keystroke \"spell\"//key code 49//keystroke \"spelllang=en_us\" & return","Turn on US English spell checking",":set spell spelllang=en_us"],"icon":{"type":"file","path":"img/spell.png"},"match":"Turn on US English spell checking Spell checking :set spell spelllang=en_us"},{"title":"Turn off spell checking","subtitle":"Spell checking ⎯  :set nospell","arg":["key code 53//keystroke \":set\"//key code 49//keystroke \"nospell\" & return","Turn off spell checking",":set nospell"],"icon":{"type":"file","path":"img/spell.png"},"match":"Turn off spell checking Spell checking :set nospell"},{"title":"Move to next misspelled word after the cursor","subtitle":"Spell checking ⎯  ]s","arg":["key code 53//keystroke \"]s\"","Move to next misspelled word after the cursor","]s"],"icon":{"type":"file","path":"img/spell.png"},"match":"Move to next misspelled word after the cursor Spell checking ]s"},{"title":"Move to previous misspelled word before the cursor","subtitle":"Spell checking ⎯  [s","arg":["key code 53//keystroke \"[s\"","Move to previous misspelled word before the cursor","[s"],"icon":{"type":"file","path":"img/spell.png"},"match":"Move to previous misspelled word before the cursor Spell checking [s"},{"title":"Suggest spellings for the word under/after the cursor","subtitle":"Spell checking ⎯  z=","arg":["key code 53//keystroke \"z=\"","Suggest spellings for the word under/after the cursor","z="],"icon":{"type":"file","path":"img/spell.png"},"match":"Suggest spellings for the word under/after the cursor Spell checking z="},{"title":"Add word to spell list","subtitle":"Spell checking ⎯  zg","arg":["key code 53//keystroke \"zg\"","Add word to spell list","zg"],"icon":{"type":"file","path":"img/spell.png"},"match":"Add word to spell list Spell checking zg"},{"title":"Mark word as bad/mispelling","subtitle":"Spell checking ⎯  zw","arg":["key code 53//keystroke \"zw\"","Mark word as bad/mispelling","zw"],"icon":{"type":"file","path":"img/spell.png"},"match":"Mark word as bad/mispelling Spell checking zw"},{"title":"Suggest words for bad word under cursor from spell file","subtitle":"Spell checking ⎯  zu","arg":["key code 53//keystroke \"zu\"","Suggest words for bad word under cursor from spell file","zu"],"icon":{"type":"file","path":"img/spell.png"},"match":"Suggest words for bad word under cursor from spell file Spell checking zu"},{"title":"Increment number","subtitle":"Miscellaneous ⎯  Ctrl+a","arg":["key code 53//keystroke \"a\" using control down","Increment number","Ctrl+a"],"icon":{"type":"file","path":"img/misc.png"},"match":"Increment number Miscellaneous Ctrl+a"},{"title":"Decrement number","subtitle":"Miscellaneous ⎯  Ctrl+x","arg":["key code 53//keystroke \"x\" using control down","Decrement number","Ctrl+x"],"icon":{"type":"file","path":"img/misc.png"},"match":"Decrement number Miscellaneous Ctrl+x"},{"title":"Re-select last selected block of text","subtitle":"Miscellaneous ⎯  gv","arg":["key code 53//keystroke \"gv\"","Re-select last selected block of text","gv"],"icon":{"type":"file","path":"img/misc.png"},"match":"Re-select last selected block of text Miscellaneous gv"},{"title":"Insert the result of an expression at the cursor","subtitle":"Miscellaneous ⎯  Ctrl+r =","arg":["key code 53//keystroke \"r\" using control down//keystroke \"=\"","Insert the result of an expression at the cursor","Ctrl+r ="],"icon":{"type":"file","path":"img/misc.png"},"match":"Insert the result of an expression at the cursor Miscellaneous Ctrl+r ="},{"title":"Change file encoding to utf-8","subtitle":"Miscellaneous ⎯  set fenc=UTF-8","arg":["key code 53//keystroke \"set\"//key code 49//keystroke \"fenc=UTF-8\"","Change file encoding to UTF-8","set fenc=UTF-8"],"icon":{"type":"file","path":"img/misc.png"},"match":"Change file encoding to UTF-8 Miscellaneous set fenc=UTF-8"},{"title":"Escape next character","subtitle":"Regex ⎯  \\","arg":["keystroke \"\\\\\"","Escape next character","\\"],"icon":{"type":"file","path":"img/regex.png"},"match":"Escape next character Regex \\"},{"title":"Start-of­-line","subtitle":"Regex ⎯  ^","arg":["keystroke \"^\"","Start-of­-line","^"],"icon":{"type":"file","path":"img/regex.png"},"match":"Start-of­-line Regex ^"},{"title":"End-of-­line","subtitle":"Regex ⎯  $","arg":["keystroke \"$\"","End-of-­line","$"],"icon":{"type":"file","path":"img/regex.png"},"match":"End-of-­line Regex $"},{"title":"Any char","subtitle":"Regex ⎯  .","arg":["keystroke \".\"","Any char","."],"icon":{"type":"file","path":"img/regex.png"},"match":"Any char Regex ."},{"title":"0 or more quantifier","subtitle":"Regex ⎯  *","arg":["keystroke \"*\"","0 or more quantifier","*"],"icon":{"type":"file","path":"img/regex.png"},"match":"0 or more quantifier Regex *"},{"title":"Match last given substitute string","subtitle":"Regex ⎯  ~","arg":["keystroke \"\"~","Match last given substitute string","~"],"icon":{"type":"file","path":"img/regex.png"},"match":"Match last given substitute string Regex ~"},{"title":"Match range","subtitle":"Regex ⎯  [...]","arg":["keystroke \"[...]\"","Match range","[...]"],"icon":{"type":"file","path":"img/regex.png"},"match":"Match range Regex [...]"},{"title":"Not range","subtitle":"Regex ⎯  [^...]","arg":["keystroke \"[^...]\"","Not range","[^...]"],"icon":{"type":"file","path":"img/regex.png"},"match":"Not range Regex [^...]"},{"title":"In replacement: insert <pattern>","subtitle":"Regex ⎯  &","arg":["keystroke \"&\"","In replacement: insert <pattern>","&"],"icon":{"type":"file","path":"img/regex.png"},"match":"In replacement: insert <pattern> Regex &"},{"title":"Beginning of a word","subtitle":"Regex ⎯  \\<","arg":["keystroke \"\\\\<\"","Beginning of a word","\\<"],"icon":{"type":"file","path":"img/regex.png"},"match":"Beginning of a word Regex \\<"},{"title":"End of word","subtitle":"Regex ⎯  \\>","arg":["keystroke \"\\\\>\"","End of word","\\>"],"icon":{"type":"file","path":"img/regex.png"},"match":"End of word Regex \\>"},{"title":"Group","subtitle":"Regex ⎯  \\(...\\)","arg":["keystroke \"\\\\(...\\\\)\"","Group","\\(...\\)"],"icon":{"type":"file","path":"img/regex.png"},"match":"Group Regex \\(...\\)"},{"title":"Separate alternative","subtitle":"Regex ⎯  \\|","arg":["keystroke \"\\\\|\"","Separate alternative","\\|"],"icon":{"type":"file","path":"img/regex.png"},"match":"Separate alternative Regex \\|"},{"title":"Any single char or end-of­line","subtitle":"Regex ⎯  \\_.","arg":["keystroke \"\\\\_.\"","Any single char or end-of­line","\\_."],"icon":{"type":"file","path":"img/regex.png"},"match":"Any single char or end-of­line Regex \\_."},{"title":"1 or more quantifier","subtitle":"Regex ⎯  \\+","arg":["keystroke \"\\\\+\"","1 or more quantifier","\\+"],"icon":{"type":"file","path":"img/regex.png"},"match":"1 or more quantifier Regex \\+"},{"title":"0 or 1 quantifier","subtitle":"Regex ⎯  \\=","arg":["keystroke \"\\\\=\"","0 or 1 quantifier","\\="],"icon":{"type":"file","path":"img/regex.png"},"match":"0 or 1 quantifier Regex \\="},{"title":"0 or 1 quantifier","subtitle":"Regex ⎯  \\?","arg":["keystroke \"\\\\?\"","0 or 1 quantifier","\\?"],"icon":{"type":"file","path":"img/regex.png"},"match":"0 or 1 quantifier Regex \\?"},{"title":"N to m quantifier","subtitle":"Regex ⎯  \\{n,m}","arg":["keystroke \"\\\\{n,m}\"","n to m quantifier","\\{n,m}"],"icon":{"type":"file","path":"img/regex.png"},"match":"n to m quantifier Regex \\{n,m}"},{"title":"N quantifier","subtitle":"Regex ⎯  \\{n}","arg":["keystroke \"\\\\{n}\"","n quantifier","\\{n}"],"icon":{"type":"file","path":"img/regex.png"},"match":"n quantifier Regex \\{n}"},{"title":"At least n quantifier","subtitle":"Regex ⎯  \\{n,}","arg":["keystroke \"\"\\\\{n,}","at least n quantifier","\\{n,}"],"icon":{"type":"file","path":"img/regex.png"},"match":"at least n quantifier Regex \\{n,}"},{"title":"0 to m quantifier","subtitle":"Regex ⎯  \\{,m}","arg":["keystroke \"\\\\{,}\"","0 to m quantifier","\\{,m}"],"icon":{"type":"file","path":"img/regex.png"},"match":"0 to m quantifier Regex \\{,m}"},{"title":"Delete all lines matching pattern","subtitle":"Regex ⎯  :%g/<pa­tte­rn>/d","arg":["key code 53//keystroke \":%g/<pa­tte­r/d\"","delete all lines matching pattern",":%g/<pa­tte­rn>/d"],"icon":{"type":"file","path":"img/regex.png"},"match":"delete all lines matching pattern Regex :%g/<pa­tte­rn>/d"},{"title":"Delete all lines not matching <pattern>","subtitle":"Regex ⎯  :%v/<pa­tte­rn>/d","arg":["key code 53//keystroke \":%v/<pa­tte­r/d\"","delete all lines NOT matching <pattern>",":%v/<pa­tte­rn>/d"],"icon":{"type":"file","path":"img/regex.png"},"match":"delete all lines NOT matching <pattern> Regex :%v/<pa­tte­rn>/d"},{"title":"Delete empty lines","subtitle":"Regex ⎯  :%s/^.*$\\n//","arg":["key code 53//keystroke \":%s/^.*$\\\\n//\"","delete empty lines",":%s/^.*$\\n//"],"icon":{"type":"file","path":"img/regex.png"},"match":"delete empty lines Regex :%s/^.*$\\n//"},{"title":"Replace <pattern> by 'new <pattern>'","subtitle":"Regex ⎯  :s/<pattern>/new &/","arg":["key code 53//keystroke \":%s/<pattern>/new &/\"","Replace <pattern> by 'new <pattern>'",":s/<pattern>/new &/"],"icon":{"type":"file","path":"img/regex.png"},"match":"Replace <pattern> by 'new <pattern>' Regex :s/<pattern>/new &/"},{"title":"Replace <pattern> by content of register","subtitle":"Regex ⎯  :s/<pattern>/\\=@a/","arg":["key code 53//keystroke \":%s/<pattern>/\\\\=@a/\"","Replace <pattern> by content of register",":s/<pattern>/\\=@a/"],"icon":{"type":"file","path":"img/regex.png"},"match":"Replace <pattern> by content of register Regex :s/<pattern>/\\=@a/"},{"title":"Count number of occurrence of <pattern>","subtitle":"Regex ⎯  :s/<pattern>//gn","arg":["key code 53//keystroke \":%s/<pattern>//gn\"","Count number of occurrence of <pattern>",":s/<pattern>//gn"],"icon":{"type":"file","path":"img/regex.png"},"match":"Count number of occurrence of <pattern> Regex :s/<pattern>//gn"},{"title":"Match start","subtitle":"Regex ⎯  \\zs","arg":["keystroke \"\\\\zs\"","Match start","\\zs"],"icon":{"type":"file","path":"img/regex.png"},"match":"Match start Regex \\zs"},{"title":"Match end","subtitle":"Regex ⎯  \\ze","arg":["keystroke \"\\\\ze\"","Match end","\\ze"],"icon":{"type":"file","path":"img/regex.png"},"match":"Match end Regex \\ze"},{"title":"Positive look behind to find <pattern>","subtitle":"Regex ⎯  <atom>\\@<=<pattern>","arg":["keystroke \"<atom>\\\\@<=<pattern>\"","Positive look behind to find <pattern>","<atom>\\@<=<pattern>"],"icon":{"type":"file","path":"img/regex.png"},"match":"Positive look behind to find <pattern> Regex <atom>\\@<=<pattern>"},{"title":"Positive look ahead to find <pattern>","subtitle":"Regex ⎯  <pattern><atom>\\@=","arg":["keystroke \"<pattern><atom>\\\\@=\"","Positive look ahead to find <pattern>","<pattern><atom>\\@="],"icon":{"type":"file","path":"img/regex.png"},"match":"Positive look ahead to find <pattern> Regex <pattern><atom>\\@="},{"title":"Negative look behind to find <pattern>","subtitle":"Regex ⎯  <atom>\\@<!<pattern>","arg":["keystroke \"<atom>\\\\@<!<pattern>\"","Negative look behind to find <pattern>","<atom>\\@<!<pattern>"],"icon":{"type":"file","path":"img/regex.png"},"match":"Negative look behind to find <pattern> Regex <atom>\\@<!<pattern>"},{"title":"Negative look ahead to find <pattern>","subtitle":"Regex ⎯  <pattern><atom>\\@!","arg":["keystroke \"<pattern><atom>\\\\@!\"","Negative look ahead to find <pattern>","<pattern><atom>\\@!"],"icon":{"type":"file","path":"img/regex.png"},"match":"Negative look ahead to find <pattern> Regex <pattern><atom>\\@!"},{"title":"Non-greedy 0 or more quantifier","subtitle":"Regex ⎯  \\{-}","arg":["keystroke \"\\\\{-}\"","Non-greedy 0 or more quantifier","\\{-}"],"icon":{"type":"file","path":"img/regex.png"},"match":"Non-greedy 0 or more quantifier Regex \\{-}"}]}