{"items":[{"title":"Otvori pomoć za naredbu","subtitle":"Globalne naredbe ⎯  :h[elp] naredba","arg":["key code 53//keystroke \":h\"//key code 49//keystroke \"keyword\"","otvori pomoć za naredbu",":h[elp] naredba"],"icon":{"type":"file","path":"img/global.png"},"match":"open help for keyword Globalne naredbe :h[elp] naredba"},{"title":"Snimi datoteku kao","subtitle":"Globalne naredbe ⎯  :sav[eas] datoteka","arg":["key code 53//keystroke \":sav\"//key code 49//keystroke \"file\"","snimi datoteku kao",":sav[eas] datoteka"],"icon":{"type":"file","path":"img/global.png"},"match":"save file as Globalne naredbe :sav[eas] datoteka"},{"title":"Zatvori trenutno aktivni prozor","subtitle":"Globalne naredbe ⎯  :clo[se]","arg":["key code 53//keystroke \":clo\" & return","zatvori trenutno aktivni prozor",":clo[se]"],"icon":{"type":"file","path":"img/global.png"},"match":"close current pane Globalne naredbe :clo[se]"},{"title":"Otvori terminal u prozoru","subtitle":"Globalne naredbe ⎯  :ter[minal]","arg":["key code 53//keystroke \":ter\" & return","otvori terminal u prozoru",":ter[minal]"],"icon":{"type":"file","path":"img/global.png"},"match":"open a terminal window Globalne naredbe :ter[minal]"},{"title":"Otvori 'man' stranicu za riječ ispod kursora","subtitle":"Globalne naredbe ⎯  K","arg":["key code 53//keystroke \"K\"","otvori 'man' stranicu za riječ ispod kursora","K"],"icon":{"type":"file","path":"img/global.png"},"match":"open man page for word under the cursor Globalne naredbe K"},{"title":"Pomakni kursor lijevo","subtitle":"Pomicanje kursora ⎯  h","arg":["key code 53//keystroke \"h\"","pomakni kursor lijevo","h"],"icon":{"type":"file","path":"img/cursorMovement.png"},"match":"move cursor left Pomicanje kursora h"},{"title":"Pomakni kursor dolje","subtitle":"Pomicanje kursora ⎯  j","arg":["key code 53//keystroke \"j\"","pomakni kursor dolje","j"],"icon":{"type":"file","path":"img/cursorMovement.png"},"match":"move cursor down Pomicanje kursora j"},{"title":"Pomakni kursor gore","subtitle":"Pomicanje kursora ⎯  k","arg":["key code 53//keystroke \"k\"","pomakni kursor gore","k"],"icon":{"type":"file","path":"img/cursorMovement.png"},"match":"move cursor up Pomicanje kursora k"},{"title":"Pomakni kursor desno","subtitle":"Pomicanje kursora ⎯  l","arg":["key code 53//keystroke \"l\"","pomakni kursor desno","l"],"icon":{"type":"file","path":"img/cursorMovement.png"},"match":"move cursor right Pomicanje kursora l"},{"title":"Move cursor down ","subtitle":"Pomicanje kursora ⎯  gj","arg":["key code 53//keystroke \"gj\"","move cursor down ","gj"],"icon":{"type":"file","path":"img/cursorMovement.png"},"match":"move cursor down  Pomicanje kursora gj"},{"title":"Move cursor up ","subtitle":"Pomicanje kursora ⎯  gk","arg":["key code 53//keystroke \"gk\"","move cursor up ","gk"],"icon":{"type":"file","path":"img/cursorMovement.png"},"match":"move cursor up  Pomicanje kursora gk"},{"title":"Pomakni kursor na vrh zaslona","subtitle":"Pomicanje kursora ⎯  H","arg":["key code 53//keystroke \"H\"","pomakni kursor na vrh zaslona","H"],"icon":{"type":"file","path":"img/cursorMovement.png"},"match":"move to top of screen Pomicanje kursora H"},{"title":"Pomakni kursor na sredinu zaslona","subtitle":"Pomicanje kursora ⎯  M","arg":["key code 53//keystroke \"M\"","pomakni kursor na sredinu zaslona","M"],"icon":{"type":"file","path":"img/cursorMovement.png"},"match":"move to middle of screen Pomicanje kursora M"},{"title":"Pomakni kursor na dno zaslona","subtitle":"Pomicanje kursora ⎯  L","arg":["key code 53//keystroke \"L\"","pomakni kursor na dno zaslona","L"],"icon":{"type":"file","path":"img/cursorMovement.png"},"match":"move to bottom of screen Pomicanje kursora L"},{"title":"Idi na početak sljedeće riječi","subtitle":"Pomicanje kursora ⎯  w","arg":["key code 53//keystroke \"w\"","idi na početak sljedeće riječi","w"],"icon":{"type":"file","path":"img/cursorMovement.png"},"match":"jump forwards to the start of a word Pomicanje kursora w"},{"title":"Idi na početak sljedeće riječi ","subtitle":"Pomicanje kursora ⎯  W","arg":["key code 53//keystroke \"W\"","idi na početak sljedeće riječi ","W"],"icon":{"type":"file","path":"img/cursorMovement.png"},"match":"jump forwards to the start of a word  Pomicanje kursora W"},{"title":"Idi na kraj riječi","subtitle":"Pomicanje kursora ⎯  e","arg":["key code 53//keystroke \"e\"","idi na kraj riječi","e"],"icon":{"type":"file","path":"img/cursorMovement.png"},"match":"jump forwards to the end of a word Pomicanje kursora e"},{"title":"Idi na kraj riječi ","subtitle":"Pomicanje kursora ⎯  E","arg":["key code 53//keystroke \"E\"","idi na kraj riječi ","E"],"icon":{"type":"file","path":"img/cursorMovement.png"},"match":"jump forwards to the end of a word  Pomicanje kursora E"},{"title":"Idi na početak riječi","subtitle":"Pomicanje kursora ⎯  b","arg":["key code 53//keystroke \"b\"","idi na početak riječi","b"],"icon":{"type":"file","path":"img/cursorMovement.png"},"match":"jump backwards to the start of a word Pomicanje kursora b"},{"title":"Idi na početak riječi ","subtitle":"Pomicanje kursora ⎯  B","arg":["key code 53//keystroke \"B\"","idi na početak riječi ","B"],"icon":{"type":"file","path":"img/cursorMovement.png"},"match":"jump backwards to the start of a word  Pomicanje kursora B"},{"title":"Idi na kraj predhodne riječi","subtitle":"Pomicanje kursora ⎯  ge","arg":["key code 53//keystroke \"ge\"","idi na kraj predhodne riječi","ge"],"icon":{"type":"file","path":"img/cursorMovement.png"},"match":"jump backwards to the end of a word Pomicanje kursora ge"},{"title":"Idi na kraj predhodne riječi ","subtitle":"Pomicanje kursora ⎯  gE","arg":["key code 53//keystroke \"gE\"","idi na kraj predhodne riječi ","gE"],"icon":{"type":"file","path":"img/cursorMovement.png"},"match":"jump backwards to the end of a word  Pomicanje kursora gE"},{"title":"Idi na sljedeći podudarni znak ","subtitle":"Pomicanje kursora ⎯  %","arg":["key code 53//keystroke \"%\"","idi na sljedeći podudarni znak ","%"],"icon":{"type":"file","path":"img/cursorMovement.png"},"match":"move to matching character  Pomicanje kursora %"},{"title":"Idi na početak linije","subtitle":"Pomicanje kursora ⎯  0","arg":["key code 53//keystroke \"0\"","idi na početak linije","0"],"icon":{"type":"file","path":"img/cursorMovement.png"},"match":"jump to the start of the line Pomicanje kursora 0"},{"title":"Idi na prvi neprazni znak u redu","subtitle":"Pomicanje kursora ⎯  ^","arg":["key code 53//keystroke \"^\"","idi na prvi neprazni znak u redu","^"],"icon":{"type":"file","path":"img/cursorMovement.png"},"match":"jump to the first non-blank character of the line Pomicanje kursora ^"},{"title":"Idi na kraj linije","subtitle":"Pomicanje kursora ⎯  $","arg":["key code 53//keystroke \"$\"","idi na kraj linije","$"],"icon":{"type":"file","path":"img/cursorMovement.png"},"match":"jump to the end of the line Pomicanje kursora $"},{"title":"Idi na zadnji neprazni znak u redu","subtitle":"Pomicanje kursora ⎯  g_","arg":["key code 53//keystroke \"g_\"","idi na zadnji neprazni znak u redu","g_"],"icon":{"type":"file","path":"img/cursorMovement.png"},"match":"jump to the last non-blank character of the line Pomicanje kursora g_"},{"title":"Idi na prvi red dokumenta","subtitle":"Pomicanje kursora ⎯  gg","arg":["key code 53//keystroke \"gg\"","idi na prvi red dokumenta","gg"],"icon":{"type":"file","path":"img/cursorMovement.png"},"match":"go to the first line of the document Pomicanje kursora gg"},{"title":"Idi na zadnji red dokumenta","subtitle":"Pomicanje kursora ⎯  G","arg":["key code 53//keystroke \"G\"","idi na zadnji red dokumenta","G"],"icon":{"type":"file","path":"img/cursorMovement.png"},"match":"go to the last line of the document Pomicanje kursora G"},{"title":"Idi na 5. red","subtitle":"Pomicanje kursora ⎯  5gg or 5G","arg":["key code 53//keystroke \"5gg\"","idi na 5. red","5gg or 5G"],"icon":{"type":"file","path":"img/cursorMovement.png"},"match":"go to line 5 Pomicanje kursora 5gg or 5G"},{"title":"Idi na lokalnu deklaraciju varijable ","subtitle":"Pomicanje kursora ⎯  gd","arg":["key code 53//keystroke \"gd\"","idi na lokalnu deklaraciju varijable ","gd"],"icon":{"type":"file","path":"img/cursorMovement.png"},"match":"move to local declaration Pomicanje kursora gd"},{"title":"Idi na globalnu deklaraciju varijable ","subtitle":"Pomicanje kursora ⎯  gD","arg":["key code 53//keystroke \"gD\"","idi na globalnu deklaraciju varijable ","gD"],"icon":{"type":"file","path":"img/cursorMovement.png"},"match":"move to global declaration Pomicanje kursora gD"},{"title":"Idi na sljedeće pojavljivanje znaka x","subtitle":"Pomicanje kursora ⎯  fx","arg":["key code 53//keystroke \"fx\"","idi na sljedeće pojavljivanje znaka x","fx"],"icon":{"type":"file","path":"img/cursorMovement.png"},"match":"jump to next occurrence of character x Pomicanje kursora fx"},{"title":"Idi ispred sljedećeg pojavljivanja znaka x","subtitle":"Pomicanje kursora ⎯  tx","arg":["key code 53//keystroke \"tx\"","idi ispred sljedećeg pojavljivanja znaka x","tx"],"icon":{"type":"file","path":"img/cursorMovement.png"},"match":"jump to before next occurrence of character x Pomicanje kursora tx"},{"title":"Idi na predhodno pojavljivanje znaka x","subtitle":"Pomicanje kursora ⎯  Fx","arg":["key code 53//keystroke \"Fx\"","idi na predhodno pojavljivanje znaka x","Fx"],"icon":{"type":"file","path":"img/cursorMovement.png"},"match":"jump to the previous occurrence of character x Pomicanje kursora Fx"},{"title":"Idi iza predhodnog pojavljivanja znaka x","subtitle":"Pomicanje kursora ⎯  Tx","arg":["key code 53//keystroke \"Tx\"","idi iza predhodnog pojavljivanja znaka x","Tx"],"icon":{"type":"file","path":"img/cursorMovement.png"},"match":"jump to after previous occurrence of character x Pomicanje kursora Tx"},{"title":"Ponovi predhodno f, t, f ili t pomicanje","subtitle":"Pomicanje kursora ⎯  ;","arg":["key code 53//keystroke \";\"","ponovi predhodno f, t, F ili T pomicanje",";"],"icon":{"type":"file","path":"img/cursorMovement.png"},"match":"repeat previous f, t, F or T movement Pomicanje kursora ;"},{"title":"Ponovi predhodno f, t, f ili t pomicanje, u suprotnom smjeru","subtitle":"Pomicanje kursora ⎯  ,","arg":["key code 53//keystroke \",\"","ponovi predhodno f, t, F ili T pomicanje, u suprotnom smjeru",","],"icon":{"type":"file","path":"img/cursorMovement.png"},"match":"repeat previous f, t, F or T movement, backwards Pomicanje kursora ,"},{"title":"Idi na sljedeći odjeljak ","subtitle":"Pomicanje kursora ⎯  }","arg":["key code 53//keystroke \"}\"","idi na sljedeći odjeljak ","}"],"icon":{"type":"file","path":"img/cursorMovement.png"},"match":"jump to next paragraph  Pomicanje kursora }"},{"title":"Idi na predhodni odjeljak ","subtitle":"Pomicanje kursora ⎯  {","arg":["key code 53//keystroke \"{\"","idi na predhodni odjeljak ","{"],"icon":{"type":"file","path":"img/cursorMovement.png"},"match":"jump to previous paragraph  Pomicanje kursora {"},{"title":"Postavi kursor na sredinu zaslona","subtitle":"Pomicanje kursora ⎯  zz","arg":["key code 53//keystroke \"zz\"","postavi kursor na sredinu zaslona","zz"],"icon":{"type":"file","path":"img/cursorMovement.png"},"match":"center cursor on screen Pomicanje kursora zz"},{"title":"Pomakni zaslon jednu liniju prema dolje ","subtitle":"Pomicanje kursora ⎯  Ctrl+e","arg":["key code 53//keystroke \"e\" using control down","pomakni zaslon jednu liniju prema dolje ","Ctrl+e"],"icon":{"type":"file","path":"img/cursorMovement.png"},"match":"move screen down one line  Pomicanje kursora Ctrl+e"},{"title":"Pomakni zaslon jednu liniju prema gore ","subtitle":"Pomicanje kursora ⎯  Ctrl+y","arg":["key code 53//keystroke \"y\" using control down","pomakni zaslon jednu liniju prema gore ","Ctrl+y"],"icon":{"type":"file","path":"img/cursorMovement.png"},"match":"move screen up one line  Pomicanje kursora Ctrl+y"},{"title":"Pomakni nazad jedan zaslon","subtitle":"Pomicanje kursora ⎯  Ctrl+b","arg":["key code 53//keystroke \"b\" using control down","pomakni nazad jedan zaslon","Ctrl+b"],"icon":{"type":"file","path":"img/cursorMovement.png"},"match":"move back one full screen Pomicanje kursora Ctrl+b"},{"title":"Pomakni naprijed jedan zaslon","subtitle":"Pomicanje kursora ⎯  Ctrl+f","arg":["key code 53//keystroke \"f\" using control down","pomakni naprijed jedan zaslon","Ctrl+f"],"icon":{"type":"file","path":"img/cursorMovement.png"},"match":"move forward one full screen Pomicanje kursora Ctrl+f"},{"title":"Pomakni nazad pola zaslona","subtitle":"Pomicanje kursora ⎯  Ctrl+u","arg":["key code 53//keystroke \"u\" using control down","pomakni nazad pola zaslona","Ctrl+u"],"icon":{"type":"file","path":"img/cursorMovement.png"},"match":"move back 1/2 a screen Pomicanje kursora Ctrl+u"},{"title":"Pomakni naprijed pola zaslona","subtitle":"Pomicanje kursora ⎯  Ctrl+d","arg":["key code 53//keystroke \"d\" using control down","pomakni naprijed pola zaslona","Ctrl+d"],"icon":{"type":"file","path":"img/cursorMovement.png"},"match":"move forward 1/2 a screen Pomicanje kursora Ctrl+d"},{"title":"Umetni ispred kursora","subtitle":"Uređivanje teksta  ⎯  i","arg":["key code 53//keystroke \"i\"","umetni ispred kursora","i"],"icon":{"type":"file","path":"img/insertMode.png"},"match":"insert before the cursor Uređivanje teksta  i"},{"title":"Umetni na početak reda","subtitle":"Uređivanje teksta  ⎯  I","arg":["key code 53//keystroke \"I\"","umetni na početak reda","I"],"icon":{"type":"file","path":"img/insertMode.png"},"match":"insert at the beginning of the line Uređivanje teksta  I"},{"title":"Umetni iza kursora","subtitle":"Uređivanje teksta  ⎯  a","arg":["key code 53//keystroke \"a\"","umetni iza kursora","a"],"icon":{"type":"file","path":"img/insertMode.png"},"match":"insert  after the cursor Uređivanje teksta  a"},{"title":"Umetni na kraj reda","subtitle":"Uređivanje teksta  ⎯  A","arg":["key code 53//keystroke \"A\"","umetni na kraj reda","A"],"icon":{"type":"file","path":"img/insertMode.png"},"match":"insert  at the end of the line Uređivanje teksta  A"},{"title":"Dodaj  novi red ispod kursora","subtitle":"Uređivanje teksta  ⎯  o","arg":["key code 53//keystroke \"o\"","dodaj  novi red ispod kursora","o"],"icon":{"type":"file","path":"img/insertMode.png"},"match":"append  a new line below the current line Uređivanje teksta  o"},{"title":"Dodaj  novu red iznad kursora","subtitle":"Uređivanje teksta  ⎯  O","arg":["key code 53//keystroke \"O\"","dodaj  novu red iznad kursora","O"],"icon":{"type":"file","path":"img/insertMode.png"},"match":"append  a new line above the current line Uređivanje teksta  O"},{"title":"Umetni  na kraj riječi","subtitle":"Uređivanje teksta  ⎯  ea","arg":["key code 53//keystroke \"ea\"","umetni  na kraj riječi","ea"],"icon":{"type":"file","path":"img/insertMode.png"},"match":"insert  at the end of the word Uređivanje teksta  ea"},{"title":"Obriši znak ispred kursora tijekom uređivanja","subtitle":"Uređivanje teksta  ⎯  Ctrl+h","arg":["keystroke \"h\" using control down","obriši znak ispred kursora tijekom uređivanja","Ctrl+h"],"icon":{"type":"file","path":"img/insertMode.png"},"match":"delete the character before the cursor during insert mode Uređivanje teksta  Ctrl+h"},{"title":"Obriši riječ ispred kursora tijekom uređivanja","subtitle":"Uređivanje teksta  ⎯  Ctrl+w","arg":["keystroke \"w\" using control down","obriši riječ ispred kursora tijekom uređivanja","Ctrl+w"],"icon":{"type":"file","path":"img/insertMode.png"},"match":"delete word before the cursor during insert mode Uređivanje teksta  Ctrl+w"},{"title":"Idi u novi red tijekom uređivanja","subtitle":"Uređivanje teksta  ⎯  Ctrl+j","arg":["keystroke \"j\" using control down","idi u novi red tijekom uređivanja","Ctrl+j"],"icon":{"type":"file","path":"img/insertMode.png"},"match":"begin new line during insert mode Uređivanje teksta  Ctrl+j"},{"title":"Povećaj uvlaku  red za zadanu širinu tijekom uređivanja","subtitle":"Uređivanje teksta  ⎯  Ctrl+t","arg":["keystroke \"t\" using control down","povećaj uvlaku  red za zadanu širinu tijekom uređivanja","Ctrl+t"],"icon":{"type":"file","path":"img/insertMode.png"},"match":"indent  line one shiftwidth during insert mode Uređivanje teksta  Ctrl+t"},{"title":"Smanji uvlaku  red za zadanu širinu tijekom uređivanja","subtitle":"Uređivanje teksta  ⎯  Ctrl+d","arg":["keystroke \"d\" using control down","smanji uvlaku  red za zadanu širinu tijekom uređivanja","Ctrl+d"],"icon":{"type":"file","path":"img/insertMode.png"},"match":"de-indent  line one shiftwidth during insert mode Uređivanje teksta  Ctrl+d"},{"title":"Umetni  sljedeće podudarne riječi ispred kursora tijekom uređivanja","subtitle":"Uređivanje teksta  ⎯  Ctrl+n","arg":["keystroke \"n\" using control down","umetni  sljedeće podudarne riječi ispred kursora tijekom uređivanja","Ctrl+n"],"icon":{"type":"file","path":"img/insertMode.png"},"match":"insert  next match before the cursor during insert mode Uređivanje teksta  Ctrl+n"},{"title":"Umetni  predhodne podudarne riječi ispred kursora tijekom uređivanja","subtitle":"Uređivanje teksta  ⎯  Ctrl+p","arg":["keystroke \"p\" using control down","umetni  predhodne podudarne riječi ispred kursora tijekom uređivanja","Ctrl+p"],"icon":{"type":"file","path":"img/insertMode.png"},"match":"insert  previous match before the cursor during insert mode Uređivanje teksta  Ctrl+p"},{"title":"Umetni sadržaj registra x","subtitle":"Uređivanje teksta  ⎯  Ctrl+r x","arg":["keystroke \"r\" using control down//keystroke \"x\"","umetni sadržaj registra x","Ctrl+r x"],"icon":{"type":"file","path":"img/insertMode.png"},"match":"insert the contents of register x Uređivanje teksta  Ctrl+r x"},{"title":"Privremeno koristi normalni mod za izvršavanje jedne naredbe x.","subtitle":"Uređivanje teksta  ⎯  Ctrl+o x","arg":["keystroke \"o\" using control down//keystroke \"x\"","Privremeno koristi normalni mod za izvršavanje jedne naredbe x.","Ctrl+o x"],"icon":{"type":"file","path":"img/insertMode.png"},"match":"Temporarily enter normal mode to issue one normal-mode command x. Uređivanje teksta  Ctrl+o x"},{"title":"Izađi iz uređivanja teksta","subtitle":"Uređivanje teksta  ⎯  Esc","arg":["key code 53","izađi iz uređivanja teksta","Esc"],"icon":{"type":"file","path":"img/insertMode.png"},"match":"exit insert mode Uređivanje teksta  Esc"},{"title":"Promijeni jedan znak","subtitle":"Uređivanje ⎯  r","arg":["key code 53//keystroke \"r\"","promijeni jedan znak","r"],"icon":{"type":"file","path":"img/editing.png"},"match":"replace a single character. Uređivanje r"},{"title":"Promijeni više od jednog znaka, za kraj promjene koristi esc","subtitle":"Uređivanje ⎯  R","arg":["key code 53//keystroke \"R\"","promijeni više od jednog znaka, za kraj promjene koristi ESC","R"],"icon":{"type":"file","path":"img/editing.png"},"match":"replace more than one character, until ESC is pressed. Uređivanje R"},{"title":"Spoji red ispod s trenutnim redom koristeći jedan prazni znak između ","subtitle":"Uređivanje ⎯  J","arg":["key code 53//keystroke \"J\"","spoji red ispod s trenutnim redom koristeći jedan prazni znak između ","J"],"icon":{"type":"file","path":"img/editing.png"},"match":"join line below to the current one with one space in between Uređivanje J"},{"title":"Spoji red ispod s trenutnim redom bez dodavanja razdjelnika","subtitle":"Uređivanje ⎯  gJ","arg":["key code 53//keystroke \"gJ\"","spoji red ispod s trenutnim redom bez dodavanja razdjelnika","gJ"],"icon":{"type":"file","path":"img/editing.png"},"match":"join line below to the current one without space in between Uređivanje gJ"},{"title":"Preoblikuj odjeljak","subtitle":"Uređivanje ⎯  gwip","arg":["key code 53//keystroke \"gwip\"","preoblikuj odjeljak","gwip"],"icon":{"type":"file","path":"img/editing.png"},"match":"reflow paragraph Uređivanje gwip"},{"title":"Zamijeni velika i mala slova koristeći pomicanje kursora","subtitle":"Uređivanje ⎯  g~","arg":["key code 53//keystroke \"g~\"","zamijeni velika i mala slova koristeći pomicanje kursora","g~"],"icon":{"type":"file","path":"img/editing.png"},"match":"switch case up to motion Uređivanje g~"},{"title":"Promijeni u mala slova koristeći pomicinje kursora","subtitle":"Uređivanje ⎯  gu","arg":["key code 53//keystroke \"gu\"","promijeni u mala slova koristeći pomicinje kursora","gu"],"icon":{"type":"file","path":"img/editing.png"},"match":"change to lowercase up to motion Uređivanje gu"},{"title":"Promijeni u velika slova koristeći pomicinje kursora","subtitle":"Uređivanje ⎯  gU","arg":["key code 53//keystroke \"gU\"","promijeni u velika slova koristeći pomicinje kursora","gU"],"icon":{"type":"file","path":"img/editing.png"},"match":"change to uppercase up to motion Uređivanje gU"},{"title":"Promijeni cijeli red","subtitle":"Uređivanje ⎯  cc","arg":["key code 53//keystroke \"cc\"","promijeni cijeli red","cc"],"icon":{"type":"file","path":"img/editing.png"},"match":"change  entire line Uređivanje cc"},{"title":"Promijeni sve do kraja reda","subtitle":"Uređivanje ⎯  c$ or C","arg":["key code 53//keystroke \"g$\"","promijeni sve do kraja reda","c$ or C"],"icon":{"type":"file","path":"img/editing.png"},"match":"change  to the end of the line Uređivanje c$ or C"},{"title":"Promijeni cijelu riječ","subtitle":"Uređivanje ⎯  ciw","arg":["key code 53//keystroke \"ciw\"","promijeni cijelu riječ","ciw"],"icon":{"type":"file","path":"img/editing.png"},"match":"change  entire word Uređivanje ciw"},{"title":"Promijeni do kraja riječi","subtitle":"Uređivanje ⎯  cw or ce","arg":["key code 53//keystroke \"cw\"","promijeni do kraja riječi","cw or ce"],"icon":{"type":"file","path":"img/editing.png"},"match":"change  to the end of the word Uređivanje cw or ce"},{"title":"Izbriši znak i zamijeni s drugim tekstom","subtitle":"Uređivanje ⎯  s","arg":["key code 53//keystroke \"s\"","izbriši znak i zamijeni s drugim tekstom","s"],"icon":{"type":"file","path":"img/editing.png"},"match":"delete character and substitute text Uređivanje s"},{"title":"Izbriši red i zamijeni s drugim tekstom ","subtitle":"Uređivanje ⎯  S","arg":["key code 53//keystroke \"S\"","izbriši red i zamijeni s drugim tekstom ","S"],"icon":{"type":"file","path":"img/editing.png"},"match":"delete line and substitute text  Uređivanje S"},{"title":"Zamijeni poredak dva znaka ","subtitle":"Uređivanje ⎯  xp","arg":["key code 53//keystroke \"xp\"","zamijeni poredak dva znaka ","xp"],"icon":{"type":"file","path":"img/editing.png"},"match":"transpose two letters  Uređivanje xp"},{"title":"Poništi ","subtitle":"Uređivanje ⎯  u","arg":["key code 53//keystroke \"u\"","poništi ","u"],"icon":{"type":"file","path":"img/editing.png"},"match":"undo Uređivanje u"},{"title":"Poništi sve promjene u zadnje izmjenjenom redu","subtitle":"Uređivanje ⎯  U","arg":["key code 53//keystroke \"U\"","poništi sve promjene u zadnje izmjenjenom redu","U"],"icon":{"type":"file","path":"img/editing.png"},"match":"restore  last changed line Uređivanje U"},{"title":"Ponovi ","subtitle":"Uređivanje ⎯  Ctrl+r","arg":["key code 53//keystroke \"r\" using control down","ponovi ","Ctrl+r"],"icon":{"type":"file","path":"img/editing.png"},"match":"redo Uređivanje Ctrl+r"},{"title":"Ponovi zadnju naredbu","subtitle":"Uređivanje ⎯  .","arg":["key code 53//keystroke \".\"","ponovi zadnju naredbu","."],"icon":{"type":"file","path":"img/editing.png"},"match":"repeat last command Uređivanje ."},{"title":"Započni označavanje teksta, označi tekst, zatim izvrši naredbu ","subtitle":"Označavanje teksta  ⎯  v","arg":["key code 53//keystroke \"v\"","započni označavanje teksta, označi tekst, zatim izvrši naredbu ","v"],"icon":{"type":"file","path":"img/markingText.png"},"match":"start visual mode, mark lines, then do a command  Označavanje teksta  v"},{"title":"Započni označavanje cijelih redova","subtitle":"Označavanje teksta  ⎯  V","arg":["key code 53//keystroke \"V\"","započni označavanje cijelih redova","V"],"icon":{"type":"file","path":"img/markingText.png"},"match":"start linewise visual mode Označavanje teksta  V"},{"title":"Pomakni kursor na suprotni kraj označenog bloka","subtitle":"Označavanje teksta  ⎯  o","arg":["key code 53//keystroke \"o\"","pomakni kursor na suprotni kraj označenog bloka","o"],"icon":{"type":"file","path":"img/markingText.png"},"match":"move to other end of marked area Označavanje teksta  o"},{"title":"Započni označavanje bloka","subtitle":"Označavanje teksta  ⎯  Ctrl+v","arg":["key code 53//keystroke \"v\" using control down","započni označavanje bloka","Ctrl+v"],"icon":{"type":"file","path":"img/markingText.png"},"match":"start visual block mode Označavanje teksta  Ctrl+v"},{"title":"Pomakni kursor na drugu stranu označenog bloka","subtitle":"Označavanje teksta  ⎯  O","arg":["key code 53//keystroke \"O\"","pomakni kursor na drugu stranu označenog bloka","O"],"icon":{"type":"file","path":"img/markingText.png"},"match":"move to other corner of block Označavanje teksta  O"},{"title":"Označi riječ","subtitle":"Označavanje teksta  ⎯  aw","arg":["key code 53//keystroke \"aw\"","označi riječ","aw"],"icon":{"type":"file","path":"img/markingText.png"},"match":"mark a word Označavanje teksta  aw"},{"title":"Označi blok sa ()","subtitle":"Označavanje teksta  ⎯  ab","arg":["key code 53//keystroke \"ab\"","označi blok sa ()","ab"],"icon":{"type":"file","path":"img/markingText.png"},"match":"a block with () Označavanje teksta  ab"},{"title":"Označi blok sa {}","subtitle":"Označavanje teksta  ⎯  aB","arg":["key code 53//keystroke \"aB\"","označi blok sa {}","aB"],"icon":{"type":"file","path":"img/markingText.png"},"match":"a block with {} Označavanje teksta  aB"},{"title":"Označi blok sa <> tag-ovima","subtitle":"Označavanje teksta  ⎯  at","arg":["key code 53//keystroke \"at\"","označi blok sa <> tag-ovima","at"],"icon":{"type":"file","path":"img/markingText.png"},"match":"a block with <> tags Označavanje teksta  at"},{"title":"Označi blok unutar ()","subtitle":"Označavanje teksta  ⎯  ib","arg":["key code 53//keystroke \"ib\"","označi blok unutar ()","ib"],"icon":{"type":"file","path":"img/markingText.png"},"match":"inner block with () Označavanje teksta  ib"},{"title":"Označi blok unutar {}","subtitle":"Označavanje teksta  ⎯  iB","arg":["key code 53//keystroke \"iB\"","označi blok unutar {}","iB"],"icon":{"type":"file","path":"img/markingText.png"},"match":"inner block with {} Označavanje teksta  iB"},{"title":"Označi blok unutar <> tag-ova","subtitle":"Označavanje teksta  ⎯  it","arg":["key code 53//keystroke \"it\"","označi blok unutar <> tag-ova","it"],"icon":{"type":"file","path":"img/markingText.png"},"match":"inner block with <> tags Označavanje teksta  it"},{"title":"Izađi iz označavanja teksta","subtitle":"Označavanje teksta  ⎯  Esc","arg":["key code 53//key code 53","izađi iz označavanja teksta","Esc"],"icon":{"type":"file","path":"img/markingText.png"},"match":"exit visual mode Označavanje teksta  Esc"},{"title":"Pomakni označeni tekst udesno","subtitle":"Naredbe tijekom označavanja teksta (Reference only) ⎯  >","arg":["keystroke \">\"","pomakni označeni tekst udesno",">"],"icon":{"type":"file","path":"img/visualCommands.png"},"match":"shift text right Naredbe tijekom označavanja teksta >"},{"title":"Pomakni označeni tekst ulijevo","subtitle":"Naredbe tijekom označavanja teksta (Reference only) ⎯  <","arg":["keystroke \"<\"","pomakni označeni tekst ulijevo","<"],"icon":{"type":"file","path":"img/visualCommands.png"},"match":"shift text left Naredbe tijekom označavanja teksta <"},{"title":"Kopiraj označeni tekst","subtitle":"Naredbe tijekom označavanja teksta (Reference only) ⎯  y","arg":["keystroke \"y\"","kopiraj označeni tekst","y"],"icon":{"type":"file","path":"img/visualCommands.png"},"match":"yank  marked text Naredbe tijekom označavanja teksta y"},{"title":"Obriši označeni tekst","subtitle":"Naredbe tijekom označavanja teksta (Reference only) ⎯  d","arg":["keystroke \"d\"","obriši označeni tekst","d"],"icon":{"type":"file","path":"img/visualCommands.png"},"match":"delete marked text Naredbe tijekom označavanja teksta d"},{"title":"Zamijeni mala i velika slova","subtitle":"Naredbe tijekom označavanja teksta (Reference only) ⎯  ~","arg":["keystroke \"~\"","zamijeni mala i velika slova","~"],"icon":{"type":"file","path":"img/visualCommands.png"},"match":"switch case Naredbe tijekom označavanja teksta ~"},{"title":"Promijeni označeni tekst u mala slova","subtitle":"Naredbe tijekom označavanja teksta (Reference only) ⎯  u","arg":["keystroke \"u\"","promijeni označeni tekst u mala slova","u"],"icon":{"type":"file","path":"img/visualCommands.png"},"match":"change marked text to lowercase Naredbe tijekom označavanja teksta u"},{"title":"Promijeni označeni tekst u velika slova","subtitle":"Naredbe tijekom označavanja teksta (Reference only) ⎯  U","arg":["keystroke \"U\"","promijeni označeni tekst u velika slova","U"],"icon":{"type":"file","path":"img/visualCommands.png"},"match":"change marked text to uppercase Naredbe tijekom označavanja teksta U"},{"title":"Prikazi sadržaj registara","subtitle":"Registri ⎯  :reg[isters]","arg":["key code 53//keystroke \":reg\" & return","prikazi sadržaj registara",":reg[isters]"],"icon":{"type":"file","path":"img/registers.png"},"match":"show registers content Registri :reg[isters]"},{"title":"Kopiraj u registar x","subtitle":"Registri ⎯  xy","arg":["key code 53//keystroke \"xy\"","kopiraj u registar x","xy"],"icon":{"type":"file","path":"img/registers.png"},"match":"yank into register x Registri xy"},{"title":"Zalijepi sadržaj registra x","subtitle":"Registri ⎯  xp","arg":["key code 53//keystroke \"xp\"","zalijepi sadržaj registra x","xp"],"icon":{"type":"file","path":"img/registers.png"},"match":"paste contents of register x Registri xp"},{"title":"Kopiraj u registar međuspremnika sustava ","subtitle":"Registri ⎯  +y","arg":["key code 53//keystroke \"+y\"","kopiraj u registar međuspremnika sustava ","+y"],"icon":{"type":"file","path":"img/registers.png"},"match":"yank into the system clipboard register Registri +y"},{"title":"Zalijepi iz registra međuspremnika sustava ","subtitle":"Registri ⎯  +p","arg":["key code 53//keystroke \"+p\"","zalijepi iz registra međuspremnika sustava ","+p"],"icon":{"type":"file","path":"img/registers.png"},"match":"paste from the system clipboard register Registri +p"},{"title":"Označi trenutni položaj oznakom a","subtitle":"Oznake i položaji ⎯  ma","arg":["key code 53//keystroke \"ma\"","označi trenutni položaj oznakom A","ma"],"icon":{"type":"file","path":"img/marks.png"},"match":"set current position for mark A Oznake i položaji ma"},{"title":"Idi na položaj oznake a","subtitle":"Oznake i položaji ⎯  `a","arg":["key code 53//keystroke \"`a\"","idi na položaj oznake A","`a"],"icon":{"type":"file","path":"img/marks.png"},"match":"jump to position of mark A Oznake i položaji `a"},{"title":"Kopiraj sav tekst do položaja oznake a","subtitle":"Oznake i položaji ⎯  y`a","arg":["key code 53//keystroke \"y`a\"","kopiraj sav tekst do položaja oznake A","y`a"],"icon":{"type":"file","path":"img/marks.png"},"match":"yank text to position of mark A Oznake i položaji y`a"},{"title":"Idi na položaj neposredno prije zatvaranja vim-a","subtitle":"Oznake i položaji ⎯  `0","arg":["key code 53//keystroke \"`0\"","idi na položaj neposredno prije zatvaranja Vim-a","`0"],"icon":{"type":"file","path":"img/marks.png"},"match":"go to the position where Vim was previously exited Oznake i položaji `0"},{"title":"Idi na položaj zadnjeg uređivanja datoteke","subtitle":"Oznake i položaji ⎯  `\"","arg":["key code 53//keystroke \"`\\\"\"","idi na položaj zadnjeg uređivanja datoteke","`\""],"icon":{"type":"file","path":"img/marks.png"},"match":"go to the position when last editing this file Oznake i položaji `\""},{"title":"Idi na položaj zadnje promjene datoteke","subtitle":"Oznake i položaji ⎯  `.","arg":["key code 53//keystroke \"`.\"","idi na položaj zadnje promjene datoteke","`."],"icon":{"type":"file","path":"img/marks.png"},"match":"go to the position of the last change in this file Oznake i položaji `."},{"title":"Idi na položaj prije zadnjeg pomaka","subtitle":"Oznake i položaji ⎯  ``","arg":["key code 53//keystroke \"``\"","idi na položaj prije zadnjeg pomaka","``"],"icon":{"type":"file","path":"img/marks.png"},"match":"go to the position before the last jump Oznake i položaji ``"},{"title":"Lista pomaka","subtitle":"Oznake i položaji ⎯  :ju[mps]","arg":["key code 53//keystroke \":ju\" & return","lista pomaka",":ju[mps]"],"icon":{"type":"file","path":"img/marks.png"},"match":"list of jumps Oznake i položaji :ju[mps]"},{"title":"Idi na sljedeći  položaj u listi pomicanja","subtitle":"Oznake i položaji ⎯  Ctrl+i","arg":["key code 53//keystroke \"i\" using control down","idi na sljedeći  položaj u listi pomicanja","Ctrl+i"],"icon":{"type":"file","path":"img/marks.png"},"match":"go to newer position in jump list Oznake i položaji Ctrl+i"},{"title":"Idi na predhodni  položaj u listi pomicanja","subtitle":"Oznake i položaji ⎯  Ctrl+o","arg":["key code 53//keystroke \"o\" using control down","idi na predhodni  položaj u listi pomicanja","Ctrl+o"],"icon":{"type":"file","path":"img/marks.png"},"match":"go to older position in jump list Oznake i položaji Ctrl+o"},{"title":"Lista izmjena","subtitle":"Oznake i položaji ⎯  :changes","arg":["key code 53//keystroke \":changes\" & return","lista izmjena",":changes"],"icon":{"type":"file","path":"img/marks.png"},"match":"list of changes Oznake i položaji :changes"},{"title":"Idi na položaj sljedeće  promjene","subtitle":"Oznake i položaji ⎯  g,","arg":["key code 53//keystroke \"g,\"","idi na položaj sljedeće  promjene","g,"],"icon":{"type":"file","path":"img/marks.png"},"match":"go to newer position in change list Oznake i položaji g,"},{"title":"Idi na položaj predhodne  promjene","subtitle":"Oznake i položaji ⎯  g;","arg":["key code 53//keystroke \"g;\"","idi na položaj predhodne  promjene","g;"],"icon":{"type":"file","path":"img/marks.png"},"match":"go to older position in change list Oznake i položaji g;"},{"title":"Idi na tag ispod kursora","subtitle":"Oznake i položaji ⎯  Ctrl+]","arg":["key code 53//keystroke \"]\" using control down","idi na tag ispod kursora","Ctrl+]"],"icon":{"type":"file","path":"img/marks.png"},"match":"jump to the tag under cursor Oznake i položaji Ctrl+]"},{"title":"Go to file in cursor","subtitle":"Oznake i položaji ⎯  gf","arg":["key code 53//keystroke \"gf\"","Go to file in cursor","gf"],"icon":{"type":"file","path":"img/marks.png"},"match":"Go to file in cursor Oznake i položaji gf"},{"title":"Snimi makro a","subtitle":"Makro naredbe ⎯  qa","arg":["key code 53//keystroke \"qa\"","snimi makro a","qa"],"icon":{"type":"file","path":"img/macros.png"},"match":"record macro a Makro naredbe qa"},{"title":"Zaustavi snimanje makro-a","subtitle":"Makro naredbe ⎯  q","arg":["key code 53//keystroke \"q\"","zaustavi snimanje makro-a","q"],"icon":{"type":"file","path":"img/macros.png"},"match":"stop recording macro Makro naredbe q"},{"title":"Pokreni makro a","subtitle":"Makro naredbe ⎯  @a","arg":["key code 53//keystroke \"@a\"","pokreni makro a","@a"],"icon":{"type":"file","path":"img/macros.png"},"match":"run macro a Makro naredbe @a"},{"title":"Ponovo pokreni zadnji makro","subtitle":"Makro naredbe ⎯  @@","arg":["key code 53//keystroke \"@@\"","ponovo pokreni zadnji makro","@@"],"icon":{"type":"file","path":"img/macros.png"},"match":"rerun last run macro Makro naredbe @@"},{"title":"Kopiraj cijeli red","subtitle":"Izreži i zaljepi ⎯  yy","arg":["key code 53//keystroke \"yy\"","kopiraj cijeli red","yy"],"icon":{"type":"file","path":"img/cutAndPaste.png"},"match":"yank  a line Izreži i zaljepi yy"},{"title":"Kopiraj 2 reda","subtitle":"Izreži i zaljepi ⎯  2yy","arg":["key code 53//keystroke \"2yy\"","kopiraj 2 reda","2yy"],"icon":{"type":"file","path":"img/cutAndPaste.png"},"match":"yank  2 lines Izreži i zaljepi 2yy"},{"title":"Kopiraj znakove u riječi od trenutog položaja kursora do početka sljedeće riječi","subtitle":"Izreži i zaljepi ⎯  yw","arg":["key code 53//keystroke \"yw\"","kopiraj znakove u riječi od trenutog položaja kursora do početka sljedeće riječi","yw"],"icon":{"type":"file","path":"img/cutAndPaste.png"},"match":"yank  the characters of the word from the cursor position to the start of the next word Izreži i zaljepi yw"},{"title":"Kopiraj cijelu riječ ispod kursora","subtitle":"Izreži i zaljepi ⎯  yiw","arg":["key code 53//keystroke \"yiw\"","kopiraj cijelu riječ ispod kursora","yiw"],"icon":{"type":"file","path":"img/cutAndPaste.png"},"match":"yank  word under the cursor Izreži i zaljepi yiw"},{"title":"Kopiraj riječ ispod kursora i razmak prije ili poslije riječi","subtitle":"Izreži i zaljepi ⎯  yaw","arg":["key code 53//keystroke \"yaw\"","kopiraj riječ ispod kursora i razmak prije ili poslije riječi","yaw"],"icon":{"type":"file","path":"img/cutAndPaste.png"},"match":"yank  word under the cursor and the space after or before it Izreži i zaljepi yaw"},{"title":"Kopiraj sve do kraja reda","subtitle":"Izreži i zaljepi ⎯  y$","arg":["key code 53//keystroke \"y$\"","kopiraj sve do kraja reda","y$"],"icon":{"type":"file","path":"img/cutAndPaste.png"},"match":"yank  to end of line Izreži i zaljepi y$"},{"title":"Zalijepi sadržaj trenutnog registra iza kursora","subtitle":"Izreži i zaljepi ⎯  p","arg":["key code 53//keystroke \"p\"","zalijepi sadržaj trenutnog registra iza kursora","p"],"icon":{"type":"file","path":"img/cutAndPaste.png"},"match":"put  the clipboard after cursor Izreži i zaljepi p"},{"title":"Zalijepi ispred kursora","subtitle":"Izreži i zaljepi ⎯  P","arg":["key code 53//keystroke \"P\"","zalijepi ispred kursora","P"],"icon":{"type":"file","path":"img/cutAndPaste.png"},"match":"put  before cursor Izreži i zaljepi P"},{"title":"Zalijepi sadržaj trenutnog registra iza kursora i postavi kursor iza novog teksta","subtitle":"Izreži i zaljepi ⎯  gp","arg":["key code 53//keystroke \"gp\"","zalijepi sadržaj trenutnog registra iza kursora i postavi kursor iza novog teksta","gp"],"icon":{"type":"file","path":"img/cutAndPaste.png"},"match":"put  the clipboard after cursor and leave cursor after the new text Izreži i zaljepi gp"},{"title":"Zalijepi ispred kursora i postavi kursor iza novog teksta","subtitle":"Izreži i zaljepi ⎯  gP","arg":["key code 53//keystroke \"gP\"","zalijepi ispred kursora i postavi kursor iza novog teksta","gP"],"icon":{"type":"file","path":"img/cutAndPaste.png"},"match":"put  before cursor and leave cursor after the new text Izreži i zaljepi gP"},{"title":"Izbriši čitavi red","subtitle":"Izreži i zaljepi ⎯  dd","arg":["key code 53//keystroke \"dd\"","izbriši čitavi red","dd"],"icon":{"type":"file","path":"img/cutAndPaste.png"},"match":"delete  a line Izreži i zaljepi dd"},{"title":"Izbriši 2 reda","subtitle":"Izreži i zaljepi ⎯  2dd","arg":["key code 53//keystroke \"2dd\"","izbriši 2 reda","2dd"],"icon":{"type":"file","path":"img/cutAndPaste.png"},"match":"delete  2 lines Izreži i zaljepi 2dd"},{"title":"Izbriši znakove u riječi od položaja kursora do početka sljedeće riječi","subtitle":"Izreži i zaljepi ⎯  dw","arg":["key code 53//keystroke \"dw\"","izbriši znakove u riječi od položaja kursora do početka sljedeće riječi","dw"],"icon":{"type":"file","path":"img/cutAndPaste.png"},"match":"delete  the characters of the word from the cursor position to the start of the next word Izreži i zaljepi dw"},{"title":"Izbriši cijelu riječ ispod kursora","subtitle":"Izreži i zaljepi ⎯  diw","arg":["key code 53//keystroke \"diw\"","izbriši cijelu riječ ispod kursora","diw"],"icon":{"type":"file","path":"img/cutAndPaste.png"},"match":"delete  word under the cursor Izreži i zaljepi diw"},{"title":"Izbriši riječ ispod kursora i razmak prije ili poslije riječi","subtitle":"Izreži i zaljepi ⎯  daw","arg":["key code 53//keystroke \"daw\"","izbriši riječ ispod kursora i razmak prije ili poslije riječi","daw"],"icon":{"type":"file","path":"img/cutAndPaste.png"},"match":"delete  word under the cursor and the space after or before it Izreži i zaljepi daw"},{"title":"Izbriši sve do kraja reda","subtitle":"Izreži i zaljepi ⎯  d$ or D","arg":["key code 53//keystroke \"d$\"","izbriši sve do kraja reda","d$ or D"],"icon":{"type":"file","path":"img/cutAndPaste.png"},"match":"delete  to the end of the line Izreži i zaljepi d$ or D"},{"title":"Izbriši znak ispod kursora","subtitle":"Izreži i zaljepi ⎯  x","arg":["key code 53//keystroke \"x\"","izbriši znak ispod kursora","x"],"icon":{"type":"file","path":"img/cutAndPaste.png"},"match":"delete  character Izreži i zaljepi x"},{"title":"Povećaj uvlaku reda  za zadanu širinu","subtitle":"Uvlačenje teksta ⎯  >>","arg":["key code 53//keystroke \">>\"","povećaj uvlaku reda  za zadanu širinu",">>"],"icon":{"type":"file","path":"img/indentText.png"},"match":"indent  line one shiftwidth Uvlačenje teksta >>"},{"title":"Smanji uvlaku reda  za zadanu širinu","subtitle":"Uvlačenje teksta ⎯  <<","arg":["key code 53//keystroke \"<<\"","smanji uvlaku reda  za zadanu širinu","<<"],"icon":{"type":"file","path":"img/indentText.png"},"match":"de-indent  line one shiftwidth Uvlačenje teksta <<"},{"title":"Uvuci blok zadan sa () ili {} ","subtitle":"Uvlačenje teksta ⎯  >%","arg":["key code 53//keystroke \">%\"","uvuci blok zadan sa () ili {} ",">%"],"icon":{"type":"file","path":"img/indentText.png"},"match":"indent a block with () or {}  Uvlačenje teksta >%"},{"title":"Uvuci unutrašnjost bloka zadanog sa ()","subtitle":"Uvlačenje teksta ⎯  >ib","arg":["key code 53//keystroke \">ib\"","uvuci unutrašnjost bloka zadanog sa ()",">ib"],"icon":{"type":"file","path":"img/indentText.png"},"match":"indent inner block with () Uvlačenje teksta >ib"},{"title":"Uvuci blok zadan sa <> tag-ovima","subtitle":"Uvlačenje teksta ⎯  >at","arg":["key code 53//keystroke \">at\"","uvuci blok zadan sa <> tag-ovima",">at"],"icon":{"type":"file","path":"img/indentText.png"},"match":"indent a block with <> tags Uvlačenje teksta >at"},{"title":"Ponovi uvlaku 3 reda","subtitle":"Uvlačenje teksta ⎯  3==","arg":["key code 53//keystroke \"3==\"","ponovi uvlaku 3 reda","3=="],"icon":{"type":"file","path":"img/indentText.png"},"match":"re-indent 3 lines Uvlačenje teksta 3=="},{"title":"Ponovi uvlaku bloka zadanog sa () ili {} ","subtitle":"Uvlačenje teksta ⎯  =%","arg":["key code 53//keystroke \"=%\"","ponovi uvlaku bloka zadanog sa () ili {} ","=%"],"icon":{"type":"file","path":"img/indentText.png"},"match":"re-indent a block with () or {}  Uvlačenje teksta =%"},{"title":"","subtitle":"Uvlačenje teksta ⎯  =iB","arg":["key code 53//keystroke \"iB\"",null,"=iB"],"icon":{"type":"file","path":"img/indentText.png"},"match":" Uvlačenje teksta =iB"},{"title":"Ponovo uvuci čitavi međuspremnik","subtitle":"Uvlačenje teksta ⎯  gg=G","arg":["key code 53//keystroke \"gg=G\"","ponovo uvuci čitavi međuspremnik","gg=G"],"icon":{"type":"file","path":"img/indentText.png"},"match":"re-indent entire buffer Uvlačenje teksta gg=G"},{"title":"Zalijepi i prilagodi uvlaku u trenutnom redu","subtitle":"Uvlačenje teksta ⎯  ]p","arg":["key code 53//keystroke \"]p\"","zalijepi i prilagodi uvlaku u trenutnom redu","]p"],"icon":{"type":"file","path":"img/indentText.png"},"match":"paste and adjust indent to current line Uvlačenje teksta ]p"},{"title":"Spremi izmjene, ali nemoj zatvoriti datoteku","subtitle":"Zatvaranje ⎯  :w","arg":["key code 53//keystroke \":w\" & return","spremi izmjene, ali nemoj zatvoriti datoteku",":w"],"icon":{"type":"file","path":"img/exiting.png"},"match":"write  the file, but don't exit Zatvaranje :w"},{"title":"Spremi izmjene u datoteci koristeći sudo","subtitle":"Zatvaranje ⎯  :w !sudo tee %","arg":["key code 53//keystroke \":w !sudo tee %\"","spremi izmjene u datoteci koristeći sudo",":w !sudo tee %"],"icon":{"type":"file","path":"img/exiting.png"},"match":"write out the current file using sudo Zatvaranje :w !sudo tee %"},{"title":"Spremi i zatvori","subtitle":"Zatvaranje ⎯  :wq or :x or ZZ","arg":["key code 53//keystroke \":wq\" & return","spremi i zatvori",":wq or :x or ZZ"],"icon":{"type":"file","path":"img/exiting.png"},"match":"write  and quit Zatvaranje :wq or :x or ZZ"},{"title":"Zatvori ","subtitle":"Zatvaranje ⎯  :q","arg":["key code 53//keystroke \":q\" & return","zatvori ",":q"],"icon":{"type":"file","path":"img/exiting.png"},"match":"quit  Zatvaranje :q"},{"title":"Zatvori i nemoj spremiti izmjene","subtitle":"Zatvaranje ⎯  :q! or ZQ","arg":["key code 53//keystroke \":q!\" & return","zatvori i nemoj spremiti izmjene",":q! or ZQ"],"icon":{"type":"file","path":"img/exiting.png"},"match":"quit and throw away unsaved changes Zatvaranje :q! or ZQ"},{"title":"Spremi i zatvori za sve otvorene datoteke","subtitle":"Zatvaranje ⎯  :wqa","arg":["key code 53//keystroke \":wqa\" & return","spremi i zatvori za sve otvorene datoteke",":wqa"],"icon":{"type":"file","path":"img/exiting.png"},"match":"write  and quit on all tabs Zatvaranje :wqa"},{"title":"Traži izraz","subtitle":"Traži i zamijeni ⎯  /pattern","arg":["key code 53//keystroke \"/pattern\"","traži izraz","/pattern"],"icon":{"type":"file","path":"img/searchAndReplace.png"},"match":"search for pattern Traži i zamijeni /pattern"},{"title":"Traži izraz unazad","subtitle":"Traži i zamijeni ⎯  ?pattern","arg":["key code 53//keystroke \"?pattern\"","traži izraz unazad","?pattern"],"icon":{"type":"file","path":"img/searchAndReplace.png"},"match":"search backward for pattern Traži i zamijeni ?pattern"},{"title":"'very magic' izraz","subtitle":"Traži i zamijeni ⎯  \\vpattern","arg":["key code 53//keystroke \"\\\\vpattern\"","'very magic' izraz","\\vpattern"],"icon":{"type":"file","path":"img/searchAndReplace.png"},"match":"'very magic' pattern Traži i zamijeni \\vpattern"},{"title":"Ponovi pretragu u istom smjeru","subtitle":"Traži i zamijeni ⎯  n","arg":["key code 53//keystroke \"n\"","ponovi pretragu u istom smjeru","n"],"icon":{"type":"file","path":"img/searchAndReplace.png"},"match":"repeat search in same direction Traži i zamijeni n"},{"title":"Ponovi pretragu u suprotnom smjeru","subtitle":"Traži i zamijeni ⎯  N","arg":["key code 53//keystroke \"N\"","ponovi pretragu u suprotnom smjeru","N"],"icon":{"type":"file","path":"img/searchAndReplace.png"},"match":"repeat search in opposite direction Traži i zamijeni N"},{"title":"Zamijeni svaku pojavu starog izraza s novim izrazom","subtitle":"Traži i zamijeni ⎯  :%s/old/new/g","arg":["key code 53//keystroke \":%s/old/new/g\"","zamijeni svaku pojavu starog izraza s novim izrazom",":%s/old/new/g"],"icon":{"type":"file","path":"img/searchAndReplace.png"},"match":"replace all old with new throughout file Traži i zamijeni :%s/old/new/g"},{"title":"Zamijeni svaku pojavu starog izraza s novim izrazom, ali zahtjevaj potvrdu","subtitle":"Traži i zamijeni ⎯  :%s/old/new/gc","arg":["key code 53//keystroke \":%s/old/new/gc\"","zamijeni svaku pojavu starog izraza s novim izrazom, ali zahtjevaj potvrdu",":%s/old/new/gc"],"icon":{"type":"file","path":"img/searchAndReplace.png"},"match":"replace all old with new throughout file with confirmations Traži i zamijeni :%s/old/new/gc"},{"title":"Makni prikaz istaknutog pronađenog teksta nakon pretrage","subtitle":"Traži i zamijeni ⎯  :noh[lsearch]","arg":["key code 53//keystroke \":noh[lsearch]\"","makni prikaz istaknutog pronađenog teksta nakon pretrage",":noh[lsearch]"],"icon":{"type":"file","path":"img/searchAndReplace.png"},"match":"remove highlighting of search matches Traži i zamijeni :noh[lsearch]"},{"title":"Next whole word under cursor","subtitle":"Traži i zamijeni ⎯  *","arg":["key code 53//keystroke \"*\"","Next whole word under cursor","*"],"icon":{"type":"file","path":"img/searchAndReplace.png"},"match":"Next whole word under cursor Traži i zamijeni *"},{"title":"Previous whole word under cursor","subtitle":"Traži i zamijeni ⎯  #","arg":["key code 53//keystroke \"#\"","Previous whole word under cursor","#"],"icon":{"type":"file","path":"img/searchAndReplace.png"},"match":"Previous whole word under cursor Traži i zamijeni #"},{"title":"Traži izraz u više datoteka","subtitle":"Pretraga u više datoteka ⎯  :vim[grep] /pattern/ file","arg":["key code 53//keystroke \":vim[grep]\"//key code 49//keystroke \"/pattern/\"//key code 49//keystroke \"file\"","traži izraz u više datoteka",":vim[grep] /pattern/ file"],"icon":{"type":"file","path":"img/searchMultipleFiles.png"},"match":"search for pattern in multiple files Pretraga u više datoteka :vim[grep] /pattern/ file"},{"title":"Idi na sljedeći pronađeni tekst","subtitle":"Pretraga u više datoteka ⎯  :cn[ext]","arg":["key code 53//keystroke \":cn\" & return","idi na sljedeći pronađeni tekst",":cn[ext]"],"icon":{"type":"file","path":"img/searchMultipleFiles.png"},"match":"jump to the next match Pretraga u više datoteka :cn[ext]"},{"title":"Idi na predhodni pronađeni tekst","subtitle":"Pretraga u više datoteka ⎯  :cp[revious]","arg":["key code 53//keystroke \":cp\" & return","idi na predhodni pronađeni tekst",":cp[revious]"],"icon":{"type":"file","path":"img/searchMultipleFiles.png"},"match":"jump to the previous match Pretraga u više datoteka :cp[revious]"},{"title":"Otvori prozor sa pregledom pronađenog teksta","subtitle":"Pretraga u više datoteka ⎯  :cope[n]","arg":["key code 53//keystroke \":cope\" & return","otvori prozor sa pregledom pronađenog teksta",":cope[n]"],"icon":{"type":"file","path":"img/searchMultipleFiles.png"},"match":"open a window containing the list of matches Pretraga u više datoteka :cope[n]"},{"title":"Zatvori prozor za brzi popravak","subtitle":"Pretraga u više datoteka ⎯  :ccl[ose]","arg":["key code 53//keystroke \":ccl\" & return","zatvori prozor za brzi popravak",":ccl[ose]"],"icon":{"type":"file","path":"img/searchMultipleFiles.png"},"match":"close the quickfix window Pretraga u više datoteka :ccl[ose]"},{"title":"","subtitle":"Pretraga u više datoteka ⎯  colonWa","arg":["key code 53//keystroke \":wa\" & return",null,"colonWa"],"icon":{"type":"file","path":"img/searchMultipleFiles.png"},"match":" Pretraga u više datoteka colonWa"},{"title":"Zatvori prozor za brzi popravak","subtitle":"Pretraga u više datoteka ⎯  :ccl[ose]","arg":["key code 53//keystroke \":ccl\" & return","zatvori prozor za brzi popravak",":ccl[ose]"],"icon":{"type":"file","path":"img/searchMultipleFiles.png"},"match":"close the quickfix window Pretraga u više datoteka :ccl[ose]"},{"title":"Otvori datoteku u novoj kartici","subtitle":"Kartice  ⎯  :tabnew or :tabnew file","arg":["key code 53//keystroke \":tabnew\"//key code 49//keystroke \"file\" & return","otvori datoteku u novoj kartici",":tabnew or :tabnew file"],"icon":{"type":"file","path":"img/tabs.png"},"match":"open a file in a new tab Kartice  :tabnew or :tabnew file"},{"title":"Prebaci trenutni podjeljeni prozor u posebnu novu karticu","subtitle":"Kartice  ⎯  Ctrl+wT","arg":["key code 53//keystroke \"w\" using control down//keystroke \"T\"","prebaci trenutni podjeljeni prozor u posebnu novu karticu","Ctrl+wT"],"icon":{"type":"file","path":"img/tabs.png"},"match":"move the current split window into its own tab Kartice  Ctrl+wT"},{"title":"Idi na sljedeću karticu","subtitle":"Kartice  ⎯  gt or :tabn[ext]","arg":["key code 53//keystroke \"gt\"","idi na sljedeću karticu","gt or :tabn[ext]"],"icon":{"type":"file","path":"img/tabs.png"},"match":"move to the next tab Kartice  gt or :tabn[ext]"},{"title":"Idi na predhodnu karticu","subtitle":"Kartice  ⎯  gT or :tabp[revious]","arg":["key code 53//keystroke \"gT\"","idi na predhodnu karticu","gT or :tabp[revious]"],"icon":{"type":"file","path":"img/tabs.png"},"match":"move to the previous tab Kartice  gT or :tabp[revious]"},{"title":"Idi na karticu broj #","subtitle":"Kartice  ⎯  #gt","arg":["key code 53//keystroke \"#gt\"","idi na karticu broj #","#gt"],"icon":{"type":"file","path":"img/tabs.png"},"match":"move to tab number # Kartice  #gt"},{"title":"Pomakni trenutnu karticu na # mjesto ","subtitle":"Kartice  ⎯  :tabm[ove]","arg":["key code 53//keystroke \":tabm\" & return","pomakni trenutnu karticu na # mjesto ",":tabm[ove]"],"icon":{"type":"file","path":"img/tabs.png"},"match":"move current tab to the #th position  Kartice  :tabm[ove]"},{"title":"Zatvori trenutnu karticu i sve pripadajuće pozore","subtitle":"Kartice  ⎯  :tabc[lose]","arg":["key code 53//keystroke \":tabc\" & return","zatvori trenutnu karticu i sve pripadajuće pozore",":tabc[lose]"],"icon":{"type":"file","path":"img/tabs.png"},"match":"close the current tab and all its windows Kartice  :tabc[lose]"},{"title":"Zatvori sve kartice osim trenutno otvorene","subtitle":"Kartice  ⎯  :tabo[nly]","arg":["key code 53//keystroke \":tabo\" & return","zatvori sve kartice osim trenutno otvorene",":tabo[nly]"],"icon":{"type":"file","path":"img/tabs.png"},"match":"close all tabs except for the current one Kartice  :tabo[nly]"},{"title":"Pokreni naredbu command u svim karticama ","subtitle":"Kartice  ⎯  :tabdo command","arg":["key code 53//keystroke \":tabdo\"//key code 49//keystroke \"command\"","pokreni naredbu command u svim karticama ",":tabdo command"],"icon":{"type":"file","path":"img/tabs.png"},"match":"run the command on all tabs  Kartice  :tabdo command"},{"title":"Uredi datoteku u novom međuspremniku ","subtitle":"Rad sa više datoteka ⎯  :e[dit] file","arg":["key code 53//keystroke \":e\"//key code 49//keystroke \"file\"","uredi datoteku u novom međuspremniku ",":e[dit] file"],"icon":{"type":"file","path":"img/workingWithMultipleFiles.png"},"match":"edit a file in a new buffer Rad sa više datoteka :e[dit] file"},{"title":"Idi na sljedeći međuspremnik ","subtitle":"Rad sa više datoteka ⎯  :bn[ext]","arg":["key code 53//keystroke \":bn\" & return","idi na sljedeći međuspremnik ",":bn[ext]"],"icon":{"type":"file","path":"img/workingWithMultipleFiles.png"},"match":"go to the next buffer Rad sa više datoteka :bn[ext]"},{"title":"Idi na predhodni međuspremnik ","subtitle":"Rad sa više datoteka ⎯  :bp[revious]","arg":["key code 53//keystroke \":bp\" & return","idi na predhodni međuspremnik ",":bp[revious]"],"icon":{"type":"file","path":"img/workingWithMultipleFiles.png"},"match":"go to the previous buffer Rad sa više datoteka :bp[revious]"},{"title":"Izbriši međuspremnik ","subtitle":"Rad sa više datoteka ⎯  :bd[elete]","arg":["key code 53//keystroke \":bd\" & return","izbriši međuspremnik ",":bd[elete]"],"icon":{"type":"file","path":"img/workingWithMultipleFiles.png"},"match":"delete a buffer  Rad sa više datoteka :bd[elete]"},{"title":"Otvori međuspremnik s indeksom #","subtitle":"Rad sa više datoteka ⎯  :b[uffer]#","arg":["key code 53//keystroke \":b#\"","otvori međuspremnik s indeksom #",":b[uffer]#"],"icon":{"type":"file","path":"img/workingWithMultipleFiles.png"},"match":"go to a buffer by index # Rad sa više datoteka :b[uffer]#"},{"title":"Otvori međuspremnik definiran datotekom","subtitle":"Rad sa više datoteka ⎯  :b[uffer] file","arg":["key code 53//keystroke \":b\"//key code 49//keystroke \"file\"","otvori međuspremnik definiran datotekom",":b[uffer] file"],"icon":{"type":"file","path":"img/workingWithMultipleFiles.png"},"match":"go to a buffer by file Rad sa više datoteka :b[uffer] file"},{"title":"Lista svih otvorenih međuspremnika ","subtitle":"Rad sa više datoteka ⎯  :ls or :buffers","arg":["key code 53//keystroke \":ls\" & return","lista svih otvorenih međuspremnika ",":ls or :buffers"],"icon":{"type":"file","path":"img/workingWithMultipleFiles.png"},"match":"list all open buffers Rad sa više datoteka :ls or :buffers"},{"title":"Otvori datoteku u novom međuspremniku  i podijeli zaslon","subtitle":"Rad sa više datoteka ⎯  :sp[lit] file","arg":["key code 53//keystroke \":sp\"//key code 49//keystroke \"file\"","otvori datoteku u novom međuspremniku  i podijeli zaslon",":sp[lit] file"],"icon":{"type":"file","path":"img/workingWithMultipleFiles.png"},"match":"open a file in a new buffer and split window Rad sa više datoteka :sp[lit] file"},{"title":"Otvori datoteku u novom međuspremniku  i podijeli zaslon vertikalno","subtitle":"Rad sa više datoteka ⎯  :vs[plit] file","arg":["key code 53//keystroke \":vs\"//key code 49//keystroke \"file\"","otvori datoteku u novom međuspremniku  i podijeli zaslon vertikalno",":vs[plit] file"],"icon":{"type":"file","path":"img/workingWithMultipleFiles.png"},"match":"open a file in a new buffer and vertically split window Rad sa više datoteka :vs[plit] file"},{"title":"Uredi sve međuspremnike u vertikalnim prozorima","subtitle":"Rad sa više datoteka ⎯  :vert[ical] ba[ll]","arg":["key code 53//keystroke \":vert\"//key code 49//keystroke \"ba\" & return","uredi sve međuspremnike u vertikalnim prozorima",":vert[ical] ba[ll]"],"icon":{"type":"file","path":"img/workingWithMultipleFiles.png"},"match":"edit all buffers as vertical windows Rad sa više datoteka :vert[ical] ba[ll]"},{"title":"Uredi sve međuspremnike  u karticama ","subtitle":"Rad sa više datoteka ⎯  :tab ba[ll]","arg":["key code 53//keystroke \":tab\"//key code 49//keystroke \"ba\" & return","uredi sve međuspremnike  u karticama ",":tab ba[ll]"],"icon":{"type":"file","path":"img/workingWithMultipleFiles.png"},"match":"edit all buffers as tabs Rad sa više datoteka :tab ba[ll]"},{"title":"Podijeli prozor","subtitle":"Rad sa više datoteka ⎯  Ctrl+w s","arg":["key code 53//keystroke \"w\" using control down//keystroke \"s\"","podijeli prozor","Ctrl+w s"],"icon":{"type":"file","path":"img/workingWithMultipleFiles.png"},"match":"split window Rad sa više datoteka Ctrl+w s"},{"title":"Podijeli prozor vertikalno","subtitle":"Rad sa više datoteka ⎯  Ctrl+w v","arg":["key code 53//keystroke \"w\" using control down//keystroke \"v\"","podijeli prozor vertikalno","Ctrl+w v"],"icon":{"type":"file","path":"img/workingWithMultipleFiles.png"},"match":"split window vertically Rad sa više datoteka Ctrl+w v"},{"title":"Zamijeni prozore","subtitle":"Rad sa više datoteka ⎯  Ctrl+w w","arg":["key code 53//keystroke \"w\" using control down//keystroke \"w\"","zamijeni prozore","Ctrl+w w"],"icon":{"type":"file","path":"img/workingWithMultipleFiles.png"},"match":"switch windows Rad sa više datoteka Ctrl+w w"},{"title":"Zatori prozor","subtitle":"Rad sa više datoteka ⎯  Ctrl+w q","arg":["key code 53//keystroke \"w\" using control down//keystroke \"q\"","zatori prozor","Ctrl+w q"],"icon":{"type":"file","path":"img/workingWithMultipleFiles.png"},"match":"quit a window Rad sa više datoteka Ctrl+w q"},{"title":"Promijeni trenutni prozor s sljedećim","subtitle":"Rad sa više datoteka ⎯  Ctrl+w x","arg":["key code 53//keystroke \"w\" using control down//keystroke \"x\"","promijeni trenutni prozor s sljedećim","Ctrl+w x"],"icon":{"type":"file","path":"img/workingWithMultipleFiles.png"},"match":"exchange current window with next one Rad sa više datoteka Ctrl+w x"},{"title":"Postavi sve prozore na jednake dimenzije ","subtitle":"Rad sa više datoteka ⎯  Ctrl+w =","arg":["key code 53//keystroke \"w\" using control down//keystroke \"=\"","postavi sve prozore na jednake dimenzije ","Ctrl+w ="],"icon":{"type":"file","path":"img/workingWithMultipleFiles.png"},"match":"make all windows equal height & width Rad sa više datoteka Ctrl+w ="},{"title":"Pomakni kursor u prozor lijevo ","subtitle":"Rad sa više datoteka ⎯  Ctrl+w h","arg":["key code 53//keystroke \"w\" using control down//keystroke \"h\"","pomakni kursor u prozor lijevo ","Ctrl+w h"],"icon":{"type":"file","path":"img/workingWithMultipleFiles.png"},"match":"move cursor to the left window  Rad sa više datoteka Ctrl+w h"},{"title":"Pomakni kursor u prozor desno ","subtitle":"Rad sa više datoteka ⎯  Ctrl+w l","arg":["key code 53//keystroke \"w\" using control down//keystroke \"l\"","pomakni kursor u prozor desno ","Ctrl+w l"],"icon":{"type":"file","path":"img/workingWithMultipleFiles.png"},"match":"move cursor to the right window  Rad sa više datoteka Ctrl+w l"},{"title":"Pomakni kursor u prozor ispod ","subtitle":"Rad sa više datoteka ⎯  Ctrl+w j","arg":["key code 53//keystroke \"w\" using control down//keystroke \"j\"","pomakni kursor u prozor ispod ","Ctrl+w j"],"icon":{"type":"file","path":"img/workingWithMultipleFiles.png"},"match":"move cursor to the window below  Rad sa više datoteka Ctrl+w j"},{"title":"Pomakni kursor u prozor iznad ","subtitle":"Rad sa više datoteka ⎯  Ctrl+w k","arg":["key code 53//keystroke \"w\" using control down//keystroke \"k\"","pomakni kursor u prozor iznad ","Ctrl+w k"],"icon":{"type":"file","path":"img/workingWithMultipleFiles.png"},"match":"move cursor to the window above  Rad sa više datoteka Ctrl+w k"},{"title":"Pomakni trenutni prozor skroz ulijevo i podesi na punu visinu zaslona ","subtitle":"Rad sa više datoteka ⎯  Ctrl+w H","arg":["key code 53//keystroke \"w\" using control down//keystroke \"H\"","pomakni trenutni prozor skroz ulijevo i podesi na punu visinu zaslona ","Ctrl+w H"],"icon":{"type":"file","path":"img/workingWithMultipleFiles.png"},"match":"make current window full height at far left  Rad sa više datoteka Ctrl+w H"},{"title":"Pomakni trenutni prozor skroz udesno i podesi na punu visinu zaslona ","subtitle":"Rad sa više datoteka ⎯  Ctrl+w L","arg":["key code 53//keystroke \"w\" using control down//keystroke \"L\"","pomakni trenutni prozor skroz udesno i podesi na punu visinu zaslona ","Ctrl+w L"],"icon":{"type":"file","path":"img/workingWithMultipleFiles.png"},"match":"make current window full height at far right  Rad sa više datoteka Ctrl+w L"},{"title":"Pomakni trenutni prozor skroz dolje i podesi na punu širinu zaslona ","subtitle":"Rad sa više datoteka ⎯  Ctrl+w J","arg":["key code 53//keystroke \"w\" using control down//keystroke \"J\"","pomakni trenutni prozor skroz dolje i podesi na punu širinu zaslona ","Ctrl+w J"],"icon":{"type":"file","path":"img/workingWithMultipleFiles.png"},"match":"make current window full width at the very bottom  Rad sa više datoteka Ctrl+w J"},{"title":"Pomakni trenutni prozor skroz gore i podesi na punu širinu zaslona ","subtitle":"Rad sa više datoteka ⎯  Ctrl+w K","arg":["key code 53//keystroke \"w\" using control down//keystroke \"K\"","pomakni trenutni prozor skroz gore i podesi na punu širinu zaslona ","Ctrl+w K"],"icon":{"type":"file","path":"img/workingWithMultipleFiles.png"},"match":"make current window full width at the very top  Rad sa više datoteka Ctrl+w K"},{"title":"Ručno definiranje grupiranja  teksta","subtitle":"Razlika  ⎯  zf","arg":["key code 53//keystroke \"zf\"","ručno definiranje grupiranja  teksta","zf"],"icon":{"type":"file","path":"img/diff.png"},"match":"manually define a fold up to motion Razlika  zf"},{"title":"Poništi zadano grupiranje teksta ispod kursora","subtitle":"Razlika  ⎯  zd","arg":["key code 53//keystroke \"zd\"","poništi zadano grupiranje teksta ispod kursora","zd"],"icon":{"type":"file","path":"img/diff.png"},"match":"delete fold under the cursor Razlika  zd"},{"title":"Izmjenjuj skupljanje/rastvaranje grupiranog teksta ispod kursora","subtitle":"Razlika  ⎯  za","arg":["key code 53//keystroke \"za\"","izmjenjuj skupljanje/rastvaranje grupiranog teksta ispod kursora","za"],"icon":{"type":"file","path":"img/diff.png"},"match":"toggle fold under the cursor Razlika  za"},{"title":"Rastvori grupirani tekst ispod kursora","subtitle":"Razlika  ⎯  zo","arg":["key code 53//keystroke \"zo\"","rastvori grupirani tekst ispod kursora","zo"],"icon":{"type":"file","path":"img/diff.png"},"match":"open fold under the cursor Razlika  zo"},{"title":"Skupi grupirani tekst ispod kursora","subtitle":"Razlika  ⎯  zc","arg":["key code 53//keystroke \"zc\"","skupi grupirani tekst ispod kursora","zc"],"icon":{"type":"file","path":"img/diff.png"},"match":"close fold under the cursor Razlika  zc"},{"title":"Rastvori jedan nivo manje u svim grupiranim tekstovima","subtitle":"Razlika  ⎯  zr","arg":["key code 53//keystroke \"zr\"","rastvori jedan nivo manje u svim grupiranim tekstovima","zr"],"icon":{"type":"file","path":"img/diff.png"},"match":"reduce  all folds by one level Razlika  zr"},{"title":"Skupi jedan nivo više u svim grupiranim tekstovima","subtitle":"Razlika  ⎯  zm","arg":["key code 53//keystroke \"zm\"","skupi jedan nivo više u svim grupiranim tekstovima","zm"],"icon":{"type":"file","path":"img/diff.png"},"match":"fold more  all folds by one level Razlika  zm"},{"title":"Izmjenjuj skupljanje/rastvaranje grupiranih tekstova","subtitle":"Razlika  ⎯  zi","arg":["key code 53//keystroke \"zi\"","izmjenjuj skupljanje/rastvaranje grupiranih tekstova","zi"],"icon":{"type":"file","path":"img/diff.png"},"match":"toggle folding functionality Razlika  zi"},{"title":"Idi na početak sljedeće izmjene","subtitle":"Razlika  ⎯  ]c","arg":["key code 53//keystroke \"]c\"","idi na početak sljedeće izmjene","]c"],"icon":{"type":"file","path":"img/diff.png"},"match":"jump to start of next change Razlika  ]c"},{"title":"Idi na početak predhodne izmjene","subtitle":"Razlika  ⎯  [c","arg":["key code 53//keystroke \"[c\"","idi na početak predhodne izmjene","[c"],"icon":{"type":"file","path":"img/diff.png"},"match":"jump to start of previous change Razlika  [c"},{"title":"Dohvati razliku ","subtitle":"Razlika  ⎯  do or :diffg[et]","arg":["key code 53//keystroke \"do\"","dohvati razliku ","do or :diffg[et]"],"icon":{"type":"file","path":"img/diff.png"},"match":"obtain  difference  Razlika  do or :diffg[et]"},{"title":"Pošalji razliku ","subtitle":"Razlika  ⎯  dp or :diffpu[t]","arg":["key code 53//keystroke \"dp\"","pošalji razliku ","dp or :diffpu[t]"],"icon":{"type":"file","path":"img/diff.png"},"match":"put difference  Razlika  dp or :diffpu[t]"},{"title":"Označi trenutni prozor dijelom razlike","subtitle":"Razlika  ⎯  :diffthis","arg":["key code 53//keystroke \":diffthis\" & return","označi trenutni prozor dijelom razlike",":diffthis"],"icon":{"type":"file","path":"img/diff.png"},"match":"make current window part of diff Razlika  :diffthis"},{"title":"Osvježi razlike","subtitle":"Razlika  ⎯  :dif[fupdate]","arg":["key code 53//keystroke \":dif\" & return","osvježi razlike",":dif[fupdate]"],"icon":{"type":"file","path":"img/diff.png"},"match":"update differences Razlika  :dif[fupdate]"},{"title":"Ukloni trenutni prozor iz razlike","subtitle":"Razlika  ⎯  :diffo[ff]","arg":["key code 53//keystroke \":diffo\" & return","ukloni trenutni prozor iz razlike",":diffo[ff]"],"icon":{"type":"file","path":"img/diff.png"},"match":"switch off diff mode for current window Razlika  :diffo[ff]"},{"title":"Turn on us english spell checking","subtitle":"Spell checking ⎯  :set spell spelllang=en_us","arg":["key code 53//keystroke \":set\"//key code 49//keystroke \"spell\"//key code 49//keystroke \"spelllang=en_us\" & return","Turn on US English spell checking",":set spell spelllang=en_us"],"icon":{"type":"file","path":"img/spell.png"},"match":"Turn on US English spell checking Spell checking :set spell spelllang=en_us"},{"title":"Turn off spell checking","subtitle":"Spell checking ⎯  :set nospell","arg":["key code 53//keystroke \":set\"//key code 49//keystroke \"nospell\" & return","Turn off spell checking",":set nospell"],"icon":{"type":"file","path":"img/spell.png"},"match":"Turn off spell checking Spell checking :set nospell"},{"title":"Move to next misspelled word after the cursor","subtitle":"Spell checking ⎯  ]s","arg":["key code 53//keystroke \"]s\"","Move to next misspelled word after the cursor","]s"],"icon":{"type":"file","path":"img/spell.png"},"match":"Move to next misspelled word after the cursor Spell checking ]s"},{"title":"Move to previous misspelled word before the cursor","subtitle":"Spell checking ⎯  [s","arg":["key code 53//keystroke \"[s\"","Move to previous misspelled word before the cursor","[s"],"icon":{"type":"file","path":"img/spell.png"},"match":"Move to previous misspelled word before the cursor Spell checking [s"},{"title":"Suggest spellings for the word under/after the cursor","subtitle":"Spell checking ⎯  z=","arg":["key code 53//keystroke \"z=\"","Suggest spellings for the word under/after the cursor","z="],"icon":{"type":"file","path":"img/spell.png"},"match":"Suggest spellings for the word under/after the cursor Spell checking z="},{"title":"Add word to spell list","subtitle":"Spell checking ⎯  zg","arg":["key code 53//keystroke \"zg\"","Add word to spell list","zg"],"icon":{"type":"file","path":"img/spell.png"},"match":"Add word to spell list Spell checking zg"},{"title":"Mark word as bad/mispelling","subtitle":"Spell checking ⎯  zw","arg":["key code 53//keystroke \"zw\"","Mark word as bad/mispelling","zw"],"icon":{"type":"file","path":"img/spell.png"},"match":"Mark word as bad/mispelling Spell checking zw"},{"title":"Suggest words for bad word under cursor from spell file","subtitle":"Spell checking ⎯  zu","arg":["key code 53//keystroke \"zu\"","Suggest words for bad word under cursor from spell file","zu"],"icon":{"type":"file","path":"img/spell.png"},"match":"Suggest words for bad word under cursor from spell file Spell checking zu"},{"title":"Increment number","subtitle":"Miscellaneous ⎯  Ctrl+a","arg":["key code 53//keystroke \"a\" using control down","Increment number","Ctrl+a"],"icon":{"type":"file","path":"img/misc.png"},"match":"Increment number Miscellaneous Ctrl+a"},{"title":"Decrement number","subtitle":"Miscellaneous ⎯  Ctrl+x","arg":["key code 53//keystroke \"x\" using control down","Decrement number","Ctrl+x"],"icon":{"type":"file","path":"img/misc.png"},"match":"Decrement number Miscellaneous Ctrl+x"},{"title":"Re-select last selected block of text","subtitle":"Miscellaneous ⎯  gv","arg":["key code 53//keystroke \"gv\"","Re-select last selected block of text","gv"],"icon":{"type":"file","path":"img/misc.png"},"match":"Re-select last selected block of text Miscellaneous gv"},{"title":"Insert the result of an expression at the cursor","subtitle":"Miscellaneous ⎯  Ctrl+r =","arg":["key code 53//keystroke \"r\" using control down//keystroke \"=\"","Insert the result of an expression at the cursor","Ctrl+r ="],"icon":{"type":"file","path":"img/misc.png"},"match":"Insert the result of an expression at the cursor Miscellaneous Ctrl+r ="},{"title":"Change file encoding to utf-8","subtitle":"Miscellaneous ⎯  set fenc=UTF-8","arg":["key code 53//keystroke \"set\"//key code 49//keystroke \"fenc=UTF-8\"","Change file encoding to UTF-8","set fenc=UTF-8"],"icon":{"type":"file","path":"img/misc.png"},"match":"Change file encoding to UTF-8 Miscellaneous set fenc=UTF-8"},{"title":"Escape next character","subtitle":"Regex ⎯  \\","arg":["keystroke \"\\\\\"","Escape next character","\\"],"icon":{"type":"file","path":"img/regex.png"},"match":"Escape next character Regex \\"},{"title":"Start-of­-line","subtitle":"Regex ⎯  ^","arg":["keystroke \"^\"","Start-of­-line","^"],"icon":{"type":"file","path":"img/regex.png"},"match":"Start-of­-line Regex ^"},{"title":"End-of-­line","subtitle":"Regex ⎯  $","arg":["keystroke \"$\"","End-of-­line","$"],"icon":{"type":"file","path":"img/regex.png"},"match":"End-of-­line Regex $"},{"title":"Any char","subtitle":"Regex ⎯  .","arg":["keystroke \".\"","Any char","."],"icon":{"type":"file","path":"img/regex.png"},"match":"Any char Regex ."},{"title":"0 or more quantifier","subtitle":"Regex ⎯  *","arg":["keystroke \"*\"","0 or more quantifier","*"],"icon":{"type":"file","path":"img/regex.png"},"match":"0 or more quantifier Regex *"},{"title":"Match last given substitute string","subtitle":"Regex ⎯  ~","arg":["keystroke \"\"~","Match last given substitute string","~"],"icon":{"type":"file","path":"img/regex.png"},"match":"Match last given substitute string Regex ~"},{"title":"Match range","subtitle":"Regex ⎯  [...]","arg":["keystroke \"[...]\"","Match range","[...]"],"icon":{"type":"file","path":"img/regex.png"},"match":"Match range Regex [...]"},{"title":"Not range","subtitle":"Regex ⎯  [^...]","arg":["keystroke \"[^...]\"","Not range","[^...]"],"icon":{"type":"file","path":"img/regex.png"},"match":"Not range Regex [^...]"},{"title":"In replacement: insert <pattern>","subtitle":"Regex ⎯  &","arg":["keystroke \"&\"","In replacement: insert <pattern>","&"],"icon":{"type":"file","path":"img/regex.png"},"match":"In replacement: insert <pattern> Regex &"},{"title":"Beginning of a word","subtitle":"Regex ⎯  \\<","arg":["keystroke \"\\\\<\"","Beginning of a word","\\<"],"icon":{"type":"file","path":"img/regex.png"},"match":"Beginning of a word Regex \\<"},{"title":"End of word","subtitle":"Regex ⎯  \\>","arg":["keystroke \"\\\\>\"","End of word","\\>"],"icon":{"type":"file","path":"img/regex.png"},"match":"End of word Regex \\>"},{"title":"Group","subtitle":"Regex ⎯  \\(...\\)","arg":["keystroke \"\\\\(...\\\\)\"","Group","\\(...\\)"],"icon":{"type":"file","path":"img/regex.png"},"match":"Group Regex \\(...\\)"},{"title":"Separate alternative","subtitle":"Regex ⎯  \\|","arg":["keystroke \"\\\\|\"","Separate alternative","\\|"],"icon":{"type":"file","path":"img/regex.png"},"match":"Separate alternative Regex \\|"},{"title":"Any single char or end-of­line","subtitle":"Regex ⎯  \\_.","arg":["keystroke \"\\\\_.\"","Any single char or end-of­line","\\_."],"icon":{"type":"file","path":"img/regex.png"},"match":"Any single char or end-of­line Regex \\_."},{"title":"1 or more quantifier","subtitle":"Regex ⎯  \\+","arg":["keystroke \"\\\\+\"","1 or more quantifier","\\+"],"icon":{"type":"file","path":"img/regex.png"},"match":"1 or more quantifier Regex \\+"},{"title":"0 or 1 quantifier","subtitle":"Regex ⎯  \\=","arg":["keystroke \"\\\\=\"","0 or 1 quantifier","\\="],"icon":{"type":"file","path":"img/regex.png"},"match":"0 or 1 quantifier Regex \\="},{"title":"0 or 1 quantifier","subtitle":"Regex ⎯  \\?","arg":["keystroke \"\\\\?\"","0 or 1 quantifier","\\?"],"icon":{"type":"file","path":"img/regex.png"},"match":"0 or 1 quantifier Regex \\?"},{"title":"N to m quantifier","subtitle":"Regex ⎯  \\{n,m}","arg":["keystroke \"\\\\{n,m}\"","n to m quantifier","\\{n,m}"],"icon":{"type":"file","path":"img/regex.png"},"match":"n to m quantifier Regex \\{n,m}"},{"title":"N quantifier","subtitle":"Regex ⎯  \\{n}","arg":["keystroke \"\\\\{n}\"","n quantifier","\\{n}"],"icon":{"type":"file","path":"img/regex.png"},"match":"n quantifier Regex \\{n}"},{"title":"At least n quantifier","subtitle":"Regex ⎯  \\{n,}","arg":["keystroke \"\"\\\\{n,}","at least n quantifier","\\{n,}"],"icon":{"type":"file","path":"img/regex.png"},"match":"at least n quantifier Regex \\{n,}"},{"title":"0 to m quantifier","subtitle":"Regex ⎯  \\{,m}","arg":["keystroke \"\\\\{,}\"","0 to m quantifier","\\{,m}"],"icon":{"type":"file","path":"img/regex.png"},"match":"0 to m quantifier Regex \\{,m}"},{"title":"Delete all lines matching pattern","subtitle":"Regex ⎯  :%g/<pa­tte­rn>/d","arg":["key code 53//keystroke \":%g/<pa­tte­r/d\"","delete all lines matching pattern",":%g/<pa­tte­rn>/d"],"icon":{"type":"file","path":"img/regex.png"},"match":"delete all lines matching pattern Regex :%g/<pa­tte­rn>/d"},{"title":"Delete all lines not matching <pattern>","subtitle":"Regex ⎯  :%v/<pa­tte­rn>/d","arg":["key code 53//keystroke \":%v/<pa­tte­r/d\"","delete all lines NOT matching <pattern>",":%v/<pa­tte­rn>/d"],"icon":{"type":"file","path":"img/regex.png"},"match":"delete all lines NOT matching <pattern> Regex :%v/<pa­tte­rn>/d"},{"title":"Delete empty lines","subtitle":"Regex ⎯  :%s/^.*$\\n//","arg":["key code 53//keystroke \":%s/^.*$\\\\n//\"","delete empty lines",":%s/^.*$\\n//"],"icon":{"type":"file","path":"img/regex.png"},"match":"delete empty lines Regex :%s/^.*$\\n//"},{"title":"Replace <pattern> by 'new <pattern>'","subtitle":"Regex ⎯  :s/<pattern>/new &/","arg":["key code 53//keystroke \":%s/<pattern>/new &/\"","Replace <pattern> by 'new <pattern>'",":s/<pattern>/new &/"],"icon":{"type":"file","path":"img/regex.png"},"match":"Replace <pattern> by 'new <pattern>' Regex :s/<pattern>/new &/"},{"title":"Replace <pattern> by content of register","subtitle":"Regex ⎯  :s/<pattern>/\\=@a/","arg":["key code 53//keystroke \":%s/<pattern>/\\\\=@a/\"","Replace <pattern> by content of register",":s/<pattern>/\\=@a/"],"icon":{"type":"file","path":"img/regex.png"},"match":"Replace <pattern> by content of register Regex :s/<pattern>/\\=@a/"},{"title":"Count number of occurrence of <pattern>","subtitle":"Regex ⎯  :s/<pattern>//gn","arg":["key code 53//keystroke \":%s/<pattern>//gn\"","Count number of occurrence of <pattern>",":s/<pattern>//gn"],"icon":{"type":"file","path":"img/regex.png"},"match":"Count number of occurrence of <pattern> Regex :s/<pattern>//gn"},{"title":"Match start","subtitle":"Regex ⎯  \\zs","arg":["keystroke \"\\\\zs\"","Match start","\\zs"],"icon":{"type":"file","path":"img/regex.png"},"match":"Match start Regex \\zs"},{"title":"Match end","subtitle":"Regex ⎯  \\ze","arg":["keystroke \"\\\\ze\"","Match end","\\ze"],"icon":{"type":"file","path":"img/regex.png"},"match":"Match end Regex \\ze"},{"title":"Positive look behind to find <pattern>","subtitle":"Regex ⎯  <atom>\\@<=<pattern>","arg":["keystroke \"<atom>\\\\@<=<pattern>\"","Positive look behind to find <pattern>","<atom>\\@<=<pattern>"],"icon":{"type":"file","path":"img/regex.png"},"match":"Positive look behind to find <pattern> Regex <atom>\\@<=<pattern>"},{"title":"Positive look ahead to find <pattern>","subtitle":"Regex ⎯  <pattern><atom>\\@=","arg":["keystroke \"<pattern><atom>\\\\@=\"","Positive look ahead to find <pattern>","<pattern><atom>\\@="],"icon":{"type":"file","path":"img/regex.png"},"match":"Positive look ahead to find <pattern> Regex <pattern><atom>\\@="},{"title":"Negative look behind to find <pattern>","subtitle":"Regex ⎯  <atom>\\@<!<pattern>","arg":["keystroke \"<atom>\\\\@<!<pattern>\"","Negative look behind to find <pattern>","<atom>\\@<!<pattern>"],"icon":{"type":"file","path":"img/regex.png"},"match":"Negative look behind to find <pattern> Regex <atom>\\@<!<pattern>"},{"title":"Negative look ahead to find <pattern>","subtitle":"Regex ⎯  <pattern><atom>\\@!","arg":["keystroke \"<pattern><atom>\\\\@!\"","Negative look ahead to find <pattern>","<pattern><atom>\\@!"],"icon":{"type":"file","path":"img/regex.png"},"match":"Negative look ahead to find <pattern> Regex <pattern><atom>\\@!"},{"title":"Non-greedy 0 or more quantifier","subtitle":"Regex ⎯  \\{-}","arg":["keystroke \"\\\\{-}\"","Non-greedy 0 or more quantifier","\\{-}"],"icon":{"type":"file","path":"img/regex.png"},"match":"Non-greedy 0 or more quantifier Regex \\{-}"}]}