{"items":[{"title":"Open help for keyword","subtitle":"Global ⎯  :h[elp] keyword","arg":["key code 53//keystroke \":h\"//key code 49//keystroke \"keyword\"","open help for keyword",":h[elp] keyword"],"icon":{"type":"file","path":"img/global.png"},"match":"open help for keyword Global :h[elp] keyword"},{"title":"Save file as","subtitle":"Global ⎯  :sav[eas] file","arg":["key code 53//keystroke \":sav\"//key code 49//keystroke \"file\"","save file as",":sav[eas] file"],"icon":{"type":"file","path":"img/global.png"},"match":"save file as Global :sav[eas] file"},{"title":"Close current pane","subtitle":"Global ⎯  :clo[se]","arg":["key code 53//keystroke \":clo\" & return","close current pane",":clo[se]"],"icon":{"type":"file","path":"img/global.png"},"match":"close current pane Global :clo[se]"},{"title":"Open a terminal window","subtitle":"Global ⎯  :ter[minal]","arg":["key code 53//keystroke \":ter\" & return","open a terminal window",":ter[minal]"],"icon":{"type":"file","path":"img/global.png"},"match":"open a terminal window Global :ter[minal]"},{"title":"Open man page for word under the cursor","subtitle":"Global ⎯  K","arg":["key code 53//keystroke \"K\"","open man page for word under the cursor","K"],"icon":{"type":"file","path":"img/global.png"},"match":"open man page for word under the cursor Global K"},{"title":"Memindahkan kursor ke kiri","subtitle":"Pergerakan Kursor ⎯  h","arg":["key code 53//keystroke \"h\"","memindahkan kursor ke kiri","h"],"icon":{"type":"file","path":"img/cursorMovement.png"},"match":"move cursor left Pergerakan Kursor h"},{"title":"Memindahkan kursor ke bawah","subtitle":"Pergerakan Kursor ⎯  j","arg":["key code 53//keystroke \"j\"","memindahkan kursor ke bawah","j"],"icon":{"type":"file","path":"img/cursorMovement.png"},"match":"move cursor down Pergerakan Kursor j"},{"title":"Memindahkan kursor ke atas","subtitle":"Pergerakan Kursor ⎯  k","arg":["key code 53//keystroke \"k\"","memindahkan kursor ke atas","k"],"icon":{"type":"file","path":"img/cursorMovement.png"},"match":"move cursor up Pergerakan Kursor k"},{"title":"Memindahkan kursor ke kanan","subtitle":"Pergerakan Kursor ⎯  l","arg":["key code 53//keystroke \"l\"","memindahkan kursor ke kanan","l"],"icon":{"type":"file","path":"img/cursorMovement.png"},"match":"move cursor right Pergerakan Kursor l"},{"title":"Move cursor down ","subtitle":"Pergerakan Kursor ⎯  gj","arg":["key code 53//keystroke \"gj\"","move cursor down ","gj"],"icon":{"type":"file","path":"img/cursorMovement.png"},"match":"move cursor down  Pergerakan Kursor gj"},{"title":"Move cursor up ","subtitle":"Pergerakan Kursor ⎯  gk","arg":["key code 53//keystroke \"gk\"","move cursor up ","gk"],"icon":{"type":"file","path":"img/cursorMovement.png"},"match":"move cursor up  Pergerakan Kursor gk"},{"title":"Move to top of screen","subtitle":"Pergerakan Kursor ⎯  H","arg":["key code 53//keystroke \"H\"","move to top of screen","H"],"icon":{"type":"file","path":"img/cursorMovement.png"},"match":"move to top of screen Pergerakan Kursor H"},{"title":"Move to middle of screen","subtitle":"Pergerakan Kursor ⎯  M","arg":["key code 53//keystroke \"M\"","move to middle of screen","M"],"icon":{"type":"file","path":"img/cursorMovement.png"},"match":"move to middle of screen Pergerakan Kursor M"},{"title":"Move to bottom of screen","subtitle":"Pergerakan Kursor ⎯  L","arg":["key code 53//keystroke \"L\"","move to bottom of screen","L"],"icon":{"type":"file","path":"img/cursorMovement.png"},"match":"move to bottom of screen Pergerakan Kursor L"},{"title":"Lompat ke awal kata selanjutnya","subtitle":"Pergerakan Kursor ⎯  w","arg":["key code 53//keystroke \"w\"","lompat ke awal kata selanjutnya","w"],"icon":{"type":"file","path":"img/cursorMovement.png"},"match":"jump forwards to the start of a word Pergerakan Kursor w"},{"title":"Lompat ke awal kata selanjutanya ","subtitle":"Pergerakan Kursor ⎯  W","arg":["key code 53//keystroke \"W\"","lompat ke awal kata selanjutanya ","W"],"icon":{"type":"file","path":"img/cursorMovement.png"},"match":"jump forwards to the start of a word  Pergerakan Kursor W"},{"title":"Lompat ke akhir kata selanjutnya","subtitle":"Pergerakan Kursor ⎯  e","arg":["key code 53//keystroke \"e\"","lompat ke akhir kata selanjutnya","e"],"icon":{"type":"file","path":"img/cursorMovement.png"},"match":"jump forwards to the end of a word Pergerakan Kursor e"},{"title":"Lompat ke akhir kata selanjutnya ","subtitle":"Pergerakan Kursor ⎯  E","arg":["key code 53//keystroke \"E\"","lompat ke akhir kata selanjutnya ","E"],"icon":{"type":"file","path":"img/cursorMovement.png"},"match":"jump forwards to the end of a word  Pergerakan Kursor E"},{"title":"Lompat ke awal kata sebelumnya","subtitle":"Pergerakan Kursor ⎯  b","arg":["key code 53//keystroke \"b\"","lompat ke awal kata sebelumnya","b"],"icon":{"type":"file","path":"img/cursorMovement.png"},"match":"jump backwards to the start of a word Pergerakan Kursor b"},{"title":"Lompat ke awal kata sebelumnya ","subtitle":"Pergerakan Kursor ⎯  B","arg":["key code 53//keystroke \"B\"","lompat ke awal kata sebelumnya ","B"],"icon":{"type":"file","path":"img/cursorMovement.png"},"match":"jump backwards to the start of a word  Pergerakan Kursor B"},{"title":"Jump backwards to the end of a word","subtitle":"Pergerakan Kursor ⎯  ge","arg":["key code 53//keystroke \"ge\"","jump backwards to the end of a word","ge"],"icon":{"type":"file","path":"img/cursorMovement.png"},"match":"jump backwards to the end of a word Pergerakan Kursor ge"},{"title":"Jump backwards to the end of a word ","subtitle":"Pergerakan Kursor ⎯  gE","arg":["key code 53//keystroke \"gE\"","jump backwards to the end of a word ","gE"],"icon":{"type":"file","path":"img/cursorMovement.png"},"match":"jump backwards to the end of a word  Pergerakan Kursor gE"},{"title":"Move to matching character ","subtitle":"Pergerakan Kursor ⎯  %","arg":["key code 53//keystroke \"%\"","move to matching character ","%"],"icon":{"type":"file","path":"img/cursorMovement.png"},"match":"move to matching character  Pergerakan Kursor %"},{"title":"Lompat ke awal baris saat ini","subtitle":"Pergerakan Kursor ⎯  0","arg":["key code 53//keystroke \"0\"","lompat ke awal baris saat ini","0"],"icon":{"type":"file","path":"img/cursorMovement.png"},"match":"jump to the start of the line Pergerakan Kursor 0"},{"title":"Lompat ke karakter pertama baris saat ini","subtitle":"Pergerakan Kursor ⎯  ^","arg":["key code 53//keystroke \"^\"","lompat ke karakter pertama baris saat ini","^"],"icon":{"type":"file","path":"img/cursorMovement.png"},"match":"jump to the first non-blank character of the line Pergerakan Kursor ^"},{"title":"Lompat ke akhir baris saat ini","subtitle":"Pergerakan Kursor ⎯  $","arg":["key code 53//keystroke \"$\"","lompat ke akhir baris saat ini","$"],"icon":{"type":"file","path":"img/cursorMovement.png"},"match":"jump to the end of the line Pergerakan Kursor $"},{"title":"Jump to the last non-blank character of the line","subtitle":"Pergerakan Kursor ⎯  g_","arg":["key code 53//keystroke \"g_\"","jump to the last non-blank character of the line","g_"],"icon":{"type":"file","path":"img/cursorMovement.png"},"match":"jump to the last non-blank character of the line Pergerakan Kursor g_"},{"title":"Pindah ke baris teratas dokumen","subtitle":"Pergerakan Kursor ⎯  gg","arg":["key code 53//keystroke \"gg\"","pindah ke baris teratas dokumen","gg"],"icon":{"type":"file","path":"img/cursorMovement.png"},"match":"go to the first line of the document Pergerakan Kursor gg"},{"title":"Pindah ke baris paling akhir dokumen","subtitle":"Pergerakan Kursor ⎯  G","arg":["key code 53//keystroke \"G\"","pindah ke baris paling akhir dokumen","G"],"icon":{"type":"file","path":"img/cursorMovement.png"},"match":"go to the last line of the document Pergerakan Kursor G"},{"title":"Pindah ke baris ke-5","subtitle":"Pergerakan Kursor ⎯  5gg or 5G","arg":["key code 53//keystroke \"5gg\"","pindah ke baris ke-5","5gg or 5G"],"icon":{"type":"file","path":"img/cursorMovement.png"},"match":"go to line 5 Pergerakan Kursor 5gg or 5G"},{"title":"Move to local declaration","subtitle":"Pergerakan Kursor ⎯  gd","arg":["key code 53//keystroke \"gd\"","move to local declaration","gd"],"icon":{"type":"file","path":"img/cursorMovement.png"},"match":"move to local declaration Pergerakan Kursor gd"},{"title":"Move to global declaration","subtitle":"Pergerakan Kursor ⎯  gD","arg":["key code 53//keystroke \"gD\"","move to global declaration","gD"],"icon":{"type":"file","path":"img/cursorMovement.png"},"match":"move to global declaration Pergerakan Kursor gD"},{"title":"Lompat tepat pada karakter x","subtitle":"Pergerakan Kursor ⎯  fx","arg":["key code 53//keystroke \"fx\"","lompat tepat pada karakter x","fx"],"icon":{"type":"file","path":"img/cursorMovement.png"},"match":"jump to next occurrence of character x Pergerakan Kursor fx"},{"title":"Lompat tepat sebelum karakter x","subtitle":"Pergerakan Kursor ⎯  tx","arg":["key code 53//keystroke \"tx\"","lompat tepat sebelum karakter x","tx"],"icon":{"type":"file","path":"img/cursorMovement.png"},"match":"jump to before next occurrence of character x Pergerakan Kursor tx"},{"title":"Jump to previous occurence of character x","subtitle":"Pergerakan Kursor ⎯  Fx","arg":["key code 53//keystroke \"Fx\"","jump to previous occurence of character x","Fx"],"icon":{"type":"file","path":"img/cursorMovement.png"},"match":"jump to the previous occurrence of character x Pergerakan Kursor Fx"},{"title":"Jump to after previous occurence of character x","subtitle":"Pergerakan Kursor ⎯  Tx","arg":["key code 53//keystroke \"Tx\"","jump to after previous occurence of character x","Tx"],"icon":{"type":"file","path":"img/cursorMovement.png"},"match":"jump to after previous occurrence of character x Pergerakan Kursor Tx"},{"title":"Repeat previous f, t, f or t movement","subtitle":"Pergerakan Kursor ⎯  ;","arg":["key code 53//keystroke \";\"","repeat previous f, t, F or T movement",";"],"icon":{"type":"file","path":"img/cursorMovement.png"},"match":"repeat previous f, t, F or T movement Pergerakan Kursor ;"},{"title":"Repeat previous f, t, f or t movement, backwards","subtitle":"Pergerakan Kursor ⎯  ,","arg":["key code 53//keystroke \",\"","repeat previous f, t, F or T movement, backwards",","],"icon":{"type":"file","path":"img/cursorMovement.png"},"match":"repeat previous f, t, F or T movement, backwards Pergerakan Kursor ,"},{"title":"Lompat ke paragraf berikutnya ","subtitle":"Pergerakan Kursor ⎯  }","arg":["key code 53//keystroke \"}\"","Lompat ke paragraf berikutnya ","}"],"icon":{"type":"file","path":"img/cursorMovement.png"},"match":"jump to next paragraph  Pergerakan Kursor }"},{"title":"Lompat ke paragraf sebelumnya ","subtitle":"Pergerakan Kursor ⎯  {","arg":["key code 53//keystroke \"{\"","Lompat ke paragraf sebelumnya ","{"],"icon":{"type":"file","path":"img/cursorMovement.png"},"match":"jump to previous paragraph  Pergerakan Kursor {"},{"title":"Center cursor on screen","subtitle":"Pergerakan Kursor ⎯  zz","arg":["key code 53//keystroke \"zz\"","center cursor on screen","zz"],"icon":{"type":"file","path":"img/cursorMovement.png"},"match":"center cursor on screen Pergerakan Kursor zz"},{"title":"Move screen down one line ","subtitle":"Pergerakan Kursor ⎯  Ctrl+e","arg":["key code 53//keystroke \"e\" using control down","move screen down one line ","Ctrl+e"],"icon":{"type":"file","path":"img/cursorMovement.png"},"match":"move screen down one line  Pergerakan Kursor Ctrl+e"},{"title":"Move screen up one line ","subtitle":"Pergerakan Kursor ⎯  Ctrl+y","arg":["key code 53//keystroke \"y\" using control down","move screen up one line ","Ctrl+y"],"icon":{"type":"file","path":"img/cursorMovement.png"},"match":"move screen up one line  Pergerakan Kursor Ctrl+y"},{"title":"Move back one full screen","subtitle":"Pergerakan Kursor ⎯  Ctrl+b","arg":["key code 53//keystroke \"b\" using control down","move back one full screen","Ctrl+b"],"icon":{"type":"file","path":"img/cursorMovement.png"},"match":"move back one full screen Pergerakan Kursor Ctrl+b"},{"title":"Move forward one full screen","subtitle":"Pergerakan Kursor ⎯  Ctrl+f","arg":["key code 53//keystroke \"f\" using control down","move forward one full screen","Ctrl+f"],"icon":{"type":"file","path":"img/cursorMovement.png"},"match":"move forward one full screen Pergerakan Kursor Ctrl+f"},{"title":"Move back 1/2 a screen","subtitle":"Pergerakan Kursor ⎯  Ctrl+u","arg":["key code 53//keystroke \"u\" using control down","move back 1/2 a screen","Ctrl+u"],"icon":{"type":"file","path":"img/cursorMovement.png"},"match":"move back 1/2 a screen Pergerakan Kursor Ctrl+u"},{"title":"Move forward 1/2 a screen","subtitle":"Pergerakan Kursor ⎯  Ctrl+d","arg":["key code 53//keystroke \"d\" using control down","move forward 1/2 a screen","Ctrl+d"],"icon":{"type":"file","path":"img/cursorMovement.png"},"match":"move forward 1/2 a screen Pergerakan Kursor Ctrl+d"},{"title":"Menyisipkan sebelum kursor","subtitle":"Mode Insert - menyisipkan/menambahkan text ⎯  i","arg":["key code 53//keystroke \"i\"","menyisipkan sebelum kursor","i"],"icon":{"type":"file","path":"img/insertMode.png"},"match":"insert before the cursor Mode Insert - menyisipkan/menambahkan text i"},{"title":"Menyisipkan pada permulaan baris","subtitle":"Mode Insert - menyisipkan/menambahkan text ⎯  I","arg":["key code 53//keystroke \"I\"","menyisipkan pada permulaan baris","I"],"icon":{"type":"file","path":"img/insertMode.png"},"match":"insert at the beginning of the line Mode Insert - menyisipkan/menambahkan text I"},{"title":"Menyisipkan  setelah kursor","subtitle":"Mode Insert - menyisipkan/menambahkan text ⎯  a","arg":["key code 53//keystroke \"a\"","menyisipkan  setelah kursor","a"],"icon":{"type":"file","path":"img/insertMode.png"},"match":"insert  after the cursor Mode Insert - menyisipkan/menambahkan text a"},{"title":"Menyisipkan  pada akhir baris","subtitle":"Mode Insert - menyisipkan/menambahkan text ⎯  A","arg":["key code 53//keystroke \"A\"","menyisipkan  pada akhir baris","A"],"icon":{"type":"file","path":"img/insertMode.png"},"match":"insert  at the end of the line Mode Insert - menyisipkan/menambahkan text A"},{"title":"Menambahkan  baris baru dibawah baris saat ini","subtitle":"Mode Insert - menyisipkan/menambahkan text ⎯  o","arg":["key code 53//keystroke \"o\"","menambahkan  baris baru dibawah baris saat ini","o"],"icon":{"type":"file","path":"img/insertMode.png"},"match":"append  a new line below the current line Mode Insert - menyisipkan/menambahkan text o"},{"title":"Menambahkan  baris baru diatas baris saat ini","subtitle":"Mode Insert - menyisipkan/menambahkan text ⎯  O","arg":["key code 53//keystroke \"O\"","menambahkan  baris baru diatas baris saat ini","O"],"icon":{"type":"file","path":"img/insertMode.png"},"match":"append  a new line above the current line Mode Insert - menyisipkan/menambahkan text O"},{"title":"Menyisipkan  pada akhir kata","subtitle":"Mode Insert - menyisipkan/menambahkan text ⎯  ea","arg":["key code 53//keystroke \"ea\"","menyisipkan  pada akhir kata","ea"],"icon":{"type":"file","path":"img/insertMode.png"},"match":"insert  at the end of the word Mode Insert - menyisipkan/menambahkan text ea"},{"title":"Delete the character before the cursor during insert mode","subtitle":"Mode Insert - menyisipkan/menambahkan text ⎯  Ctrl+h","arg":["keystroke \"h\" using control down","delete the character before the cursor during insert mode","Ctrl+h"],"icon":{"type":"file","path":"img/insertMode.png"},"match":"delete the character before the cursor during insert mode Mode Insert - menyisipkan/menambahkan text Ctrl+h"},{"title":"Delete word before the cursor during insert mode","subtitle":"Mode Insert - menyisipkan/menambahkan text ⎯  Ctrl+w","arg":["keystroke \"w\" using control down","delete word before the cursor during insert mode","Ctrl+w"],"icon":{"type":"file","path":"img/insertMode.png"},"match":"delete word before the cursor during insert mode Mode Insert - menyisipkan/menambahkan text Ctrl+w"},{"title":"Begin new line during insert mode","subtitle":"Mode Insert - menyisipkan/menambahkan text ⎯  Ctrl+j","arg":["keystroke \"j\" using control down","begin new line during insert mode","Ctrl+j"],"icon":{"type":"file","path":"img/insertMode.png"},"match":"begin new line during insert mode Mode Insert - menyisipkan/menambahkan text Ctrl+j"},{"title":"Indent  line one shiftwidth during insert mode","subtitle":"Mode Insert - menyisipkan/menambahkan text ⎯  Ctrl+t","arg":["keystroke \"t\" using control down","indent  line one shiftwidth during insert mode","Ctrl+t"],"icon":{"type":"file","path":"img/insertMode.png"},"match":"indent  line one shiftwidth during insert mode Mode Insert - menyisipkan/menambahkan text Ctrl+t"},{"title":"De-indent  line one shiftwidth during insert mode","subtitle":"Mode Insert - menyisipkan/menambahkan text ⎯  Ctrl+d","arg":["keystroke \"d\" using control down","de-indent  line one shiftwidth during insert mode","Ctrl+d"],"icon":{"type":"file","path":"img/insertMode.png"},"match":"de-indent  line one shiftwidth during insert mode Mode Insert - menyisipkan/menambahkan text Ctrl+d"},{"title":"Insert  next match before the cursor during insert mode","subtitle":"Mode Insert - menyisipkan/menambahkan text ⎯  Ctrl+n","arg":["keystroke \"n\" using control down","insert  next match before the cursor during insert mode","Ctrl+n"],"icon":{"type":"file","path":"img/insertMode.png"},"match":"insert  next match before the cursor during insert mode Mode Insert - menyisipkan/menambahkan text Ctrl+n"},{"title":"Insert  previous match before the cursor during insert mode","subtitle":"Mode Insert - menyisipkan/menambahkan text ⎯  Ctrl+p","arg":["keystroke \"p\" using control down","insert  previous match before the cursor during insert mode","Ctrl+p"],"icon":{"type":"file","path":"img/insertMode.png"},"match":"insert  previous match before the cursor during insert mode Mode Insert - menyisipkan/menambahkan text Ctrl+p"},{"title":"Insert the contents of register x","subtitle":"Mode Insert - menyisipkan/menambahkan text ⎯  Ctrl+r x","arg":["keystroke \"r\" using control down//keystroke \"x\"","insert the contents of register x","Ctrl+r x"],"icon":{"type":"file","path":"img/insertMode.png"},"match":"insert the contents of register x Mode Insert - menyisipkan/menambahkan text Ctrl+r x"},{"title":"Temporarily enter normal mode to issue one normal-mode command x.","subtitle":"Mode Insert - menyisipkan/menambahkan text ⎯  Ctrl+o x","arg":["keystroke \"o\" using control down//keystroke \"x\"","Temporarily enter normal mode to issue one normal-mode command x.","Ctrl+o x"],"icon":{"type":"file","path":"img/insertMode.png"},"match":"Temporarily enter normal mode to issue one normal-mode command x. Mode Insert - menyisipkan/menambahkan text Ctrl+o x"},{"title":"Berhenti dari mode insert","subtitle":"Mode Insert - menyisipkan/menambahkan text ⎯  Esc","arg":["key code 53","berhenti dari mode insert","Esc"],"icon":{"type":"file","path":"img/insertMode.png"},"match":"exit insert mode Mode Insert - menyisipkan/menambahkan text Esc"},{"title":"Mengubah satu karakter","subtitle":"Editing ⎯  r","arg":["key code 53//keystroke \"r\"","mengubah satu karakter","r"],"icon":{"type":"file","path":"img/editing.png"},"match":"replace a single character. Editing r"},{"title":"Replace more than one character, until esc is pressed.","subtitle":"Editing ⎯  R","arg":["key code 53//keystroke \"R\"","replace more than one character, until ESC is pressed.","R"],"icon":{"type":"file","path":"img/editing.png"},"match":"replace more than one character, until ESC is pressed. Editing R"},{"title":"Menyambung baris di bawah dengan baris saat ini","subtitle":"Editing ⎯  J","arg":["key code 53//keystroke \"J\"","menyambung baris di bawah dengan baris saat ini","J"],"icon":{"type":"file","path":"img/editing.png"},"match":"join line below to the current one with one space in between Editing J"},{"title":"Join line below to the current one without space in between","subtitle":"Editing ⎯  gJ","arg":["key code 53//keystroke \"gJ\"","join line below to the current one without space in between","gJ"],"icon":{"type":"file","path":"img/editing.png"},"match":"join line below to the current one without space in between Editing gJ"},{"title":"Reflow paragraph","subtitle":"Editing ⎯  gwip","arg":["key code 53//keystroke \"gwip\"","reflow paragraph","gwip"],"icon":{"type":"file","path":"img/editing.png"},"match":"reflow paragraph Editing gwip"},{"title":"Switch case up to motion","subtitle":"Editing ⎯  g~","arg":["key code 53//keystroke \"g~\"","switch case up to motion","g~"],"icon":{"type":"file","path":"img/editing.png"},"match":"switch case up to motion Editing g~"},{"title":"Change to lowercase up to motion","subtitle":"Editing ⎯  gu","arg":["key code 53//keystroke \"gu\"","change to lowercase up to motion","gu"],"icon":{"type":"file","path":"img/editing.png"},"match":"change to lowercase up to motion Editing gu"},{"title":"Change to uppercase up to motion","subtitle":"Editing ⎯  gU","arg":["key code 53//keystroke \"gU\"","change to uppercase up to motion","gU"],"icon":{"type":"file","path":"img/editing.png"},"match":"change to uppercase up to motion Editing gU"},{"title":"Menghapus isi baris saat ini untuk diganti dengan text lain","subtitle":"Editing ⎯  cc","arg":["key code 53//keystroke \"cc\"","menghapus isi baris saat ini untuk diganti dengan text lain","cc"],"icon":{"type":"file","path":"img/editing.png"},"match":"change  entire line Editing cc"},{"title":"Menghapus semua karakter setelah kursor hingga akhir baris","subtitle":"Editing ⎯  c$ or C","arg":["key code 53//keystroke \"g$\"","menghapus semua karakter setelah kursor hingga akhir baris","c$ or C"],"icon":{"type":"file","path":"img/editing.png"},"match":"change  to the end of the line Editing c$ or C"},{"title":"Change  entire word","subtitle":"Editing ⎯  ciw","arg":["key code 53//keystroke \"ciw\"","change  entire word","ciw"],"icon":{"type":"file","path":"img/editing.png"},"match":"change  entire word Editing ciw"},{"title":"Menghapus satu kata untuk diganti dengan kata lain","subtitle":"Editing ⎯  cw or ce","arg":["key code 53//keystroke \"cw\"","menghapus satu kata untuk diganti dengan kata lain","cw or ce"],"icon":{"type":"file","path":"img/editing.png"},"match":"change  to the end of the word Editing cw or ce"},{"title":"Menghapus karakter dan mengganti text","subtitle":"Editing ⎯  s","arg":["key code 53//keystroke \"s\"","menghapus karakter dan mengganti text","s"],"icon":{"type":"file","path":"img/editing.png"},"match":"delete character and substitute text Editing s"},{"title":"Menghapus isi baris saat ini untuk diganti dengan text lain ","subtitle":"Editing ⎯  S","arg":["key code 53//keystroke \"S\"","menghapus isi baris saat ini untuk diganti dengan text lain ","S"],"icon":{"type":"file","path":"img/editing.png"},"match":"delete line and substitute text  Editing S"},{"title":"Menukar dua karakter ","subtitle":"Editing ⎯  xp","arg":["key code 53//keystroke \"xp\"","menukar dua karakter ","xp"],"icon":{"type":"file","path":"img/editing.png"},"match":"transpose two letters  Editing xp"},{"title":"Undo","subtitle":"Editing ⎯  u","arg":["key code 53//keystroke \"u\"","undo","u"],"icon":{"type":"file","path":"img/editing.png"},"match":"undo Editing u"},{"title":"Restore  last changed line","subtitle":"Editing ⎯  U","arg":["key code 53//keystroke \"U\"","restore  last changed line","U"],"icon":{"type":"file","path":"img/editing.png"},"match":"restore  last changed line Editing U"},{"title":"Redo","subtitle":"Editing ⎯  Ctrl+r","arg":["key code 53//keystroke \"r\" using control down","redo","Ctrl+r"],"icon":{"type":"file","path":"img/editing.png"},"match":"redo Editing Ctrl+r"},{"title":"Ulangi perintah sebelumnya","subtitle":"Editing ⎯  .","arg":["key code 53//keystroke \".\"","ulangi perintah sebelumnya","."],"icon":{"type":"file","path":"img/editing.png"},"match":"repeat last command Editing ."},{"title":"Memulai mode visual, menandai baris-baris, lalu jalankan perintah ","subtitle":"Menandai Text  ⎯  v","arg":["key code 53//keystroke \"v\"","memulai mode visual, menandai baris-baris, lalu jalankan perintah ","v"],"icon":{"type":"file","path":"img/markingText.png"},"match":"start visual mode, mark lines, then do a command  Menandai Text  v"},{"title":"Memulai mode visual secara per baris","subtitle":"Menandai Text  ⎯  V","arg":["key code 53//keystroke \"V\"","memulai mode visual secara per baris","V"],"icon":{"type":"file","path":"img/markingText.png"},"match":"start linewise visual mode Menandai Text  V"},{"title":"Pindah ke ke bagian akhir dari area lain yang telah ditandai","subtitle":"Menandai Text  ⎯  o","arg":["key code 53//keystroke \"o\"","pindah ke ke bagian akhir dari area lain yang telah ditandai","o"],"icon":{"type":"file","path":"img/markingText.png"},"match":"move to other end of marked area Menandai Text  o"},{"title":"Memulai mode visual blok","subtitle":"Menandai Text  ⎯  Ctrl+v","arg":["key code 53//keystroke \"v\" using control down","memulai mode visual blok","Ctrl+v"],"icon":{"type":"file","path":"img/markingText.png"},"match":"start visual block mode Menandai Text  Ctrl+v"},{"title":"Pindah ke sudut lain pada sebuah blok","subtitle":"Menandai Text  ⎯  O","arg":["key code 53//keystroke \"O\"","pindah ke sudut lain pada sebuah blok","O"],"icon":{"type":"file","path":"img/markingText.png"},"match":"move to other corner of block Menandai Text  O"},{"title":"Menandai kata","subtitle":"Menandai Text  ⎯  aw","arg":["key code 53//keystroke \"aw\"","menandai kata","aw"],"icon":{"type":"file","path":"img/markingText.png"},"match":"mark a word Menandai Text  aw"},{"title":"A block with ()","subtitle":"Menandai Text  ⎯  ab","arg":["key code 53//keystroke \"ab\"","a block with ()","ab"],"icon":{"type":"file","path":"img/markingText.png"},"match":"a block with () Menandai Text  ab"},{"title":"A block with {}","subtitle":"Menandai Text  ⎯  aB","arg":["key code 53//keystroke \"aB\"","a block with {}","aB"],"icon":{"type":"file","path":"img/markingText.png"},"match":"a block with {} Menandai Text  aB"},{"title":"A block with <> tags","subtitle":"Menandai Text  ⎯  at","arg":["key code 53//keystroke \"at\"","a block with <> tags","at"],"icon":{"type":"file","path":"img/markingText.png"},"match":"a block with <> tags Menandai Text  at"},{"title":"Inner block with ()","subtitle":"Menandai Text  ⎯  ib","arg":["key code 53//keystroke \"ib\"","inner block with ()","ib"],"icon":{"type":"file","path":"img/markingText.png"},"match":"inner block with () Menandai Text  ib"},{"title":"Inner block with {}","subtitle":"Menandai Text  ⎯  iB","arg":["key code 53//keystroke \"iB\"","inner block with {}","iB"],"icon":{"type":"file","path":"img/markingText.png"},"match":"inner block with {} Menandai Text  iB"},{"title":"Inner block with <> tags","subtitle":"Menandai Text  ⎯  it","arg":["key code 53//keystroke \"it\"","inner block with <> tags","it"],"icon":{"type":"file","path":"img/markingText.png"},"match":"inner block with <> tags Menandai Text  it"},{"title":"Berhenti dari mode visual","subtitle":"Menandai Text  ⎯  Esc","arg":["key code 53//key code 53","berhenti dari mode visual","Esc"],"icon":{"type":"file","path":"img/markingText.png"},"match":"exit visual mode Menandai Text  Esc"},{"title":"Menggeser text ke kanan","subtitle":"Perintah - perintah visual (Reference only) ⎯  >","arg":["keystroke \">\"","menggeser text ke kanan",">"],"icon":{"type":"file","path":"img/visualCommands.png"},"match":"shift text right Perintah - perintah visual >"},{"title":"Menggeser text ke kiri","subtitle":"Perintah - perintah visual (Reference only) ⎯  <","arg":["keystroke \"<\"","menggeser text ke kiri","<"],"icon":{"type":"file","path":"img/visualCommands.png"},"match":"shift text left Perintah - perintah visual <"},{"title":"Yank  text yang ditandai","subtitle":"Perintah - perintah visual (Reference only) ⎯  y","arg":["keystroke \"y\"","yank  text yang ditandai","y"],"icon":{"type":"file","path":"img/visualCommands.png"},"match":"yank  marked text Perintah - perintah visual y"},{"title":"Menghapus text yang ditandai","subtitle":"Perintah - perintah visual (Reference only) ⎯  d","arg":["keystroke \"d\"","menghapus text yang ditandai","d"],"icon":{"type":"file","path":"img/visualCommands.png"},"match":"delete marked text Perintah - perintah visual d"},{"title":"Menukar huruf kapital-kapitil","subtitle":"Perintah - perintah visual (Reference only) ⎯  ~","arg":["keystroke \"~\"","menukar huruf kapital-kapitil","~"],"icon":{"type":"file","path":"img/visualCommands.png"},"match":"switch case Perintah - perintah visual ~"},{"title":"Change marked text to lowercase","subtitle":"Perintah - perintah visual (Reference only) ⎯  u","arg":["keystroke \"u\"","change marked text to lowercase","u"],"icon":{"type":"file","path":"img/visualCommands.png"},"match":"change marked text to lowercase Perintah - perintah visual u"},{"title":"Change marked text to uppercase","subtitle":"Perintah - perintah visual (Reference only) ⎯  U","arg":["keystroke \"U\"","change marked text to uppercase","U"],"icon":{"type":"file","path":"img/visualCommands.png"},"match":"change marked text to uppercase Perintah - perintah visual U"},{"title":"Show registers content","subtitle":"Registers ⎯  :reg[isters]","arg":["key code 53//keystroke \":reg\" & return","show registers content",":reg[isters]"],"icon":{"type":"file","path":"img/registers.png"},"match":"show registers content Registers :reg[isters]"},{"title":"Yank into register x","subtitle":"Registers ⎯  xy","arg":["key code 53//keystroke \"xy\"","yank into register x","xy"],"icon":{"type":"file","path":"img/registers.png"},"match":"yank into register x Registers xy"},{"title":"Paste contents of register x","subtitle":"Registers ⎯  xp","arg":["key code 53//keystroke \"xp\"","paste contents of register x","xp"],"icon":{"type":"file","path":"img/registers.png"},"match":"paste contents of register x Registers xp"},{"title":"Yank into the system clipboard register","subtitle":"Registers ⎯  +y","arg":["key code 53//keystroke \"+y\"","yank into the system clipboard register","+y"],"icon":{"type":"file","path":"img/registers.png"},"match":"yank into the system clipboard register Registers +y"},{"title":"Paste from the system clipboard register","subtitle":"Registers ⎯  +p","arg":["key code 53//keystroke \"+p\"","paste from the system clipboard register","+p"],"icon":{"type":"file","path":"img/registers.png"},"match":"paste from the system clipboard register Registers +p"},{"title":"Set current position for mark a","subtitle":"Marks ⎯  ma","arg":["key code 53//keystroke \"ma\"","set current position for mark A","ma"],"icon":{"type":"file","path":"img/marks.png"},"match":"set current position for mark A Marks ma"},{"title":"Jump to position of mark a","subtitle":"Marks ⎯  `a","arg":["key code 53//keystroke \"`a\"","jump to position of mark A","`a"],"icon":{"type":"file","path":"img/marks.png"},"match":"jump to position of mark A Marks `a"},{"title":"Yank text to position of mark a","subtitle":"Marks ⎯  y`a","arg":["key code 53//keystroke \"y`a\"","yank text to position of mark A","y`a"],"icon":{"type":"file","path":"img/marks.png"},"match":"yank text to position of mark A Marks y`a"},{"title":"Go to the position where vim was previously exited","subtitle":"Marks ⎯  `0","arg":["key code 53//keystroke \"`0\"","go to the position where Vim was previously exited","`0"],"icon":{"type":"file","path":"img/marks.png"},"match":"go to the position where Vim was previously exited Marks `0"},{"title":"Go to the position when last editing this file","subtitle":"Marks ⎯  `\"","arg":["key code 53//keystroke \"`\\\"\"","go to the position when last editing this file","`\""],"icon":{"type":"file","path":"img/marks.png"},"match":"go to the position when last editing this file Marks `\""},{"title":"Go to the position of the last change in this file","subtitle":"Marks ⎯  `.","arg":["key code 53//keystroke \"`.\"","go to the position of the last change in this file","`."],"icon":{"type":"file","path":"img/marks.png"},"match":"go to the position of the last change in this file Marks `."},{"title":"Go to the position before the last jump","subtitle":"Marks ⎯  ``","arg":["key code 53//keystroke \"``\"","go to the position before the last jump","``"],"icon":{"type":"file","path":"img/marks.png"},"match":"go to the position before the last jump Marks ``"},{"title":"List of jumps","subtitle":"Marks ⎯  :ju[mps]","arg":["key code 53//keystroke \":ju\" & return","list of jumps",":ju[mps]"],"icon":{"type":"file","path":"img/marks.png"},"match":"list of jumps Marks :ju[mps]"},{"title":"Go to newer position in jump list","subtitle":"Marks ⎯  Ctrl+i","arg":["key code 53//keystroke \"i\" using control down","go to newer position in jump list","Ctrl+i"],"icon":{"type":"file","path":"img/marks.png"},"match":"go to newer position in jump list Marks Ctrl+i"},{"title":"Go to older position in jump list","subtitle":"Marks ⎯  Ctrl+o","arg":["key code 53//keystroke \"o\" using control down","go to older position in jump list","Ctrl+o"],"icon":{"type":"file","path":"img/marks.png"},"match":"go to older position in jump list Marks Ctrl+o"},{"title":"List of changes","subtitle":"Marks ⎯  :changes","arg":["key code 53//keystroke \":changes\" & return","list of changes",":changes"],"icon":{"type":"file","path":"img/marks.png"},"match":"list of changes Marks :changes"},{"title":"Go to newer position in change list","subtitle":"Marks ⎯  g,","arg":["key code 53//keystroke \"g,\"","go to newer position in change list","g,"],"icon":{"type":"file","path":"img/marks.png"},"match":"go to newer position in change list Marks g,"},{"title":"Go to older position in change list","subtitle":"Marks ⎯  g;","arg":["key code 53//keystroke \"g;\"","go to older position in change list","g;"],"icon":{"type":"file","path":"img/marks.png"},"match":"go to older position in change list Marks g;"},{"title":"Jump to the tag under cursor","subtitle":"Marks ⎯  Ctrl+]","arg":["key code 53//keystroke \"]\" using control down","jump to the tag under cursor","Ctrl+]"],"icon":{"type":"file","path":"img/marks.png"},"match":"jump to the tag under cursor Marks Ctrl+]"},{"title":"Go to file in cursor","subtitle":"Marks ⎯  gf","arg":["key code 53//keystroke \"gf\"","Go to file in cursor","gf"],"icon":{"type":"file","path":"img/marks.png"},"match":"Go to file in cursor Marks gf"},{"title":"Record macro a","subtitle":"Macros ⎯  qa","arg":["key code 53//keystroke \"qa\"","record macro a","qa"],"icon":{"type":"file","path":"img/macros.png"},"match":"record macro a Macros qa"},{"title":"Stop recording macro","subtitle":"Macros ⎯  q","arg":["key code 53//keystroke \"q\"","stop recording macro","q"],"icon":{"type":"file","path":"img/macros.png"},"match":"stop recording macro Macros q"},{"title":"Run macro a","subtitle":"Macros ⎯  @a","arg":["key code 53//keystroke \"@a\"","run macro a","@a"],"icon":{"type":"file","path":"img/macros.png"},"match":"run macro a Macros @a"},{"title":"Rerun last run macro","subtitle":"Macros ⎯  @@","arg":["key code 53//keystroke \"@@\"","rerun last run macro","@@"],"icon":{"type":"file","path":"img/macros.png"},"match":"rerun last run macro Macros @@"},{"title":"Menyalin sebaris text","subtitle":"Memotong dan menempel ⎯  yy","arg":["key code 53//keystroke \"yy\"","menyalin sebaris text","yy"],"icon":{"type":"file","path":"img/cutAndPaste.png"},"match":"yank  a line Memotong dan menempel yy"},{"title":"Menyalin dua baris text","subtitle":"Memotong dan menempel ⎯  2yy","arg":["key code 53//keystroke \"2yy\"","menyalin dua baris text","2yy"],"icon":{"type":"file","path":"img/cutAndPaste.png"},"match":"yank  2 lines Memotong dan menempel 2yy"},{"title":"Menyalin satu kata","subtitle":"Memotong dan menempel ⎯  yw","arg":["key code 53//keystroke \"yw\"","menyalin satu kata","yw"],"icon":{"type":"file","path":"img/cutAndPaste.png"},"match":"yank  the characters of the word from the cursor position to the start of the next word Memotong dan menempel yw"},{"title":"Yank  word under the cursor","subtitle":"Memotong dan menempel ⎯  yiw","arg":["key code 53//keystroke \"yiw\"","yank  word under the cursor","yiw"],"icon":{"type":"file","path":"img/cutAndPaste.png"},"match":"yank  word under the cursor Memotong dan menempel yiw"},{"title":"Yank  word under the cursor and the space after or before it","subtitle":"Memotong dan menempel ⎯  yaw","arg":["key code 53//keystroke \"yaw\"","yank  word under the cursor and the space after or before it","yaw"],"icon":{"type":"file","path":"img/cutAndPaste.png"},"match":"yank  word under the cursor and the space after or before it Memotong dan menempel yaw"},{"title":"Menyalin dari posisi sekarang hingga akhir baris saat ini","subtitle":"Memotong dan menempel ⎯  y$","arg":["key code 53//keystroke \"y$\"","menyalin dari posisi sekarang hingga akhir baris saat ini","y$"],"icon":{"type":"file","path":"img/cutAndPaste.png"},"match":"yank  to end of line Memotong dan menempel y$"},{"title":"Menempelkan salinan dari clipboard setelah kursor","subtitle":"Memotong dan menempel ⎯  p","arg":["key code 53//keystroke \"p\"","menempelkan salinan dari clipboard setelah kursor","p"],"icon":{"type":"file","path":"img/cutAndPaste.png"},"match":"put  the clipboard after cursor Memotong dan menempel p"},{"title":"Menempelkan salinan dari clipboard sebelum kursor","subtitle":"Memotong dan menempel ⎯  P","arg":["key code 53//keystroke \"P\"","menempelkan salinan dari clipboard sebelum kursor","P"],"icon":{"type":"file","path":"img/cutAndPaste.png"},"match":"put  before cursor Memotong dan menempel P"},{"title":"Put  the clipboard after cursor and leave cursor after the new text","subtitle":"Memotong dan menempel ⎯  gp","arg":["key code 53//keystroke \"gp\"","put  the clipboard after cursor and leave cursor after the new text","gp"],"icon":{"type":"file","path":"img/cutAndPaste.png"},"match":"put  the clipboard after cursor and leave cursor after the new text Memotong dan menempel gp"},{"title":"Put  before cursor and leave cursor after the new text","subtitle":"Memotong dan menempel ⎯  gP","arg":["key code 53//keystroke \"gP\"","put  before cursor and leave cursor after the new text","gP"],"icon":{"type":"file","path":"img/cutAndPaste.png"},"match":"put  before cursor and leave cursor after the new text Memotong dan menempel gP"},{"title":"Menghapus satu baris","subtitle":"Memotong dan menempel ⎯  dd","arg":["key code 53//keystroke \"dd\"","menghapus satu baris","dd"],"icon":{"type":"file","path":"img/cutAndPaste.png"},"match":"delete  a line Memotong dan menempel dd"},{"title":"Menghapus  dua baris","subtitle":"Memotong dan menempel ⎯  2dd","arg":["key code 53//keystroke \"2dd\"","menghapus  dua baris","2dd"],"icon":{"type":"file","path":"img/cutAndPaste.png"},"match":"delete  2 lines Memotong dan menempel 2dd"},{"title":"Menghapus  kata","subtitle":"Memotong dan menempel ⎯  dw","arg":["key code 53//keystroke \"dw\"","menghapus  kata","dw"],"icon":{"type":"file","path":"img/cutAndPaste.png"},"match":"delete  the characters of the word from the cursor position to the start of the next word Memotong dan menempel dw"},{"title":"Delete  word under the cursor","subtitle":"Memotong dan menempel ⎯  diw","arg":["key code 53//keystroke \"diw\"","delete  word under the cursor","diw"],"icon":{"type":"file","path":"img/cutAndPaste.png"},"match":"delete  word under the cursor Memotong dan menempel diw"},{"title":"Delete  word under the cursor and the space after or before it","subtitle":"Memotong dan menempel ⎯  daw","arg":["key code 53//keystroke \"daw\"","delete  word under the cursor and the space after or before it","daw"],"icon":{"type":"file","path":"img/cutAndPaste.png"},"match":"delete  word under the cursor and the space after or before it Memotong dan menempel daw"},{"title":"Menghapus  hingga ke akhir baris saat ini","subtitle":"Memotong dan menempel ⎯  d$ or D","arg":["key code 53//keystroke \"d$\"","menghapus  hingga ke akhir baris saat ini","d$ or D"],"icon":{"type":"file","path":"img/cutAndPaste.png"},"match":"delete  to the end of the line Memotong dan menempel d$ or D"},{"title":"Menghapus  satu karakter","subtitle":"Memotong dan menempel ⎯  x","arg":["key code 53//keystroke \"x\"","menghapus  satu karakter","x"],"icon":{"type":"file","path":"img/cutAndPaste.png"},"match":"delete  character Memotong dan menempel x"},{"title":"Indent  line one shiftwidth","subtitle":"Indent text ⎯  >>","arg":["key code 53//keystroke \">>\"","indent  line one shiftwidth",">>"],"icon":{"type":"file","path":"img/indentText.png"},"match":"indent  line one shiftwidth Indent text >>"},{"title":"De-indent  line one shiftwidth","subtitle":"Indent text ⎯  <<","arg":["key code 53//keystroke \"<<\"","de-indent  line one shiftwidth","<<"],"icon":{"type":"file","path":"img/indentText.png"},"match":"de-indent  line one shiftwidth Indent text <<"},{"title":"Indent a block with () or {} ","subtitle":"Indent text ⎯  >%","arg":["key code 53//keystroke \">%\"","indent a block with () or {} ",">%"],"icon":{"type":"file","path":"img/indentText.png"},"match":"indent a block with () or {}  Indent text >%"},{"title":"Indent inner block with ()","subtitle":"Indent text ⎯  >ib","arg":["key code 53//keystroke \">ib\"","indent inner block with ()",">ib"],"icon":{"type":"file","path":"img/indentText.png"},"match":"indent inner block with () Indent text >ib"},{"title":"Indent a block with <> tags","subtitle":"Indent text ⎯  >at","arg":["key code 53//keystroke \">at\"","indent a block with <> tags",">at"],"icon":{"type":"file","path":"img/indentText.png"},"match":"indent a block with <> tags Indent text >at"},{"title":"Re-indent 3 lines","subtitle":"Indent text ⎯  3==","arg":["key code 53//keystroke \"3==\"","re-indent 3 lines","3=="],"icon":{"type":"file","path":"img/indentText.png"},"match":"re-indent 3 lines Indent text 3=="},{"title":"Re-indent a block with () or {} ","subtitle":"Indent text ⎯  =%","arg":["key code 53//keystroke \"=%\"","re-indent a block with () or {} ","=%"],"icon":{"type":"file","path":"img/indentText.png"},"match":"re-indent a block with () or {}  Indent text =%"},{"title":"","subtitle":"Indent text ⎯  =iB","arg":["key code 53//keystroke \"iB\"",null,"=iB"],"icon":{"type":"file","path":"img/indentText.png"},"match":" Indent text =iB"},{"title":"Re-indent entire buffer","subtitle":"Indent text ⎯  gg=G","arg":["key code 53//keystroke \"gg=G\"","re-indent entire buffer","gg=G"],"icon":{"type":"file","path":"img/indentText.png"},"match":"re-indent entire buffer Indent text gg=G"},{"title":"Paste and adjust indent to current line","subtitle":"Indent text ⎯  ]p","arg":["key code 53//keystroke \"]p\"","paste and adjust indent to current line","]p"],"icon":{"type":"file","path":"img/indentText.png"},"match":"paste and adjust indent to current line Indent text ]p"},{"title":"Menulis  ke file, tapi tidak keluar","subtitle":"Keluar ⎯  :w","arg":["key code 53//keystroke \":w\" & return","menulis  ke file, tapi tidak keluar",":w"],"icon":{"type":"file","path":"img/exiting.png"},"match":"write  the file, but don't exit Keluar :w"},{"title":"Menulis  ke file dengan sudo","subtitle":"Keluar ⎯  :w !sudo tee %","arg":["key code 53//keystroke \":w !sudo tee %\"","menulis  ke file dengan sudo",":w !sudo tee %"],"icon":{"type":"file","path":"img/exiting.png"},"match":"write out the current file using sudo Keluar :w !sudo tee %"},{"title":"Menulis  lalu keluar","subtitle":"Keluar ⎯  :wq or :x or ZZ","arg":["key code 53//keystroke \":wq\" & return","menulis  lalu keluar",":wq or :x or ZZ"],"icon":{"type":"file","path":"img/exiting.png"},"match":"write  and quit Keluar :wq or :x or ZZ"},{"title":"Keluar ","subtitle":"Keluar ⎯  :q","arg":["key code 53//keystroke \":q\" & return","keluar ",":q"],"icon":{"type":"file","path":"img/exiting.png"},"match":"quit  Keluar :q"},{"title":"Keluar dan abaikan perubahan yang telah dibuat","subtitle":"Keluar ⎯  :q! or ZQ","arg":["key code 53//keystroke \":q!\" & return","keluar dan abaikan perubahan yang telah dibuat",":q! or ZQ"],"icon":{"type":"file","path":"img/exiting.png"},"match":"quit and throw away unsaved changes Keluar :q! or ZQ"},{"title":"Write  and quit on all tabs","subtitle":"Keluar ⎯  :wqa","arg":["key code 53//keystroke \":wqa\" & return","write  and quit on all tabs",":wqa"],"icon":{"type":"file","path":"img/exiting.png"},"match":"write  and quit on all tabs Keluar :wqa"},{"title":"Pencarian dengan pola","subtitle":"Cari dan Tukar ⎯  /pattern","arg":["key code 53//keystroke \"/pattern\"","pencarian dengan pola","/pattern"],"icon":{"type":"file","path":"img/searchAndReplace.png"},"match":"search for pattern Cari dan Tukar /pattern"},{"title":"Pencarian ke belakang dengan pola","subtitle":"Cari dan Tukar ⎯  ?pattern","arg":["key code 53//keystroke \"?pattern\"","pencarian ke belakang dengan pola","?pattern"],"icon":{"type":"file","path":"img/searchAndReplace.png"},"match":"search backward for pattern Cari dan Tukar ?pattern"},{"title":"Pola 'magic'","subtitle":"Cari dan Tukar ⎯  \\vpattern","arg":["key code 53//keystroke \"\\\\vpattern\"","pola 'magic'","\\vpattern"],"icon":{"type":"file","path":"img/searchAndReplace.png"},"match":"'very magic' pattern Cari dan Tukar \\vpattern"},{"title":"Ulangi pencarian ke arah selanjutnya","subtitle":"Cari dan Tukar ⎯  n","arg":["key code 53//keystroke \"n\"","ulangi pencarian ke arah selanjutnya","n"],"icon":{"type":"file","path":"img/searchAndReplace.png"},"match":"repeat search in same direction Cari dan Tukar n"},{"title":"Ulangi pencarian ke arah sebaliknya","subtitle":"Cari dan Tukar ⎯  N","arg":["key code 53//keystroke \"N\"","ulangi pencarian ke arah sebaliknya","N"],"icon":{"type":"file","path":"img/searchAndReplace.png"},"match":"repeat search in opposite direction Cari dan Tukar N"},{"title":"Tukar yang lama dengan yang baru di keseluruhan file","subtitle":"Cari dan Tukar ⎯  :%s/old/new/g","arg":["key code 53//keystroke \":%s/old/new/g\"","tukar yang lama dengan yang baru di keseluruhan file",":%s/old/new/g"],"icon":{"type":"file","path":"img/searchAndReplace.png"},"match":"replace all old with new throughout file Cari dan Tukar :%s/old/new/g"},{"title":"Tukar yang lama dengan yang baru di kesluruhan file dengan konfirmasi","subtitle":"Cari dan Tukar ⎯  :%s/old/new/gc","arg":["key code 53//keystroke \":%s/old/new/gc\"","tukar yang lama dengan yang baru di kesluruhan file dengan konfirmasi",":%s/old/new/gc"],"icon":{"type":"file","path":"img/searchAndReplace.png"},"match":"replace all old with new throughout file with confirmations Cari dan Tukar :%s/old/new/gc"},{"title":"Menghilangkan sorotan pada hasil-hasil pencarian","subtitle":"Cari dan Tukar ⎯  :noh[lsearch]","arg":["key code 53//keystroke \":noh[lsearch]\"","menghilangkan sorotan pada hasil-hasil pencarian",":noh[lsearch]"],"icon":{"type":"file","path":"img/searchAndReplace.png"},"match":"remove highlighting of search matches Cari dan Tukar :noh[lsearch]"},{"title":"Next whole word under cursor","subtitle":"Cari dan Tukar ⎯  *","arg":["key code 53//keystroke \"*\"","Next whole word under cursor","*"],"icon":{"type":"file","path":"img/searchAndReplace.png"},"match":"Next whole word under cursor Cari dan Tukar *"},{"title":"Previous whole word under cursor","subtitle":"Cari dan Tukar ⎯  #","arg":["key code 53//keystroke \"#\"","Previous whole word under cursor","#"],"icon":{"type":"file","path":"img/searchAndReplace.png"},"match":"Previous whole word under cursor Cari dan Tukar #"},{"title":"Pencarian pola di beberapa file","subtitle":"Pencarian di beberapa file ⎯  :vim[grep] /pattern/ file","arg":["key code 53//keystroke \":vim[grep]\"//key code 49//keystroke \"/pattern/\"//key code 49//keystroke \"file\"","pencarian pola di beberapa file",":vim[grep] /pattern/ file"],"icon":{"type":"file","path":"img/searchMultipleFiles.png"},"match":"search for pattern in multiple files Pencarian di beberapa file :vim[grep] /pattern/ file"},{"title":"Lompat ke temuan selanjutnya","subtitle":"Pencarian di beberapa file ⎯  :cn[ext]","arg":["key code 53//keystroke \":cn\" & return","lompat ke temuan selanjutnya",":cn[ext]"],"icon":{"type":"file","path":"img/searchMultipleFiles.png"},"match":"jump to the next match Pencarian di beberapa file :cn[ext]"},{"title":"Lompat ke temuan sebelumnya","subtitle":"Pencarian di beberapa file ⎯  :cp[revious]","arg":["key code 53//keystroke \":cp\" & return","lompat ke temuan sebelumnya",":cp[revious]"],"icon":{"type":"file","path":"img/searchMultipleFiles.png"},"match":"jump to the previous match Pencarian di beberapa file :cp[revious]"},{"title":"Membuka windows baru yang menampilkan hasil temuan","subtitle":"Pencarian di beberapa file ⎯  :cope[n]","arg":["key code 53//keystroke \":cope\" & return","membuka windows baru yang menampilkan hasil temuan",":cope[n]"],"icon":{"type":"file","path":"img/searchMultipleFiles.png"},"match":"open a window containing the list of matches Pencarian di beberapa file :cope[n]"},{"title":"Close the quickfix window","subtitle":"Pencarian di beberapa file ⎯  :ccl[ose]","arg":["key code 53//keystroke \":ccl\" & return","close the quickfix window",":ccl[ose]"],"icon":{"type":"file","path":"img/searchMultipleFiles.png"},"match":"close the quickfix window Pencarian di beberapa file :ccl[ose]"},{"title":"","subtitle":"Pencarian di beberapa file ⎯  colonWa","arg":["key code 53//keystroke \":wa\" & return",null,"colonWa"],"icon":{"type":"file","path":"img/searchMultipleFiles.png"},"match":" Pencarian di beberapa file colonWa"},{"title":"Close the quickfix window","subtitle":"Pencarian di beberapa file ⎯  :ccl[ose]","arg":["key code 53//keystroke \":ccl\" & return","close the quickfix window",":ccl[ose]"],"icon":{"type":"file","path":"img/searchMultipleFiles.png"},"match":"close the quickfix window Pencarian di beberapa file :ccl[ose]"},{"title":"Membuka file di tab baru","subtitle":"Tabs ⎯  :tabnew or :tabnew file","arg":["key code 53//keystroke \":tabnew\"//key code 49//keystroke \"file\" & return","membuka file di tab baru",":tabnew or :tabnew file"],"icon":{"type":"file","path":"img/tabs.png"},"match":"open a file in a new tab Tabs :tabnew or :tabnew file"},{"title":"Move the current split window into its own tab","subtitle":"Tabs ⎯  Ctrl+wT","arg":["key code 53//keystroke \"w\" using control down//keystroke \"T\"","move the current split window into its own tab","Ctrl+wT"],"icon":{"type":"file","path":"img/tabs.png"},"match":"move the current split window into its own tab Tabs Ctrl+wT"},{"title":"Pindah ke tab selanjutnya","subtitle":"Tabs ⎯  gt or :tabn[ext]","arg":["key code 53//keystroke \"gt\"","pindah ke tab selanjutnya","gt or :tabn[ext]"],"icon":{"type":"file","path":"img/tabs.png"},"match":"move to the next tab Tabs gt or :tabn[ext]"},{"title":"Pindah ke tab sebelumnya","subtitle":"Tabs ⎯  gT or :tabp[revious]","arg":["key code 53//keystroke \"gT\"","pindah ke tab sebelumnya","gT or :tabp[revious]"],"icon":{"type":"file","path":"img/tabs.png"},"match":"move to the previous tab Tabs gT or :tabp[revious]"},{"title":"Pindah ke tab nomor #","subtitle":"Tabs ⎯  #gt","arg":["key code 53//keystroke \"#gt\"","pindah ke tab nomor #","#gt"],"icon":{"type":"file","path":"img/tabs.png"},"match":"move to tab number # Tabs #gt"},{"title":"Pindahkan tab saat ini ke urutan ke # ","subtitle":"Tabs ⎯  :tabm[ove]","arg":["key code 53//keystroke \":tabm\" & return","pindahkan tab saat ini ke urutan ke # ",":tabm[ove]"],"icon":{"type":"file","path":"img/tabs.png"},"match":"move current tab to the #th position  Tabs :tabm[ove]"},{"title":"Tutup tab saat ini dan semua jendela di dalamnya","subtitle":"Tabs ⎯  :tabc[lose]","arg":["key code 53//keystroke \":tabc\" & return","tutup tab saat ini dan semua jendela di dalamnya",":tabc[lose]"],"icon":{"type":"file","path":"img/tabs.png"},"match":"close the current tab and all its windows Tabs :tabc[lose]"},{"title":"Tutup semua tab kecuali tab yang aktif saat ini","subtitle":"Tabs ⎯  :tabo[nly]","arg":["key code 53//keystroke \":tabo\" & return","tutup semua tab kecuali tab yang aktif saat ini",":tabo[nly]"],"icon":{"type":"file","path":"img/tabs.png"},"match":"close all tabs except for the current one Tabs :tabo[nly]"},{"title":"Menjalankan perintah command pada semua tab ","subtitle":"Tabs ⎯  :tabdo command","arg":["key code 53//keystroke \":tabdo\"//key code 49//keystroke \"command\"","menjalankan perintah command pada semua tab ",":tabdo command"],"icon":{"type":"file","path":"img/tabs.png"},"match":"run the command on all tabs  Tabs :tabdo command"},{"title":"Mengedit file di dalam buffer baru","subtitle":"Bekerja dengan beberapa file ⎯  :e[dit] file","arg":["key code 53//keystroke \":e\"//key code 49//keystroke \"file\"","mengedit file di dalam buffer baru",":e[dit] file"],"icon":{"type":"file","path":"img/workingWithMultipleFiles.png"},"match":"edit a file in a new buffer Bekerja dengan beberapa file :e[dit] file"},{"title":"Beralih ke buffer selanjutnya","subtitle":"Bekerja dengan beberapa file ⎯  :bn[ext]","arg":["key code 53//keystroke \":bn\" & return","beralih ke buffer selanjutnya",":bn[ext]"],"icon":{"type":"file","path":"img/workingWithMultipleFiles.png"},"match":"go to the next buffer Bekerja dengan beberapa file :bn[ext]"},{"title":"Beralih ke buffer sebelumnya","subtitle":"Bekerja dengan beberapa file ⎯  :bp[revious]","arg":["key code 53//keystroke \":bp\" & return","beralih ke buffer sebelumnya",":bp[revious]"],"icon":{"type":"file","path":"img/workingWithMultipleFiles.png"},"match":"go to the previous buffer Bekerja dengan beberapa file :bp[revious]"},{"title":"Menghapus buffer ","subtitle":"Bekerja dengan beberapa file ⎯  :bd[elete]","arg":["key code 53//keystroke \":bd\" & return","menghapus buffer ",":bd[elete]"],"icon":{"type":"file","path":"img/workingWithMultipleFiles.png"},"match":"delete a buffer  Bekerja dengan beberapa file :bd[elete]"},{"title":"Go to a buffer by #","subtitle":"Bekerja dengan beberapa file ⎯  :b[uffer]#","arg":["key code 53//keystroke \":b#\"","go to a buffer by #",":b[uffer]#"],"icon":{"type":"file","path":"img/workingWithMultipleFiles.png"},"match":"go to a buffer by index # Bekerja dengan beberapa file :b[uffer]#"},{"title":"Go to a buffer by file","subtitle":"Bekerja dengan beberapa file ⎯  :b[uffer] file","arg":["key code 53//keystroke \":b\"//key code 49//keystroke \"file\"","go to a buffer by file",":b[uffer] file"],"icon":{"type":"file","path":"img/workingWithMultipleFiles.png"},"match":"go to a buffer by file Bekerja dengan beberapa file :b[uffer] file"},{"title":"Daftar buffer yang terbuka","subtitle":"Bekerja dengan beberapa file ⎯  :ls or :buffers","arg":["key code 53//keystroke \":ls\" & return","daftar buffer yang terbuka",":ls or :buffers"],"icon":{"type":"file","path":"img/workingWithMultipleFiles.png"},"match":"list all open buffers Bekerja dengan beberapa file :ls or :buffers"},{"title":"Buka file di buffer baru dan split jendela","subtitle":"Bekerja dengan beberapa file ⎯  :sp[lit] file","arg":["key code 53//keystroke \":sp\"//key code 49//keystroke \"file\"","buka file di buffer baru dan split jendela",":sp[lit] file"],"icon":{"type":"file","path":"img/workingWithMultipleFiles.png"},"match":"open a file in a new buffer and split window Bekerja dengan beberapa file :sp[lit] file"},{"title":"Buka file di buffer baru dan split jendela secara vertikal","subtitle":"Bekerja dengan beberapa file ⎯  :vs[plit] file","arg":["key code 53//keystroke \":vs\"//key code 49//keystroke \"file\"","buka file di buffer baru dan split jendela secara vertikal",":vs[plit] file"],"icon":{"type":"file","path":"img/workingWithMultipleFiles.png"},"match":"open a file in a new buffer and vertically split window Bekerja dengan beberapa file :vs[plit] file"},{"title":"Edit all buffers as vertical windows","subtitle":"Bekerja dengan beberapa file ⎯  :vert[ical] ba[ll]","arg":["key code 53//keystroke \":vert\"//key code 49//keystroke \"ba\" & return","edit all buffers as vertical windows",":vert[ical] ba[ll]"],"icon":{"type":"file","path":"img/workingWithMultipleFiles.png"},"match":"edit all buffers as vertical windows Bekerja dengan beberapa file :vert[ical] ba[ll]"},{"title":"Edit all buffers as tabs","subtitle":"Bekerja dengan beberapa file ⎯  :tab ba[ll]","arg":["key code 53//keystroke \":tab\"//key code 49//keystroke \"ba\" & return","edit all buffers as tabs",":tab ba[ll]"],"icon":{"type":"file","path":"img/workingWithMultipleFiles.png"},"match":"edit all buffers as tabs Bekerja dengan beberapa file :tab ba[ll]"},{"title":"Split jendela","subtitle":"Bekerja dengan beberapa file ⎯  Ctrl+w s","arg":["key code 53//keystroke \"w\" using control down//keystroke \"s\"","split jendela","Ctrl+w s"],"icon":{"type":"file","path":"img/workingWithMultipleFiles.png"},"match":"split window Bekerja dengan beberapa file Ctrl+w s"},{"title":"Split jendela secara vertikal","subtitle":"Bekerja dengan beberapa file ⎯  Ctrl+w v","arg":["key code 53//keystroke \"w\" using control down//keystroke \"v\"","split jendela secara vertikal","Ctrl+w v"],"icon":{"type":"file","path":"img/workingWithMultipleFiles.png"},"match":"split window vertically Bekerja dengan beberapa file Ctrl+w v"},{"title":"Berganti jendela","subtitle":"Bekerja dengan beberapa file ⎯  Ctrl+w w","arg":["key code 53//keystroke \"w\" using control down//keystroke \"w\"","berganti jendela","Ctrl+w w"],"icon":{"type":"file","path":"img/workingWithMultipleFiles.png"},"match":"switch windows Bekerja dengan beberapa file Ctrl+w w"},{"title":"Keluar dari jendela","subtitle":"Bekerja dengan beberapa file ⎯  Ctrl+w q","arg":["key code 53//keystroke \"w\" using control down//keystroke \"q\"","keluar dari jendela","Ctrl+w q"],"icon":{"type":"file","path":"img/workingWithMultipleFiles.png"},"match":"quit a window Bekerja dengan beberapa file Ctrl+w q"},{"title":"Exchange current window with next one","subtitle":"Bekerja dengan beberapa file ⎯  Ctrl+w x","arg":["key code 53//keystroke \"w\" using control down//keystroke \"x\"","exchange current window with next one","Ctrl+w x"],"icon":{"type":"file","path":"img/workingWithMultipleFiles.png"},"match":"exchange current window with next one Bekerja dengan beberapa file Ctrl+w x"},{"title":"Make all windows equal height & width","subtitle":"Bekerja dengan beberapa file ⎯  Ctrl+w =","arg":["key code 53//keystroke \"w\" using control down//keystroke \"=\"","make all windows equal height & width","Ctrl+w ="],"icon":{"type":"file","path":"img/workingWithMultipleFiles.png"},"match":"make all windows equal height & width Bekerja dengan beberapa file Ctrl+w ="},{"title":"Memindahkan kursor ke jendela kiri ","subtitle":"Bekerja dengan beberapa file ⎯  Ctrl+w h","arg":["key code 53//keystroke \"w\" using control down//keystroke \"h\"","memindahkan kursor ke jendela kiri ","Ctrl+w h"],"icon":{"type":"file","path":"img/workingWithMultipleFiles.png"},"match":"move cursor to the left window  Bekerja dengan beberapa file Ctrl+w h"},{"title":"Memindahkan kursor ke jendela kanan ","subtitle":"Bekerja dengan beberapa file ⎯  Ctrl+w l","arg":["key code 53//keystroke \"w\" using control down//keystroke \"l\"","memindahkan kursor ke jendela kanan ","Ctrl+w l"],"icon":{"type":"file","path":"img/workingWithMultipleFiles.png"},"match":"move cursor to the right window  Bekerja dengan beberapa file Ctrl+w l"},{"title":"Memindahkan kursor ke jendela bawah ","subtitle":"Bekerja dengan beberapa file ⎯  Ctrl+w j","arg":["key code 53//keystroke \"w\" using control down//keystroke \"j\"","memindahkan kursor ke jendela bawah ","Ctrl+w j"],"icon":{"type":"file","path":"img/workingWithMultipleFiles.png"},"match":"move cursor to the window below  Bekerja dengan beberapa file Ctrl+w j"},{"title":"Mmemindahkan kursor ke jendela atas ","subtitle":"Bekerja dengan beberapa file ⎯  Ctrl+w k","arg":["key code 53//keystroke \"w\" using control down//keystroke \"k\"","mmemindahkan kursor ke jendela atas ","Ctrl+w k"],"icon":{"type":"file","path":"img/workingWithMultipleFiles.png"},"match":"move cursor to the window above  Bekerja dengan beberapa file Ctrl+w k"},{"title":"Make current window full height at far left ","subtitle":"Bekerja dengan beberapa file ⎯  Ctrl+w H","arg":["key code 53//keystroke \"w\" using control down//keystroke \"H\"","make current window full height at far left ","Ctrl+w H"],"icon":{"type":"file","path":"img/workingWithMultipleFiles.png"},"match":"make current window full height at far left  Bekerja dengan beberapa file Ctrl+w H"},{"title":"Make current window full height at far right ","subtitle":"Bekerja dengan beberapa file ⎯  Ctrl+w L","arg":["key code 53//keystroke \"w\" using control down//keystroke \"L\"","make current window full height at far right ","Ctrl+w L"],"icon":{"type":"file","path":"img/workingWithMultipleFiles.png"},"match":"make current window full height at far right  Bekerja dengan beberapa file Ctrl+w L"},{"title":"Make current window full width at the very bottom ","subtitle":"Bekerja dengan beberapa file ⎯  Ctrl+w J","arg":["key code 53//keystroke \"w\" using control down//keystroke \"J\"","make current window full width at the very bottom ","Ctrl+w J"],"icon":{"type":"file","path":"img/workingWithMultipleFiles.png"},"match":"make current window full width at the very bottom  Bekerja dengan beberapa file Ctrl+w J"},{"title":"Make current window full width at the very top ","subtitle":"Bekerja dengan beberapa file ⎯  Ctrl+w K","arg":["key code 53//keystroke \"w\" using control down//keystroke \"K\"","make current window full width at the very top ","Ctrl+w K"],"icon":{"type":"file","path":"img/workingWithMultipleFiles.png"},"match":"make current window full width at the very top  Bekerja dengan beberapa file Ctrl+w K"},{"title":"Manually define a fold up to motion","subtitle":"Diff ⎯  zf","arg":["key code 53//keystroke \"zf\"","manually define a fold up to motion","zf"],"icon":{"type":"file","path":"img/diff.png"},"match":"manually define a fold up to motion Diff zf"},{"title":"Delete fold under the cursor","subtitle":"Diff ⎯  zd","arg":["key code 53//keystroke \"zd\"","delete fold under the cursor","zd"],"icon":{"type":"file","path":"img/diff.png"},"match":"delete fold under the cursor Diff zd"},{"title":"Toggle fold under the cursor","subtitle":"Diff ⎯  za","arg":["key code 53//keystroke \"za\"","toggle fold under the cursor","za"],"icon":{"type":"file","path":"img/diff.png"},"match":"toggle fold under the cursor Diff za"},{"title":"Open fold under the cursor","subtitle":"Diff ⎯  zo","arg":["key code 53//keystroke \"zo\"","open fold under the cursor","zo"],"icon":{"type":"file","path":"img/diff.png"},"match":"open fold under the cursor Diff zo"},{"title":"Close fold under the cursor","subtitle":"Diff ⎯  zc","arg":["key code 53//keystroke \"zc\"","close fold under the cursor","zc"],"icon":{"type":"file","path":"img/diff.png"},"match":"close fold under the cursor Diff zc"},{"title":"Reduce  all folds by one level","subtitle":"Diff ⎯  zr","arg":["key code 53//keystroke \"zr\"","reduce  all folds by one level","zr"],"icon":{"type":"file","path":"img/diff.png"},"match":"reduce  all folds by one level Diff zr"},{"title":"Fold more  all folds by one level","subtitle":"Diff ⎯  zm","arg":["key code 53//keystroke \"zm\"","fold more  all folds by one level","zm"],"icon":{"type":"file","path":"img/diff.png"},"match":"fold more  all folds by one level Diff zm"},{"title":"Toggle folding functionality","subtitle":"Diff ⎯  zi","arg":["key code 53//keystroke \"zi\"","toggle folding functionality","zi"],"icon":{"type":"file","path":"img/diff.png"},"match":"toggle folding functionality Diff zi"},{"title":"Jump to start of next change","subtitle":"Diff ⎯  ]c","arg":["key code 53//keystroke \"]c\"","jump to start of next change","]c"],"icon":{"type":"file","path":"img/diff.png"},"match":"jump to start of next change Diff ]c"},{"title":"Jump to start of previous change","subtitle":"Diff ⎯  [c","arg":["key code 53//keystroke \"[c\"","jump to start of previous change","[c"],"icon":{"type":"file","path":"img/diff.png"},"match":"jump to start of previous change Diff [c"},{"title":"Obtain  difference ","subtitle":"Diff ⎯  do or :diffg[et]","arg":["key code 53//keystroke \"do\"","obtain  difference ","do or :diffg[et]"],"icon":{"type":"file","path":"img/diff.png"},"match":"obtain  difference  Diff do or :diffg[et]"},{"title":"Put difference ","subtitle":"Diff ⎯  dp or :diffpu[t]","arg":["key code 53//keystroke \"dp\"","put difference ","dp or :diffpu[t]"],"icon":{"type":"file","path":"img/diff.png"},"match":"put difference  Diff dp or :diffpu[t]"},{"title":"Make current window part of diff","subtitle":"Diff ⎯  :diffthis","arg":["key code 53//keystroke \":diffthis\" & return","make current window part of diff",":diffthis"],"icon":{"type":"file","path":"img/diff.png"},"match":"make current window part of diff Diff :diffthis"},{"title":"Update differences","subtitle":"Diff ⎯  :dif[fupdate]","arg":["key code 53//keystroke \":dif\" & return","update differences",":dif[fupdate]"],"icon":{"type":"file","path":"img/diff.png"},"match":"update differences Diff :dif[fupdate]"},{"title":"Switch off diff mode for current window","subtitle":"Diff ⎯  :diffo[ff]","arg":["key code 53//keystroke \":diffo\" & return","switch off diff mode for current window",":diffo[ff]"],"icon":{"type":"file","path":"img/diff.png"},"match":"switch off diff mode for current window Diff :diffo[ff]"},{"title":"Turn on us english spell checking","subtitle":"Spell checking ⎯  :set spell spelllang=en_us","arg":["key code 53//keystroke \":set\"//key code 49//keystroke \"spell\"//key code 49//keystroke \"spelllang=en_us\" & return","Turn on US English spell checking",":set spell spelllang=en_us"],"icon":{"type":"file","path":"img/spell.png"},"match":"Turn on US English spell checking Spell checking :set spell spelllang=en_us"},{"title":"Turn off spell checking","subtitle":"Spell checking ⎯  :set nospell","arg":["key code 53//keystroke \":set\"//key code 49//keystroke \"nospell\" & return","Turn off spell checking",":set nospell"],"icon":{"type":"file","path":"img/spell.png"},"match":"Turn off spell checking Spell checking :set nospell"},{"title":"Move to next misspelled word after the cursor","subtitle":"Spell checking ⎯  ]s","arg":["key code 53//keystroke \"]s\"","Move to next misspelled word after the cursor","]s"],"icon":{"type":"file","path":"img/spell.png"},"match":"Move to next misspelled word after the cursor Spell checking ]s"},{"title":"Move to previous misspelled word before the cursor","subtitle":"Spell checking ⎯  [s","arg":["key code 53//keystroke \"[s\"","Move to previous misspelled word before the cursor","[s"],"icon":{"type":"file","path":"img/spell.png"},"match":"Move to previous misspelled word before the cursor Spell checking [s"},{"title":"Suggest spellings for the word under/after the cursor","subtitle":"Spell checking ⎯  z=","arg":["key code 53//keystroke \"z=\"","Suggest spellings for the word under/after the cursor","z="],"icon":{"type":"file","path":"img/spell.png"},"match":"Suggest spellings for the word under/after the cursor Spell checking z="},{"title":"Add word to spell list","subtitle":"Spell checking ⎯  zg","arg":["key code 53//keystroke \"zg\"","Add word to spell list","zg"],"icon":{"type":"file","path":"img/spell.png"},"match":"Add word to spell list Spell checking zg"},{"title":"Mark word as bad/mispelling","subtitle":"Spell checking ⎯  zw","arg":["key code 53//keystroke \"zw\"","Mark word as bad/mispelling","zw"],"icon":{"type":"file","path":"img/spell.png"},"match":"Mark word as bad/mispelling Spell checking zw"},{"title":"Suggest words for bad word under cursor from spell file","subtitle":"Spell checking ⎯  zu","arg":["key code 53//keystroke \"zu\"","Suggest words for bad word under cursor from spell file","zu"],"icon":{"type":"file","path":"img/spell.png"},"match":"Suggest words for bad word under cursor from spell file Spell checking zu"},{"title":"Increment number","subtitle":"Miscellaneous ⎯  Ctrl+a","arg":["key code 53//keystroke \"a\" using control down","Increment number","Ctrl+a"],"icon":{"type":"file","path":"img/misc.png"},"match":"Increment number Miscellaneous Ctrl+a"},{"title":"Decrement number","subtitle":"Miscellaneous ⎯  Ctrl+x","arg":["key code 53//keystroke \"x\" using control down","Decrement number","Ctrl+x"],"icon":{"type":"file","path":"img/misc.png"},"match":"Decrement number Miscellaneous Ctrl+x"},{"title":"Re-select last selected block of text","subtitle":"Miscellaneous ⎯  gv","arg":["key code 53//keystroke \"gv\"","Re-select last selected block of text","gv"],"icon":{"type":"file","path":"img/misc.png"},"match":"Re-select last selected block of text Miscellaneous gv"},{"title":"Insert the result of an expression at the cursor","subtitle":"Miscellaneous ⎯  Ctrl+r =","arg":["key code 53//keystroke \"r\" using control down//keystroke \"=\"","Insert the result of an expression at the cursor","Ctrl+r ="],"icon":{"type":"file","path":"img/misc.png"},"match":"Insert the result of an expression at the cursor Miscellaneous Ctrl+r ="},{"title":"Change file encoding to utf-8","subtitle":"Miscellaneous ⎯  set fenc=UTF-8","arg":["key code 53//keystroke \"set\"//key code 49//keystroke \"fenc=UTF-8\"","Change file encoding to UTF-8","set fenc=UTF-8"],"icon":{"type":"file","path":"img/misc.png"},"match":"Change file encoding to UTF-8 Miscellaneous set fenc=UTF-8"},{"title":"Escape next character","subtitle":"Regex ⎯  \\","arg":["keystroke \"\\\\\"","Escape next character","\\"],"icon":{"type":"file","path":"img/regex.png"},"match":"Escape next character Regex \\"},{"title":"Start-of­-line","subtitle":"Regex ⎯  ^","arg":["keystroke \"^\"","Start-of­-line","^"],"icon":{"type":"file","path":"img/regex.png"},"match":"Start-of­-line Regex ^"},{"title":"End-of-­line","subtitle":"Regex ⎯  $","arg":["keystroke \"$\"","End-of-­line","$"],"icon":{"type":"file","path":"img/regex.png"},"match":"End-of-­line Regex $"},{"title":"Any char","subtitle":"Regex ⎯  .","arg":["keystroke \".\"","Any char","."],"icon":{"type":"file","path":"img/regex.png"},"match":"Any char Regex ."},{"title":"0 or more quantifier","subtitle":"Regex ⎯  *","arg":["keystroke \"*\"","0 or more quantifier","*"],"icon":{"type":"file","path":"img/regex.png"},"match":"0 or more quantifier Regex *"},{"title":"Match last given substitute string","subtitle":"Regex ⎯  ~","arg":["keystroke \"\"~","Match last given substitute string","~"],"icon":{"type":"file","path":"img/regex.png"},"match":"Match last given substitute string Regex ~"},{"title":"Match range","subtitle":"Regex ⎯  [...]","arg":["keystroke \"[...]\"","Match range","[...]"],"icon":{"type":"file","path":"img/regex.png"},"match":"Match range Regex [...]"},{"title":"Not range","subtitle":"Regex ⎯  [^...]","arg":["keystroke \"[^...]\"","Not range","[^...]"],"icon":{"type":"file","path":"img/regex.png"},"match":"Not range Regex [^...]"},{"title":"In replacement: insert <pattern>","subtitle":"Regex ⎯  &","arg":["keystroke \"&\"","In replacement: insert <pattern>","&"],"icon":{"type":"file","path":"img/regex.png"},"match":"In replacement: insert <pattern> Regex &"},{"title":"Beginning of a word","subtitle":"Regex ⎯  \\<","arg":["keystroke \"\\\\<\"","Beginning of a word","\\<"],"icon":{"type":"file","path":"img/regex.png"},"match":"Beginning of a word Regex \\<"},{"title":"End of word","subtitle":"Regex ⎯  \\>","arg":["keystroke \"\\\\>\"","End of word","\\>"],"icon":{"type":"file","path":"img/regex.png"},"match":"End of word Regex \\>"},{"title":"Group","subtitle":"Regex ⎯  \\(...\\)","arg":["keystroke \"\\\\(...\\\\)\"","Group","\\(...\\)"],"icon":{"type":"file","path":"img/regex.png"},"match":"Group Regex \\(...\\)"},{"title":"Separate alternative","subtitle":"Regex ⎯  \\|","arg":["keystroke \"\\\\|\"","Separate alternative","\\|"],"icon":{"type":"file","path":"img/regex.png"},"match":"Separate alternative Regex \\|"},{"title":"Any single char or end-of­line","subtitle":"Regex ⎯  \\_.","arg":["keystroke \"\\\\_.\"","Any single char or end-of­line","\\_."],"icon":{"type":"file","path":"img/regex.png"},"match":"Any single char or end-of­line Regex \\_."},{"title":"1 or more quantifier","subtitle":"Regex ⎯  \\+","arg":["keystroke \"\\\\+\"","1 or more quantifier","\\+"],"icon":{"type":"file","path":"img/regex.png"},"match":"1 or more quantifier Regex \\+"},{"title":"0 or 1 quantifier","subtitle":"Regex ⎯  \\=","arg":["keystroke \"\\\\=\"","0 or 1 quantifier","\\="],"icon":{"type":"file","path":"img/regex.png"},"match":"0 or 1 quantifier Regex \\="},{"title":"0 or 1 quantifier","subtitle":"Regex ⎯  \\?","arg":["keystroke \"\\\\?\"","0 or 1 quantifier","\\?"],"icon":{"type":"file","path":"img/regex.png"},"match":"0 or 1 quantifier Regex \\?"},{"title":"N to m quantifier","subtitle":"Regex ⎯  \\{n,m}","arg":["keystroke \"\\\\{n,m}\"","n to m quantifier","\\{n,m}"],"icon":{"type":"file","path":"img/regex.png"},"match":"n to m quantifier Regex \\{n,m}"},{"title":"N quantifier","subtitle":"Regex ⎯  \\{n}","arg":["keystroke \"\\\\{n}\"","n quantifier","\\{n}"],"icon":{"type":"file","path":"img/regex.png"},"match":"n quantifier Regex \\{n}"},{"title":"At least n quantifier","subtitle":"Regex ⎯  \\{n,}","arg":["keystroke \"\"\\\\{n,}","at least n quantifier","\\{n,}"],"icon":{"type":"file","path":"img/regex.png"},"match":"at least n quantifier Regex \\{n,}"},{"title":"0 to m quantifier","subtitle":"Regex ⎯  \\{,m}","arg":["keystroke \"\\\\{,}\"","0 to m quantifier","\\{,m}"],"icon":{"type":"file","path":"img/regex.png"},"match":"0 to m quantifier Regex \\{,m}"},{"title":"Delete all lines matching pattern","subtitle":"Regex ⎯  :%g/<pa­tte­rn>/d","arg":["key code 53//keystroke \":%g/<pa­tte­r/d\"","delete all lines matching pattern",":%g/<pa­tte­rn>/d"],"icon":{"type":"file","path":"img/regex.png"},"match":"delete all lines matching pattern Regex :%g/<pa­tte­rn>/d"},{"title":"Delete all lines not matching <pattern>","subtitle":"Regex ⎯  :%v/<pa­tte­rn>/d","arg":["key code 53//keystroke \":%v/<pa­tte­r/d\"","delete all lines NOT matching <pattern>",":%v/<pa­tte­rn>/d"],"icon":{"type":"file","path":"img/regex.png"},"match":"delete all lines NOT matching <pattern> Regex :%v/<pa­tte­rn>/d"},{"title":"Delete empty lines","subtitle":"Regex ⎯  :%s/^.*$\\n//","arg":["key code 53//keystroke \":%s/^.*$\\\\n//\"","delete empty lines",":%s/^.*$\\n//"],"icon":{"type":"file","path":"img/regex.png"},"match":"delete empty lines Regex :%s/^.*$\\n//"},{"title":"Replace <pattern> by 'new <pattern>'","subtitle":"Regex ⎯  :s/<pattern>/new &/","arg":["key code 53//keystroke \":%s/<pattern>/new &/\"","Replace <pattern> by 'new <pattern>'",":s/<pattern>/new &/"],"icon":{"type":"file","path":"img/regex.png"},"match":"Replace <pattern> by 'new <pattern>' Regex :s/<pattern>/new &/"},{"title":"Replace <pattern> by content of register","subtitle":"Regex ⎯  :s/<pattern>/\\=@a/","arg":["key code 53//keystroke \":%s/<pattern>/\\\\=@a/\"","Replace <pattern> by content of register",":s/<pattern>/\\=@a/"],"icon":{"type":"file","path":"img/regex.png"},"match":"Replace <pattern> by content of register Regex :s/<pattern>/\\=@a/"},{"title":"Count number of occurrence of <pattern>","subtitle":"Regex ⎯  :s/<pattern>//gn","arg":["key code 53//keystroke \":%s/<pattern>//gn\"","Count number of occurrence of <pattern>",":s/<pattern>//gn"],"icon":{"type":"file","path":"img/regex.png"},"match":"Count number of occurrence of <pattern> Regex :s/<pattern>//gn"},{"title":"Match start","subtitle":"Regex ⎯  \\zs","arg":["keystroke \"\\\\zs\"","Match start","\\zs"],"icon":{"type":"file","path":"img/regex.png"},"match":"Match start Regex \\zs"},{"title":"Match end","subtitle":"Regex ⎯  \\ze","arg":["keystroke \"\\\\ze\"","Match end","\\ze"],"icon":{"type":"file","path":"img/regex.png"},"match":"Match end Regex \\ze"},{"title":"Positive look behind to find <pattern>","subtitle":"Regex ⎯  <atom>\\@<=<pattern>","arg":["keystroke \"<atom>\\\\@<=<pattern>\"","Positive look behind to find <pattern>","<atom>\\@<=<pattern>"],"icon":{"type":"file","path":"img/regex.png"},"match":"Positive look behind to find <pattern> Regex <atom>\\@<=<pattern>"},{"title":"Positive look ahead to find <pattern>","subtitle":"Regex ⎯  <pattern><atom>\\@=","arg":["keystroke \"<pattern><atom>\\\\@=\"","Positive look ahead to find <pattern>","<pattern><atom>\\@="],"icon":{"type":"file","path":"img/regex.png"},"match":"Positive look ahead to find <pattern> Regex <pattern><atom>\\@="},{"title":"Negative look behind to find <pattern>","subtitle":"Regex ⎯  <atom>\\@<!<pattern>","arg":["keystroke \"<atom>\\\\@<!<pattern>\"","Negative look behind to find <pattern>","<atom>\\@<!<pattern>"],"icon":{"type":"file","path":"img/regex.png"},"match":"Negative look behind to find <pattern> Regex <atom>\\@<!<pattern>"},{"title":"Negative look ahead to find <pattern>","subtitle":"Regex ⎯  <pattern><atom>\\@!","arg":["keystroke \"<pattern><atom>\\\\@!\"","Negative look ahead to find <pattern>","<pattern><atom>\\@!"],"icon":{"type":"file","path":"img/regex.png"},"match":"Negative look ahead to find <pattern> Regex <pattern><atom>\\@!"},{"title":"Non-greedy 0 or more quantifier","subtitle":"Regex ⎯  \\{-}","arg":["keystroke \"\\\\{-}\"","Non-greedy 0 or more quantifier","\\{-}"],"icon":{"type":"file","path":"img/regex.png"},"match":"Non-greedy 0 or more quantifier Regex \\{-}"}]}