{"items":[{"title":"Apri il manuale  per keyword","subtitle":"Globali ⎯  :h[elp] parola chiave","arg":["key code 53//keystroke \":h\"//key code 49//keystroke \"keyword\"","apri il manuale  per keyword",":h[elp] parola chiave"],"icon":{"type":"file","path":"img/global.png"},"match":"open help for keyword Globali :h[elp] parola chiave"},{"title":"Salva il file con nome","subtitle":"Globali ⎯  :sav[eas] file","arg":["key code 53//keystroke \":sav\"//key code 49//keystroke \"file\"","salva il file con nome",":sav[eas] file"],"icon":{"type":"file","path":"img/global.png"},"match":"save file as Globali :sav[eas] file"},{"title":"Chiudi il pannello corrente","subtitle":"Globali ⎯  :clo[se]","arg":["key code 53//keystroke \":clo\" & return","chiudi il pannello corrente",":clo[se]"],"icon":{"type":"file","path":"img/global.png"},"match":"close current pane Globali :clo[se]"},{"title":"Apri in una finestra di terminale","subtitle":"Globali ⎯  :ter[minal]","arg":["key code 53//keystroke \":ter\" & return","apri in una finestra di terminale",":ter[minal]"],"icon":{"type":"file","path":"img/global.png"},"match":"open a terminal window Globali :ter[minal]"},{"title":"Apri la pagina del manuale  relativa alla parola sotto al cursore","subtitle":"Globali ⎯  K","arg":["key code 53//keystroke \"K\"","apri la pagina del manuale  relativa alla parola sotto al cursore","K"],"icon":{"type":"file","path":"img/global.png"},"match":"open man page for word under the cursor Globali K"},{"title":"Muovi cursore a sinistra","subtitle":"Movimento del cursore ⎯  h","arg":["key code 53//keystroke \"h\"","muovi cursore a sinistra","h"],"icon":{"type":"file","path":"img/cursorMovement.png"},"match":"move cursor left Movimento del cursore h"},{"title":"Muovi cursore in basso","subtitle":"Movimento del cursore ⎯  j","arg":["key code 53//keystroke \"j\"","muovi cursore in basso","j"],"icon":{"type":"file","path":"img/cursorMovement.png"},"match":"move cursor down Movimento del cursore j"},{"title":"Muovi cursore in alto","subtitle":"Movimento del cursore ⎯  k","arg":["key code 53//keystroke \"k\"","muovi cursore in alto","k"],"icon":{"type":"file","path":"img/cursorMovement.png"},"match":"move cursor up Movimento del cursore k"},{"title":"Muovi cursore a destra","subtitle":"Movimento del cursore ⎯  l","arg":["key code 53//keystroke \"l\"","muovi cursore a destra","l"],"icon":{"type":"file","path":"img/cursorMovement.png"},"match":"move cursor right Movimento del cursore l"},{"title":"Move cursor down ","subtitle":"Movimento del cursore ⎯  gj","arg":["key code 53//keystroke \"gj\"","move cursor down ","gj"],"icon":{"type":"file","path":"img/cursorMovement.png"},"match":"move cursor down  Movimento del cursore gj"},{"title":"Move cursor up ","subtitle":"Movimento del cursore ⎯  gk","arg":["key code 53//keystroke \"gk\"","move cursor up ","gk"],"icon":{"type":"file","path":"img/cursorMovement.png"},"match":"move cursor up  Movimento del cursore gk"},{"title":"Vai in cima alla schermata","subtitle":"Movimento del cursore ⎯  H","arg":["key code 53//keystroke \"H\"","vai in cima alla schermata","H"],"icon":{"type":"file","path":"img/cursorMovement.png"},"match":"move to top of screen Movimento del cursore H"},{"title":"Vai a metà della schermata","subtitle":"Movimento del cursore ⎯  M","arg":["key code 53//keystroke \"M\"","vai a metà della schermata","M"],"icon":{"type":"file","path":"img/cursorMovement.png"},"match":"move to middle of screen Movimento del cursore M"},{"title":"Vai in fondo alla schermata","subtitle":"Movimento del cursore ⎯  L","arg":["key code 53//keystroke \"L\"","vai in fondo alla schermata","L"],"icon":{"type":"file","path":"img/cursorMovement.png"},"match":"move to bottom of screen Movimento del cursore L"},{"title":"Salta avanti fino all'inizio di una parola","subtitle":"Movimento del cursore ⎯  w","arg":["key code 53//keystroke \"w\"","salta avanti fino all'inizio di una parola","w"],"icon":{"type":"file","path":"img/cursorMovement.png"},"match":"jump forwards to the start of a word Movimento del cursore w"},{"title":"Salta avanti fino all'inizio di una parola ","subtitle":"Movimento del cursore ⎯  W","arg":["key code 53//keystroke \"W\"","salta avanti fino all'inizio di una parola ","W"],"icon":{"type":"file","path":"img/cursorMovement.png"},"match":"jump forwards to the start of a word  Movimento del cursore W"},{"title":"Salta avanti fino alla fine di una parola","subtitle":"Movimento del cursore ⎯  e","arg":["key code 53//keystroke \"e\"","salta avanti fino alla fine di una parola","e"],"icon":{"type":"file","path":"img/cursorMovement.png"},"match":"jump forwards to the end of a word Movimento del cursore e"},{"title":"Salta avanti fino alla fine di una parola ","subtitle":"Movimento del cursore ⎯  E","arg":["key code 53//keystroke \"E\"","salta avanti fino alla fine di una parola ","E"],"icon":{"type":"file","path":"img/cursorMovement.png"},"match":"jump forwards to the end of a word  Movimento del cursore E"},{"title":"Salta indietro fino all'inizio di una parola","subtitle":"Movimento del cursore ⎯  b","arg":["key code 53//keystroke \"b\"","salta indietro fino all'inizio di una parola","b"],"icon":{"type":"file","path":"img/cursorMovement.png"},"match":"jump backwards to the start of a word Movimento del cursore b"},{"title":"Salta indietro fino all'inizio di una parola ","subtitle":"Movimento del cursore ⎯  B","arg":["key code 53//keystroke \"B\"","salta indietro fino all'inizio di una parola ","B"],"icon":{"type":"file","path":"img/cursorMovement.png"},"match":"jump backwards to the start of a word  Movimento del cursore B"},{"title":"Saòta indietro alla fine della parola","subtitle":"Movimento del cursore ⎯  ge","arg":["key code 53//keystroke \"ge\"","saòta indietro alla fine della parola","ge"],"icon":{"type":"file","path":"img/cursorMovement.png"},"match":"jump backwards to the end of a word Movimento del cursore ge"},{"title":"Saòta indietro alla fine della parola ","subtitle":"Movimento del cursore ⎯  gE","arg":["key code 53//keystroke \"gE\"","saòta indietro alla fine della parola ","gE"],"icon":{"type":"file","path":"img/cursorMovement.png"},"match":"jump backwards to the end of a word  Movimento del cursore gE"},{"title":"Vai al carattere corrispondente ","subtitle":"Movimento del cursore ⎯  %","arg":["key code 53//keystroke \"%\"","vai al carattere corrispondente ","%"],"icon":{"type":"file","path":"img/cursorMovement.png"},"match":"move to matching character  Movimento del cursore %"},{"title":"Salta all'inizio della linea","subtitle":"Movimento del cursore ⎯  0","arg":["key code 53//keystroke \"0\"","salta all'inizio della linea","0"],"icon":{"type":"file","path":"img/cursorMovement.png"},"match":"jump to the start of the line Movimento del cursore 0"},{"title":"Salta fino al primo carattere non vuoto della linea","subtitle":"Movimento del cursore ⎯  ^","arg":["key code 53//keystroke \"^\"","salta fino al primo carattere non vuoto della linea","^"],"icon":{"type":"file","path":"img/cursorMovement.png"},"match":"jump to the first non-blank character of the line Movimento del cursore ^"},{"title":"Salta alla fine della linea","subtitle":"Movimento del cursore ⎯  $","arg":["key code 53//keystroke \"$\"","salta alla fine della linea","$"],"icon":{"type":"file","path":"img/cursorMovement.png"},"match":"jump to the end of the line Movimento del cursore $"},{"title":"Salta fino all'ultimo carattere non vuoto della linea","subtitle":"Movimento del cursore ⎯  g_","arg":["key code 53//keystroke \"g_\"","salta fino all'ultimo carattere non vuoto della linea","g_"],"icon":{"type":"file","path":"img/cursorMovement.png"},"match":"jump to the last non-blank character of the line Movimento del cursore g_"},{"title":"Vai alla prima linea del documento","subtitle":"Movimento del cursore ⎯  gg","arg":["key code 53//keystroke \"gg\"","vai alla prima linea del documento","gg"],"icon":{"type":"file","path":"img/cursorMovement.png"},"match":"go to the first line of the document Movimento del cursore gg"},{"title":"Vai all'ultima linea del documento","subtitle":"Movimento del cursore ⎯  G","arg":["key code 53//keystroke \"G\"","vai all'ultima linea del documento","G"],"icon":{"type":"file","path":"img/cursorMovement.png"},"match":"go to the last line of the document Movimento del cursore G"},{"title":"Vai alla linea 5","subtitle":"Movimento del cursore ⎯  5gg or 5G","arg":["key code 53//keystroke \"5gg\"","vai alla linea 5","5gg or 5G"],"icon":{"type":"file","path":"img/cursorMovement.png"},"match":"go to line 5 Movimento del cursore 5gg or 5G"},{"title":"Move to local declaration","subtitle":"Movimento del cursore ⎯  gd","arg":["key code 53//keystroke \"gd\"","move to local declaration","gd"],"icon":{"type":"file","path":"img/cursorMovement.png"},"match":"move to local declaration Movimento del cursore gd"},{"title":"Move to global declaration","subtitle":"Movimento del cursore ⎯  gD","arg":["key code 53//keystroke \"gD\"","move to global declaration","gD"],"icon":{"type":"file","path":"img/cursorMovement.png"},"match":"move to global declaration Movimento del cursore gD"},{"title":"Salta alla prossima occorrenza del carattere x","subtitle":"Movimento del cursore ⎯  fx","arg":["key code 53//keystroke \"fx\"","salta alla prossima occorrenza del carattere x","fx"],"icon":{"type":"file","path":"img/cursorMovement.png"},"match":"jump to next occurrence of character x Movimento del cursore fx"},{"title":"Salta a prima della prossima occorrenza del carattere x","subtitle":"Movimento del cursore ⎯  tx","arg":["key code 53//keystroke \"tx\"","salta a prima della prossima occorrenza del carattere x","tx"],"icon":{"type":"file","path":"img/cursorMovement.png"},"match":"jump to before next occurrence of character x Movimento del cursore tx"},{"title":"Salta all'occorrenza precedente del carattere x","subtitle":"Movimento del cursore ⎯  Fx","arg":["key code 53//keystroke \"Fx\"","salta all'occorrenza precedente del carattere x","Fx"],"icon":{"type":"file","path":"img/cursorMovement.png"},"match":"jump to the previous occurrence of character x Movimento del cursore Fx"},{"title":"Salta al carattere successivo alla precedente occorrenza del carattere x","subtitle":"Movimento del cursore ⎯  Tx","arg":["key code 53//keystroke \"Tx\"","salta al carattere successivo alla precedente occorrenza del carattere x","Tx"],"icon":{"type":"file","path":"img/cursorMovement.png"},"match":"jump to after previous occurrence of character x Movimento del cursore Tx"},{"title":"Ripeti l'ultimo movimento f, t, f o t","subtitle":"Movimento del cursore ⎯  ;","arg":["key code 53//keystroke \";\"","ripeti l'ultimo movimento f, t, F o T",";"],"icon":{"type":"file","path":"img/cursorMovement.png"},"match":"repeat previous f, t, F or T movement Movimento del cursore ;"},{"title":"Ripeti l'ultimo movimento f, t, f o t, all'indietro","subtitle":"Movimento del cursore ⎯  ,","arg":["key code 53//keystroke \",\"","ripeti l'ultimo movimento f, t, F o T, all'indietro",","],"icon":{"type":"file","path":"img/cursorMovement.png"},"match":"repeat previous f, t, F or T movement, backwards Movimento del cursore ,"},{"title":"Salta al prossimo paragrafo ","subtitle":"Movimento del cursore ⎯  }","arg":["key code 53//keystroke \"}\"","salta al prossimo paragrafo ","}"],"icon":{"type":"file","path":"img/cursorMovement.png"},"match":"jump to next paragraph  Movimento del cursore }"},{"title":"Salta al paragrafo precedente ","subtitle":"Movimento del cursore ⎯  {","arg":["key code 53//keystroke \"{\"","salta al paragrafo precedente ","{"],"icon":{"type":"file","path":"img/cursorMovement.png"},"match":"jump to previous paragraph  Movimento del cursore {"},{"title":"Centra il cursore nella schermata","subtitle":"Movimento del cursore ⎯  zz","arg":["key code 53//keystroke \"zz\"","centra il cursore nella schermata","zz"],"icon":{"type":"file","path":"img/cursorMovement.png"},"match":"center cursor on screen Movimento del cursore zz"},{"title":"Sposta la schermata in basso di una linea ","subtitle":"Movimento del cursore ⎯  Ctrl+e","arg":["key code 53//keystroke \"e\" using control down","sposta la schermata in basso di una linea ","Ctrl+e"],"icon":{"type":"file","path":"img/cursorMovement.png"},"match":"move screen down one line  Movimento del cursore Ctrl+e"},{"title":"Sposta la schermata in alto di una linea ","subtitle":"Movimento del cursore ⎯  Ctrl+y","arg":["key code 53//keystroke \"y\" using control down","sposta la schermata in alto di una linea ","Ctrl+y"],"icon":{"type":"file","path":"img/cursorMovement.png"},"match":"move screen up one line  Movimento del cursore Ctrl+y"},{"title":"Sposta indietro di un'intera schermata","subtitle":"Movimento del cursore ⎯  Ctrl+b","arg":["key code 53//keystroke \"b\" using control down","sposta indietro di un'intera schermata","Ctrl+b"],"icon":{"type":"file","path":"img/cursorMovement.png"},"match":"move back one full screen Movimento del cursore Ctrl+b"},{"title":"Sposta avanti di un'intera schermata","subtitle":"Movimento del cursore ⎯  Ctrl+f","arg":["key code 53//keystroke \"f\" using control down","sposta avanti di un'intera schermata","Ctrl+f"],"icon":{"type":"file","path":"img/cursorMovement.png"},"match":"move forward one full screen Movimento del cursore Ctrl+f"},{"title":"Sposta indietro di mezza schermata","subtitle":"Movimento del cursore ⎯  Ctrl+u","arg":["key code 53//keystroke \"u\" using control down","sposta indietro di mezza schermata","Ctrl+u"],"icon":{"type":"file","path":"img/cursorMovement.png"},"match":"move back 1/2 a screen Movimento del cursore Ctrl+u"},{"title":"Sposta avanti di mezza schermata","subtitle":"Movimento del cursore ⎯  Ctrl+d","arg":["key code 53//keystroke \"d\" using control down","sposta avanti di mezza schermata","Ctrl+d"],"icon":{"type":"file","path":"img/cursorMovement.png"},"match":"move forward 1/2 a screen Movimento del cursore Ctrl+d"},{"title":"Inserisci prima del cursore","subtitle":"Modalità inserimento - inserisci/aggiungi testo ⎯  i","arg":["key code 53//keystroke \"i\"","inserisci prima del cursore","i"],"icon":{"type":"file","path":"img/insertMode.png"},"match":"insert before the cursor Modalità inserimento - inserisci/aggiungi testo i"},{"title":"Inserisci all'inizio della linea","subtitle":"Modalità inserimento - inserisci/aggiungi testo ⎯  I","arg":["key code 53//keystroke \"I\"","inserisci all'inizio della linea","I"],"icon":{"type":"file","path":"img/insertMode.png"},"match":"insert at the beginning of the line Modalità inserimento - inserisci/aggiungi testo I"},{"title":"Inserisci  dopo il cursore","subtitle":"Modalità inserimento - inserisci/aggiungi testo ⎯  a","arg":["key code 53//keystroke \"a\"","inserisci  dopo il cursore","a"],"icon":{"type":"file","path":"img/insertMode.png"},"match":"insert  after the cursor Modalità inserimento - inserisci/aggiungi testo a"},{"title":"Inserisci  alla fine della linea","subtitle":"Modalità inserimento - inserisci/aggiungi testo ⎯  A","arg":["key code 53//keystroke \"A\"","inserisci  alla fine della linea","A"],"icon":{"type":"file","path":"img/insertMode.png"},"match":"insert  at the end of the line Modalità inserimento - inserisci/aggiungi testo A"},{"title":"Aggiungi  una nuova linea sotto la linea corrente","subtitle":"Modalità inserimento - inserisci/aggiungi testo ⎯  o","arg":["key code 53//keystroke \"o\"","aggiungi  una nuova linea sotto la linea corrente","o"],"icon":{"type":"file","path":"img/insertMode.png"},"match":"append  a new line below the current line Modalità inserimento - inserisci/aggiungi testo o"},{"title":"Aggiungi  una nuova linea sopra la linea corrente","subtitle":"Modalità inserimento - inserisci/aggiungi testo ⎯  O","arg":["key code 53//keystroke \"O\"","aggiungi  una nuova linea sopra la linea corrente","O"],"icon":{"type":"file","path":"img/insertMode.png"},"match":"append  a new line above the current line Modalità inserimento - inserisci/aggiungi testo O"},{"title":"Inserisci  alla fine della parola","subtitle":"Modalità inserimento - inserisci/aggiungi testo ⎯  ea","arg":["key code 53//keystroke \"ea\"","inserisci  alla fine della parola","ea"],"icon":{"type":"file","path":"img/insertMode.png"},"match":"insert  at the end of the word Modalità inserimento - inserisci/aggiungi testo ea"},{"title":"Elimina un carattere prima del cursore durante la modalità inserimento","subtitle":"Modalità inserimento - inserisci/aggiungi testo ⎯  Ctrl+h","arg":["keystroke \"h\" using control down","elimina un carattere prima del cursore durante la modalità inserimento","Ctrl+h"],"icon":{"type":"file","path":"img/insertMode.png"},"match":"delete the character before the cursor during insert mode Modalità inserimento - inserisci/aggiungi testo Ctrl+h"},{"title":"Elimina una parola prima del cursore durante la modalità inserimento","subtitle":"Modalità inserimento - inserisci/aggiungi testo ⎯  Ctrl+w","arg":["keystroke \"w\" using control down","elimina una parola prima del cursore durante la modalità inserimento","Ctrl+w"],"icon":{"type":"file","path":"img/insertMode.png"},"match":"delete word before the cursor during insert mode Modalità inserimento - inserisci/aggiungi testo Ctrl+w"},{"title":"Inizia nuova linea nella fase di inserimento","subtitle":"Modalità inserimento - inserisci/aggiungi testo ⎯  Ctrl+j","arg":["keystroke \"j\" using control down","inizia nuova linea nella fase di inserimento","Ctrl+j"],"icon":{"type":"file","path":"img/insertMode.png"},"match":"begin new line during insert mode Modalità inserimento - inserisci/aggiungi testo Ctrl+j"},{"title":"Indenta  una linea nella fase di inserimento","subtitle":"Modalità inserimento - inserisci/aggiungi testo ⎯  Ctrl+t","arg":["keystroke \"t\" using control down","indenta  una linea nella fase di inserimento","Ctrl+t"],"icon":{"type":"file","path":"img/insertMode.png"},"match":"indent  line one shiftwidth during insert mode Modalità inserimento - inserisci/aggiungi testo Ctrl+t"},{"title":"De-indenta  una linea nella fase di inserimento","subtitle":"Modalità inserimento - inserisci/aggiungi testo ⎯  Ctrl+d","arg":["keystroke \"d\" using control down","de-indenta  una linea nella fase di inserimento","Ctrl+d"],"icon":{"type":"file","path":"img/insertMode.png"},"match":"de-indent  line one shiftwidth during insert mode Modalità inserimento - inserisci/aggiungi testo Ctrl+d"},{"title":"Inserimento  nel match successivo prima del cursore nella fase di inserimento","subtitle":"Modalità inserimento - inserisci/aggiungi testo ⎯  Ctrl+n","arg":["keystroke \"n\" using control down","inserimento  nel match successivo prima del cursore nella fase di inserimento","Ctrl+n"],"icon":{"type":"file","path":"img/insertMode.png"},"match":"insert  next match before the cursor during insert mode Modalità inserimento - inserisci/aggiungi testo Ctrl+n"},{"title":"Inserimento  nel match precedente prima del cursore nella fase di inserimento","subtitle":"Modalità inserimento - inserisci/aggiungi testo ⎯  Ctrl+p","arg":["keystroke \"p\" using control down","inserimento  nel match precedente prima del cursore nella fase di inserimento","Ctrl+p"],"icon":{"type":"file","path":"img/insertMode.png"},"match":"insert  previous match before the cursor during insert mode Modalità inserimento - inserisci/aggiungi testo Ctrl+p"},{"title":"Inserimento del contenuto del registro x","subtitle":"Modalità inserimento - inserisci/aggiungi testo ⎯  Ctrl+r x","arg":["keystroke \"r\" using control down//keystroke \"x\"","inserimento del contenuto del registro x","Ctrl+r x"],"icon":{"type":"file","path":"img/insertMode.png"},"match":"insert the contents of register x Modalità inserimento - inserisci/aggiungi testo Ctrl+r x"},{"title":"Temporaneamente entra in modalità normale per eseguire un comando x.","subtitle":"Modalità inserimento - inserisci/aggiungi testo ⎯  Ctrl+o x","arg":["keystroke \"o\" using control down//keystroke \"x\"","Temporaneamente entra in modalità normale per eseguire un comando x.","Ctrl+o x"],"icon":{"type":"file","path":"img/insertMode.png"},"match":"Temporarily enter normal mode to issue one normal-mode command x. Modalità inserimento - inserisci/aggiungi testo Ctrl+o x"},{"title":"Esci dalla modalità inserimento","subtitle":"Modalità inserimento - inserisci/aggiungi testo ⎯  Esc","arg":["key code 53","esci dalla modalità inserimento","Esc"],"icon":{"type":"file","path":"img/insertMode.png"},"match":"exit insert mode Modalità inserimento - inserisci/aggiungi testo Esc"},{"title":"Sostituisci un singolo carattere","subtitle":"Modifica ⎯  r","arg":["key code 53//keystroke \"r\"","sostituisci un singolo carattere","r"],"icon":{"type":"file","path":"img/editing.png"},"match":"replace a single character. Modifica r"},{"title":"Replace more than one character, until esc is pressed.","subtitle":"Modifica ⎯  R","arg":["key code 53//keystroke \"R\"","replace more than one character, until ESC is pressed.","R"],"icon":{"type":"file","path":"img/editing.png"},"match":"replace more than one character, until ESC is pressed. Modifica R"},{"title":"Unisci la linea sottostante con quella corrente","subtitle":"Modifica ⎯  J","arg":["key code 53//keystroke \"J\"","unisci la linea sottostante con quella corrente","J"],"icon":{"type":"file","path":"img/editing.png"},"match":"join line below to the current one with one space in between Modifica J"},{"title":"Unisci la linea sottostante con quella corrente senza spazi in mezzo","subtitle":"Modifica ⎯  gJ","arg":["key code 53//keystroke \"gJ\"","unisci la linea sottostante con quella corrente senza spazi in mezzo","gJ"],"icon":{"type":"file","path":"img/editing.png"},"match":"join line below to the current one without space in between Modifica gJ"},{"title":"Riformatta paragrafo","subtitle":"Modifica ⎯  gwip","arg":["key code 53//keystroke \"gwip\"","riformatta paragrafo","gwip"],"icon":{"type":"file","path":"img/editing.png"},"match":"reflow paragraph Modifica gwip"},{"title":"Cambia carattere maiuscolo in movimento","subtitle":"Modifica ⎯  g~","arg":["key code 53//keystroke \"g~\"","cambia carattere maiuscolo in movimento","g~"],"icon":{"type":"file","path":"img/editing.png"},"match":"switch case up to motion Modifica g~"},{"title":"Cambia il carattere minuscolo in maiuscolo, in movimento","subtitle":"Modifica ⎯  gu","arg":["key code 53//keystroke \"gu\"","cambia il carattere minuscolo in maiuscolo, in movimento","gu"],"icon":{"type":"file","path":"img/editing.png"},"match":"change to lowercase up to motion Modifica gu"},{"title":"Cambia il carattere maiuscolo in minuscolo, in movimento","subtitle":"Modifica ⎯  gU","arg":["key code 53//keystroke \"gU\"","cambia il carattere maiuscolo in minuscolo, in movimento","gU"],"icon":{"type":"file","path":"img/editing.png"},"match":"change to uppercase up to motion Modifica gU"},{"title":"Cambia  l'intera linea","subtitle":"Modifica ⎯  cc","arg":["key code 53//keystroke \"cc\"","cambia  l'intera linea","cc"],"icon":{"type":"file","path":"img/editing.png"},"match":"change  entire line Modifica cc"},{"title":"Cambia  fino alla fine della linea","subtitle":"Modifica ⎯  c$ or C","arg":["key code 53//keystroke \"g$\"","cambia  fino alla fine della linea","c$ or C"],"icon":{"type":"file","path":"img/editing.png"},"match":"change  to the end of the line Modifica c$ or C"},{"title":"Cambia  una parola intera","subtitle":"Modifica ⎯  ciw","arg":["key code 53//keystroke \"ciw\"","cambia  una parola intera","ciw"],"icon":{"type":"file","path":"img/editing.png"},"match":"change  entire word Modifica ciw"},{"title":"Cambia  fino alla fine della parola","subtitle":"Modifica ⎯  cw or ce","arg":["key code 53//keystroke \"cw\"","cambia  fino alla fine della parola","cw or ce"],"icon":{"type":"file","path":"img/editing.png"},"match":"change  to the end of the word Modifica cw or ce"},{"title":"Cancella carattere e sostituisci testo","subtitle":"Modifica ⎯  s","arg":["key code 53//keystroke \"s\"","cancella carattere e sostituisci testo","s"],"icon":{"type":"file","path":"img/editing.png"},"match":"delete character and substitute text Modifica s"},{"title":"Cancella linea e sostituisci testo ","subtitle":"Modifica ⎯  S","arg":["key code 53//keystroke \"S\"","cancella linea e sostituisci testo ","S"],"icon":{"type":"file","path":"img/editing.png"},"match":"delete line and substitute text  Modifica S"},{"title":"Scambia due lettere ","subtitle":"Modifica ⎯  xp","arg":["key code 53//keystroke \"xp\"","scambia due lettere ","xp"],"icon":{"type":"file","path":"img/editing.png"},"match":"transpose two letters  Modifica xp"},{"title":"Annulla l'ultima modifica","subtitle":"Modifica ⎯  u","arg":["key code 53//keystroke \"u\"","annulla l'ultima modifica","u"],"icon":{"type":"file","path":"img/editing.png"},"match":"undo Modifica u"},{"title":"Recupera  l' ultima linea cambiata","subtitle":"Modifica ⎯  U","arg":["key code 53//keystroke \"U\"","Recupera  l' ultima linea cambiata","U"],"icon":{"type":"file","path":"img/editing.png"},"match":"restore  last changed line Modifica U"},{"title":"Ripeti l'ultima modifica","subtitle":"Modifica ⎯  Ctrl+r","arg":["key code 53//keystroke \"r\" using control down","ripeti l'ultima modifica","Ctrl+r"],"icon":{"type":"file","path":"img/editing.png"},"match":"redo Modifica Ctrl+r"},{"title":"Ripeti l'ultimo comando","subtitle":"Modifica ⎯  .","arg":["key code 53//keystroke \".\"","ripeti l'ultimo comando","."],"icon":{"type":"file","path":"img/editing.png"},"match":"repeat last command Modifica ."},{"title":"Inizia modalità visuale, seleziona linee, quindi esegui un comando ","subtitle":"Seleziona testo  ⎯  v","arg":["key code 53//keystroke \"v\"","inizia modalità visuale, seleziona linee, quindi esegui un comando ","v"],"icon":{"type":"file","path":"img/markingText.png"},"match":"start visual mode, mark lines, then do a command  Seleziona testo  v"},{"title":"Inizia modalità visuale su linee intere","subtitle":"Seleziona testo  ⎯  V","arg":["key code 53//keystroke \"V\"","inizia modalità visuale su linee intere","V"],"icon":{"type":"file","path":"img/markingText.png"},"match":"start linewise visual mode Seleziona testo  V"},{"title":"Vai all'altro capo dell'area selezionata","subtitle":"Seleziona testo  ⎯  o","arg":["key code 53//keystroke \"o\"","vai all'altro capo dell'area selezionata","o"],"icon":{"type":"file","path":"img/markingText.png"},"match":"move to other end of marked area Seleziona testo  o"},{"title":"Inizia modalità visuale su blocchi","subtitle":"Seleziona testo  ⎯  Ctrl+v","arg":["key code 53//keystroke \"v\" using control down","inizia modalità visuale su blocchi","Ctrl+v"],"icon":{"type":"file","path":"img/markingText.png"},"match":"start visual block mode Seleziona testo  Ctrl+v"},{"title":"Vai ad un altro angolo del blocco","subtitle":"Seleziona testo  ⎯  O","arg":["key code 53//keystroke \"O\"","vai ad un altro angolo del blocco","O"],"icon":{"type":"file","path":"img/markingText.png"},"match":"move to other corner of block Seleziona testo  O"},{"title":"Seleziona una parola","subtitle":"Seleziona testo  ⎯  aw","arg":["key code 53//keystroke \"aw\"","seleziona una parola","aw"],"icon":{"type":"file","path":"img/markingText.png"},"match":"mark a word Seleziona testo  aw"},{"title":"Un blocco con ()","subtitle":"Seleziona testo  ⎯  ab","arg":["key code 53//keystroke \"ab\"","un blocco con ()","ab"],"icon":{"type":"file","path":"img/markingText.png"},"match":"a block with () Seleziona testo  ab"},{"title":"Un blocco con {}","subtitle":"Seleziona testo  ⎯  aB","arg":["key code 53//keystroke \"aB\"","un blocco con {}","aB"],"icon":{"type":"file","path":"img/markingText.png"},"match":"a block with {} Seleziona testo  aB"},{"title":"A block with <> tags","subtitle":"Seleziona testo  ⎯  at","arg":["key code 53//keystroke \"at\"","a block with <> tags","at"],"icon":{"type":"file","path":"img/markingText.png"},"match":"a block with <> tags Seleziona testo  at"},{"title":"Un blocco con () ","subtitle":"Seleziona testo  ⎯  ib","arg":["key code 53//keystroke \"ib\"","un blocco con () ","ib"],"icon":{"type":"file","path":"img/markingText.png"},"match":"inner block with () Seleziona testo  ib"},{"title":"Un blocco con {} ","subtitle":"Seleziona testo  ⎯  iB","arg":["key code 53//keystroke \"iB\"","un blocco con {} ","iB"],"icon":{"type":"file","path":"img/markingText.png"},"match":"inner block with {} Seleziona testo  iB"},{"title":"Blocco interno tra <> tags","subtitle":"Seleziona testo  ⎯  it","arg":["key code 53//keystroke \"it\"","blocco interno tra <> tags","it"],"icon":{"type":"file","path":"img/markingText.png"},"match":"inner block with <> tags Seleziona testo  it"},{"title":"Esci dalla modalità visuale","subtitle":"Seleziona testo  ⎯  Esc","arg":["key code 53//key code 53","esci dalla modalità visuale","Esc"],"icon":{"type":"file","path":"img/markingText.png"},"match":"exit visual mode Seleziona testo  Esc"},{"title":"Scorri testo a destra","subtitle":"Comandi della modalità visuale (Reference only) ⎯  >","arg":["keystroke \">\"","scorri testo a destra",">"],"icon":{"type":"file","path":"img/visualCommands.png"},"match":"shift text right Comandi della modalità visuale >"},{"title":"Scorri testo a sinistra","subtitle":"Comandi della modalità visuale (Reference only) ⎯  <","arg":["keystroke \"<\"","scorri testo a sinistra","<"],"icon":{"type":"file","path":"img/visualCommands.png"},"match":"shift text left Comandi della modalità visuale <"},{"title":"Copia testo selezionato","subtitle":"Comandi della modalità visuale (Reference only) ⎯  y","arg":["keystroke \"y\"","copia testo selezionato","y"],"icon":{"type":"file","path":"img/visualCommands.png"},"match":"yank  marked text Comandi della modalità visuale y"},{"title":"Elimina testo selezionato","subtitle":"Comandi della modalità visuale (Reference only) ⎯  d","arg":["keystroke \"d\"","elimina testo selezionato","d"],"icon":{"type":"file","path":"img/visualCommands.png"},"match":"delete marked text Comandi della modalità visuale d"},{"title":"Inverti maiuscole e minuscole","subtitle":"Comandi della modalità visuale (Reference only) ⎯  ~","arg":["keystroke \"~\"","inverti maiuscole e minuscole","~"],"icon":{"type":"file","path":"img/visualCommands.png"},"match":"switch case Comandi della modalità visuale ~"},{"title":"Cambio marcatore di testo a minuscolo","subtitle":"Comandi della modalità visuale (Reference only) ⎯  u","arg":["keystroke \"u\"","cambio marcatore di testo a minuscolo","u"],"icon":{"type":"file","path":"img/visualCommands.png"},"match":"change marked text to lowercase Comandi della modalità visuale u"},{"title":"Cambio marcatore di testo a maiuscolo","subtitle":"Comandi della modalità visuale (Reference only) ⎯  U","arg":["keystroke \"U\"","cambio marcatore di testo a maiuscolo","U"],"icon":{"type":"file","path":"img/visualCommands.png"},"match":"change marked text to uppercase Comandi della modalità visuale U"},{"title":"Mostra il contenuto dei registri","subtitle":"Registri ⎯  :reg[isters]","arg":["key code 53//keystroke \":reg\" & return","mostra il contenuto dei registri",":reg[isters]"],"icon":{"type":"file","path":"img/registers.png"},"match":"show registers content Registri :reg[isters]"},{"title":"Copia dentro al registro x","subtitle":"Registri ⎯  xy","arg":["key code 53//keystroke \"xy\"","copia dentro al registro x","xy"],"icon":{"type":"file","path":"img/registers.png"},"match":"yank into register x Registri xy"},{"title":"Incolla il contenuto del registro x","subtitle":"Registri ⎯  xp","arg":["key code 53//keystroke \"xp\"","incolla il contenuto del registro x","xp"],"icon":{"type":"file","path":"img/registers.png"},"match":"paste contents of register x Registri xp"},{"title":"Taglia dentro il registro della clipboard di sistema","subtitle":"Registri ⎯  +y","arg":["key code 53//keystroke \"+y\"","taglia dentro il registro della clipboard di sistema","+y"],"icon":{"type":"file","path":"img/registers.png"},"match":"yank into the system clipboard register Registri +y"},{"title":"Incolla dal registro della clipboard di sistema","subtitle":"Registri ⎯  +p","arg":["key code 53//keystroke \"+p\"","incolla dal registro della clipboard di sistema","+p"],"icon":{"type":"file","path":"img/registers.png"},"match":"paste from the system clipboard register Registri +p"},{"title":"Imposta il segnalibro a alla posizione corrente","subtitle":"Segnalibri ⎯  ma","arg":["key code 53//keystroke \"ma\"","imposta il segnalibro A alla posizione corrente","ma"],"icon":{"type":"file","path":"img/marks.png"},"match":"set current position for mark A Segnalibri ma"},{"title":"Salta alla posizione del segnalibro a","subtitle":"Segnalibri ⎯  `a","arg":["key code 53//keystroke \"`a\"","salta alla posizione del segnalibro A","`a"],"icon":{"type":"file","path":"img/marks.png"},"match":"jump to position of mark A Segnalibri `a"},{"title":"Copia il testo fino alla posizione del segnalibro a","subtitle":"Segnalibri ⎯  y`a","arg":["key code 53//keystroke \"y`a\"","copia il testo fino alla posizione del segnalibro A","y`a"],"icon":{"type":"file","path":"img/marks.png"},"match":"yank text to position of mark A Segnalibri y`a"},{"title":"Vai all' ultima posizione dove vim è uscito","subtitle":"Segnalibri ⎯  `0","arg":["key code 53//keystroke \"`0\"","vai all' ultima posizione dove vim è uscito","`0"],"icon":{"type":"file","path":"img/marks.png"},"match":"go to the position where Vim was previously exited Segnalibri `0"},{"title":"Vai alla posizione quando l' ultima modifica nel file ","subtitle":"Segnalibri ⎯  `\"","arg":["key code 53//keystroke \"`\\\"\"","vai alla posizione quando l' ultima modifica nel file ","`\""],"icon":{"type":"file","path":"img/marks.png"},"match":"go to the position when last editing this file Segnalibri `\""},{"title":"Vai alla posizione dell' ultima modifica nel file","subtitle":"Segnalibri ⎯  `.","arg":["key code 53//keystroke \"`.\"","vai alla posizione dell' ultima modifica nel file","`."],"icon":{"type":"file","path":"img/marks.png"},"match":"go to the position of the last change in this file Segnalibri `."},{"title":"Vai alla posizione prima dell' ultimo salto","subtitle":"Segnalibri ⎯  ``","arg":["key code 53//keystroke \"``\"","vai alla posizione prima dell' ultimo salto","``"],"icon":{"type":"file","path":"img/marks.png"},"match":"go to the position before the last jump Segnalibri ``"},{"title":"Lista di salti","subtitle":"Segnalibri ⎯  :ju[mps]","arg":["key code 53//keystroke \":ju\" & return","lista di salti",":ju[mps]"],"icon":{"type":"file","path":"img/marks.png"},"match":"list of jumps Segnalibri :ju[mps]"},{"title":"Vai ad una nuova posizione nella lista dei salti","subtitle":"Segnalibri ⎯  Ctrl+i","arg":["key code 53//keystroke \"i\" using control down","vai ad una nuova posizione nella lista dei salti","Ctrl+i"],"icon":{"type":"file","path":"img/marks.png"},"match":"go to newer position in jump list Segnalibri Ctrl+i"},{"title":"Vai ad una vecchia posizione nella lista dei salti","subtitle":"Segnalibri ⎯  Ctrl+o","arg":["key code 53//keystroke \"o\" using control down","vai ad una vecchia posizione nella lista dei salti","Ctrl+o"],"icon":{"type":"file","path":"img/marks.png"},"match":"go to older position in jump list Segnalibri Ctrl+o"},{"title":"Lista di cambiamenti","subtitle":"Segnalibri ⎯  :changes","arg":["key code 53//keystroke \":changes\" & return","lista di cambiamenti",":changes"],"icon":{"type":"file","path":"img/marks.png"},"match":"list of changes Segnalibri :changes"},{"title":"Vai ad una nuova posizione nella lista dei cambiamenti","subtitle":"Segnalibri ⎯  g,","arg":["key code 53//keystroke \"g,\"","vai ad una nuova posizione nella lista dei cambiamenti","g,"],"icon":{"type":"file","path":"img/marks.png"},"match":"go to newer position in change list Segnalibri g,"},{"title":"Vai ad una vecchia posizione nella lista dei cambiamenti","subtitle":"Segnalibri ⎯  g;","arg":["key code 53//keystroke \"g;\"","vai ad una vecchia posizione nella lista dei cambiamenti","g;"],"icon":{"type":"file","path":"img/marks.png"},"match":"go to older position in change list Segnalibri g;"},{"title":"Salta al tag sotto il cursore","subtitle":"Segnalibri ⎯  Ctrl+]","arg":["key code 53//keystroke \"]\" using control down","salta al tag sotto il cursore","Ctrl+]"],"icon":{"type":"file","path":"img/marks.png"},"match":"jump to the tag under cursor Segnalibri Ctrl+]"},{"title":"Go to file in cursor","subtitle":"Segnalibri ⎯  gf","arg":["key code 53//keystroke \"gf\"","Go to file in cursor","gf"],"icon":{"type":"file","path":"img/marks.png"},"match":"Go to file in cursor Segnalibri gf"},{"title":"Registra la macro a","subtitle":"Macro ⎯  qa","arg":["key code 53//keystroke \"qa\"","registra la macro a","qa"],"icon":{"type":"file","path":"img/macros.png"},"match":"record macro a Macro qa"},{"title":"Smetti di registrare macro","subtitle":"Macro ⎯  q","arg":["key code 53//keystroke \"q\"","smetti di registrare macro","q"],"icon":{"type":"file","path":"img/macros.png"},"match":"stop recording macro Macro q"},{"title":"Esegui la macro a","subtitle":"Macro ⎯  @a","arg":["key code 53//keystroke \"@a\"","esegui la macro a","@a"],"icon":{"type":"file","path":"img/macros.png"},"match":"run macro a Macro @a"},{"title":"Esegui di nuovo l'ultima macro eseguita","subtitle":"Macro ⎯  @@","arg":["key code 53//keystroke \"@@\"","esegui di nuovo l'ultima macro eseguita","@@"],"icon":{"type":"file","path":"img/macros.png"},"match":"rerun last run macro Macro @@"},{"title":"Copia una linea","subtitle":"Taglia e incolla ⎯  yy","arg":["key code 53//keystroke \"yy\"","copia una linea","yy"],"icon":{"type":"file","path":"img/cutAndPaste.png"},"match":"yank  a line Taglia e incolla yy"},{"title":"Copia due linee","subtitle":"Taglia e incolla ⎯  2yy","arg":["key code 53//keystroke \"2yy\"","copia due linee","2yy"],"icon":{"type":"file","path":"img/cutAndPaste.png"},"match":"yank  2 lines Taglia e incolla 2yy"},{"title":"Copia una parola","subtitle":"Taglia e incolla ⎯  yw","arg":["key code 53//keystroke \"yw\"","copia una parola","yw"],"icon":{"type":"file","path":"img/cutAndPaste.png"},"match":"yank  the characters of the word from the cursor position to the start of the next word Taglia e incolla yw"},{"title":"Copia la parola sotto il cursore","subtitle":"Taglia e incolla ⎯  yiw","arg":["key code 53//keystroke \"yiw\"","copia la parola sotto il cursore","yiw"],"icon":{"type":"file","path":"img/cutAndPaste.png"},"match":"yank  word under the cursor Taglia e incolla yiw"},{"title":"Copia la parola sotto il cursore e lo spazio prima o dopo","subtitle":"Taglia e incolla ⎯  yaw","arg":["key code 53//keystroke \"yaw\"","copia la parola sotto il cursore e lo spazio prima o dopo","yaw"],"icon":{"type":"file","path":"img/cutAndPaste.png"},"match":"yank  word under the cursor and the space after or before it Taglia e incolla yaw"},{"title":"Copia fino alla fine della linea","subtitle":"Taglia e incolla ⎯  y$","arg":["key code 53//keystroke \"y$\"","copia fino alla fine della linea","y$"],"icon":{"type":"file","path":"img/cutAndPaste.png"},"match":"yank  to end of line Taglia e incolla y$"},{"title":"Incolla dopo il cursore","subtitle":"Taglia e incolla ⎯  p","arg":["key code 53//keystroke \"p\"","incolla dopo il cursore","p"],"icon":{"type":"file","path":"img/cutAndPaste.png"},"match":"put  the clipboard after cursor Taglia e incolla p"},{"title":"Incolla prima del cursore","subtitle":"Taglia e incolla ⎯  P","arg":["key code 53//keystroke \"P\"","incolla prima del cursore","P"],"icon":{"type":"file","path":"img/cutAndPaste.png"},"match":"put  before cursor Taglia e incolla P"},{"title":"Put  the clipboard after cursor and leave cursor after the new text","subtitle":"Taglia e incolla ⎯  gp","arg":["key code 53//keystroke \"gp\"","put  the clipboard after cursor and leave cursor after the new text","gp"],"icon":{"type":"file","path":"img/cutAndPaste.png"},"match":"put  the clipboard after cursor and leave cursor after the new text Taglia e incolla gp"},{"title":"Put  before cursor and leave cursor after the new text","subtitle":"Taglia e incolla ⎯  gP","arg":["key code 53//keystroke \"gP\"","put  before cursor and leave cursor after the new text","gP"],"icon":{"type":"file","path":"img/cutAndPaste.png"},"match":"put  before cursor and leave cursor after the new text Taglia e incolla gP"},{"title":"Cancella  una linea","subtitle":"Taglia e incolla ⎯  dd","arg":["key code 53//keystroke \"dd\"","cancella  una linea","dd"],"icon":{"type":"file","path":"img/cutAndPaste.png"},"match":"delete  a line Taglia e incolla dd"},{"title":"Cancella  due linee","subtitle":"Taglia e incolla ⎯  2dd","arg":["key code 53//keystroke \"2dd\"","cancella  due linee","2dd"],"icon":{"type":"file","path":"img/cutAndPaste.png"},"match":"delete  2 lines Taglia e incolla 2dd"},{"title":"Cancella  una parola","subtitle":"Taglia e incolla ⎯  dw","arg":["key code 53//keystroke \"dw\"","cancella  una parola","dw"],"icon":{"type":"file","path":"img/cutAndPaste.png"},"match":"delete  the characters of the word from the cursor position to the start of the next word Taglia e incolla dw"},{"title":"Cancella  la parola sotto il cursore","subtitle":"Taglia e incolla ⎯  diw","arg":["key code 53//keystroke \"diw\"","cancella  la parola sotto il cursore","diw"],"icon":{"type":"file","path":"img/cutAndPaste.png"},"match":"delete  word under the cursor Taglia e incolla diw"},{"title":"Cancella  la parola sotto il cursore e lo spazio prima o dopo","subtitle":"Taglia e incolla ⎯  daw","arg":["key code 53//keystroke \"daw\"","cancella  la parola sotto il cursore e lo spazio prima o dopo","daw"],"icon":{"type":"file","path":"img/cutAndPaste.png"},"match":"delete  word under the cursor and the space after or before it Taglia e incolla daw"},{"title":"Cancella  fino alla fine della linea","subtitle":"Taglia e incolla ⎯  d$ or D","arg":["key code 53//keystroke \"d$\"","cancella  fino alla fine della linea","d$ or D"],"icon":{"type":"file","path":"img/cutAndPaste.png"},"match":"delete  to the end of the line Taglia e incolla d$ or D"},{"title":"Cancella  carattere","subtitle":"Taglia e incolla ⎯  x","arg":["key code 53//keystroke \"x\"","cancella  carattere","x"],"icon":{"type":"file","path":"img/cutAndPaste.png"},"match":"delete  character Taglia e incolla x"},{"title":"Indenta una linea  shiftwidth","subtitle":"Indent text ⎯  >>","arg":["key code 53//keystroke \">>\"","indenta una linea  shiftwidth",">>"],"icon":{"type":"file","path":"img/indentText.png"},"match":"indent  line one shiftwidth Indent text >>"},{"title":"Deindenta  una linea shiftwidth","subtitle":"Indent text ⎯  <<","arg":["key code 53//keystroke \"<<\"","deindenta  una linea shiftwidth","<<"],"icon":{"type":"file","path":"img/indentText.png"},"match":"de-indent  line one shiftwidth Indent text <<"},{"title":"Indenta un blocco compreso tra () o {} ","subtitle":"Indent text ⎯  >%","arg":["key code 53//keystroke \">%\"","indenta un blocco compreso tra () o {} ",">%"],"icon":{"type":"file","path":"img/indentText.png"},"match":"indent a block with () or {}  Indent text >%"},{"title":"Indenta un blocco interno compreso tra ()","subtitle":"Indent text ⎯  >ib","arg":["key code 53//keystroke \">ib\"","indenta un blocco interno compreso tra ()",">ib"],"icon":{"type":"file","path":"img/indentText.png"},"match":"indent inner block with () Indent text >ib"},{"title":"Indenta un blocco compreso tra tag <>","subtitle":"Indent text ⎯  >at","arg":["key code 53//keystroke \">at\"","indenta un blocco compreso tra tag <>",">at"],"icon":{"type":"file","path":"img/indentText.png"},"match":"indent a block with <> tags Indent text >at"},{"title":"Re indenta tre linee","subtitle":"Indent text ⎯  3==","arg":["key code 53//keystroke \"3==\"","re indenta tre linee","3=="],"icon":{"type":"file","path":"img/indentText.png"},"match":"re-indent 3 lines Indent text 3=="},{"title":"Reindenta un blocco compreso tra () o {} ","subtitle":"Indent text ⎯  =%","arg":["key code 53//keystroke \"=%\"","reindenta un blocco compreso tra () o {} ","=%"],"icon":{"type":"file","path":"img/indentText.png"},"match":"re-indent a block with () or {}  Indent text =%"},{"title":"","subtitle":"Indent text ⎯  =iB","arg":["key code 53//keystroke \"iB\"",null,"=iB"],"icon":{"type":"file","path":"img/indentText.png"},"match":" Indent text =iB"},{"title":"Reindenta l' intero buffer","subtitle":"Indent text ⎯  gg=G","arg":["key code 53//keystroke \"gg=G\"","reindenta l' intero buffer","gg=G"],"icon":{"type":"file","path":"img/indentText.png"},"match":"re-indent entire buffer Indent text gg=G"},{"title":"Incolla e aggiusta l' indenzione della linea attuale","subtitle":"Indent text ⎯  ]p","arg":["key code 53//keystroke \"]p\"","incolla e aggiusta l' indenzione della linea attuale","]p"],"icon":{"type":"file","path":"img/indentText.png"},"match":"paste and adjust indent to current line Indent text ]p"},{"title":"Scrivi  il file, ma non uscire","subtitle":"Uscire ⎯  :w","arg":["key code 53//keystroke \":w\" & return","scrivi  il file, ma non uscire",":w"],"icon":{"type":"file","path":"img/exiting.png"},"match":"write  the file, but don't exit Uscire :w"},{"title":"Scrivi il file corrente usando sudo","subtitle":"Uscire ⎯  :w !sudo tee %","arg":["key code 53//keystroke \":w !sudo tee %\"","scrivi il file corrente usando sudo",":w !sudo tee %"],"icon":{"type":"file","path":"img/exiting.png"},"match":"write out the current file using sudo Uscire :w !sudo tee %"},{"title":"Scrivi  ed esci","subtitle":"Uscire ⎯  :wq or :x or ZZ","arg":["key code 53//keystroke \":wq\" & return","scrivi  ed esci",":wq or :x or ZZ"],"icon":{"type":"file","path":"img/exiting.png"},"match":"write  and quit Uscire :wq or :x or ZZ"},{"title":"Esci ","subtitle":"Uscire ⎯  :q","arg":["key code 53//keystroke \":q\" & return","esci ",":q"],"icon":{"type":"file","path":"img/exiting.png"},"match":"quit  Uscire :q"},{"title":"Esci e ignora modifiche non salvate","subtitle":"Uscire ⎯  :q! or ZQ","arg":["key code 53//keystroke \":q!\" & return","esci e ignora modifiche non salvate",":q! or ZQ"],"icon":{"type":"file","path":"img/exiting.png"},"match":"quit and throw away unsaved changes Uscire :q! or ZQ"},{"title":"Scrivi  ed esci su tutti i tab","subtitle":"Uscire ⎯  :wqa","arg":["key code 53//keystroke \":wqa\" & return","scrivi  ed esci su tutti i tab",":wqa"],"icon":{"type":"file","path":"img/exiting.png"},"match":"write  and quit on all tabs Uscire :wqa"},{"title":"Cerca pattern","subtitle":"Cerca e sostituisci ⎯  /pattern","arg":["key code 53//keystroke \"/pattern\"","cerca pattern","/pattern"],"icon":{"type":"file","path":"img/searchAndReplace.png"},"match":"search for pattern Cerca e sostituisci /pattern"},{"title":"Cerca pattern all'indietro","subtitle":"Cerca e sostituisci ⎯  ?pattern","arg":["key code 53//keystroke \"?pattern\"","cerca pattern all'indietro","?pattern"],"icon":{"type":"file","path":"img/searchAndReplace.png"},"match":"search backward for pattern Cerca e sostituisci ?pattern"},{"title":"Pattern 'very magic'","subtitle":"Cerca e sostituisci ⎯  \\vpattern","arg":["key code 53//keystroke \"\\\\vpattern\"","pattern 'very magic'","\\vpattern"],"icon":{"type":"file","path":"img/searchAndReplace.png"},"match":"'very magic' pattern Cerca e sostituisci \\vpattern"},{"title":"Ripeti ricerca nella stessa direzione","subtitle":"Cerca e sostituisci ⎯  n","arg":["key code 53//keystroke \"n\"","ripeti ricerca nella stessa direzione","n"],"icon":{"type":"file","path":"img/searchAndReplace.png"},"match":"repeat search in same direction Cerca e sostituisci n"},{"title":"Ripeti ricerca nella direzione opposta","subtitle":"Cerca e sostituisci ⎯  N","arg":["key code 53//keystroke \"N\"","ripeti ricerca nella direzione opposta","N"],"icon":{"type":"file","path":"img/searchAndReplace.png"},"match":"repeat search in opposite direction Cerca e sostituisci N"},{"title":"Sostituisci old con new in tutto il file","subtitle":"Cerca e sostituisci ⎯  :%s/old/new/g","arg":["key code 53//keystroke \":%s/old/new/g\"","sostituisci old con new in tutto il file",":%s/old/new/g"],"icon":{"type":"file","path":"img/searchAndReplace.png"},"match":"replace all old with new throughout file Cerca e sostituisci :%s/old/new/g"},{"title":"Sostituisci old con new in tutto il file senza chiedere conferma","subtitle":"Cerca e sostituisci ⎯  :%s/old/new/gc","arg":["key code 53//keystroke \":%s/old/new/gc\"","sostituisci old con new in tutto il file senza chiedere conferma",":%s/old/new/gc"],"icon":{"type":"file","path":"img/searchAndReplace.png"},"match":"replace all old with new throughout file with confirmations Cerca e sostituisci :%s/old/new/gc"},{"title":"Rimuove l'evidenziazione dei risultati della ricerca","subtitle":"Cerca e sostituisci ⎯  :noh[lsearch]","arg":["key code 53//keystroke \":noh[lsearch]\"","rimuove l'evidenziazione dei risultati della ricerca",":noh[lsearch]"],"icon":{"type":"file","path":"img/searchAndReplace.png"},"match":"remove highlighting of search matches Cerca e sostituisci :noh[lsearch]"},{"title":"Next whole word under cursor","subtitle":"Cerca e sostituisci ⎯  *","arg":["key code 53//keystroke \"*\"","Next whole word under cursor","*"],"icon":{"type":"file","path":"img/searchAndReplace.png"},"match":"Next whole word under cursor Cerca e sostituisci *"},{"title":"Previous whole word under cursor","subtitle":"Cerca e sostituisci ⎯  #","arg":["key code 53//keystroke \"#\"","Previous whole word under cursor","#"],"icon":{"type":"file","path":"img/searchAndReplace.png"},"match":"Previous whole word under cursor Cerca e sostituisci #"},{"title":"Cerca il pattern in più file","subtitle":"Cerca in più file ⎯  :vim[grep] /pattern/ file","arg":["key code 53//keystroke \":vim[grep]\"//key code 49//keystroke \"/pattern/\"//key code 49//keystroke \"file\"","cerca il pattern in più file",":vim[grep] /pattern/ file"],"icon":{"type":"file","path":"img/searchMultipleFiles.png"},"match":"search for pattern in multiple files Cerca in più file :vim[grep] /pattern/ file"},{"title":"Salta al prossimo risultato","subtitle":"Cerca in più file ⎯  :cn[ext]","arg":["key code 53//keystroke \":cn\" & return","salta al prossimo risultato",":cn[ext]"],"icon":{"type":"file","path":"img/searchMultipleFiles.png"},"match":"jump to the next match Cerca in più file :cn[ext]"},{"title":"Salta al risultato precedente","subtitle":"Cerca in più file ⎯  :cp[revious]","arg":["key code 53//keystroke \":cp\" & return","salta al risultato precedente",":cp[revious]"],"icon":{"type":"file","path":"img/searchMultipleFiles.png"},"match":"jump to the previous match Cerca in più file :cp[revious]"},{"title":"Apri una finestra contenente la lista di risultati","subtitle":"Cerca in più file ⎯  :cope[n]","arg":["key code 53//keystroke \":cope\" & return","apri una finestra contenente la lista di risultati",":cope[n]"],"icon":{"type":"file","path":"img/searchMultipleFiles.png"},"match":"open a window containing the list of matches Cerca in più file :cope[n]"},{"title":"Close the quickfix window","subtitle":"Cerca in più file ⎯  :ccl[ose]","arg":["key code 53//keystroke \":ccl\" & return","close the quickfix window",":ccl[ose]"],"icon":{"type":"file","path":"img/searchMultipleFiles.png"},"match":"close the quickfix window Cerca in più file :ccl[ose]"},{"title":"","subtitle":"Cerca in più file ⎯  colonWa","arg":["key code 53//keystroke \":wa\" & return",null,"colonWa"],"icon":{"type":"file","path":"img/searchMultipleFiles.png"},"match":" Cerca in più file colonWa"},{"title":"Close the quickfix window","subtitle":"Cerca in più file ⎯  :ccl[ose]","arg":["key code 53//keystroke \":ccl\" & return","close the quickfix window",":ccl[ose]"],"icon":{"type":"file","path":"img/searchMultipleFiles.png"},"match":"close the quickfix window Cerca in più file :ccl[ose]"},{"title":"Apri un file in un nuovo tab","subtitle":"Tabs ⎯  :tabnew or :tabnew file","arg":["key code 53//keystroke \":tabnew\"//key code 49//keystroke \"file\" & return","apri un file in un nuovo tab",":tabnew or :tabnew file"],"icon":{"type":"file","path":"img/tabs.png"},"match":"open a file in a new tab Tabs :tabnew or :tabnew file"},{"title":"Muovi la finestra corrente nel suo proprio tab","subtitle":"Tabs ⎯  Ctrl+wT","arg":["key code 53//keystroke \"w\" using control down//keystroke \"T\"","muovi la finestra corrente nel suo proprio tab","Ctrl+wT"],"icon":{"type":"file","path":"img/tabs.png"},"match":"move the current split window into its own tab Tabs Ctrl+wT"},{"title":"Vai al tab successivo","subtitle":"Tabs ⎯  gt or :tabn[ext]","arg":["key code 53//keystroke \"gt\"","vai al tab successivo","gt or :tabn[ext]"],"icon":{"type":"file","path":"img/tabs.png"},"match":"move to the next tab Tabs gt or :tabn[ext]"},{"title":"Vai al tab precedente","subtitle":"Tabs ⎯  gT or :tabp[revious]","arg":["key code 53//keystroke \"gT\"","vai al tab precedente","gT or :tabp[revious]"],"icon":{"type":"file","path":"img/tabs.png"},"match":"move to the previous tab Tabs gT or :tabp[revious]"},{"title":"Vai al tab numero #","subtitle":"Tabs ⎯  #gt","arg":["key code 53//keystroke \"#gt\"","vai al tab numero #","#gt"],"icon":{"type":"file","path":"img/tabs.png"},"match":"move to tab number # Tabs #gt"},{"title":"Muovi il tab corrente nella #-esima posizione ","subtitle":"Tabs ⎯  :tabm[ove]","arg":["key code 53//keystroke \":tabm\" & return","muovi il tab corrente nella #-esima posizione ",":tabm[ove]"],"icon":{"type":"file","path":"img/tabs.png"},"match":"move current tab to the #th position  Tabs :tabm[ove]"},{"title":"Chiudi il tab corrente e tutte le sue finestre","subtitle":"Tabs ⎯  :tabc[lose]","arg":["key code 53//keystroke \":tabc\" & return","chiudi il tab corrente e tutte le sue finestre",":tabc[lose]"],"icon":{"type":"file","path":"img/tabs.png"},"match":"close the current tab and all its windows Tabs :tabc[lose]"},{"title":"Chiudi tutti i tab tranne quello corrente","subtitle":"Tabs ⎯  :tabo[nly]","arg":["key code 53//keystroke \":tabo\" & return","chiudi tutti i tab tranne quello corrente",":tabo[nly]"],"icon":{"type":"file","path":"img/tabs.png"},"match":"close all tabs except for the current one Tabs :tabo[nly]"},{"title":"Esegui il comando in tutti i tab ","subtitle":"Tabs ⎯  :tabdo command","arg":["key code 53//keystroke \":tabdo\"//key code 49//keystroke \"command\"","esegui il comando in tutti i tab ",":tabdo command"],"icon":{"type":"file","path":"img/tabs.png"},"match":"run the command on all tabs  Tabs :tabdo command"},{"title":"Modifica file in un nuovo buffer","subtitle":"Lavorare con file multipli ⎯  :e[dit] file","arg":["key code 53//keystroke \":e\"//key code 49//keystroke \"file\"","modifica file in un nuovo buffer",":e[dit] file"],"icon":{"type":"file","path":"img/workingWithMultipleFiles.png"},"match":"edit a file in a new buffer Lavorare con file multipli :e[dit] file"},{"title":"Vai al buffer successivo","subtitle":"Lavorare con file multipli ⎯  :bn[ext]","arg":["key code 53//keystroke \":bn\" & return","vai al buffer successivo",":bn[ext]"],"icon":{"type":"file","path":"img/workingWithMultipleFiles.png"},"match":"go to the next buffer Lavorare con file multipli :bn[ext]"},{"title":"Vai al buffer precedente","subtitle":"Lavorare con file multipli ⎯  :bp[revious]","arg":["key code 53//keystroke \":bp\" & return","vai al buffer precedente",":bp[revious]"],"icon":{"type":"file","path":"img/workingWithMultipleFiles.png"},"match":"go to the previous buffer Lavorare con file multipli :bp[revious]"},{"title":"Cancella un buffer ","subtitle":"Lavorare con file multipli ⎯  :bd[elete]","arg":["key code 53//keystroke \":bd\" & return","cancella un buffer ",":bd[elete]"],"icon":{"type":"file","path":"img/workingWithMultipleFiles.png"},"match":"delete a buffer  Lavorare con file multipli :bd[elete]"},{"title":"Vai al buffer numero #","subtitle":"Lavorare con file multipli ⎯  :b[uffer]#","arg":["key code 53//keystroke \":b#\"","vai al buffer numero #",":b[uffer]#"],"icon":{"type":"file","path":"img/workingWithMultipleFiles.png"},"match":"go to a buffer by index # Lavorare con file multipli :b[uffer]#"},{"title":"Vai al buffer per file","subtitle":"Lavorare con file multipli ⎯  :b[uffer] file","arg":["key code 53//keystroke \":b\"//key code 49//keystroke \"file\"","vai al buffer per file",":b[uffer] file"],"icon":{"type":"file","path":"img/workingWithMultipleFiles.png"},"match":"go to a buffer by file Lavorare con file multipli :b[uffer] file"},{"title":"Elenca tutti i buffer aperti","subtitle":"Lavorare con file multipli ⎯  :ls or :buffers","arg":["key code 53//keystroke \":ls\" & return","elenca tutti i buffer aperti",":ls or :buffers"],"icon":{"type":"file","path":"img/workingWithMultipleFiles.png"},"match":"list all open buffers Lavorare con file multipli :ls or :buffers"},{"title":"Apri file in un nuovo buffer e dividi la finestra","subtitle":"Lavorare con file multipli ⎯  :sp[lit] file","arg":["key code 53//keystroke \":sp\"//key code 49//keystroke \"file\"","apri file in un nuovo buffer e dividi la finestra",":sp[lit] file"],"icon":{"type":"file","path":"img/workingWithMultipleFiles.png"},"match":"open a file in a new buffer and split window Lavorare con file multipli :sp[lit] file"},{"title":"Apri file in un nuovo buffer e dividi la finestra verticalmente","subtitle":"Lavorare con file multipli ⎯  :vs[plit] file","arg":["key code 53//keystroke \":vs\"//key code 49//keystroke \"file\"","apri file in un nuovo buffer e dividi la finestra verticalmente",":vs[plit] file"],"icon":{"type":"file","path":"img/workingWithMultipleFiles.png"},"match":"open a file in a new buffer and vertically split window Lavorare con file multipli :vs[plit] file"},{"title":"Rendi i buffer come schermate verticali","subtitle":"Lavorare con file multipli ⎯  :vert[ical] ba[ll]","arg":["key code 53//keystroke \":vert\"//key code 49//keystroke \"ba\" & return","rendi i buffer come schermate verticali",":vert[ical] ba[ll]"],"icon":{"type":"file","path":"img/workingWithMultipleFiles.png"},"match":"edit all buffers as vertical windows Lavorare con file multipli :vert[ical] ba[ll]"},{"title":"Rendi i buffer come delle tab","subtitle":"Lavorare con file multipli ⎯  :tab ba[ll]","arg":["key code 53//keystroke \":tab\"//key code 49//keystroke \"ba\" & return","rendi i buffer come delle tab",":tab ba[ll]"],"icon":{"type":"file","path":"img/workingWithMultipleFiles.png"},"match":"edit all buffers as tabs Lavorare con file multipli :tab ba[ll]"},{"title":"Dividi finestra","subtitle":"Lavorare con file multipli ⎯  Ctrl+w s","arg":["key code 53//keystroke \"w\" using control down//keystroke \"s\"","dividi finestra","Ctrl+w s"],"icon":{"type":"file","path":"img/workingWithMultipleFiles.png"},"match":"split window Lavorare con file multipli Ctrl+w s"},{"title":"Dividi finestra verticalmente","subtitle":"Lavorare con file multipli ⎯  Ctrl+w v","arg":["key code 53//keystroke \"w\" using control down//keystroke \"v\"","dividi finestra verticalmente","Ctrl+w v"],"icon":{"type":"file","path":"img/workingWithMultipleFiles.png"},"match":"split window vertically Lavorare con file multipli Ctrl+w v"},{"title":"Cambia finestra","subtitle":"Lavorare con file multipli ⎯  Ctrl+w w","arg":["key code 53//keystroke \"w\" using control down//keystroke \"w\"","cambia finestra","Ctrl+w w"],"icon":{"type":"file","path":"img/workingWithMultipleFiles.png"},"match":"switch windows Lavorare con file multipli Ctrl+w w"},{"title":"Esci da una finestra","subtitle":"Lavorare con file multipli ⎯  Ctrl+w q","arg":["key code 53//keystroke \"w\" using control down//keystroke \"q\"","esci da una finestra","Ctrl+w q"],"icon":{"type":"file","path":"img/workingWithMultipleFiles.png"},"match":"quit a window Lavorare con file multipli Ctrl+w q"},{"title":"Scambia la finestra attuale con la prossima","subtitle":"Lavorare con file multipli ⎯  Ctrl+w x","arg":["key code 53//keystroke \"w\" using control down//keystroke \"x\"","scambia la finestra attuale con la prossima","Ctrl+w x"],"icon":{"type":"file","path":"img/workingWithMultipleFiles.png"},"match":"exchange current window with next one Lavorare con file multipli Ctrl+w x"},{"title":"Rendi tutte le finestre con uguale altezza e larghezza","subtitle":"Lavorare con file multipli ⎯  Ctrl+w =","arg":["key code 53//keystroke \"w\" using control down//keystroke \"=\"","rendi tutte le finestre con uguale altezza e larghezza","Ctrl+w ="],"icon":{"type":"file","path":"img/workingWithMultipleFiles.png"},"match":"make all windows equal height & width Lavorare con file multipli Ctrl+w ="},{"title":"Muovi cursore sul buffer successivo ","subtitle":"Lavorare con file multipli ⎯  Ctrl+w h","arg":["key code 53//keystroke \"w\" using control down//keystroke \"h\"","muovi cursore sul buffer successivo ","Ctrl+w h"],"icon":{"type":"file","path":"img/workingWithMultipleFiles.png"},"match":"move cursor to the left window  Lavorare con file multipli Ctrl+w h"},{"title":"Muovi cursore sul buffer precedente ","subtitle":"Lavorare con file multipli ⎯  Ctrl+w l","arg":["key code 53//keystroke \"w\" using control down//keystroke \"l\"","muovi cursore sul buffer precedente ","Ctrl+w l"],"icon":{"type":"file","path":"img/workingWithMultipleFiles.png"},"match":"move cursor to the right window  Lavorare con file multipli Ctrl+w l"},{"title":"Muovi cursore sul buffer inferiore ","subtitle":"Lavorare con file multipli ⎯  Ctrl+w j","arg":["key code 53//keystroke \"w\" using control down//keystroke \"j\"","muovi cursore sul buffer inferiore ","Ctrl+w j"],"icon":{"type":"file","path":"img/workingWithMultipleFiles.png"},"match":"move cursor to the window below  Lavorare con file multipli Ctrl+w j"},{"title":"Muovi cursore sul buffer superiore ","subtitle":"Lavorare con file multipli ⎯  Ctrl+w k","arg":["key code 53//keystroke \"w\" using control down//keystroke \"k\"","muovi cursore sul buffer superiore ","Ctrl+w k"],"icon":{"type":"file","path":"img/workingWithMultipleFiles.png"},"match":"move cursor to the window above  Lavorare con file multipli Ctrl+w k"},{"title":"Rendi la finestra attuale a tutta altezza nell' estrema sinistra ","subtitle":"Lavorare con file multipli ⎯  Ctrl+w H","arg":["key code 53//keystroke \"w\" using control down//keystroke \"H\"","rendi la finestra attuale a tutta altezza nell' estrema sinistra ","Ctrl+w H"],"icon":{"type":"file","path":"img/workingWithMultipleFiles.png"},"match":"make current window full height at far left  Lavorare con file multipli Ctrl+w H"},{"title":"Rendi la finestra attuale a tutta altezza nell' estrema destra ","subtitle":"Lavorare con file multipli ⎯  Ctrl+w L","arg":["key code 53//keystroke \"w\" using control down//keystroke \"L\"","rendi la finestra attuale a tutta altezza nell' estrema destra ","Ctrl+w L"],"icon":{"type":"file","path":"img/workingWithMultipleFiles.png"},"match":"make current window full height at far right  Lavorare con file multipli Ctrl+w L"},{"title":"Rendi la finestra attuale a tutta larghezza in fondo ","subtitle":"Lavorare con file multipli ⎯  Ctrl+w J","arg":["key code 53//keystroke \"w\" using control down//keystroke \"J\"","rendi la finestra attuale a tutta larghezza in fondo ","Ctrl+w J"],"icon":{"type":"file","path":"img/workingWithMultipleFiles.png"},"match":"make current window full width at the very bottom  Lavorare con file multipli Ctrl+w J"},{"title":"Rendi la finestra attuale a tutta larghezza in cima ","subtitle":"Lavorare con file multipli ⎯  Ctrl+w K","arg":["key code 53//keystroke \"w\" using control down//keystroke \"K\"","rendi la finestra attuale a tutta larghezza in cima ","Ctrl+w K"],"icon":{"type":"file","path":"img/workingWithMultipleFiles.png"},"match":"make current window full width at the very top  Lavorare con file multipli Ctrl+w K"},{"title":"Definisci manualmente la piegatura in movimento","subtitle":"Diff ⎯  zf","arg":["key code 53//keystroke \"zf\"","definisci manualmente la piegatura in movimento","zf"],"icon":{"type":"file","path":"img/diff.png"},"match":"manually define a fold up to motion Diff zf"},{"title":"Elimina la piegatura sotto il cursore","subtitle":"Diff ⎯  zd","arg":["key code 53//keystroke \"zd\"","elimina la piegatura sotto il cursore","zd"],"icon":{"type":"file","path":"img/diff.png"},"match":"delete fold under the cursor Diff zd"},{"title":"Apri/chiudi la piegatura sotto il cursore","subtitle":"Diff ⎯  za","arg":["key code 53//keystroke \"za\"","apri/chiudi la piegatura sotto il cursore","za"],"icon":{"type":"file","path":"img/diff.png"},"match":"toggle fold under the cursor Diff za"},{"title":"Apri la piegatura sotto il cursore","subtitle":"Diff ⎯  zo","arg":["key code 53//keystroke \"zo\"","apri la piegatura sotto il cursore","zo"],"icon":{"type":"file","path":"img/diff.png"},"match":"open fold under the cursor Diff zo"},{"title":"Chiudi la piegatura sotto il cursore","subtitle":"Diff ⎯  zc","arg":["key code 53//keystroke \"zc\"","chiudi la piegatura sotto il cursore","zc"],"icon":{"type":"file","path":"img/diff.png"},"match":"close fold under the cursor Diff zc"},{"title":"Riduci le piegature ad un livello","subtitle":"Diff ⎯  zr","arg":["key code 53//keystroke \"zr\"","riduci le piegature ad un livello","zr"],"icon":{"type":"file","path":"img/diff.png"},"match":"reduce  all folds by one level Diff zr"},{"title":"Piegare di più  tutte le pieghe ad un livello","subtitle":"Diff ⎯  zm","arg":["key code 53//keystroke \"zm\"","piegare di più  tutte le pieghe ad un livello","zm"],"icon":{"type":"file","path":"img/diff.png"},"match":"fold more  all folds by one level Diff zm"},{"title":"Attiva/disattiva la modalità di piegatura","subtitle":"Diff ⎯  zi","arg":["key code 53//keystroke \"zi\"","attiva/disattiva la modalità di piegatura","zi"],"icon":{"type":"file","path":"img/diff.png"},"match":"toggle folding functionality Diff zi"},{"title":"Salta all' inizio della modifica successiva","subtitle":"Diff ⎯  ]c","arg":["key code 53//keystroke \"]c\"","salta all' inizio della modifica successiva","]c"],"icon":{"type":"file","path":"img/diff.png"},"match":"jump to start of next change Diff ]c"},{"title":"Salta all' inizio della precedente modifica","subtitle":"Diff ⎯  [c","arg":["key code 53//keystroke \"[c\"","salta all' inizio della precedente modifica","[c"],"icon":{"type":"file","path":"img/diff.png"},"match":"jump to start of previous change Diff [c"},{"title":"Ottieni le differenze da un altro buffer","subtitle":"Diff ⎯  do or :diffg[et]","arg":["key code 53//keystroke \"do\"","ottieni le differenze da un altro buffer","do or :diffg[et]"],"icon":{"type":"file","path":"img/diff.png"},"match":"obtain  difference  Diff do or :diffg[et]"},{"title":"Inserisci le differenze in un altro buffer","subtitle":"Diff ⎯  dp or :diffpu[t]","arg":["key code 53//keystroke \"dp\"","inserisci le differenze in un altro buffer","dp or :diffpu[t]"],"icon":{"type":"file","path":"img/diff.png"},"match":"put difference  Diff dp or :diffpu[t]"},{"title":"Rendi la finestra corrente parte del diff","subtitle":"Diff ⎯  :diffthis","arg":["key code 53//keystroke \":diffthis\" & return","rendi la finestra corrente parte del diff",":diffthis"],"icon":{"type":"file","path":"img/diff.png"},"match":"make current window part of diff Diff :diffthis"},{"title":"Aggiorna differenze","subtitle":"Diff ⎯  :dif[fupdate]","arg":["key code 53//keystroke \":dif\" & return","aggiorna differenze",":dif[fupdate]"],"icon":{"type":"file","path":"img/diff.png"},"match":"update differences Diff :dif[fupdate]"},{"title":"Spegni la modalità diff per la finestra corrente","subtitle":"Diff ⎯  :diffo[ff]","arg":["key code 53//keystroke \":diffo\" & return","spegni la modalità diff per la finestra corrente",":diffo[ff]"],"icon":{"type":"file","path":"img/diff.png"},"match":"switch off diff mode for current window Diff :diffo[ff]"},{"title":"Turn on us english spell checking","subtitle":"Spell checking ⎯  :set spell spelllang=en_us","arg":["key code 53//keystroke \":set\"//key code 49//keystroke \"spell\"//key code 49//keystroke \"spelllang=en_us\" & return","Turn on US English spell checking",":set spell spelllang=en_us"],"icon":{"type":"file","path":"img/spell.png"},"match":"Turn on US English spell checking Spell checking :set spell spelllang=en_us"},{"title":"Turn off spell checking","subtitle":"Spell checking ⎯  :set nospell","arg":["key code 53//keystroke \":set\"//key code 49//keystroke \"nospell\" & return","Turn off spell checking",":set nospell"],"icon":{"type":"file","path":"img/spell.png"},"match":"Turn off spell checking Spell checking :set nospell"},{"title":"Move to next misspelled word after the cursor","subtitle":"Spell checking ⎯  ]s","arg":["key code 53//keystroke \"]s\"","Move to next misspelled word after the cursor","]s"],"icon":{"type":"file","path":"img/spell.png"},"match":"Move to next misspelled word after the cursor Spell checking ]s"},{"title":"Move to previous misspelled word before the cursor","subtitle":"Spell checking ⎯  [s","arg":["key code 53//keystroke \"[s\"","Move to previous misspelled word before the cursor","[s"],"icon":{"type":"file","path":"img/spell.png"},"match":"Move to previous misspelled word before the cursor Spell checking [s"},{"title":"Suggest spellings for the word under/after the cursor","subtitle":"Spell checking ⎯  z=","arg":["key code 53//keystroke \"z=\"","Suggest spellings for the word under/after the cursor","z="],"icon":{"type":"file","path":"img/spell.png"},"match":"Suggest spellings for the word under/after the cursor Spell checking z="},{"title":"Add word to spell list","subtitle":"Spell checking ⎯  zg","arg":["key code 53//keystroke \"zg\"","Add word to spell list","zg"],"icon":{"type":"file","path":"img/spell.png"},"match":"Add word to spell list Spell checking zg"},{"title":"Mark word as bad/mispelling","subtitle":"Spell checking ⎯  zw","arg":["key code 53//keystroke \"zw\"","Mark word as bad/mispelling","zw"],"icon":{"type":"file","path":"img/spell.png"},"match":"Mark word as bad/mispelling Spell checking zw"},{"title":"Suggest words for bad word under cursor from spell file","subtitle":"Spell checking ⎯  zu","arg":["key code 53//keystroke \"zu\"","Suggest words for bad word under cursor from spell file","zu"],"icon":{"type":"file","path":"img/spell.png"},"match":"Suggest words for bad word under cursor from spell file Spell checking zu"},{"title":"Increment number","subtitle":"Miscellaneous ⎯  Ctrl+a","arg":["key code 53//keystroke \"a\" using control down","Increment number","Ctrl+a"],"icon":{"type":"file","path":"img/misc.png"},"match":"Increment number Miscellaneous Ctrl+a"},{"title":"Decrement number","subtitle":"Miscellaneous ⎯  Ctrl+x","arg":["key code 53//keystroke \"x\" using control down","Decrement number","Ctrl+x"],"icon":{"type":"file","path":"img/misc.png"},"match":"Decrement number Miscellaneous Ctrl+x"},{"title":"Re-select last selected block of text","subtitle":"Miscellaneous ⎯  gv","arg":["key code 53//keystroke \"gv\"","Re-select last selected block of text","gv"],"icon":{"type":"file","path":"img/misc.png"},"match":"Re-select last selected block of text Miscellaneous gv"},{"title":"Insert the result of an expression at the cursor","subtitle":"Miscellaneous ⎯  Ctrl+r =","arg":["key code 53//keystroke \"r\" using control down//keystroke \"=\"","Insert the result of an expression at the cursor","Ctrl+r ="],"icon":{"type":"file","path":"img/misc.png"},"match":"Insert the result of an expression at the cursor Miscellaneous Ctrl+r ="},{"title":"Change file encoding to utf-8","subtitle":"Miscellaneous ⎯  set fenc=UTF-8","arg":["key code 53//keystroke \"set\"//key code 49//keystroke \"fenc=UTF-8\"","Change file encoding to UTF-8","set fenc=UTF-8"],"icon":{"type":"file","path":"img/misc.png"},"match":"Change file encoding to UTF-8 Miscellaneous set fenc=UTF-8"},{"title":"Escape next character","subtitle":"Regex ⎯  \\","arg":["keystroke \"\\\\\"","Escape next character","\\"],"icon":{"type":"file","path":"img/regex.png"},"match":"Escape next character Regex \\"},{"title":"Start-of­-line","subtitle":"Regex ⎯  ^","arg":["keystroke \"^\"","Start-of­-line","^"],"icon":{"type":"file","path":"img/regex.png"},"match":"Start-of­-line Regex ^"},{"title":"End-of-­line","subtitle":"Regex ⎯  $","arg":["keystroke \"$\"","End-of-­line","$"],"icon":{"type":"file","path":"img/regex.png"},"match":"End-of-­line Regex $"},{"title":"Any char","subtitle":"Regex ⎯  .","arg":["keystroke \".\"","Any char","."],"icon":{"type":"file","path":"img/regex.png"},"match":"Any char Regex ."},{"title":"0 or more quantifier","subtitle":"Regex ⎯  *","arg":["keystroke \"*\"","0 or more quantifier","*"],"icon":{"type":"file","path":"img/regex.png"},"match":"0 or more quantifier Regex *"},{"title":"Match last given substitute string","subtitle":"Regex ⎯  ~","arg":["keystroke \"\"~","Match last given substitute string","~"],"icon":{"type":"file","path":"img/regex.png"},"match":"Match last given substitute string Regex ~"},{"title":"Match range","subtitle":"Regex ⎯  [...]","arg":["keystroke \"[...]\"","Match range","[...]"],"icon":{"type":"file","path":"img/regex.png"},"match":"Match range Regex [...]"},{"title":"Not range","subtitle":"Regex ⎯  [^...]","arg":["keystroke \"[^...]\"","Not range","[^...]"],"icon":{"type":"file","path":"img/regex.png"},"match":"Not range Regex [^...]"},{"title":"In replacement: insert <pattern>","subtitle":"Regex ⎯  &","arg":["keystroke \"&\"","In replacement: insert <pattern>","&"],"icon":{"type":"file","path":"img/regex.png"},"match":"In replacement: insert <pattern> Regex &"},{"title":"Beginning of a word","subtitle":"Regex ⎯  \\<","arg":["keystroke \"\\\\<\"","Beginning of a word","\\<"],"icon":{"type":"file","path":"img/regex.png"},"match":"Beginning of a word Regex \\<"},{"title":"End of word","subtitle":"Regex ⎯  \\>","arg":["keystroke \"\\\\>\"","End of word","\\>"],"icon":{"type":"file","path":"img/regex.png"},"match":"End of word Regex \\>"},{"title":"Group","subtitle":"Regex ⎯  \\(...\\)","arg":["keystroke \"\\\\(...\\\\)\"","Group","\\(...\\)"],"icon":{"type":"file","path":"img/regex.png"},"match":"Group Regex \\(...\\)"},{"title":"Separate alternative","subtitle":"Regex ⎯  \\|","arg":["keystroke \"\\\\|\"","Separate alternative","\\|"],"icon":{"type":"file","path":"img/regex.png"},"match":"Separate alternative Regex \\|"},{"title":"Any single char or end-of­line","subtitle":"Regex ⎯  \\_.","arg":["keystroke \"\\\\_.\"","Any single char or end-of­line","\\_."],"icon":{"type":"file","path":"img/regex.png"},"match":"Any single char or end-of­line Regex \\_."},{"title":"1 or more quantifier","subtitle":"Regex ⎯  \\+","arg":["keystroke \"\\\\+\"","1 or more quantifier","\\+"],"icon":{"type":"file","path":"img/regex.png"},"match":"1 or more quantifier Regex \\+"},{"title":"0 or 1 quantifier","subtitle":"Regex ⎯  \\=","arg":["keystroke \"\\\\=\"","0 or 1 quantifier","\\="],"icon":{"type":"file","path":"img/regex.png"},"match":"0 or 1 quantifier Regex \\="},{"title":"0 or 1 quantifier","subtitle":"Regex ⎯  \\?","arg":["keystroke \"\\\\?\"","0 or 1 quantifier","\\?"],"icon":{"type":"file","path":"img/regex.png"},"match":"0 or 1 quantifier Regex \\?"},{"title":"N to m quantifier","subtitle":"Regex ⎯  \\{n,m}","arg":["keystroke \"\\\\{n,m}\"","n to m quantifier","\\{n,m}"],"icon":{"type":"file","path":"img/regex.png"},"match":"n to m quantifier Regex \\{n,m}"},{"title":"N quantifier","subtitle":"Regex ⎯  \\{n}","arg":["keystroke \"\\\\{n}\"","n quantifier","\\{n}"],"icon":{"type":"file","path":"img/regex.png"},"match":"n quantifier Regex \\{n}"},{"title":"At least n quantifier","subtitle":"Regex ⎯  \\{n,}","arg":["keystroke \"\"\\\\{n,}","at least n quantifier","\\{n,}"],"icon":{"type":"file","path":"img/regex.png"},"match":"at least n quantifier Regex \\{n,}"},{"title":"0 to m quantifier","subtitle":"Regex ⎯  \\{,m}","arg":["keystroke \"\\\\{,}\"","0 to m quantifier","\\{,m}"],"icon":{"type":"file","path":"img/regex.png"},"match":"0 to m quantifier Regex \\{,m}"},{"title":"Delete all lines matching pattern","subtitle":"Regex ⎯  :%g/<pa­tte­rn>/d","arg":["key code 53//keystroke \":%g/<pa­tte­r/d\"","delete all lines matching pattern",":%g/<pa­tte­rn>/d"],"icon":{"type":"file","path":"img/regex.png"},"match":"delete all lines matching pattern Regex :%g/<pa­tte­rn>/d"},{"title":"Delete all lines not matching <pattern>","subtitle":"Regex ⎯  :%v/<pa­tte­rn>/d","arg":["key code 53//keystroke \":%v/<pa­tte­r/d\"","delete all lines NOT matching <pattern>",":%v/<pa­tte­rn>/d"],"icon":{"type":"file","path":"img/regex.png"},"match":"delete all lines NOT matching <pattern> Regex :%v/<pa­tte­rn>/d"},{"title":"Delete empty lines","subtitle":"Regex ⎯  :%s/^.*$\\n//","arg":["key code 53//keystroke \":%s/^.*$\\\\n//\"","delete empty lines",":%s/^.*$\\n//"],"icon":{"type":"file","path":"img/regex.png"},"match":"delete empty lines Regex :%s/^.*$\\n//"},{"title":"Replace <pattern> by 'new <pattern>'","subtitle":"Regex ⎯  :s/<pattern>/new &/","arg":["key code 53//keystroke \":%s/<pattern>/new &/\"","Replace <pattern> by 'new <pattern>'",":s/<pattern>/new &/"],"icon":{"type":"file","path":"img/regex.png"},"match":"Replace <pattern> by 'new <pattern>' Regex :s/<pattern>/new &/"},{"title":"Replace <pattern> by content of register","subtitle":"Regex ⎯  :s/<pattern>/\\=@a/","arg":["key code 53//keystroke \":%s/<pattern>/\\\\=@a/\"","Replace <pattern> by content of register",":s/<pattern>/\\=@a/"],"icon":{"type":"file","path":"img/regex.png"},"match":"Replace <pattern> by content of register Regex :s/<pattern>/\\=@a/"},{"title":"Count number of occurrence of <pattern>","subtitle":"Regex ⎯  :s/<pattern>//gn","arg":["key code 53//keystroke \":%s/<pattern>//gn\"","Count number of occurrence of <pattern>",":s/<pattern>//gn"],"icon":{"type":"file","path":"img/regex.png"},"match":"Count number of occurrence of <pattern> Regex :s/<pattern>//gn"},{"title":"Match start","subtitle":"Regex ⎯  \\zs","arg":["keystroke \"\\\\zs\"","Match start","\\zs"],"icon":{"type":"file","path":"img/regex.png"},"match":"Match start Regex \\zs"},{"title":"Match end","subtitle":"Regex ⎯  \\ze","arg":["keystroke \"\\\\ze\"","Match end","\\ze"],"icon":{"type":"file","path":"img/regex.png"},"match":"Match end Regex \\ze"},{"title":"Positive look behind to find <pattern>","subtitle":"Regex ⎯  <atom>\\@<=<pattern>","arg":["keystroke \"<atom>\\\\@<=<pattern>\"","Positive look behind to find <pattern>","<atom>\\@<=<pattern>"],"icon":{"type":"file","path":"img/regex.png"},"match":"Positive look behind to find <pattern> Regex <atom>\\@<=<pattern>"},{"title":"Positive look ahead to find <pattern>","subtitle":"Regex ⎯  <pattern><atom>\\@=","arg":["keystroke \"<pattern><atom>\\\\@=\"","Positive look ahead to find <pattern>","<pattern><atom>\\@="],"icon":{"type":"file","path":"img/regex.png"},"match":"Positive look ahead to find <pattern> Regex <pattern><atom>\\@="},{"title":"Negative look behind to find <pattern>","subtitle":"Regex ⎯  <atom>\\@<!<pattern>","arg":["keystroke \"<atom>\\\\@<!<pattern>\"","Negative look behind to find <pattern>","<atom>\\@<!<pattern>"],"icon":{"type":"file","path":"img/regex.png"},"match":"Negative look behind to find <pattern> Regex <atom>\\@<!<pattern>"},{"title":"Negative look ahead to find <pattern>","subtitle":"Regex ⎯  <pattern><atom>\\@!","arg":["keystroke \"<pattern><atom>\\\\@!\"","Negative look ahead to find <pattern>","<pattern><atom>\\@!"],"icon":{"type":"file","path":"img/regex.png"},"match":"Negative look ahead to find <pattern> Regex <pattern><atom>\\@!"},{"title":"Non-greedy 0 or more quantifier","subtitle":"Regex ⎯  \\{-}","arg":["keystroke \"\\\\{-}\"","Non-greedy 0 or more quantifier","\\{-}"],"icon":{"type":"file","path":"img/regex.png"},"match":"Non-greedy 0 or more quantifier Regex \\{-}"}]}