{"items":[{"title":"「keyword」のヘルプを開く","subtitle":"全般 ⎯  :h[elp] keyword","arg":["key code 53//keystroke \":h\"//key code 49//keystroke \"keyword\"","「keyword」のヘルプを開く",":h[elp] keyword"],"icon":{"type":"file","path":"img/global.png"},"match":"open help for keyword 全般 :h[elp] keyword"},{"title":"名前を付けて保存","subtitle":"全般 ⎯  :sav[eas] file","arg":["key code 53//keystroke \":sav\"//key code 49//keystroke \"file\"","名前を付けて保存",":sav[eas] file"],"icon":{"type":"file","path":"img/global.png"},"match":"save file as 全般 :sav[eas] file"},{"title":"現在のペインを閉じる","subtitle":"全般 ⎯  :clo[se]","arg":["key code 53//keystroke \":clo\" & return","現在のペインを閉じる",":clo[se]"],"icon":{"type":"file","path":"img/global.png"},"match":"close current pane 全般 :clo[se]"},{"title":"ターミナルウインドウを開く","subtitle":"全般 ⎯  :ter[minal]","arg":["key code 53//keystroke \":ter\" & return","ターミナルウインドウを開く",":ter[minal]"],"icon":{"type":"file","path":"img/global.png"},"match":"open a terminal window 全般 :ter[minal]"},{"title":"カーソル下の単語の man ページを開く","subtitle":"全般 ⎯  K","arg":["key code 53//keystroke \"K\"","カーソル下の単語の man ページを開く","K"],"icon":{"type":"file","path":"img/global.png"},"match":"open man page for word under the cursor 全般 K"},{"title":"左に移動","subtitle":"カーソル移動 ⎯  h","arg":["key code 53//keystroke \"h\"","左に移動","h"],"icon":{"type":"file","path":"img/cursorMovement.png"},"match":"move cursor left カーソル移動 h"},{"title":"下に移動","subtitle":"カーソル移動 ⎯  j","arg":["key code 53//keystroke \"j\"","下に移動","j"],"icon":{"type":"file","path":"img/cursorMovement.png"},"match":"move cursor down カーソル移動 j"},{"title":"上に移動","subtitle":"カーソル移動 ⎯  k","arg":["key code 53//keystroke \"k\"","上に移動","k"],"icon":{"type":"file","path":"img/cursorMovement.png"},"match":"move cursor up カーソル移動 k"},{"title":"右に移動","subtitle":"カーソル移動 ⎯  l","arg":["key code 53//keystroke \"l\"","右に移動","l"],"icon":{"type":"file","path":"img/cursorMovement.png"},"match":"move cursor right カーソル移動 l"},{"title":"表示行で1行下に移動","subtitle":"カーソル移動 ⎯  gj","arg":["key code 53//keystroke \"gj\"","表示行で1行下に移動","gj"],"icon":{"type":"file","path":"img/cursorMovement.png"},"match":"move cursor down  カーソル移動 gj"},{"title":"表示行で1行上に移動","subtitle":"カーソル移動 ⎯  gk","arg":["key code 53//keystroke \"gk\"","表示行で1行上に移動","gk"],"icon":{"type":"file","path":"img/cursorMovement.png"},"match":"move cursor up  カーソル移動 gk"},{"title":"画面上部に移動","subtitle":"カーソル移動 ⎯  H","arg":["key code 53//keystroke \"H\"","画面上部に移動","H"],"icon":{"type":"file","path":"img/cursorMovement.png"},"match":"move to top of screen カーソル移動 H"},{"title":"画面中央に移動","subtitle":"カーソル移動 ⎯  M","arg":["key code 53//keystroke \"M\"","画面中央に移動","M"],"icon":{"type":"file","path":"img/cursorMovement.png"},"match":"move to middle of screen カーソル移動 M"},{"title":"画面下部に移動","subtitle":"カーソル移動 ⎯  L","arg":["key code 53//keystroke \"L\"","画面下部に移動","L"],"icon":{"type":"file","path":"img/cursorMovement.png"},"match":"move to bottom of screen カーソル移動 L"},{"title":"次の単語の先頭に移動","subtitle":"カーソル移動 ⎯  w","arg":["key code 53//keystroke \"w\"","次の単語の先頭に移動","w"],"icon":{"type":"file","path":"img/cursorMovement.png"},"match":"jump forwards to the start of a word カーソル移動 w"},{"title":"次の（区切り文字を含む）単語の先頭に移動","subtitle":"カーソル移動 ⎯  W","arg":["key code 53//keystroke \"W\"","次の（区切り文字を含む）単語の先頭に移動","W"],"icon":{"type":"file","path":"img/cursorMovement.png"},"match":"jump forwards to the start of a word  カーソル移動 W"},{"title":"次の単語の末尾に移動","subtitle":"カーソル移動 ⎯  e","arg":["key code 53//keystroke \"e\"","次の単語の末尾に移動","e"],"icon":{"type":"file","path":"img/cursorMovement.png"},"match":"jump forwards to the end of a word カーソル移動 e"},{"title":"次の（区切り文字を含む）単語の末尾に移動","subtitle":"カーソル移動 ⎯  E","arg":["key code 53//keystroke \"E\"","次の（区切り文字を含む）単語の末尾に移動","E"],"icon":{"type":"file","path":"img/cursorMovement.png"},"match":"jump forwards to the end of a word  カーソル移動 E"},{"title":"前の単語の先頭に移動","subtitle":"カーソル移動 ⎯  b","arg":["key code 53//keystroke \"b\"","前の単語の先頭に移動","b"],"icon":{"type":"file","path":"img/cursorMovement.png"},"match":"jump backwards to the start of a word カーソル移動 b"},{"title":"前の（区切り文字を含む）単語の先頭に移動","subtitle":"カーソル移動 ⎯  B","arg":["key code 53//keystroke \"B\"","前の（区切り文字を含む）単語の先頭に移動","B"],"icon":{"type":"file","path":"img/cursorMovement.png"},"match":"jump backwards to the start of a word  カーソル移動 B"},{"title":"前の単語の末尾に移動","subtitle":"カーソル移動 ⎯  ge","arg":["key code 53//keystroke \"ge\"","前の単語の末尾に移動","ge"],"icon":{"type":"file","path":"img/cursorMovement.png"},"match":"jump backwards to the end of a word カーソル移動 ge"},{"title":"前の（区切り文字を含む）単語の末尾に移動","subtitle":"カーソル移動 ⎯  gE","arg":["key code 53//keystroke \"gE\"","前の（区切り文字を含む）単語の末尾に移動","gE"],"icon":{"type":"file","path":"img/cursorMovement.png"},"match":"jump backwards to the end of a word  カーソル移動 gE"},{"title":"対応するカッコに移動（標準でサポートしている組み合わせは","subtitle":"カーソル移動 ⎯  %","arg":["key code 53//keystroke \"%\"","対応するカッコに移動（標準でサポートしている組み合わせは","%"],"icon":{"type":"file","path":"img/cursorMovement.png"},"match":"move to matching character  カーソル移動 %"},{"title":"行頭に移動","subtitle":"カーソル移動 ⎯  0","arg":["key code 53//keystroke \"0\"","行頭に移動","0"],"icon":{"type":"file","path":"img/cursorMovement.png"},"match":"jump to the start of the line カーソル移動 0"},{"title":"その行で最初の非空白文字に移動","subtitle":"カーソル移動 ⎯  ^","arg":["key code 53//keystroke \"^\"","その行で最初の非空白文字に移動","^"],"icon":{"type":"file","path":"img/cursorMovement.png"},"match":"jump to the first non-blank character of the line カーソル移動 ^"},{"title":"行末に移動","subtitle":"カーソル移動 ⎯  $","arg":["key code 53//keystroke \"$\"","行末に移動","$"],"icon":{"type":"file","path":"img/cursorMovement.png"},"match":"jump to the end of the line カーソル移動 $"},{"title":"その行で最後の非空白文字に移動","subtitle":"カーソル移動 ⎯  g_","arg":["key code 53//keystroke \"g_\"","その行で最後の非空白文字に移動","g_"],"icon":{"type":"file","path":"img/cursorMovement.png"},"match":"jump to the last non-blank character of the line カーソル移動 g_"},{"title":"ドキュメントの先頭行に移動","subtitle":"カーソル移動 ⎯  gg","arg":["key code 53//keystroke \"gg\"","ドキュメントの先頭行に移動","gg"],"icon":{"type":"file","path":"img/cursorMovement.png"},"match":"go to the first line of the document カーソル移動 gg"},{"title":"ドキュメントの末尾行に移動","subtitle":"カーソル移動 ⎯  G","arg":["key code 53//keystroke \"G\"","ドキュメントの末尾行に移動","G"],"icon":{"type":"file","path":"img/cursorMovement.png"},"match":"go to the last line of the document カーソル移動 G"},{"title":"5行目に移動","subtitle":"カーソル移動 ⎯  5gg or 5G","arg":["key code 53//keystroke \"5gg\"","5行目に移動","5gg or 5G"],"icon":{"type":"file","path":"img/cursorMovement.png"},"match":"go to line 5 カーソル移動 5gg or 5G"},{"title":"カーソル位置の語の定義を関数内で探して移動","subtitle":"カーソル移動 ⎯  gd","arg":["key code 53//keystroke \"gd\"","カーソル位置の語の定義を関数内で探して移動","gd"],"icon":{"type":"file","path":"img/cursorMovement.png"},"match":"move to local declaration カーソル移動 gd"},{"title":"カーソル位置の語の定義をファイル全体で探して移動","subtitle":"カーソル移動 ⎯  gD","arg":["key code 53//keystroke \"gD\"","カーソル位置の語の定義をファイル全体で探して移動","gD"],"icon":{"type":"file","path":"img/cursorMovement.png"},"match":"move to global declaration カーソル移動 gD"},{"title":"次にある文字「x」の手前に移動","subtitle":"カーソル移動 ⎯  fx","arg":["key code 53//keystroke \"fx\"","次にある文字「x」の手前に移動","fx"],"icon":{"type":"file","path":"img/cursorMovement.png"},"match":"jump to next occurrence of character x カーソル移動 fx"},{"title":"次にある文字「x」の 1 つ手前に移動","subtitle":"カーソル移動 ⎯  tx","arg":["key code 53//keystroke \"tx\"","次にある文字「x」の 1 つ手前に移動","tx"],"icon":{"type":"file","path":"img/cursorMovement.png"},"match":"jump to before next occurrence of character x カーソル移動 tx"},{"title":"前にある文字「x」の手前に移動","subtitle":"カーソル移動 ⎯  Fx","arg":["key code 53//keystroke \"Fx\"","前にある文字「x」の手前に移動","Fx"],"icon":{"type":"file","path":"img/cursorMovement.png"},"match":"jump to the previous occurrence of character x カーソル移動 Fx"},{"title":"前にある文字「x」の 1 つ後ろに移動","subtitle":"カーソル移動 ⎯  Tx","arg":["key code 53//keystroke \"Tx\"","前にある文字「x」の 1 つ後ろに移動","Tx"],"icon":{"type":"file","path":"img/cursorMovement.png"},"match":"jump to after previous occurrence of character x カーソル移動 Tx"},{"title":"直前の f, t, f, t を繰り返し","subtitle":"カーソル移動 ⎯  ;","arg":["key code 53//keystroke \";\"","直前の f, t, F, T を繰り返し",";"],"icon":{"type":"file","path":"img/cursorMovement.png"},"match":"repeat previous f, t, F or T movement カーソル移動 ;"},{"title":"直前の f, t, f, t を反対にして繰り返し","subtitle":"カーソル移動 ⎯  ,","arg":["key code 53//keystroke \",\"","直前の f, t, F, T を反対にして繰り返し",","],"icon":{"type":"file","path":"img/cursorMovement.png"},"match":"repeat previous f, t, F or T movement, backwards カーソル移動 ,"},{"title":"次の段落に移動（コード編集中の場合は関数/ブロック）","subtitle":"カーソル移動 ⎯  }","arg":["key code 53//keystroke \"}\"","次の段落に移動（コード編集中の場合は関数/ブロック）","}"],"icon":{"type":"file","path":"img/cursorMovement.png"},"match":"jump to next paragraph  カーソル移動 }"},{"title":"前の段落に移動（コード編集中の場合は関数/ブロック）","subtitle":"カーソル移動 ⎯  {","arg":["key code 53//keystroke \"{\"","前の段落に移動（コード編集中の場合は関数/ブロック）","{"],"icon":{"type":"file","path":"img/cursorMovement.png"},"match":"jump to previous paragraph  カーソル移動 {"},{"title":"カーソル位置を画面中央に","subtitle":"カーソル移動 ⎯  zz","arg":["key code 53//keystroke \"zz\"","カーソル位置を画面中央に","zz"],"icon":{"type":"file","path":"img/cursorMovement.png"},"match":"center cursor on screen カーソル移動 zz"},{"title":"画面を下に 1 行スクロール（カーソル移動なし）","subtitle":"カーソル移動 ⎯  Ctrl+e","arg":["key code 53//keystroke \"e\" using control down","画面を下に 1 行スクロール（カーソル移動なし）","Ctrl+e"],"icon":{"type":"file","path":"img/cursorMovement.png"},"match":"move screen down one line  カーソル移動 Ctrl+e"},{"title":"画面を上に 1 行スクロール（カーソル移動なし）","subtitle":"カーソル移動 ⎯  Ctrl+y","arg":["key code 53//keystroke \"y\" using control down","画面を上に 1 行スクロール（カーソル移動なし）","Ctrl+y"],"icon":{"type":"file","path":"img/cursorMovement.png"},"match":"move screen up one line  カーソル移動 Ctrl+y"},{"title":"画面全体分だけ上に移動","subtitle":"カーソル移動 ⎯  Ctrl+b","arg":["key code 53//keystroke \"b\" using control down","画面全体分だけ上に移動","Ctrl+b"],"icon":{"type":"file","path":"img/cursorMovement.png"},"match":"move back one full screen カーソル移動 Ctrl+b"},{"title":"画面全体分だけ下に移動","subtitle":"カーソル移動 ⎯  Ctrl+f","arg":["key code 53//keystroke \"f\" using control down","画面全体分だけ下に移動","Ctrl+f"],"icon":{"type":"file","path":"img/cursorMovement.png"},"match":"move forward one full screen カーソル移動 Ctrl+f"},{"title":"画面半分だけ上に移動","subtitle":"カーソル移動 ⎯  Ctrl+u","arg":["key code 53//keystroke \"u\" using control down","画面半分だけ上に移動","Ctrl+u"],"icon":{"type":"file","path":"img/cursorMovement.png"},"match":"move back 1/2 a screen カーソル移動 Ctrl+u"},{"title":"画面半分だけ下に移動","subtitle":"カーソル移動 ⎯  Ctrl+d","arg":["key code 53//keystroke \"d\" using control down","画面半分だけ下に移動","Ctrl+d"],"icon":{"type":"file","path":"img/cursorMovement.png"},"match":"move forward 1/2 a screen カーソル移動 Ctrl+d"},{"title":"カーソル位置で挿入モード","subtitle":"挿入モード - テキストを挿入/追加 ⎯  i","arg":["key code 53//keystroke \"i\"","カーソル位置で挿入モード","i"],"icon":{"type":"file","path":"img/insertMode.png"},"match":"insert before the cursor 挿入モード - テキストを挿入/追加 i"},{"title":"その行頭で挿入モード","subtitle":"挿入モード - テキストを挿入/追加 ⎯  I","arg":["key code 53//keystroke \"I\"","その行頭で挿入モード","I"],"icon":{"type":"file","path":"img/insertMode.png"},"match":"insert at the beginning of the line 挿入モード - テキストを挿入/追加 I"},{"title":"カーソルの次の位置で挿入モード","subtitle":"挿入モード - テキストを挿入/追加 ⎯  a","arg":["key code 53//keystroke \"a\"","カーソルの次の位置で挿入モード","a"],"icon":{"type":"file","path":"img/insertMode.png"},"match":"insert  after the cursor 挿入モード - テキストを挿入/追加 a"},{"title":"その行末で挿入モード","subtitle":"挿入モード - テキストを挿入/追加 ⎯  A","arg":["key code 53//keystroke \"A\"","その行末で挿入モード","A"],"icon":{"type":"file","path":"img/insertMode.png"},"match":"insert  at the end of the line 挿入モード - テキストを挿入/追加 A"},{"title":"下に改行してそこで挿入モード","subtitle":"挿入モード - テキストを挿入/追加 ⎯  o","arg":["key code 53//keystroke \"o\"","下に改行してそこで挿入モード","o"],"icon":{"type":"file","path":"img/insertMode.png"},"match":"append  a new line below the current line 挿入モード - テキストを挿入/追加 o"},{"title":"上に改行してそこで挿入モード","subtitle":"挿入モード - テキストを挿入/追加 ⎯  O","arg":["key code 53//keystroke \"O\"","上に改行してそこで挿入モード","O"],"icon":{"type":"file","path":"img/insertMode.png"},"match":"append  a new line above the current line 挿入モード - テキストを挿入/追加 O"},{"title":"その単語の末尾で挿入モード","subtitle":"挿入モード - テキストを挿入/追加 ⎯  ea","arg":["key code 53//keystroke \"ea\"","その単語の末尾で挿入モード","ea"],"icon":{"type":"file","path":"img/insertMode.png"},"match":"insert  at the end of the word 挿入モード - テキストを挿入/追加 ea"},{"title":"挿入モード中に手前の文字を消去","subtitle":"挿入モード - テキストを挿入/追加 ⎯  Ctrl+h","arg":["keystroke \"h\" using control down","挿入モード中に手前の文字を消去","Ctrl+h"],"icon":{"type":"file","path":"img/insertMode.png"},"match":"delete the character before the cursor during insert mode 挿入モード - テキストを挿入/追加 Ctrl+h"},{"title":"挿入モード中に手前の単語を消去","subtitle":"挿入モード - テキストを挿入/追加 ⎯  Ctrl+w","arg":["keystroke \"w\" using control down","挿入モード中に手前の単語を消去","Ctrl+w"],"icon":{"type":"file","path":"img/insertMode.png"},"match":"delete word before the cursor during insert mode 挿入モード - テキストを挿入/追加 Ctrl+w"},{"title":"挿入モード中に改行","subtitle":"挿入モード - テキストを挿入/追加 ⎯  Ctrl+j","arg":["keystroke \"j\" using control down","挿入モード中に改行","Ctrl+j"],"icon":{"type":"file","path":"img/insertMode.png"},"match":"begin new line during insert mode 挿入モード - テキストを挿入/追加 Ctrl+j"},{"title":"挿入モード中にその行を（右に）字下げ","subtitle":"挿入モード - テキストを挿入/追加 ⎯  Ctrl+t","arg":["keystroke \"t\" using control down","挿入モード中にその行を（右に）字下げ","Ctrl+t"],"icon":{"type":"file","path":"img/insertMode.png"},"match":"indent  line one shiftwidth during insert mode 挿入モード - テキストを挿入/追加 Ctrl+t"},{"title":"挿入モード中にその行を（左に）字上げ","subtitle":"挿入モード - テキストを挿入/追加 ⎯  Ctrl+d","arg":["keystroke \"d\" using control down","挿入モード中にその行を（左に）字上げ","Ctrl+d"],"icon":{"type":"file","path":"img/insertMode.png"},"match":"de-indent  line one shiftwidth during insert mode 挿入モード - テキストを挿入/追加 Ctrl+d"},{"title":"挿入モード中にカーソルの手前側へ次の候補を挿入（自動補完）","subtitle":"挿入モード - テキストを挿入/追加 ⎯  Ctrl+n","arg":["keystroke \"n\" using control down","挿入モード中にカーソルの手前側へ次の候補を挿入（自動補完）","Ctrl+n"],"icon":{"type":"file","path":"img/insertMode.png"},"match":"insert  next match before the cursor during insert mode 挿入モード - テキストを挿入/追加 Ctrl+n"},{"title":"挿入モード中にカーソルの後ろ側へ前の候補を挿入（自動補完）","subtitle":"挿入モード - テキストを挿入/追加 ⎯  Ctrl+p","arg":["keystroke \"p\" using control down","挿入モード中にカーソルの後ろ側へ前の候補を挿入（自動補完）","Ctrl+p"],"icon":{"type":"file","path":"img/insertMode.png"},"match":"insert  previous match before the cursor during insert mode 挿入モード - テキストを挿入/追加 Ctrl+p"},{"title":"レジスタxの内容を挿入","subtitle":"挿入モード - テキストを挿入/追加 ⎯  Ctrl+r x","arg":["keystroke \"r\" using control down//keystroke \"x\"","レジスタxの内容を挿入","Ctrl+r x"],"icon":{"type":"file","path":"img/insertMode.png"},"match":"insert the contents of register x 挿入モード - テキストを挿入/追加 Ctrl+r x"},{"title":"挿入モードからノーマルモードに一時的に移動してコマンドxを実行","subtitle":"挿入モード - テキストを挿入/追加 ⎯  Ctrl+o x","arg":["keystroke \"o\" using control down//keystroke \"x\"","挿入モードからノーマルモードに一時的に移動してコマンドxを実行","Ctrl+o x"],"icon":{"type":"file","path":"img/insertMode.png"},"match":"Temporarily enter normal mode to issue one normal-mode command x. 挿入モード - テキストを挿入/追加 Ctrl+o x"},{"title":"挿入モードを終了","subtitle":"挿入モード - テキストを挿入/追加 ⎯  Esc","arg":["key code 53","挿入モードを終了","Esc"],"icon":{"type":"file","path":"img/insertMode.png"},"match":"exit insert mode 挿入モード - テキストを挿入/追加 Esc"},{"title":"文字を 1 つだけ置き換え","subtitle":"編集 ⎯  r","arg":["key code 53//keystroke \"r\"","文字を 1 つだけ置き換え","r"],"icon":{"type":"file","path":"img/editing.png"},"match":"replace a single character. 編集 r"},{"title":"Escが押されるまで1つ以上の文字を置き換え","subtitle":"編集 ⎯  R","arg":["key code 53//keystroke \"R\"","ESCが押されるまで1つ以上の文字を置き換え","R"],"icon":{"type":"file","path":"img/editing.png"},"match":"replace more than one character, until ESC is pressed. 編集 R"},{"title":"スペースを 1 つ加えて下の行を現在の行に連結","subtitle":"編集 ⎯  J","arg":["key code 53//keystroke \"J\"","スペースを 1 つ加えて下の行を現在の行に連結","J"],"icon":{"type":"file","path":"img/editing.png"},"match":"join line below to the current one with one space in between 編集 J"},{"title":"スペースなしで現在の行に下の行を連結","subtitle":"編集 ⎯  gJ","arg":["key code 53//keystroke \"gJ\"","スペースなしで現在の行に下の行を連結","gJ"],"icon":{"type":"file","path":"img/editing.png"},"match":"join line below to the current one without space in between 編集 gJ"},{"title":"段落をすべて連結","subtitle":"編集 ⎯  gwip","arg":["key code 53//keystroke \"gwip\"","段落をすべて連結","gwip"],"icon":{"type":"file","path":"img/editing.png"},"match":"reflow paragraph 編集 gwip"},{"title":"モーション範囲の大文字小文字を切り替え","subtitle":"編集 ⎯  g~","arg":["key code 53//keystroke \"g~\"","モーション範囲の大文字小文字を切り替え","g~"],"icon":{"type":"file","path":"img/editing.png"},"match":"switch case up to motion 編集 g~"},{"title":"モーション範囲を小文字に","subtitle":"編集 ⎯  gu","arg":["key code 53//keystroke \"gu\"","モーション範囲を小文字に","gu"],"icon":{"type":"file","path":"img/editing.png"},"match":"change to lowercase up to motion 編集 gu"},{"title":"モーション範囲を大文字に","subtitle":"編集 ⎯  gU","arg":["key code 53//keystroke \"gU\"","モーション範囲を大文字に","gU"],"icon":{"type":"file","path":"img/editing.png"},"match":"change to uppercase up to motion 編集 gU"},{"title":"現在の行を消去して挿入モード","subtitle":"編集 ⎯  cc","arg":["key code 53//keystroke \"cc\"","現在の行を消去して挿入モード","cc"],"icon":{"type":"file","path":"img/editing.png"},"match":"change  entire line 編集 cc"},{"title":"カーソル位置から行末までを消去して挿入モード","subtitle":"編集 ⎯  c$ or C","arg":["key code 53//keystroke \"g$\"","カーソル位置から行末までを消去して挿入モード","c$ or C"],"icon":{"type":"file","path":"img/editing.png"},"match":"change  to the end of the line 編集 c$ or C"},{"title":"単語を全て消去して挿入モード","subtitle":"編集 ⎯  ciw","arg":["key code 53//keystroke \"ciw\"","単語を全て消去して挿入モード","ciw"],"icon":{"type":"file","path":"img/editing.png"},"match":"change  entire word 編集 ciw"},{"title":"単語をカーソル位置から末尾まで消去して挿入モード","subtitle":"編集 ⎯  cw or ce","arg":["key code 53//keystroke \"cw\"","単語をカーソル位置から末尾まで消去して挿入モード","cw or ce"],"icon":{"type":"file","path":"img/editing.png"},"match":"change  to the end of the word 編集 cw or ce"},{"title":"カーソル位置の文字を消去して挿入モード","subtitle":"編集 ⎯  s","arg":["key code 53//keystroke \"s\"","カーソル位置の文字を消去して挿入モード","s"],"icon":{"type":"file","path":"img/editing.png"},"match":"delete character and substitute text 編集 s"},{"title":"現在の行を消去して挿入モード（ccと同じ）","subtitle":"編集 ⎯  S","arg":["key code 53//keystroke \"S\"","現在の行を消去して挿入モード（ccと同じ）","S"],"icon":{"type":"file","path":"img/editing.png"},"match":"delete line and substitute text  編集 S"},{"title":"二文字の入れ替え（カットしてペースト）","subtitle":"編集 ⎯  xp","arg":["key code 53//keystroke \"xp\"","二文字の入れ替え（カットしてペースト）","xp"],"icon":{"type":"file","path":"img/editing.png"},"match":"transpose two letters  編集 xp"},{"title":"取り消し（アンドゥ）","subtitle":"編集 ⎯  u","arg":["key code 53//keystroke \"u\"","取り消し（アンドゥ）","u"],"icon":{"type":"file","path":"img/editing.png"},"match":"undo 編集 u"},{"title":"最後に変更した行を取り消し（アンドゥ）","subtitle":"編集 ⎯  U","arg":["key code 53//keystroke \"U\"","最後に変更した行を取り消し（アンドゥ）","U"],"icon":{"type":"file","path":"img/editing.png"},"match":"restore  last changed line 編集 U"},{"title":"やり直し（リドゥ）","subtitle":"編集 ⎯  Ctrl+r","arg":["key code 53//keystroke \"r\" using control down","やり直し（リドゥ）","Ctrl+r"],"icon":{"type":"file","path":"img/editing.png"},"match":"redo 編集 Ctrl+r"},{"title":"最後に使ったコマンドを繰り返し","subtitle":"編集 ⎯  .","arg":["key code 53//keystroke \".\"","最後に使ったコマンドを繰り返し","."],"icon":{"type":"file","path":"img/editing.png"},"match":"repeat last command 編集 ."},{"title":"ビジュアルモード開始。これで選択してからコマンド（y - ヤンクなど）を実行","subtitle":"テキスト選択（ビジュアルモード） ⎯  v","arg":["key code 53//keystroke \"v\"","ビジュアルモード開始。これで選択してからコマンド（Y - ヤンクなど）を実行","v"],"icon":{"type":"file","path":"img/markingText.png"},"match":"start visual mode, mark lines, then do a command  テキスト選択（ビジュアルモード） v"},{"title":"行単位のビジュアルモード","subtitle":"テキスト選択（ビジュアルモード） ⎯  V","arg":["key code 53//keystroke \"V\"","行単位のビジュアルモード","V"],"icon":{"type":"file","path":"img/markingText.png"},"match":"start linewise visual mode テキスト選択（ビジュアルモード） V"},{"title":"選択範囲の反対側に移動","subtitle":"テキスト選択（ビジュアルモード） ⎯  o","arg":["key code 53//keystroke \"o\"","選択範囲の反対側に移動","o"],"icon":{"type":"file","path":"img/markingText.png"},"match":"move to other end of marked area テキスト選択（ビジュアルモード） o"},{"title":"矩形ビジュアル","subtitle":"テキスト選択（ビジュアルモード） ⎯  Ctrl+v","arg":["key code 53//keystroke \"v\" using control down","矩形ビジュアル","Ctrl+v"],"icon":{"type":"file","path":"img/markingText.png"},"match":"start visual block mode テキスト選択（ビジュアルモード） Ctrl+v"},{"title":"矩形の反対側の角に移動","subtitle":"テキスト選択（ビジュアルモード） ⎯  O","arg":["key code 53//keystroke \"O\"","矩形の反対側の角に移動","O"],"icon":{"type":"file","path":"img/markingText.png"},"match":"move to other corner of block テキスト選択（ビジュアルモード） O"},{"title":"単語を選択","subtitle":"テキスト選択（ビジュアルモード） ⎯  aw","arg":["key code 53//keystroke \"aw\"","単語を選択","aw"],"icon":{"type":"file","path":"img/markingText.png"},"match":"mark a word テキスト選択（ビジュアルモード） aw"},{"title":"() のブロックを選択","subtitle":"テキスト選択（ビジュアルモード） ⎯  ab","arg":["key code 53//keystroke \"ab\"","() のブロックを選択","ab"],"icon":{"type":"file","path":"img/markingText.png"},"match":"a block with () テキスト選択（ビジュアルモード） ab"},{"title":"{} のブロックを選択","subtitle":"テキスト選択（ビジュアルモード） ⎯  aB","arg":["key code 53//keystroke \"aB\"","{} のブロックを選択","aB"],"icon":{"type":"file","path":"img/markingText.png"},"match":"a block with {} テキスト選択（ビジュアルモード） aB"},{"title":"<> タグのブロックを選択","subtitle":"テキスト選択（ビジュアルモード） ⎯  at","arg":["key code 53//keystroke \"at\"","<> タグのブロックを選択","at"],"icon":{"type":"file","path":"img/markingText.png"},"match":"a block with <> tags テキスト選択（ビジュアルモード） at"},{"title":"() ブロックの括弧を除いた内側を選択","subtitle":"テキスト選択（ビジュアルモード） ⎯  ib","arg":["key code 53//keystroke \"ib\"","() ブロックの括弧を除いた内側を選択","ib"],"icon":{"type":"file","path":"img/markingText.png"},"match":"inner block with () テキスト選択（ビジュアルモード） ib"},{"title":"{} ブロックの括弧を除いた内側を選択","subtitle":"テキスト選択（ビジュアルモード） ⎯  iB","arg":["key code 53//keystroke \"iB\"","{} ブロックの括弧を除いた内側を選択","iB"],"icon":{"type":"file","path":"img/markingText.png"},"match":"inner block with {} テキスト選択（ビジュアルモード） iB"},{"title":"<> タグのブロックの括弧を除いた内側を選択","subtitle":"テキスト選択（ビジュアルモード） ⎯  it","arg":["key code 53//keystroke \"it\"","<> タグのブロックの括弧を除いた内側を選択","it"],"icon":{"type":"file","path":"img/markingText.png"},"match":"inner block with <> tags テキスト選択（ビジュアルモード） it"},{"title":"ビジュアルモード終了","subtitle":"テキスト選択（ビジュアルモード） ⎯  Esc","arg":["key code 53//key code 53","ビジュアルモード終了","Esc"],"icon":{"type":"file","path":"img/markingText.png"},"match":"exit visual mode テキスト選択（ビジュアルモード） Esc"},{"title":"選択範囲を右に","subtitle":"ビジュアルモードでのコマンド (Reference only) ⎯  >","arg":["keystroke \">\"","選択範囲を右に",">"],"icon":{"type":"file","path":"img/visualCommands.png"},"match":"shift text right ビジュアルモードでのコマンド >"},{"title":"選択範囲を左に","subtitle":"ビジュアルモードでのコマンド (Reference only) ⎯  <","arg":["keystroke \"<\"","選択範囲を左に","<"],"icon":{"type":"file","path":"img/visualCommands.png"},"match":"shift text left ビジュアルモードでのコマンド <"},{"title":"選択範囲をヤンク（コピー）","subtitle":"ビジュアルモードでのコマンド (Reference only) ⎯  y","arg":["keystroke \"y\"","選択範囲をヤンク（コピー）","y"],"icon":{"type":"file","path":"img/visualCommands.png"},"match":"yank  marked text ビジュアルモードでのコマンド y"},{"title":"選択範囲を消去","subtitle":"ビジュアルモードでのコマンド (Reference only) ⎯  d","arg":["keystroke \"d\"","選択範囲を消去","d"],"icon":{"type":"file","path":"img/visualCommands.png"},"match":"delete marked text ビジュアルモードでのコマンド d"},{"title":"大文字と小文字を入れ替え","subtitle":"ビジュアルモードでのコマンド (Reference only) ⎯  ~","arg":["keystroke \"~\"","大文字と小文字を入れ替え","~"],"icon":{"type":"file","path":"img/visualCommands.png"},"match":"switch case ビジュアルモードでのコマンド ~"},{"title":"選択範囲を小文字に","subtitle":"ビジュアルモードでのコマンド (Reference only) ⎯  u","arg":["keystroke \"u\"","選択範囲を小文字に","u"],"icon":{"type":"file","path":"img/visualCommands.png"},"match":"change marked text to lowercase ビジュアルモードでのコマンド u"},{"title":"選択範囲を大文字に","subtitle":"ビジュアルモードでのコマンド (Reference only) ⎯  U","arg":["keystroke \"U\"","選択範囲を大文字に","U"],"icon":{"type":"file","path":"img/visualCommands.png"},"match":"change marked text to uppercase ビジュアルモードでのコマンド U"},{"title":"レジスタの内容を表示","subtitle":"レジスタ ⎯  :reg[isters]","arg":["key code 53//keystroke \":reg\" & return","レジスタの内容を表示",":reg[isters]"],"icon":{"type":"file","path":"img/registers.png"},"match":"show registers content レジスタ :reg[isters]"},{"title":"レジスタ x へヤンク","subtitle":"レジスタ ⎯  xy","arg":["key code 53//keystroke \"xy\"","レジスタ x へヤンク","xy"],"icon":{"type":"file","path":"img/registers.png"},"match":"yank into register x レジスタ xy"},{"title":"レジスタ x からペースト","subtitle":"レジスタ ⎯  xp","arg":["key code 53//keystroke \"xp\"","レジスタ x からペースト","xp"],"icon":{"type":"file","path":"img/registers.png"},"match":"paste contents of register x レジスタ xp"},{"title":"システムクリップボードレジスタへヤンク","subtitle":"レジスタ ⎯  +y","arg":["key code 53//keystroke \"+y\"","システムクリップボードレジスタへヤンク","+y"],"icon":{"type":"file","path":"img/registers.png"},"match":"yank into the system clipboard register レジスタ +y"},{"title":"システムクリップボードレジスタからペースト","subtitle":"レジスタ ⎯  +p","arg":["key code 53//keystroke \"+p\"","システムクリップボードレジスタからペースト","+p"],"icon":{"type":"file","path":"img/registers.png"},"match":"paste from the system clipboard register レジスタ +p"},{"title":"現在の位置をマーク「a」に設定","subtitle":"マークと位置 ⎯  ma","arg":["key code 53//keystroke \"ma\"","現在の位置をマーク「a」に設定","ma"],"icon":{"type":"file","path":"img/marks.png"},"match":"set current position for mark A マークと位置 ma"},{"title":"マーク「a」に移動","subtitle":"マークと位置 ⎯  `a","arg":["key code 53//keystroke \"`a\"","マーク「a」に移動","`a"],"icon":{"type":"file","path":"img/marks.png"},"match":"jump to position of mark A マークと位置 `a"},{"title":"マーク「a」の位置をヤンク","subtitle":"マークと位置 ⎯  y`a","arg":["key code 53//keystroke \"y`a\"","マーク「a」の位置をヤンク","y`a"],"icon":{"type":"file","path":"img/marks.png"},"match":"yank text to position of mark A マークと位置 y`a"},{"title":"Vim が以前終了したときの位置に移動","subtitle":"マークと位置 ⎯  `0","arg":["key code 53//keystroke \"`0\"","Vim が以前終了したときの位置に移動","`0"],"icon":{"type":"file","path":"img/marks.png"},"match":"go to the position where Vim was previously exited マークと位置 `0"},{"title":"このファイルを最後に編集した位置に移動","subtitle":"マークと位置 ⎯  `\"","arg":["key code 53//keystroke \"`\\\"\"","このファイルを最後に編集した位置に移動","`\""],"icon":{"type":"file","path":"img/marks.png"},"match":"go to the position when last editing this file マークと位置 `\""},{"title":"このファイルの最後の変更に移動","subtitle":"マークと位置 ⎯  `.","arg":["key code 53//keystroke \"`.\"","このファイルの最後の変更に移動","`."],"icon":{"type":"file","path":"img/marks.png"},"match":"go to the position of the last change in this file マークと位置 `."},{"title":"最後にジャンプした位置の手前に移動","subtitle":"マークと位置 ⎯  ``","arg":["key code 53//keystroke \"``\"","最後にジャンプした位置の手前に移動","``"],"icon":{"type":"file","path":"img/marks.png"},"match":"go to the position before the last jump マークと位置 ``"},{"title":"ジャンプのリスト","subtitle":"マークと位置 ⎯  :ju[mps]","arg":["key code 53//keystroke \":ju\" & return","ジャンプのリスト",":ju[mps]"],"icon":{"type":"file","path":"img/marks.png"},"match":"list of jumps マークと位置 :ju[mps]"},{"title":"ジャンプリスト内の新しい方の位置に移動","subtitle":"マークと位置 ⎯  Ctrl+i","arg":["key code 53//keystroke \"i\" using control down","ジャンプリスト内の新しい方の位置に移動","Ctrl+i"],"icon":{"type":"file","path":"img/marks.png"},"match":"go to newer position in jump list マークと位置 Ctrl+i"},{"title":"ジャンプリスト内の古い方の位置に移動","subtitle":"マークと位置 ⎯  Ctrl+o","arg":["key code 53//keystroke \"o\" using control down","ジャンプリスト内の古い方の位置に移動","Ctrl+o"],"icon":{"type":"file","path":"img/marks.png"},"match":"go to older position in jump list マークと位置 Ctrl+o"},{"title":"変更リスト","subtitle":"マークと位置 ⎯  :changes","arg":["key code 53//keystroke \":changes\" & return","変更リスト",":changes"],"icon":{"type":"file","path":"img/marks.png"},"match":"list of changes マークと位置 :changes"},{"title":"変更リスト内の新しい方の位置に移動","subtitle":"マークと位置 ⎯  g,","arg":["key code 53//keystroke \"g,\"","変更リスト内の新しい方の位置に移動","g,"],"icon":{"type":"file","path":"img/marks.png"},"match":"go to newer position in change list マークと位置 g,"},{"title":"変更リスト内の古い方の位置に移動","subtitle":"マークと位置 ⎯  g;","arg":["key code 53//keystroke \"g;\"","変更リスト内の古い方の位置に移動","g;"],"icon":{"type":"file","path":"img/marks.png"},"match":"go to older position in change list マークと位置 g;"},{"title":"カーソル下の単語のタグへ移動","subtitle":"マークと位置 ⎯  Ctrl+]","arg":["key code 53//keystroke \"]\" using control down","カーソル下の単語のタグへ移動","Ctrl+]"],"icon":{"type":"file","path":"img/marks.png"},"match":"jump to the tag under cursor マークと位置 Ctrl+]"},{"title":"Go to file in cursor","subtitle":"マークと位置 ⎯  gf","arg":["key code 53//keystroke \"gf\"","Go to file in cursor","gf"],"icon":{"type":"file","path":"img/marks.png"},"match":"Go to file in cursor マークと位置 gf"},{"title":"マクロ「a」を記録開始","subtitle":"マクロ ⎯  qa","arg":["key code 53//keystroke \"qa\"","マクロ「a」を記録開始","qa"],"icon":{"type":"file","path":"img/macros.png"},"match":"record macro a マクロ qa"},{"title":"マクロの記録を停止","subtitle":"マクロ ⎯  q","arg":["key code 53//keystroke \"q\"","マクロの記録を停止","q"],"icon":{"type":"file","path":"img/macros.png"},"match":"stop recording macro マクロ q"},{"title":"マクロ「a」を実行","subtitle":"マクロ ⎯  @a","arg":["key code 53//keystroke \"@a\"","マクロ「a」を実行","@a"],"icon":{"type":"file","path":"img/macros.png"},"match":"run macro a マクロ @a"},{"title":"最後に実行したマクロを再実行","subtitle":"マクロ ⎯  @@","arg":["key code 53//keystroke \"@@\"","最後に実行したマクロを再実行","@@"],"icon":{"type":"file","path":"img/macros.png"},"match":"rerun last run macro マクロ @@"},{"title":"行をヤンク（コピー）","subtitle":"カットとペースト ⎯  yy","arg":["key code 53//keystroke \"yy\"","行をヤンク（コピー）","yy"],"icon":{"type":"file","path":"img/cutAndPaste.png"},"match":"yank  a line カットとペースト yy"},{"title":"2 行をヤンク（コピー）","subtitle":"カットとペースト ⎯  2yy","arg":["key code 53//keystroke \"2yy\"","2 行をヤンク（コピー）","2yy"],"icon":{"type":"file","path":"img/cutAndPaste.png"},"match":"yank  2 lines カットとペースト 2yy"},{"title":"次の単語の始まりまでをヤンク（コピー）","subtitle":"カットとペースト ⎯  yw","arg":["key code 53//keystroke \"yw\"","次の単語の始まりまでをヤンク（コピー）","yw"],"icon":{"type":"file","path":"img/cutAndPaste.png"},"match":"yank  the characters of the word from the cursor position to the start of the next word カットとペースト yw"},{"title":"その単語全体をヤンク（コピー）","subtitle":"カットとペースト ⎯  yiw","arg":["key code 53//keystroke \"yiw\"","その単語全体をヤンク（コピー）","yiw"],"icon":{"type":"file","path":"img/cutAndPaste.png"},"match":"yank  word under the cursor カットとペースト yiw"},{"title":"その単語全体と前後のスペースをヤンク（コピー）","subtitle":"カットとペースト ⎯  yaw","arg":["key code 53//keystroke \"yaw\"","その単語全体と前後のスペースをヤンク（コピー）","yaw"],"icon":{"type":"file","path":"img/cutAndPaste.png"},"match":"yank  word under the cursor and the space after or before it カットとペースト yaw"},{"title":"行末までヤンク","subtitle":"カットとペースト ⎯  y$","arg":["key code 53//keystroke \"y$\"","行末までヤンク","y$"],"icon":{"type":"file","path":"img/cutAndPaste.png"},"match":"yank  to end of line カットとペースト y$"},{"title":"カーソル位置の 1 つ後ろにペースト","subtitle":"カットとペースト ⎯  p","arg":["key code 53//keystroke \"p\"","カーソル位置の 1 つ後ろにペースト","p"],"icon":{"type":"file","path":"img/cutAndPaste.png"},"match":"put  the clipboard after cursor カットとペースト p"},{"title":"カーソル位置の手前にペースト","subtitle":"カットとペースト ⎯  P","arg":["key code 53//keystroke \"P\"","カーソル位置の手前にペースト","P"],"icon":{"type":"file","path":"img/cutAndPaste.png"},"match":"put  before cursor カットとペースト P"},{"title":"カーソルの位置の後にペーストしてカーソル位置を新たなテキストの後に","subtitle":"カットとペースト ⎯  gp","arg":["key code 53//keystroke \"gp\"","カーソルの位置の後にペーストしてカーソル位置を新たなテキストの後に","gp"],"icon":{"type":"file","path":"img/cutAndPaste.png"},"match":"put  the clipboard after cursor and leave cursor after the new text カットとペースト gp"},{"title":"カーソルの位置の前にペーストしてカーソル位置を新たなテキストの後に","subtitle":"カットとペースト ⎯  gP","arg":["key code 53//keystroke \"gP\"","カーソルの位置の前にペーストしてカーソル位置を新たなテキストの後に","gP"],"icon":{"type":"file","path":"img/cutAndPaste.png"},"match":"put  before cursor and leave cursor after the new text カットとペースト gP"},{"title":"行を消去（カット）","subtitle":"カットとペースト ⎯  dd","arg":["key code 53//keystroke \"dd\"","行を消去（カット）","dd"],"icon":{"type":"file","path":"img/cutAndPaste.png"},"match":"delete  a line カットとペースト dd"},{"title":"2 行を消去（カット）","subtitle":"カットとペースト ⎯  2dd","arg":["key code 53//keystroke \"2dd\"","2 行を消去（カット）","2dd"],"icon":{"type":"file","path":"img/cutAndPaste.png"},"match":"delete  2 lines カットとペースト 2dd"},{"title":"次の単語の始まりまでを消去（カット）","subtitle":"カットとペースト ⎯  dw","arg":["key code 53//keystroke \"dw\"","次の単語の始まりまでを消去（カット）","dw"],"icon":{"type":"file","path":"img/cutAndPaste.png"},"match":"delete  the characters of the word from the cursor position to the start of the next word カットとペースト dw"},{"title":"その単語全体を消去（カット）","subtitle":"カットとペースト ⎯  diw","arg":["key code 53//keystroke \"diw\"","その単語全体を消去（カット）","diw"],"icon":{"type":"file","path":"img/cutAndPaste.png"},"match":"delete  word under the cursor カットとペースト diw"},{"title":"その単語全体と前後のスペースを消去（カット）","subtitle":"カットとペースト ⎯  daw","arg":["key code 53//keystroke \"daw\"","その単語全体と前後のスペースを消去（カット）","daw"],"icon":{"type":"file","path":"img/cutAndPaste.png"},"match":"delete  word under the cursor and the space after or before it カットとペースト daw"},{"title":"行末まで消去（カット）（dと同じ）","subtitle":"カットとペースト ⎯  d$ or D","arg":["key code 53//keystroke \"d$\"","行末まで消去（カット）（Dと同じ）","d$ or D"],"icon":{"type":"file","path":"img/cutAndPaste.png"},"match":"delete  to the end of the line カットとペースト d$ or D"},{"title":"文字を 1 つ消去（カット）","subtitle":"カットとペースト ⎯  x","arg":["key code 53//keystroke \"x\"","文字を 1 つ消去（カット）","x"],"icon":{"type":"file","path":"img/cutAndPaste.png"},"match":"delete  character カットとペースト x"},{"title":"その行を（右に）字下げ","subtitle":"テキストインデント ⎯  >>","arg":["key code 53//keystroke \">>\"","その行を（右に）字下げ",">>"],"icon":{"type":"file","path":"img/indentText.png"},"match":"indent  line one shiftwidth テキストインデント >>"},{"title":"その行を（左に）字上げ","subtitle":"テキストインデント ⎯  <<","arg":["key code 53//keystroke \"<<\"","その行を（左に）字上げ","<<"],"icon":{"type":"file","path":"img/indentText.png"},"match":"de-indent  line one shiftwidth テキストインデント <<"},{"title":"() や {} のブロックを字下げ（カーソルが括弧にあるとき)","subtitle":"テキストインデント ⎯  >%","arg":["key code 53//keystroke \">%\"","() や {} のブロックを字下げ（カーソルが括弧にあるとき)",">%"],"icon":{"type":"file","path":"img/indentText.png"},"match":"indent a block with () or {}  テキストインデント >%"},{"title":"() のブロックの内側を字下げ","subtitle":"テキストインデント ⎯  >ib","arg":["key code 53//keystroke \">ib\"","() のブロックの内側を字下げ",">ib"],"icon":{"type":"file","path":"img/indentText.png"},"match":"indent inner block with () テキストインデント >ib"},{"title":"<> タグのブロックを字下げ","subtitle":"テキストインデント ⎯  >at","arg":["key code 53//keystroke \">at\"","<> タグのブロックを字下げ",">at"],"icon":{"type":"file","path":"img/indentText.png"},"match":"indent a block with <> tags テキストインデント >at"},{"title":"3 行を再インデント","subtitle":"テキストインデント ⎯  3==","arg":["key code 53//keystroke \"3==\"","3 行を再インデント","3=="],"icon":{"type":"file","path":"img/indentText.png"},"match":"re-indent 3 lines テキストインデント 3=="},{"title":"() や {} のブロックを再字下げ（カーソルが括弧にあるとき)","subtitle":"テキストインデント ⎯  =%","arg":["key code 53//keystroke \"=%\"","() や {} のブロックを再字下げ（カーソルが括弧にあるとき)","=%"],"icon":{"type":"file","path":"img/indentText.png"},"match":"re-indent a block with () or {}  テキストインデント =%"},{"title":"","subtitle":"テキストインデント ⎯  =iB","arg":["key code 53//keystroke \"iB\"",null,"=iB"],"icon":{"type":"file","path":"img/indentText.png"},"match":" テキストインデント =iB"},{"title":"バッファ全体を再字下げ","subtitle":"テキストインデント ⎯  gg=G","arg":["key code 53//keystroke \"gg=G\"","バッファ全体を再字下げ","gg=G"],"icon":{"type":"file","path":"img/indentText.png"},"match":"re-indent entire buffer テキストインデント gg=G"},{"title":"ペーストして現在の行にインデントを揃える","subtitle":"テキストインデント ⎯  ]p","arg":["key code 53//keystroke \"]p\"","ペーストして現在の行にインデントを揃える","]p"],"icon":{"type":"file","path":"img/indentText.png"},"match":"paste and adjust indent to current line テキストインデント ]p"},{"title":"終了せずにファイルに書き込み（保存）","subtitle":"終了 ⎯  :w","arg":["key code 53//keystroke \":w\" & return","終了せずにファイルに書き込み（保存）",":w"],"icon":{"type":"file","path":"img/exiting.png"},"match":"write  the file, but don't exit 終了 :w"},{"title":"Sudo を使って現在のファイルに書き込み","subtitle":"終了 ⎯  :w !sudo tee %","arg":["key code 53//keystroke \":w !sudo tee %\"","sudo を使って現在のファイルに書き込み",":w !sudo tee %"],"icon":{"type":"file","path":"img/exiting.png"},"match":"write out the current file using sudo 終了 :w !sudo tee %"},{"title":"書き込み（保存）して終了","subtitle":"終了 ⎯  :wq or :x or ZZ","arg":["key code 53//keystroke \":wq\" & return","書き込み（保存）して終了",":wq or :x or ZZ"],"icon":{"type":"file","path":"img/exiting.png"},"match":"write  and quit 終了 :wq or :x or ZZ"},{"title":"終了（未保存の変更があると失敗する）","subtitle":"終了 ⎯  :q","arg":["key code 53//keystroke \":q\" & return","終了（未保存の変更があると失敗する）",":q"],"icon":{"type":"file","path":"img/exiting.png"},"match":"quit  終了 :q"},{"title":"未保存の変更を破棄して終了","subtitle":"終了 ⎯  :q! or ZQ","arg":["key code 53//keystroke \":q!\" & return","未保存の変更を破棄して終了",":q! or ZQ"],"icon":{"type":"file","path":"img/exiting.png"},"match":"quit and throw away unsaved changes 終了 :q! or ZQ"},{"title":"全てのタブを書き込み（保存）して終了","subtitle":"終了 ⎯  :wqa","arg":["key code 53//keystroke \":wqa\" & return","全てのタブを書き込み（保存）して終了",":wqa"],"icon":{"type":"file","path":"img/exiting.png"},"match":"write  and quit on all tabs 終了 :wqa"},{"title":"Pattern のパターンを検索","subtitle":"検索と置換 ⎯  /pattern","arg":["key code 53//keystroke \"/pattern\"","pattern のパターンを検索","/pattern"],"icon":{"type":"file","path":"img/searchAndReplace.png"},"match":"search for pattern 検索と置換 /pattern"},{"title":"?pattern のパターンを逆方向に検索","subtitle":"検索と置換 ⎯  ?pattern","arg":["key code 53//keystroke \"?pattern\"","?pattern のパターンを逆方向に検索","?pattern"],"icon":{"type":"file","path":"img/searchAndReplace.png"},"match":"search backward for pattern 検索と置換 ?pattern"},{"title":"'very magic' パターン","subtitle":"検索と置換 ⎯  \\vpattern","arg":["key code 53//keystroke \"\\\\vpattern\"","'very magic' パターン","\\vpattern"],"icon":{"type":"file","path":"img/searchAndReplace.png"},"match":"'very magic' pattern 検索と置換 \\vpattern"},{"title":"順方向に再検索","subtitle":"検索と置換 ⎯  n","arg":["key code 53//keystroke \"n\"","順方向に再検索","n"],"icon":{"type":"file","path":"img/searchAndReplace.png"},"match":"repeat search in same direction 検索と置換 n"},{"title":"逆方向に再検索","subtitle":"検索と置換 ⎯  N","arg":["key code 53//keystroke \"N\"","逆方向に再検索","N"],"icon":{"type":"file","path":"img/searchAndReplace.png"},"match":"repeat search in opposite direction 検索と置換 N"},{"title":"すべての old を new に置換","subtitle":"検索と置換 ⎯  :%s/old/new/g","arg":["key code 53//keystroke \":%s/old/new/g\"","すべての old を new に置換",":%s/old/new/g"],"icon":{"type":"file","path":"img/searchAndReplace.png"},"match":"replace all old with new throughout file 検索と置換 :%s/old/new/g"},{"title":"すべての old を new に確認しながら置換","subtitle":"検索と置換 ⎯  :%s/old/new/gc","arg":["key code 53//keystroke \":%s/old/new/gc\"","すべての old を new に確認しながら置換",":%s/old/new/gc"],"icon":{"type":"file","path":"img/searchAndReplace.png"},"match":"replace all old with new throughout file with confirmations 検索と置換 :%s/old/new/gc"},{"title":"検索結果のハイライトを無効化","subtitle":"検索と置換 ⎯  :noh[lsearch]","arg":["key code 53//keystroke \":noh[lsearch]\"","検索結果のハイライトを無効化",":noh[lsearch]"],"icon":{"type":"file","path":"img/searchAndReplace.png"},"match":"remove highlighting of search matches 検索と置換 :noh[lsearch]"},{"title":"Next whole word under cursor","subtitle":"検索と置換 ⎯  *","arg":["key code 53//keystroke \"*\"","Next whole word under cursor","*"],"icon":{"type":"file","path":"img/searchAndReplace.png"},"match":"Next whole word under cursor 検索と置換 *"},{"title":"Previous whole word under cursor","subtitle":"検索と置換 ⎯  #","arg":["key code 53//keystroke \"#\"","Previous whole word under cursor","#"],"icon":{"type":"file","path":"img/searchAndReplace.png"},"match":"Previous whole word under cursor 検索と置換 #"},{"title":"複数ファイルで pattern を検索","subtitle":"複数ファイルを検索 ⎯  :vim[grep] /pattern/ file","arg":["key code 53//keystroke \":vim[grep]\"//key code 49//keystroke \"/pattern/\"//key code 49//keystroke \"file\"","複数ファイルで pattern を検索",":vim[grep] /pattern/ file"],"icon":{"type":"file","path":"img/searchMultipleFiles.png"},"match":"search for pattern in multiple files 複数ファイルを検索 :vim[grep] /pattern/ file"},{"title":"次の一致箇所に移動","subtitle":"複数ファイルを検索 ⎯  :cn[ext]","arg":["key code 53//keystroke \":cn\" & return","次の一致箇所に移動",":cn[ext]"],"icon":{"type":"file","path":"img/searchMultipleFiles.png"},"match":"jump to the next match 複数ファイルを検索 :cn[ext]"},{"title":"前の一致箇所に移動","subtitle":"複数ファイルを検索 ⎯  :cp[revious]","arg":["key code 53//keystroke \":cp\" & return","前の一致箇所に移動",":cp[revious]"],"icon":{"type":"file","path":"img/searchMultipleFiles.png"},"match":"jump to the previous match 複数ファイルを検索 :cp[revious]"},{"title":"一致箇所一覧のウインドウを開く","subtitle":"複数ファイルを検索 ⎯  :cope[n]","arg":["key code 53//keystroke \":cope\" & return","一致箇所一覧のウインドウを開く",":cope[n]"],"icon":{"type":"file","path":"img/searchMultipleFiles.png"},"match":"open a window containing the list of matches 複数ファイルを検索 :cope[n]"},{"title":"クイック修正ウインドウを閉じる","subtitle":"複数ファイルを検索 ⎯  :ccl[ose]","arg":["key code 53//keystroke \":ccl\" & return","クイック修正ウインドウを閉じる",":ccl[ose]"],"icon":{"type":"file","path":"img/searchMultipleFiles.png"},"match":"close the quickfix window 複数ファイルを検索 :ccl[ose]"},{"title":"","subtitle":"複数ファイルを検索 ⎯  colonWa","arg":["key code 53//keystroke \":wa\" & return",null,"colonWa"],"icon":{"type":"file","path":"img/searchMultipleFiles.png"},"match":" 複数ファイルを検索 colonWa"},{"title":"クイック修正ウインドウを閉じる","subtitle":"複数ファイルを検索 ⎯  :ccl[ose]","arg":["key code 53//keystroke \":ccl\" & return","クイック修正ウインドウを閉じる",":ccl[ose]"],"icon":{"type":"file","path":"img/searchMultipleFiles.png"},"match":"close the quickfix window 複数ファイルを検索 :ccl[ose]"},{"title":"ファイルを新しいタブで開く","subtitle":"タブ ⎯  :tabnew or :tabnew file","arg":["key code 53//keystroke \":tabnew\"//key code 49//keystroke \"file\" & return","ファイルを新しいタブで開く",":tabnew or :tabnew file"],"icon":{"type":"file","path":"img/tabs.png"},"match":"open a file in a new tab タブ :tabnew or :tabnew file"},{"title":"分割ウィンドウをそのタブに移動","subtitle":"タブ ⎯  Ctrl+wT","arg":["key code 53//keystroke \"w\" using control down//keystroke \"T\"","分割ウィンドウをそのタブに移動","Ctrl+wT"],"icon":{"type":"file","path":"img/tabs.png"},"match":"move the current split window into its own tab タブ Ctrl+wT"},{"title":"次のタブに移動","subtitle":"タブ ⎯  gt or :tabn[ext]","arg":["key code 53//keystroke \"gt\"","次のタブに移動","gt or :tabn[ext]"],"icon":{"type":"file","path":"img/tabs.png"},"match":"move to the next tab タブ gt or :tabn[ext]"},{"title":"前のタブに移動","subtitle":"タブ ⎯  gT or :tabp[revious]","arg":["key code 53//keystroke \"gT\"","前のタブに移動","gT or :tabp[revious]"],"icon":{"type":"file","path":"img/tabs.png"},"match":"move to the previous tab タブ gT or :tabp[revious]"},{"title":"# 番目のタブに移動","subtitle":"タブ ⎯  #gt","arg":["key code 53//keystroke \"#gt\"","# 番目のタブに移動","#gt"],"icon":{"type":"file","path":"img/tabs.png"},"match":"move to tab number # タブ #gt"},{"title":"現在のタブを # 番目に移動（0 始まり）","subtitle":"タブ ⎯  :tabm[ove]","arg":["key code 53//keystroke \":tabm\" & return","現在のタブを # 番目に移動（0 始まり）",":tabm[ove]"],"icon":{"type":"file","path":"img/tabs.png"},"match":"move current tab to the #th position  タブ :tabm[ove]"},{"title":"現在のタブを閉じる","subtitle":"タブ ⎯  :tabc[lose]","arg":["key code 53//keystroke \":tabc\" & return","現在のタブを閉じる",":tabc[lose]"],"icon":{"type":"file","path":"img/tabs.png"},"match":"close the current tab and all its windows タブ :tabc[lose]"},{"title":"現在以外のタブを閉じる","subtitle":"タブ ⎯  :tabo[nly]","arg":["key code 53//keystroke \":tabo\" & return","現在以外のタブを閉じる",":tabo[nly]"],"icon":{"type":"file","path":"img/tabs.png"},"match":"close all tabs except for the current one タブ :tabo[nly]"},{"title":"全てのタブで command を実行（例","subtitle":"タブ ⎯  :tabdo command","arg":["key code 53//keystroke \":tabdo\"//key code 49//keystroke \"command\"","全てのタブで command を実行（例",":tabdo command"],"icon":{"type":"file","path":"img/tabs.png"},"match":"run the command on all tabs  タブ :tabdo command"},{"title":"新しいバッファでファイルを編集","subtitle":"複数のファイルでの作業 ⎯  :e[dit] file","arg":["key code 53//keystroke \":e\"//key code 49//keystroke \"file\"","新しいバッファでファイルを編集",":e[dit] file"],"icon":{"type":"file","path":"img/workingWithMultipleFiles.png"},"match":"edit a file in a new buffer 複数のファイルでの作業 :e[dit] file"},{"title":"次のバッファに移動","subtitle":"複数のファイルでの作業 ⎯  :bn[ext]","arg":["key code 53//keystroke \":bn\" & return","次のバッファに移動",":bn[ext]"],"icon":{"type":"file","path":"img/workingWithMultipleFiles.png"},"match":"go to the next buffer 複数のファイルでの作業 :bn[ext]"},{"title":"前のバッファに移動","subtitle":"複数のファイルでの作業 ⎯  :bp[revious]","arg":["key code 53//keystroke \":bp\" & return","前のバッファに移動",":bp[revious]"],"icon":{"type":"file","path":"img/workingWithMultipleFiles.png"},"match":"go to the previous buffer 複数のファイルでの作業 :bp[revious]"},{"title":"バッファを消去（ファイルを閉じる）","subtitle":"複数のファイルでの作業 ⎯  :bd[elete]","arg":["key code 53//keystroke \":bd\" & return","バッファを消去（ファイルを閉じる）",":bd[elete]"],"icon":{"type":"file","path":"img/workingWithMultipleFiles.png"},"match":"delete a buffer  複数のファイルでの作業 :bd[elete]"},{"title":"# 番目のバッファに移動","subtitle":"複数のファイルでの作業 ⎯  :b[uffer]#","arg":["key code 53//keystroke \":b#\"","# 番目のバッファに移動",":b[uffer]#"],"icon":{"type":"file","path":"img/workingWithMultipleFiles.png"},"match":"go to a buffer by index # 複数のファイルでの作業 :b[uffer]#"},{"title":"File という名前のバッファに移動","subtitle":"複数のファイルでの作業 ⎯  :b[uffer] file","arg":["key code 53//keystroke \":b\"//key code 49//keystroke \"file\"","file という名前のバッファに移動",":b[uffer] file"],"icon":{"type":"file","path":"img/workingWithMultipleFiles.png"},"match":"go to a buffer by file 複数のファイルでの作業 :b[uffer] file"},{"title":"バッファのリストを開く","subtitle":"複数のファイルでの作業 ⎯  :ls or :buffers","arg":["key code 53//keystroke \":ls\" & return","バッファのリストを開く",":ls or :buffers"],"icon":{"type":"file","path":"img/workingWithMultipleFiles.png"},"match":"list all open buffers 複数のファイルでの作業 :ls or :buffers"},{"title":"新しいバッファの水平分割ウィンドウでファイルを開く","subtitle":"複数のファイルでの作業 ⎯  :sp[lit] file","arg":["key code 53//keystroke \":sp\"//key code 49//keystroke \"file\"","新しいバッファの水平分割ウィンドウでファイルを開く",":sp[lit] file"],"icon":{"type":"file","path":"img/workingWithMultipleFiles.png"},"match":"open a file in a new buffer and split window 複数のファイルでの作業 :sp[lit] file"},{"title":"新しいバッファの垂直分割ウィンドウでファイルを開く","subtitle":"複数のファイルでの作業 ⎯  :vs[plit] file","arg":["key code 53//keystroke \":vs\"//key code 49//keystroke \"file\"","新しいバッファの垂直分割ウィンドウでファイルを開く",":vs[plit] file"],"icon":{"type":"file","path":"img/workingWithMultipleFiles.png"},"match":"open a file in a new buffer and vertically split window 複数のファイルでの作業 :vs[plit] file"},{"title":"全てのバッファを垂直分割ウインドウにして編集","subtitle":"複数のファイルでの作業 ⎯  :vert[ical] ba[ll]","arg":["key code 53//keystroke \":vert\"//key code 49//keystroke \"ba\" & return","全てのバッファを垂直分割ウインドウにして編集",":vert[ical] ba[ll]"],"icon":{"type":"file","path":"img/workingWithMultipleFiles.png"},"match":"edit all buffers as vertical windows 複数のファイルでの作業 :vert[ical] ba[ll]"},{"title":"全てのバッファをタブにして編集","subtitle":"複数のファイルでの作業 ⎯  :tab ba[ll]","arg":["key code 53//keystroke \":tab\"//key code 49//keystroke \"ba\" & return","全てのバッファをタブにして編集",":tab ba[ll]"],"icon":{"type":"file","path":"img/workingWithMultipleFiles.png"},"match":"edit all buffers as tabs 複数のファイルでの作業 :tab ba[ll]"},{"title":"ウィンドウ分割","subtitle":"複数のファイルでの作業 ⎯  Ctrl+w s","arg":["key code 53//keystroke \"w\" using control down//keystroke \"s\"","ウィンドウ分割","Ctrl+w s"],"icon":{"type":"file","path":"img/workingWithMultipleFiles.png"},"match":"split window 複数のファイルでの作業 Ctrl+w s"},{"title":"ウィンドウ垂直分割","subtitle":"複数のファイルでの作業 ⎯  Ctrl+w v","arg":["key code 53//keystroke \"w\" using control down//keystroke \"v\"","ウィンドウ垂直分割","Ctrl+w v"],"icon":{"type":"file","path":"img/workingWithMultipleFiles.png"},"match":"split window vertically 複数のファイルでの作業 Ctrl+w v"},{"title":"ウィンドウ切り替え","subtitle":"複数のファイルでの作業 ⎯  Ctrl+w w","arg":["key code 53//keystroke \"w\" using control down//keystroke \"w\"","ウィンドウ切り替え","Ctrl+w w"],"icon":{"type":"file","path":"img/workingWithMultipleFiles.png"},"match":"switch windows 複数のファイルでの作業 Ctrl+w w"},{"title":"ウィンドウ終了","subtitle":"複数のファイルでの作業 ⎯  Ctrl+w q","arg":["key code 53//keystroke \"w\" using control down//keystroke \"q\"","ウィンドウ終了","Ctrl+w q"],"icon":{"type":"file","path":"img/workingWithMultipleFiles.png"},"match":"quit a window 複数のファイルでの作業 Ctrl+w q"},{"title":"現在のウインドウを次のウインドウと入れ替え","subtitle":"複数のファイルでの作業 ⎯  Ctrl+w x","arg":["key code 53//keystroke \"w\" using control down//keystroke \"x\"","現在のウインドウを次のウインドウと入れ替え","Ctrl+w x"],"icon":{"type":"file","path":"img/workingWithMultipleFiles.png"},"match":"exchange current window with next one 複数のファイルでの作業 Ctrl+w x"},{"title":"全てのウインドウを同じ高さと幅に","subtitle":"複数のファイルでの作業 ⎯  Ctrl+w =","arg":["key code 53//keystroke \"w\" using control down//keystroke \"=\"","全てのウインドウを同じ高さと幅に","Ctrl+w ="],"icon":{"type":"file","path":"img/workingWithMultipleFiles.png"},"match":"make all windows equal height & width 複数のファイルでの作業 Ctrl+w ="},{"title":"右のウィンドウ（垂直分割）にカーソル移動","subtitle":"複数のファイルでの作業 ⎯  Ctrl+w h","arg":["key code 53//keystroke \"w\" using control down//keystroke \"h\"","右のウィンドウ（垂直分割）にカーソル移動","Ctrl+w h"],"icon":{"type":"file","path":"img/workingWithMultipleFiles.png"},"match":"move cursor to the left window  複数のファイルでの作業 Ctrl+w h"},{"title":"左のウィンドウ（垂直分割）にカーソル移動","subtitle":"複数のファイルでの作業 ⎯  Ctrl+w l","arg":["key code 53//keystroke \"w\" using control down//keystroke \"l\"","左のウィンドウ（垂直分割）にカーソル移動","Ctrl+w l"],"icon":{"type":"file","path":"img/workingWithMultipleFiles.png"},"match":"move cursor to the right window  複数のファイルでの作業 Ctrl+w l"},{"title":"下のウィンドウ（水平分割）にカーソル移動","subtitle":"複数のファイルでの作業 ⎯  Ctrl+w j","arg":["key code 53//keystroke \"w\" using control down//keystroke \"j\"","下のウィンドウ（水平分割）にカーソル移動","Ctrl+w j"],"icon":{"type":"file","path":"img/workingWithMultipleFiles.png"},"match":"move cursor to the window below  複数のファイルでの作業 Ctrl+w j"},{"title":"上のウィンドウ（水平分割）にカーソル移動","subtitle":"複数のファイルでの作業 ⎯  Ctrl+w k","arg":["key code 53//keystroke \"w\" using control down//keystroke \"k\"","上のウィンドウ（水平分割）にカーソル移動","Ctrl+w k"],"icon":{"type":"file","path":"img/workingWithMultipleFiles.png"},"match":"move cursor to the window above  複数のファイルでの作業 Ctrl+w k"},{"title":"現在のウィンドウの高さを最大化して最も左側に移動","subtitle":"複数のファイルでの作業 ⎯  Ctrl+w H","arg":["key code 53//keystroke \"w\" using control down//keystroke \"H\"","現在のウィンドウの高さを最大化して最も左側に移動","Ctrl+w H"],"icon":{"type":"file","path":"img/workingWithMultipleFiles.png"},"match":"make current window full height at far left  複数のファイルでの作業 Ctrl+w H"},{"title":"現在のウィンドウの高さを最大化して最も右側に移動","subtitle":"複数のファイルでの作業 ⎯  Ctrl+w L","arg":["key code 53//keystroke \"w\" using control down//keystroke \"L\"","現在のウィンドウの高さを最大化して最も右側に移動","Ctrl+w L"],"icon":{"type":"file","path":"img/workingWithMultipleFiles.png"},"match":"make current window full height at far right  複数のファイルでの作業 Ctrl+w L"},{"title":"現在のウィンドウの幅を最大化して最も下側に移動","subtitle":"複数のファイルでの作業 ⎯  Ctrl+w J","arg":["key code 53//keystroke \"w\" using control down//keystroke \"J\"","現在のウィンドウの幅を最大化して最も下側に移動","Ctrl+w J"],"icon":{"type":"file","path":"img/workingWithMultipleFiles.png"},"match":"make current window full width at the very bottom  複数のファイルでの作業 Ctrl+w J"},{"title":"現在のウィンドウの幅を最大化して最も上側に移動","subtitle":"複数のファイルでの作業 ⎯  Ctrl+w K","arg":["key code 53//keystroke \"w\" using control down//keystroke \"K\"","現在のウィンドウの幅を最大化して最も上側に移動","Ctrl+w K"],"icon":{"type":"file","path":"img/workingWithMultipleFiles.png"},"match":"make current window full width at the very top  複数のファイルでの作業 Ctrl+w K"},{"title":"モーション範囲での折りたたみを手動定義","subtitle":"差分 ⎯  zf","arg":["key code 53//keystroke \"zf\"","モーション範囲での折りたたみを手動定義","zf"],"icon":{"type":"file","path":"img/diff.png"},"match":"manually define a fold up to motion 差分 zf"},{"title":"カーソル下の折りたたみを消去","subtitle":"差分 ⎯  zd","arg":["key code 53//keystroke \"zd\"","カーソル下の折りたたみを消去","zd"],"icon":{"type":"file","path":"img/diff.png"},"match":"delete fold under the cursor 差分 zd"},{"title":"カーソル下の折りたたみを切り替え","subtitle":"差分 ⎯  za","arg":["key code 53//keystroke \"za\"","カーソル下の折りたたみを切り替え","za"],"icon":{"type":"file","path":"img/diff.png"},"match":"toggle fold under the cursor 差分 za"},{"title":"カーソル下の折りたたみを開く","subtitle":"差分 ⎯  zo","arg":["key code 53//keystroke \"zo\"","カーソル下の折りたたみを開く","zo"],"icon":{"type":"file","path":"img/diff.png"},"match":"open fold under the cursor 差分 zo"},{"title":"カーソル下の折りたたみを閉じる","subtitle":"差分 ⎯  zc","arg":["key code 53//keystroke \"zc\"","カーソル下の折りたたみを閉じる","zc"],"icon":{"type":"file","path":"img/diff.png"},"match":"close fold under the cursor 差分 zc"},{"title":"全ての折りたたみを 1 段階減らす（開く）","subtitle":"差分 ⎯  zr","arg":["key code 53//keystroke \"zr\"","全ての折りたたみを 1 段階減らす（開く）","zr"],"icon":{"type":"file","path":"img/diff.png"},"match":"reduce  all folds by one level 差分 zr"},{"title":"全ての折りたたみを 1 段階折りたたむ（閉じる）","subtitle":"差分 ⎯  zm","arg":["key code 53//keystroke \"zm\"","全ての折りたたみを 1 段階折りたたむ（閉じる）","zm"],"icon":{"type":"file","path":"img/diff.png"},"match":"fold more  all folds by one level 差分 zm"},{"title":"全ての折りたたみを切り替え","subtitle":"差分 ⎯  zi","arg":["key code 53//keystroke \"zi\"","全ての折りたたみを切り替え","zi"],"icon":{"type":"file","path":"img/diff.png"},"match":"toggle folding functionality 差分 zi"},{"title":"次の変更点の始端に移動","subtitle":"差分 ⎯  ]c","arg":["key code 53//keystroke \"]c\"","次の変更点の始端に移動","]c"],"icon":{"type":"file","path":"img/diff.png"},"match":"jump to start of next change 差分 ]c"},{"title":"前の変更点の始端に移動","subtitle":"差分 ⎯  [c","arg":["key code 53//keystroke \"[c\"","前の変更点の始端に移動","[c"],"icon":{"type":"file","path":"img/diff.png"},"match":"jump to start of previous change 差分 [c"},{"title":"（他のバッファから）差分を取得する","subtitle":"差分 ⎯  do or :diffg[et]","arg":["key code 53//keystroke \"do\"","（他のバッファから）差分を取得する","do or :diffg[et]"],"icon":{"type":"file","path":"img/diff.png"},"match":"obtain  difference  差分 do or :diffg[et]"},{"title":"（他のバッファへ）差分を送り込む","subtitle":"差分 ⎯  dp or :diffpu[t]","arg":["key code 53//keystroke \"dp\"","（他のバッファへ）差分を送り込む","dp or :diffpu[t]"],"icon":{"type":"file","path":"img/diff.png"},"match":"put difference  差分 dp or :diffpu[t]"},{"title":"現在のウインドウを差分モードのひとつに","subtitle":"差分 ⎯  :diffthis","arg":["key code 53//keystroke \":diffthis\" & return","現在のウインドウを差分モードのひとつに",":diffthis"],"icon":{"type":"file","path":"img/diff.png"},"match":"make current window part of diff 差分 :diffthis"},{"title":"差分情報を更新","subtitle":"差分 ⎯  :dif[fupdate]","arg":["key code 53//keystroke \":dif\" & return","差分情報を更新",":dif[fupdate]"],"icon":{"type":"file","path":"img/diff.png"},"match":"update differences 差分 :dif[fupdate]"},{"title":"現在のウインドウの差分モードを無効化","subtitle":"差分 ⎯  :diffo[ff]","arg":["key code 53//keystroke \":diffo\" & return","現在のウインドウの差分モードを無効化",":diffo[ff]"],"icon":{"type":"file","path":"img/diff.png"},"match":"switch off diff mode for current window 差分 :diffo[ff]"},{"title":"Turn on us english spell checking","subtitle":"Spell checking ⎯  :set spell spelllang=en_us","arg":["key code 53//keystroke \":set\"//key code 49//keystroke \"spell\"//key code 49//keystroke \"spelllang=en_us\" & return","Turn on US English spell checking",":set spell spelllang=en_us"],"icon":{"type":"file","path":"img/spell.png"},"match":"Turn on US English spell checking Spell checking :set spell spelllang=en_us"},{"title":"Turn off spell checking","subtitle":"Spell checking ⎯  :set nospell","arg":["key code 53//keystroke \":set\"//key code 49//keystroke \"nospell\" & return","Turn off spell checking",":set nospell"],"icon":{"type":"file","path":"img/spell.png"},"match":"Turn off spell checking Spell checking :set nospell"},{"title":"Move to next misspelled word after the cursor","subtitle":"Spell checking ⎯  ]s","arg":["key code 53//keystroke \"]s\"","Move to next misspelled word after the cursor","]s"],"icon":{"type":"file","path":"img/spell.png"},"match":"Move to next misspelled word after the cursor Spell checking ]s"},{"title":"Move to previous misspelled word before the cursor","subtitle":"Spell checking ⎯  [s","arg":["key code 53//keystroke \"[s\"","Move to previous misspelled word before the cursor","[s"],"icon":{"type":"file","path":"img/spell.png"},"match":"Move to previous misspelled word before the cursor Spell checking [s"},{"title":"Suggest spellings for the word under/after the cursor","subtitle":"Spell checking ⎯  z=","arg":["key code 53//keystroke \"z=\"","Suggest spellings for the word under/after the cursor","z="],"icon":{"type":"file","path":"img/spell.png"},"match":"Suggest spellings for the word under/after the cursor Spell checking z="},{"title":"Add word to spell list","subtitle":"Spell checking ⎯  zg","arg":["key code 53//keystroke \"zg\"","Add word to spell list","zg"],"icon":{"type":"file","path":"img/spell.png"},"match":"Add word to spell list Spell checking zg"},{"title":"Mark word as bad/mispelling","subtitle":"Spell checking ⎯  zw","arg":["key code 53//keystroke \"zw\"","Mark word as bad/mispelling","zw"],"icon":{"type":"file","path":"img/spell.png"},"match":"Mark word as bad/mispelling Spell checking zw"},{"title":"Suggest words for bad word under cursor from spell file","subtitle":"Spell checking ⎯  zu","arg":["key code 53//keystroke \"zu\"","Suggest words for bad word under cursor from spell file","zu"],"icon":{"type":"file","path":"img/spell.png"},"match":"Suggest words for bad word under cursor from spell file Spell checking zu"},{"title":"Increment number","subtitle":"Miscellaneous ⎯  Ctrl+a","arg":["key code 53//keystroke \"a\" using control down","Increment number","Ctrl+a"],"icon":{"type":"file","path":"img/misc.png"},"match":"Increment number Miscellaneous Ctrl+a"},{"title":"Decrement number","subtitle":"Miscellaneous ⎯  Ctrl+x","arg":["key code 53//keystroke \"x\" using control down","Decrement number","Ctrl+x"],"icon":{"type":"file","path":"img/misc.png"},"match":"Decrement number Miscellaneous Ctrl+x"},{"title":"Re-select last selected block of text","subtitle":"Miscellaneous ⎯  gv","arg":["key code 53//keystroke \"gv\"","Re-select last selected block of text","gv"],"icon":{"type":"file","path":"img/misc.png"},"match":"Re-select last selected block of text Miscellaneous gv"},{"title":"Insert the result of an expression at the cursor","subtitle":"Miscellaneous ⎯  Ctrl+r =","arg":["key code 53//keystroke \"r\" using control down//keystroke \"=\"","Insert the result of an expression at the cursor","Ctrl+r ="],"icon":{"type":"file","path":"img/misc.png"},"match":"Insert the result of an expression at the cursor Miscellaneous Ctrl+r ="},{"title":"Change file encoding to utf-8","subtitle":"Miscellaneous ⎯  set fenc=UTF-8","arg":["key code 53//keystroke \"set\"//key code 49//keystroke \"fenc=UTF-8\"","Change file encoding to UTF-8","set fenc=UTF-8"],"icon":{"type":"file","path":"img/misc.png"},"match":"Change file encoding to UTF-8 Miscellaneous set fenc=UTF-8"},{"title":"Escape next character","subtitle":"Regex ⎯  \\","arg":["keystroke \"\\\\\"","Escape next character","\\"],"icon":{"type":"file","path":"img/regex.png"},"match":"Escape next character Regex \\"},{"title":"Start-of­-line","subtitle":"Regex ⎯  ^","arg":["keystroke \"^\"","Start-of­-line","^"],"icon":{"type":"file","path":"img/regex.png"},"match":"Start-of­-line Regex ^"},{"title":"End-of-­line","subtitle":"Regex ⎯  $","arg":["keystroke \"$\"","End-of-­line","$"],"icon":{"type":"file","path":"img/regex.png"},"match":"End-of-­line Regex $"},{"title":"Any char","subtitle":"Regex ⎯  .","arg":["keystroke \".\"","Any char","."],"icon":{"type":"file","path":"img/regex.png"},"match":"Any char Regex ."},{"title":"0 or more quantifier","subtitle":"Regex ⎯  *","arg":["keystroke \"*\"","0 or more quantifier","*"],"icon":{"type":"file","path":"img/regex.png"},"match":"0 or more quantifier Regex *"},{"title":"Match last given substitute string","subtitle":"Regex ⎯  ~","arg":["keystroke \"\"~","Match last given substitute string","~"],"icon":{"type":"file","path":"img/regex.png"},"match":"Match last given substitute string Regex ~"},{"title":"Match range","subtitle":"Regex ⎯  [...]","arg":["keystroke \"[...]\"","Match range","[...]"],"icon":{"type":"file","path":"img/regex.png"},"match":"Match range Regex [...]"},{"title":"Not range","subtitle":"Regex ⎯  [^...]","arg":["keystroke \"[^...]\"","Not range","[^...]"],"icon":{"type":"file","path":"img/regex.png"},"match":"Not range Regex [^...]"},{"title":"In replacement: insert <pattern>","subtitle":"Regex ⎯  &","arg":["keystroke \"&\"","In replacement: insert <pattern>","&"],"icon":{"type":"file","path":"img/regex.png"},"match":"In replacement: insert <pattern> Regex &"},{"title":"Beginning of a word","subtitle":"Regex ⎯  \\<","arg":["keystroke \"\\\\<\"","Beginning of a word","\\<"],"icon":{"type":"file","path":"img/regex.png"},"match":"Beginning of a word Regex \\<"},{"title":"End of word","subtitle":"Regex ⎯  \\>","arg":["keystroke \"\\\\>\"","End of word","\\>"],"icon":{"type":"file","path":"img/regex.png"},"match":"End of word Regex \\>"},{"title":"Group","subtitle":"Regex ⎯  \\(...\\)","arg":["keystroke \"\\\\(...\\\\)\"","Group","\\(...\\)"],"icon":{"type":"file","path":"img/regex.png"},"match":"Group Regex \\(...\\)"},{"title":"Separate alternative","subtitle":"Regex ⎯  \\|","arg":["keystroke \"\\\\|\"","Separate alternative","\\|"],"icon":{"type":"file","path":"img/regex.png"},"match":"Separate alternative Regex \\|"},{"title":"Any single char or end-of­line","subtitle":"Regex ⎯  \\_.","arg":["keystroke \"\\\\_.\"","Any single char or end-of­line","\\_."],"icon":{"type":"file","path":"img/regex.png"},"match":"Any single char or end-of­line Regex \\_."},{"title":"1 or more quantifier","subtitle":"Regex ⎯  \\+","arg":["keystroke \"\\\\+\"","1 or more quantifier","\\+"],"icon":{"type":"file","path":"img/regex.png"},"match":"1 or more quantifier Regex \\+"},{"title":"0 or 1 quantifier","subtitle":"Regex ⎯  \\=","arg":["keystroke \"\\\\=\"","0 or 1 quantifier","\\="],"icon":{"type":"file","path":"img/regex.png"},"match":"0 or 1 quantifier Regex \\="},{"title":"0 or 1 quantifier","subtitle":"Regex ⎯  \\?","arg":["keystroke \"\\\\?\"","0 or 1 quantifier","\\?"],"icon":{"type":"file","path":"img/regex.png"},"match":"0 or 1 quantifier Regex \\?"},{"title":"N to m quantifier","subtitle":"Regex ⎯  \\{n,m}","arg":["keystroke \"\\\\{n,m}\"","n to m quantifier","\\{n,m}"],"icon":{"type":"file","path":"img/regex.png"},"match":"n to m quantifier Regex \\{n,m}"},{"title":"N quantifier","subtitle":"Regex ⎯  \\{n}","arg":["keystroke \"\\\\{n}\"","n quantifier","\\{n}"],"icon":{"type":"file","path":"img/regex.png"},"match":"n quantifier Regex \\{n}"},{"title":"At least n quantifier","subtitle":"Regex ⎯  \\{n,}","arg":["keystroke \"\"\\\\{n,}","at least n quantifier","\\{n,}"],"icon":{"type":"file","path":"img/regex.png"},"match":"at least n quantifier Regex \\{n,}"},{"title":"0 to m quantifier","subtitle":"Regex ⎯  \\{,m}","arg":["keystroke \"\\\\{,}\"","0 to m quantifier","\\{,m}"],"icon":{"type":"file","path":"img/regex.png"},"match":"0 to m quantifier Regex \\{,m}"},{"title":"Delete all lines matching pattern","subtitle":"Regex ⎯  :%g/<pa­tte­rn>/d","arg":["key code 53//keystroke \":%g/<pa­tte­r/d\"","delete all lines matching pattern",":%g/<pa­tte­rn>/d"],"icon":{"type":"file","path":"img/regex.png"},"match":"delete all lines matching pattern Regex :%g/<pa­tte­rn>/d"},{"title":"Delete all lines not matching <pattern>","subtitle":"Regex ⎯  :%v/<pa­tte­rn>/d","arg":["key code 53//keystroke \":%v/<pa­tte­r/d\"","delete all lines NOT matching <pattern>",":%v/<pa­tte­rn>/d"],"icon":{"type":"file","path":"img/regex.png"},"match":"delete all lines NOT matching <pattern> Regex :%v/<pa­tte­rn>/d"},{"title":"Delete empty lines","subtitle":"Regex ⎯  :%s/^.*$\\n//","arg":["key code 53//keystroke \":%s/^.*$\\\\n//\"","delete empty lines",":%s/^.*$\\n//"],"icon":{"type":"file","path":"img/regex.png"},"match":"delete empty lines Regex :%s/^.*$\\n//"},{"title":"Replace <pattern> by 'new <pattern>'","subtitle":"Regex ⎯  :s/<pattern>/new &/","arg":["key code 53//keystroke \":%s/<pattern>/new &/\"","Replace <pattern> by 'new <pattern>'",":s/<pattern>/new &/"],"icon":{"type":"file","path":"img/regex.png"},"match":"Replace <pattern> by 'new <pattern>' Regex :s/<pattern>/new &/"},{"title":"Replace <pattern> by content of register","subtitle":"Regex ⎯  :s/<pattern>/\\=@a/","arg":["key code 53//keystroke \":%s/<pattern>/\\\\=@a/\"","Replace <pattern> by content of register",":s/<pattern>/\\=@a/"],"icon":{"type":"file","path":"img/regex.png"},"match":"Replace <pattern> by content of register Regex :s/<pattern>/\\=@a/"},{"title":"Count number of occurrence of <pattern>","subtitle":"Regex ⎯  :s/<pattern>//gn","arg":["key code 53//keystroke \":%s/<pattern>//gn\"","Count number of occurrence of <pattern>",":s/<pattern>//gn"],"icon":{"type":"file","path":"img/regex.png"},"match":"Count number of occurrence of <pattern> Regex :s/<pattern>//gn"},{"title":"Match start","subtitle":"Regex ⎯  \\zs","arg":["keystroke \"\\\\zs\"","Match start","\\zs"],"icon":{"type":"file","path":"img/regex.png"},"match":"Match start Regex \\zs"},{"title":"Match end","subtitle":"Regex ⎯  \\ze","arg":["keystroke \"\\\\ze\"","Match end","\\ze"],"icon":{"type":"file","path":"img/regex.png"},"match":"Match end Regex \\ze"},{"title":"Positive look behind to find <pattern>","subtitle":"Regex ⎯  <atom>\\@<=<pattern>","arg":["keystroke \"<atom>\\\\@<=<pattern>\"","Positive look behind to find <pattern>","<atom>\\@<=<pattern>"],"icon":{"type":"file","path":"img/regex.png"},"match":"Positive look behind to find <pattern> Regex <atom>\\@<=<pattern>"},{"title":"Positive look ahead to find <pattern>","subtitle":"Regex ⎯  <pattern><atom>\\@=","arg":["keystroke \"<pattern><atom>\\\\@=\"","Positive look ahead to find <pattern>","<pattern><atom>\\@="],"icon":{"type":"file","path":"img/regex.png"},"match":"Positive look ahead to find <pattern> Regex <pattern><atom>\\@="},{"title":"Negative look behind to find <pattern>","subtitle":"Regex ⎯  <atom>\\@<!<pattern>","arg":["keystroke \"<atom>\\\\@<!<pattern>\"","Negative look behind to find <pattern>","<atom>\\@<!<pattern>"],"icon":{"type":"file","path":"img/regex.png"},"match":"Negative look behind to find <pattern> Regex <atom>\\@<!<pattern>"},{"title":"Negative look ahead to find <pattern>","subtitle":"Regex ⎯  <pattern><atom>\\@!","arg":["keystroke \"<pattern><atom>\\\\@!\"","Negative look ahead to find <pattern>","<pattern><atom>\\@!"],"icon":{"type":"file","path":"img/regex.png"},"match":"Negative look ahead to find <pattern> Regex <pattern><atom>\\@!"},{"title":"Non-greedy 0 or more quantifier","subtitle":"Regex ⎯  \\{-}","arg":["keystroke \"\\\\{-}\"","Non-greedy 0 or more quantifier","\\{-}"],"icon":{"type":"file","path":"img/regex.png"},"match":"Non-greedy 0 or more quantifier Regex \\{-}"}]}