{"items":[{"title":"도움말 열기","subtitle":"일반 ⎯  :h[elp] keyword","arg":["key code 53//keystroke \":h\"//key code 49//keystroke \"keyword\"","도움말 열기",":h[elp] keyword"],"icon":{"type":"file","path":"img/global.png"},"match":"open help for keyword 일반 :h[elp] keyword"},{"title":"다른 이름으로 저장","subtitle":"일반 ⎯  :sav[eas] file","arg":["key code 53//keystroke \":sav\"//key code 49//keystroke \"file\"","다른 이름으로 저장",":sav[eas] file"],"icon":{"type":"file","path":"img/global.png"},"match":"save file as 일반 :sav[eas] file"},{"title":"현재 창 닫기","subtitle":"일반 ⎯  :clo[se]","arg":["key code 53//keystroke \":clo\" & return","현재 창 닫기",":clo[se]"],"icon":{"type":"file","path":"img/global.png"},"match":"close current pane 일반 :clo[se]"},{"title":"터미널 열기","subtitle":"일반 ⎯  :ter[minal]","arg":["key code 53//keystroke \":ter\" & return","터미널 열기",":ter[minal]"],"icon":{"type":"file","path":"img/global.png"},"match":"open a terminal window 일반 :ter[minal]"},{"title":"커서가 가리키는 단어의 설명글 열기","subtitle":"일반 ⎯  K","arg":["key code 53//keystroke \"K\"","커서가 가리키는 단어의 설명글 열기","K"],"icon":{"type":"file","path":"img/global.png"},"match":"open man page for word under the cursor 일반 K"},{"title":"왼쪽으로 한 칸 이동","subtitle":"커서이동 ⎯  h","arg":["key code 53//keystroke \"h\"","왼쪽으로 한 칸 이동","h"],"icon":{"type":"file","path":"img/cursorMovement.png"},"match":"move cursor left 커서이동 h"},{"title":"아래로 한 칸 이동","subtitle":"커서이동 ⎯  j","arg":["key code 53//keystroke \"j\"","아래로 한 칸 이동","j"],"icon":{"type":"file","path":"img/cursorMovement.png"},"match":"move cursor down 커서이동 j"},{"title":"위로 한 칸 이동","subtitle":"커서이동 ⎯  k","arg":["key code 53//keystroke \"k\"","위로 한 칸 이동","k"],"icon":{"type":"file","path":"img/cursorMovement.png"},"match":"move cursor up 커서이동 k"},{"title":"오른쪽으로 한 칸 이동","subtitle":"커서이동 ⎯  l","arg":["key code 53//keystroke \"l\"","오른쪽으로 한 칸 이동","l"],"icon":{"type":"file","path":"img/cursorMovement.png"},"match":"move cursor right 커서이동 l"},{"title":"다음 문장으로 이동 ","subtitle":"커서이동 ⎯  gj","arg":["key code 53//keystroke \"gj\"","다음 문장으로 이동 ","gj"],"icon":{"type":"file","path":"img/cursorMovement.png"},"match":"move cursor down  커서이동 gj"},{"title":"이전 문장으로 이동 ","subtitle":"커서이동 ⎯  gk","arg":["key code 53//keystroke \"gk\"","이전 문장으로 이동 ","gk"],"icon":{"type":"file","path":"img/cursorMovement.png"},"match":"move cursor up  커서이동 gk"},{"title":"현재화면 상단으로 점프","subtitle":"커서이동 ⎯  H","arg":["key code 53//keystroke \"H\"","현재화면 상단으로 점프","H"],"icon":{"type":"file","path":"img/cursorMovement.png"},"match":"move to top of screen 커서이동 H"},{"title":"현재화면 중단으로 점프","subtitle":"커서이동 ⎯  M","arg":["key code 53//keystroke \"M\"","현재화면 중단으로 점프","M"],"icon":{"type":"file","path":"img/cursorMovement.png"},"match":"move to middle of screen 커서이동 M"},{"title":"현재화면 하단으로 점프","subtitle":"커서이동 ⎯  L","arg":["key code 53//keystroke \"L\"","현재화면 하단으로 점프","L"],"icon":{"type":"file","path":"img/cursorMovement.png"},"match":"move to bottom of screen 커서이동 L"},{"title":"다음 단어 시작으로 점프","subtitle":"커서이동 ⎯  w","arg":["key code 53//keystroke \"w\"","다음 단어 시작으로 점프","w"],"icon":{"type":"file","path":"img/cursorMovement.png"},"match":"jump forwards to the start of a word 커서이동 w"},{"title":"다음 단어 시작으로 점프 ","subtitle":"커서이동 ⎯  W","arg":["key code 53//keystroke \"W\"","다음 단어 시작으로 점프 ","W"],"icon":{"type":"file","path":"img/cursorMovement.png"},"match":"jump forwards to the start of a word  커서이동 W"},{"title":"다음 단어 끝으로 점프","subtitle":"커서이동 ⎯  e","arg":["key code 53//keystroke \"e\"","다음 단어 끝으로 점프","e"],"icon":{"type":"file","path":"img/cursorMovement.png"},"match":"jump forwards to the end of a word 커서이동 e"},{"title":"다음 단어 끝으로 점프 ","subtitle":"커서이동 ⎯  E","arg":["key code 53//keystroke \"E\"","다음 단어 끝으로 점프 ","E"],"icon":{"type":"file","path":"img/cursorMovement.png"},"match":"jump forwards to the end of a word  커서이동 E"},{"title":"이전 단어 시작으로 점프","subtitle":"커서이동 ⎯  b","arg":["key code 53//keystroke \"b\"","이전 단어 시작으로 점프","b"],"icon":{"type":"file","path":"img/cursorMovement.png"},"match":"jump backwards to the start of a word 커서이동 b"},{"title":"이전 단어 시작으로 점프 ","subtitle":"커서이동 ⎯  B","arg":["key code 53//keystroke \"B\"","이전 단어 시작으로 점프 ","B"],"icon":{"type":"file","path":"img/cursorMovement.png"},"match":"jump backwards to the start of a word  커서이동 B"},{"title":"이전 단어 끝으로 점프","subtitle":"커서이동 ⎯  ge","arg":["key code 53//keystroke \"ge\"","이전 단어 끝으로 점프","ge"],"icon":{"type":"file","path":"img/cursorMovement.png"},"match":"jump backwards to the end of a word 커서이동 ge"},{"title":"이전 단어 끝으로 점프 ","subtitle":"커서이동 ⎯  gE","arg":["key code 53//keystroke \"gE\"","이전 단어 끝으로 점프 ","gE"],"icon":{"type":"file","path":"img/cursorMovement.png"},"match":"jump backwards to the end of a word  커서이동 gE"},{"title":"현재 괄호의 짝으로 점프 ","subtitle":"커서이동 ⎯  %","arg":["key code 53//keystroke \"%\"","현재 괄호의 짝으로 점프 ","%"],"icon":{"type":"file","path":"img/cursorMovement.png"},"match":"move to matching character  커서이동 %"},{"title":"현재 행 시작으로 점프 ","subtitle":"커서이동 ⎯  0","arg":["key code 53//keystroke \"0\"","현재 행 시작으로 점프 ","0"],"icon":{"type":"file","path":"img/cursorMovement.png"},"match":"jump to the start of the line 커서이동 0"},{"title":"현재 행 시작으로 점프","subtitle":"커서이동 ⎯  ^","arg":["key code 53//keystroke \"^\"","현재 행 시작으로 점프","^"],"icon":{"type":"file","path":"img/cursorMovement.png"},"match":"jump to the first non-blank character of the line 커서이동 ^"},{"title":"현재 행 끝으로 점프 ","subtitle":"커서이동 ⎯  $","arg":["key code 53//keystroke \"$\"","현재 행 끝으로 점프 ","$"],"icon":{"type":"file","path":"img/cursorMovement.png"},"match":"jump to the end of the line 커서이동 $"},{"title":"현재 행 끝으로 점프","subtitle":"커서이동 ⎯  g_","arg":["key code 53//keystroke \"g_\"","현재 행 끝으로 점프","g_"],"icon":{"type":"file","path":"img/cursorMovement.png"},"match":"jump to the last non-blank character of the line 커서이동 g_"},{"title":"문서 첫 줄 시작으로 점프","subtitle":"커서이동 ⎯  gg","arg":["key code 53//keystroke \"gg\"","문서 첫 줄 시작으로 점프","gg"],"icon":{"type":"file","path":"img/cursorMovement.png"},"match":"go to the first line of the document 커서이동 gg"},{"title":"문서 끝 줄 시작으로 점프","subtitle":"커서이동 ⎯  G","arg":["key code 53//keystroke \"G\"","문서 끝 줄 시작으로 점프","G"],"icon":{"type":"file","path":"img/cursorMovement.png"},"match":"go to the last line of the document 커서이동 G"},{"title":"5번째 행 시작으로 점프","subtitle":"커서이동 ⎯  5gg or 5G","arg":["key code 53//keystroke \"5gg\"","5번째 행 시작으로 점프","5gg or 5G"],"icon":{"type":"file","path":"img/cursorMovement.png"},"match":"go to line 5 커서이동 5gg or 5G"},{"title":"지역변수 선언위치로 점프","subtitle":"커서이동 ⎯  gd","arg":["key code 53//keystroke \"gd\"","지역변수 선언위치로 점프","gd"],"icon":{"type":"file","path":"img/cursorMovement.png"},"match":"move to local declaration 커서이동 gd"},{"title":"전역변수 선언위치로 점프","subtitle":"커서이동 ⎯  gD","arg":["key code 53//keystroke \"gD\"","전역변수 선언위치로 점프","gD"],"icon":{"type":"file","path":"img/cursorMovement.png"},"match":"move to global declaration 커서이동 gD"},{"title":"다음 검색 문자 x로 점프","subtitle":"커서이동 ⎯  fx","arg":["key code 53//keystroke \"fx\"","다음 검색 문자 x로 점프","fx"],"icon":{"type":"file","path":"img/cursorMovement.png"},"match":"jump to next occurrence of character x 커서이동 fx"},{"title":"다음 검색 문자 x 앞에 점프","subtitle":"커서이동 ⎯  tx","arg":["key code 53//keystroke \"tx\"","다음 검색 문자 x 앞에 점프","tx"],"icon":{"type":"file","path":"img/cursorMovement.png"},"match":"jump to before next occurrence of character x 커서이동 tx"},{"title":"이전 검색 문자 x로 점프","subtitle":"커서이동 ⎯  Fx","arg":["key code 53//keystroke \"Fx\"","이전 검색 문자 x로 점프","Fx"],"icon":{"type":"file","path":"img/cursorMovement.png"},"match":"jump to the previous occurrence of character x 커서이동 Fx"},{"title":"이전 검색 문자 x 뒤에 점프","subtitle":"커서이동 ⎯  Tx","arg":["key code 53//keystroke \"Tx\"","이전 검색 문자 x 뒤에 점프","Tx"],"icon":{"type":"file","path":"img/cursorMovement.png"},"match":"jump to after previous occurrence of character x 커서이동 Tx"},{"title":"최근 f/t/f/t 명령어 실행","subtitle":"커서이동 ⎯  ;","arg":["key code 53//keystroke \";\"","최근 f/t/F/T 명령어 실행",";"],"icon":{"type":"file","path":"img/cursorMovement.png"},"match":"repeat previous f, t, F or T movement 커서이동 ;"},{"title":"최근 f/t/f/t 명령어 실행","subtitle":"커서이동 ⎯  ,","arg":["key code 53//keystroke \",\"","최근 F/T/f/t 명령어 실행",","],"icon":{"type":"file","path":"img/cursorMovement.png"},"match":"repeat previous f, t, F or T movement, backwards 커서이동 ,"},{"title":"다음 단락으로 점프","subtitle":"커서이동 ⎯  }","arg":["key code 53//keystroke \"}\"","다음 단락으로 점프","}"],"icon":{"type":"file","path":"img/cursorMovement.png"},"match":"jump to next paragraph  커서이동 }"},{"title":"이전 단락으로 점프","subtitle":"커서이동 ⎯  {","arg":["key code 53//keystroke \"{\"","이전 단락으로 점프","{"],"icon":{"type":"file","path":"img/cursorMovement.png"},"match":"jump to previous paragraph  커서이동 {"},{"title":"화면 위치 중간으로 조정","subtitle":"커서이동 ⎯  zz","arg":["key code 53//keystroke \"zz\"","화면 위치 중간으로 조정","zz"],"icon":{"type":"file","path":"img/cursorMovement.png"},"match":"center cursor on screen 커서이동 zz"},{"title":"한 줄 아래로 화면 조정","subtitle":"커서이동 ⎯  Ctrl+e","arg":["key code 53//keystroke \"e\" using control down","한 줄 아래로 화면 조정","Ctrl+e"],"icon":{"type":"file","path":"img/cursorMovement.png"},"match":"move screen down one line  커서이동 Ctrl+e"},{"title":"한 줄 위로 화면 조정","subtitle":"커서이동 ⎯  Ctrl+y","arg":["key code 53//keystroke \"y\" using control down","한 줄 위로 화면 조정","Ctrl+y"],"icon":{"type":"file","path":"img/cursorMovement.png"},"match":"move screen up one line  커서이동 Ctrl+y"},{"title":"한 화면 위로 조정","subtitle":"커서이동 ⎯  Ctrl+b","arg":["key code 53//keystroke \"b\" using control down","한 화면 위로 조정","Ctrl+b"],"icon":{"type":"file","path":"img/cursorMovement.png"},"match":"move back one full screen 커서이동 Ctrl+b"},{"title":"한 화면 아래로 조정","subtitle":"커서이동 ⎯  Ctrl+f","arg":["key code 53//keystroke \"f\" using control down","한 화면 아래로 조정","Ctrl+f"],"icon":{"type":"file","path":"img/cursorMovement.png"},"match":"move forward one full screen 커서이동 Ctrl+f"},{"title":"반 화면 위로 조정","subtitle":"커서이동 ⎯  Ctrl+u","arg":["key code 53//keystroke \"u\" using control down","반 화면 위로 조정","Ctrl+u"],"icon":{"type":"file","path":"img/cursorMovement.png"},"match":"move back 1/2 a screen 커서이동 Ctrl+u"},{"title":"반 화면 아래로 조정","subtitle":"커서이동 ⎯  Ctrl+d","arg":["key code 53//keystroke \"d\" using control down","반 화면 아래로 조정","Ctrl+d"],"icon":{"type":"file","path":"img/cursorMovement.png"},"match":"move forward 1/2 a screen 커서이동 Ctrl+d"},{"title":"현재 커서 앞에 삽입","subtitle":"삽입 모드 ⎯  i","arg":["key code 53//keystroke \"i\"","현재 커서 앞에 삽입","i"],"icon":{"type":"file","path":"img/insertMode.png"},"match":"insert before the cursor 삽입 모드 i"},{"title":"현재 커서 행 시작에 삽입","subtitle":"삽입 모드 ⎯  I","arg":["key code 53//keystroke \"I\"","현재 커서 행 시작에 삽입","I"],"icon":{"type":"file","path":"img/insertMode.png"},"match":"insert at the beginning of the line 삽입 모드 I"},{"title":"현재 커서 뒤에 삽입","subtitle":"삽입 모드 ⎯  a","arg":["key code 53//keystroke \"a\"","현재 커서 뒤에 삽입","a"],"icon":{"type":"file","path":"img/insertMode.png"},"match":"insert  after the cursor 삽입 모드 a"},{"title":"현재 커서 행 끝에 삽입","subtitle":"삽입 모드 ⎯  A","arg":["key code 53//keystroke \"A\"","현재 커서 행 끝에 삽입","A"],"icon":{"type":"file","path":"img/insertMode.png"},"match":"insert  at the end of the line 삽입 모드 A"},{"title":"현재 커서 행 아래에 새 행을 삽입","subtitle":"삽입 모드 ⎯  o","arg":["key code 53//keystroke \"o\"","현재 커서 행 아래에 새 행을 삽입","o"],"icon":{"type":"file","path":"img/insertMode.png"},"match":"append  a new line below the current line 삽입 모드 o"},{"title":"현재 커서 행 위에 새 행을 삽입","subtitle":"삽입 모드 ⎯  O","arg":["key code 53//keystroke \"O\"","현재 커서 행 위에 새 행을 삽입","O"],"icon":{"type":"file","path":"img/insertMode.png"},"match":"append  a new line above the current line 삽입 모드 O"},{"title":"단어 끝 뒤에 삽입","subtitle":"삽입 모드 ⎯  ea","arg":["key code 53//keystroke \"ea\"","단어 끝 뒤에 삽입","ea"],"icon":{"type":"file","path":"img/insertMode.png"},"match":"insert  at the end of the word 삽입 모드 ea"},{"title":"이전 문자 제거","subtitle":"삽입 모드 ⎯  Ctrl+h","arg":["keystroke \"h\" using control down","이전 문자 제거","Ctrl+h"],"icon":{"type":"file","path":"img/insertMode.png"},"match":"delete the character before the cursor during insert mode 삽입 모드 Ctrl+h"},{"title":"이전 단어 제거","subtitle":"삽입 모드 ⎯  Ctrl+w","arg":["keystroke \"w\" using control down","이전 단어 제거","Ctrl+w"],"icon":{"type":"file","path":"img/insertMode.png"},"match":"delete word before the cursor during insert mode 삽입 모드 Ctrl+w"},{"title":"한 줄 바꿈","subtitle":"삽입 모드 ⎯  Ctrl+j","arg":["keystroke \"j\" using control down","한 줄 바꿈","Ctrl+j"],"icon":{"type":"file","path":"img/insertMode.png"},"match":"begin new line during insert mode 삽입 모드 Ctrl+j"},{"title":"한 탭 들여쓰기","subtitle":"삽입 모드 ⎯  Ctrl+t","arg":["keystroke \"t\" using control down","한 탭 들여쓰기","Ctrl+t"],"icon":{"type":"file","path":"img/insertMode.png"},"match":"indent  line one shiftwidth during insert mode 삽입 모드 Ctrl+t"},{"title":"한 탭 내어쓰기","subtitle":"삽입 모드 ⎯  Ctrl+d","arg":["keystroke \"d\" using control down","한 탭 내어쓰기","Ctrl+d"],"icon":{"type":"file","path":"img/insertMode.png"},"match":"de-indent  line one shiftwidth during insert mode 삽입 모드 Ctrl+d"},{"title":"다음 단어 탐색 ","subtitle":"삽입 모드 ⎯  Ctrl+n","arg":["keystroke \"n\" using control down","다음 단어 탐색 ","Ctrl+n"],"icon":{"type":"file","path":"img/insertMode.png"},"match":"insert  next match before the cursor during insert mode 삽입 모드 Ctrl+n"},{"title":"이전 단어 탐색 ","subtitle":"삽입 모드 ⎯  Ctrl+p","arg":["keystroke \"p\" using control down","이전 단어 탐색 ","Ctrl+p"],"icon":{"type":"file","path":"img/insertMode.png"},"match":"insert  previous match before the cursor during insert mode 삽입 모드 Ctrl+p"},{"title":"레지스터 x의 내용 삽입","subtitle":"삽입 모드 ⎯  Ctrl+r x","arg":["keystroke \"r\" using control down//keystroke \"x\"","레지스터 x의 내용 삽입","Ctrl+r x"],"icon":{"type":"file","path":"img/insertMode.png"},"match":"insert the contents of register x 삽입 모드 Ctrl+r x"},{"title":"Temporarily enter normal mode to issue one normal-mode command x.","subtitle":"삽입 모드 ⎯  Ctrl+o x","arg":["keystroke \"o\" using control down//keystroke \"x\"","Temporarily enter normal mode to issue one normal-mode command x.","Ctrl+o x"],"icon":{"type":"file","path":"img/insertMode.png"},"match":"Temporarily enter normal mode to issue one normal-mode command x. 삽입 모드 Ctrl+o x"},{"title":"삽입모드 종료","subtitle":"삽입 모드 ⎯  Esc","arg":["key code 53","삽입모드 종료","Esc"],"icon":{"type":"file","path":"img/insertMode.png"},"match":"exit insert mode 삽입 모드 Esc"},{"title":"한 글자 바꾸기","subtitle":"편집 모드 ⎯  r","arg":["key code 53//keystroke \"r\"","한 글자 바꾸기","r"],"icon":{"type":"file","path":"img/editing.png"},"match":"replace a single character. 편집 모드 r"},{"title":"한 글자 이상 바꾸기","subtitle":"편집 모드 ⎯  R","arg":["key code 53//keystroke \"R\"","한 글자 이상 바꾸기","R"],"icon":{"type":"file","path":"img/editing.png"},"match":"replace more than one character, until ESC is pressed. 편집 모드 R"},{"title":"현재 행과 다음 행 연결","subtitle":"편집 모드 ⎯  J","arg":["key code 53//keystroke \"J\"","현재 행과 다음 행 연결","J"],"icon":{"type":"file","path":"img/editing.png"},"match":"join line below to the current one with one space in between 편집 모드 J"},{"title":"현재 행과 다음 행 연결 ","subtitle":"편집 모드 ⎯  gJ","arg":["key code 53//keystroke \"gJ\"","현재 행과 다음 행 연결 ","gJ"],"icon":{"type":"file","path":"img/editing.png"},"match":"join line below to the current one without space in between 편집 모드 gJ"},{"title":"단락 리플로우","subtitle":"편집 모드 ⎯  gwip","arg":["key code 53//keystroke \"gwip\"","단락 리플로우","gwip"],"icon":{"type":"file","path":"img/editing.png"},"match":"reflow paragraph 편집 모드 gwip"},{"title":"커서 이동으로 대·소문자 전환","subtitle":"편집 모드 ⎯  g~","arg":["key code 53//keystroke \"g~\"","커서 이동으로 대·소문자 전환","g~"],"icon":{"type":"file","path":"img/editing.png"},"match":"switch case up to motion 편집 모드 g~"},{"title":"커서 이동으로 소문자 전환","subtitle":"편집 모드 ⎯  gu","arg":["key code 53//keystroke \"gu\"","커서 이동으로 소문자 전환","gu"],"icon":{"type":"file","path":"img/editing.png"},"match":"change to lowercase up to motion 편집 모드 gu"},{"title":"커서 이동으로 대문자 전환","subtitle":"편집 모드 ⎯  gU","arg":["key code 53//keystroke \"gU\"","커서 이동으로 대문자 전환","gU"],"icon":{"type":"file","path":"img/editing.png"},"match":"change to uppercase up to motion 편집 모드 gU"},{"title":"한 행 전체 새로 쓰기","subtitle":"편집 모드 ⎯  cc","arg":["key code 53//keystroke \"cc\"","한 행 전체 새로 쓰기","cc"],"icon":{"type":"file","path":"img/editing.png"},"match":"change  entire line 편집 모드 cc"},{"title":"한 행 끝까지 새로 쓰기","subtitle":"편집 모드 ⎯  c$ or C","arg":["key code 53//keystroke \"g$\"","한 행 끝까지 새로 쓰기","c$ or C"],"icon":{"type":"file","path":"img/editing.png"},"match":"change  to the end of the line 편집 모드 c$ or C"},{"title":"한 단어 전체 새로 쓰기","subtitle":"편집 모드 ⎯  ciw","arg":["key code 53//keystroke \"ciw\"","한 단어 전체 새로 쓰기","ciw"],"icon":{"type":"file","path":"img/editing.png"},"match":"change  entire word 편집 모드 ciw"},{"title":"한 단어 끝까지 새로 쓰기","subtitle":"편집 모드 ⎯  cw or ce","arg":["key code 53//keystroke \"cw\"","한 단어 끝까지 새로 쓰기","cw or ce"],"icon":{"type":"file","path":"img/editing.png"},"match":"change  to the end of the word 편집 모드 cw or ce"},{"title":"한 문자 새로 쓰기","subtitle":"편집 모드 ⎯  s","arg":["key code 53//keystroke \"s\"","한 문자 새로 쓰기","s"],"icon":{"type":"file","path":"img/editing.png"},"match":"delete character and substitute text 편집 모드 s"},{"title":"한 행 전체 새로 쓰기 ","subtitle":"편집 모드 ⎯  S","arg":["key code 53//keystroke \"S\"","한 행 전체 새로 쓰기 ","S"],"icon":{"type":"file","path":"img/editing.png"},"match":"delete line and substitute text  편집 모드 S"},{"title":"잘라내고 붙여넣기","subtitle":"편집 모드 ⎯  xp","arg":["key code 53//keystroke \"xp\"","잘라내고 붙여넣기","xp"],"icon":{"type":"file","path":"img/editing.png"},"match":"transpose two letters  편집 모드 xp"},{"title":"실행취소","subtitle":"편집 모드 ⎯  u","arg":["key code 53//keystroke \"u\"","실행취소","u"],"icon":{"type":"file","path":"img/editing.png"},"match":"undo 편집 모드 u"},{"title":"최근 수정한 줄 복원","subtitle":"편집 모드 ⎯  U","arg":["key code 53//keystroke \"U\"","최근 수정한 줄 복원","U"],"icon":{"type":"file","path":"img/editing.png"},"match":"restore  last changed line 편집 모드 U"},{"title":"다시실행","subtitle":"편집 모드 ⎯  Ctrl+r","arg":["key code 53//keystroke \"r\" using control down","다시실행","Ctrl+r"],"icon":{"type":"file","path":"img/editing.png"},"match":"redo 편집 모드 Ctrl+r"},{"title":"최근 명령어 반복","subtitle":"편집 모드 ⎯  .","arg":["key code 53//keystroke \".\"","최근 명령어 반복","."],"icon":{"type":"file","path":"img/editing.png"},"match":"repeat last command 편집 모드 ."},{"title":"비주얼 모드","subtitle":"선택 모드  ⎯  v","arg":["key code 53//keystroke \"v\"","비주얼 모드","v"],"icon":{"type":"file","path":"img/markingText.png"},"match":"start visual mode, mark lines, then do a command  선택 모드  v"},{"title":"비주얼 라인","subtitle":"선택 모드  ⎯  V","arg":["key code 53//keystroke \"V\"","비주얼 라인","V"],"icon":{"type":"file","path":"img/markingText.png"},"match":"start linewise visual mode 선택 모드  V"},{"title":"선택 영역 반대쪽 끝으로 점프","subtitle":"선택 모드  ⎯  o","arg":["key code 53//keystroke \"o\"","선택 영역 반대쪽 끝으로 점프","o"],"icon":{"type":"file","path":"img/markingText.png"},"match":"move to other end of marked area 선택 모드  o"},{"title":"비주얼 블록","subtitle":"선택 모드  ⎯  Ctrl+v","arg":["key code 53//keystroke \"v\" using control down","비주얼 블록","Ctrl+v"],"icon":{"type":"file","path":"img/markingText.png"},"match":"start visual block mode 선택 모드  Ctrl+v"},{"title":"블록의 반대쪽 모서리로 이동","subtitle":"선택 모드  ⎯  O","arg":["key code 53//keystroke \"O\"","블록의 반대쪽 모서리로 이동","O"],"icon":{"type":"file","path":"img/markingText.png"},"match":"move to other corner of block 선택 모드  O"},{"title":"단어 선택","subtitle":"선택 모드  ⎯  aw","arg":["key code 53//keystroke \"aw\"","단어 선택","aw"],"icon":{"type":"file","path":"img/markingText.png"},"match":"mark a word 선택 모드  aw"},{"title":"소괄호() 구간 선택","subtitle":"선택 모드  ⎯  ab","arg":["key code 53//keystroke \"ab\"","소괄호() 구간 선택","ab"],"icon":{"type":"file","path":"img/markingText.png"},"match":"a block with () 선택 모드  ab"},{"title":"중괄호{} 구간 선택","subtitle":"선택 모드  ⎯  aB","arg":["key code 53//keystroke \"aB\"","중괄호{} 구간 선택","aB"],"icon":{"type":"file","path":"img/markingText.png"},"match":"a block with {} 선택 모드  aB"},{"title":"태그<> 구간 선택 ","subtitle":"선택 모드  ⎯  at","arg":["key code 53//keystroke \"at\"","태그<> 구간 선택 ","at"],"icon":{"type":"file","path":"img/markingText.png"},"match":"a block with <> tags 선택 모드  at"},{"title":"소괄호() 내부 선택","subtitle":"선택 모드  ⎯  ib","arg":["key code 53//keystroke \"ib\"","소괄호() 내부 선택","ib"],"icon":{"type":"file","path":"img/markingText.png"},"match":"inner block with () 선택 모드  ib"},{"title":"중괄호{} 내부 선택","subtitle":"선택 모드  ⎯  iB","arg":["key code 53//keystroke \"iB\"","중괄호{} 내부 선택","iB"],"icon":{"type":"file","path":"img/markingText.png"},"match":"inner block with {} 선택 모드  iB"},{"title":"태그<> 내부 선택","subtitle":"선택 모드  ⎯  it","arg":["key code 53//keystroke \"it\"","태그<> 내부 선택","it"],"icon":{"type":"file","path":"img/markingText.png"},"match":"inner block with <> tags 선택 모드  it"},{"title":"선택 모드 종료","subtitle":"선택 모드  ⎯  Esc","arg":["key code 53//key code 53","선택 모드 종료","Esc"],"icon":{"type":"file","path":"img/markingText.png"},"match":"exit visual mode 선택 모드  Esc"},{"title":"선택 행 들여쓰기","subtitle":"선택 모드 명령 (Reference only) ⎯  >","arg":["keystroke \">\"","선택 행 들여쓰기",">"],"icon":{"type":"file","path":"img/visualCommands.png"},"match":"shift text right 선택 모드 명령 >"},{"title":"선택 행 내어쓰기","subtitle":"선택 모드 명령 (Reference only) ⎯  <","arg":["keystroke \"<\"","선택 행 내어쓰기","<"],"icon":{"type":"file","path":"img/visualCommands.png"},"match":"shift text left 선택 모드 명령 <"},{"title":"선택 구간 복사","subtitle":"선택 모드 명령 (Reference only) ⎯  y","arg":["keystroke \"y\"","선택 구간 복사","y"],"icon":{"type":"file","path":"img/visualCommands.png"},"match":"yank  marked text 선택 모드 명령 y"},{"title":"선택 구간 삭제","subtitle":"선택 모드 명령 (Reference only) ⎯  d","arg":["keystroke \"d\"","선택 구간 삭제","d"],"icon":{"type":"file","path":"img/visualCommands.png"},"match":"delete marked text 선택 모드 명령 d"},{"title":"대소문자 반전","subtitle":"선택 모드 명령 (Reference only) ⎯  ~","arg":["keystroke \"~\"","대소문자 반전","~"],"icon":{"type":"file","path":"img/visualCommands.png"},"match":"switch case 선택 모드 명령 ~"},{"title":"선택 구간 소문자 전환","subtitle":"선택 모드 명령 (Reference only) ⎯  u","arg":["keystroke \"u\"","선택 구간 소문자 전환","u"],"icon":{"type":"file","path":"img/visualCommands.png"},"match":"change marked text to lowercase 선택 모드 명령 u"},{"title":"선택 구간 대문자 전환","subtitle":"선택 모드 명령 (Reference only) ⎯  U","arg":["keystroke \"U\"","선택 구간 대문자 전환","U"],"icon":{"type":"file","path":"img/visualCommands.png"},"match":"change marked text to uppercase 선택 모드 명령 U"},{"title":"레지스터 내용 확인","subtitle":"레지스터 ⎯  :reg[isters]","arg":["key code 53//keystroke \":reg\" & return","레지스터 내용 확인",":reg[isters]"],"icon":{"type":"file","path":"img/registers.png"},"match":"show registers content 레지스터 :reg[isters]"},{"title":"레지스터 x 복사","subtitle":"레지스터 ⎯  xy","arg":["key code 53//keystroke \"xy\"","레지스터 x 복사","xy"],"icon":{"type":"file","path":"img/registers.png"},"match":"yank into register x 레지스터 xy"},{"title":"레지스터 x 붙여넣기","subtitle":"레지스터 ⎯  xp","arg":["key code 53//keystroke \"xp\"","레지스터 x 붙여넣기","xp"],"icon":{"type":"file","path":"img/registers.png"},"match":"paste contents of register x 레지스터 xp"},{"title":"클립보드 복사","subtitle":"레지스터 ⎯  +y","arg":["key code 53//keystroke \"+y\"","클립보드 복사","+y"],"icon":{"type":"file","path":"img/registers.png"},"match":"yank into the system clipboard register 레지스터 +y"},{"title":"클립보드 붙여넣기","subtitle":"레지스터 ⎯  +p","arg":["key code 53//keystroke \"+p\"","클립보드 붙여넣기","+p"],"icon":{"type":"file","path":"img/registers.png"},"match":"paste from the system clipboard register 레지스터 +p"},{"title":"현재 위치를 a로 마킹","subtitle":"마킹 ⎯  ma","arg":["key code 53//keystroke \"ma\"","현재 위치를 a로 마킹","ma"],"icon":{"type":"file","path":"img/marks.png"},"match":"set current position for mark A 마킹 ma"},{"title":"마크 a로 점프","subtitle":"마킹 ⎯  `a","arg":["key code 53//keystroke \"`a\"","마크 a로 점프","`a"],"icon":{"type":"file","path":"img/marks.png"},"match":"jump to position of mark A 마킹 `a"},{"title":"마크 a까지 복사","subtitle":"마킹 ⎯  y`a","arg":["key code 53//keystroke \"y`a\"","마크 a까지 복사","y`a"],"icon":{"type":"file","path":"img/marks.png"},"match":"yank text to position of mark A 마킹 y`a"},{"title":"종료 전 커서위치로 점프","subtitle":"마킹 ⎯  `0","arg":["key code 53//keystroke \"`0\"","종료 전 커서위치로 점프","`0"],"icon":{"type":"file","path":"img/marks.png"},"match":"go to the position where Vim was previously exited 마킹 `0"},{"title":"최근 편집한 커서 위치로 점프","subtitle":"마킹 ⎯  `\"","arg":["key code 53//keystroke \"`\\\"\"","최근 편집한 커서 위치로 점프","`\""],"icon":{"type":"file","path":"img/marks.png"},"match":"go to the position when last editing this file 마킹 `\""},{"title":"최근 변경한 커서 위치로 점프","subtitle":"마킹 ⎯  `.","arg":["key code 53//keystroke \"`.\"","최근 변경한 커서 위치로 점프","`."],"icon":{"type":"file","path":"img/marks.png"},"match":"go to the position of the last change in this file 마킹 `."},{"title":"최근 점프 전 위치로 점프","subtitle":"마킹 ⎯  ``","arg":["key code 53//keystroke \"``\"","최근 점프 전 위치로 점프","``"],"icon":{"type":"file","path":"img/marks.png"},"match":"go to the position before the last jump 마킹 ``"},{"title":"점프목록","subtitle":"마킹 ⎯  :ju[mps]","arg":["key code 53//keystroke \":ju\" & return","점프목록",":ju[mps]"],"icon":{"type":"file","path":"img/marks.png"},"match":"list of jumps 마킹 :ju[mps]"},{"title":"이전 점프목록 위치로 점프","subtitle":"마킹 ⎯  Ctrl+i","arg":["key code 53//keystroke \"i\" using control down","이전 점프목록 위치로 점프","Ctrl+i"],"icon":{"type":"file","path":"img/marks.png"},"match":"go to newer position in jump list 마킹 Ctrl+i"},{"title":"다음 점프목록 위치로 점프","subtitle":"마킹 ⎯  Ctrl+o","arg":["key code 53//keystroke \"o\" using control down","다음 점프목록 위치로 점프","Ctrl+o"],"icon":{"type":"file","path":"img/marks.png"},"match":"go to older position in jump list 마킹 Ctrl+o"},{"title":"변경목록","subtitle":"마킹 ⎯  :changes","arg":["key code 53//keystroke \":changes\" & return","변경목록",":changes"],"icon":{"type":"file","path":"img/marks.png"},"match":"list of changes 마킹 :changes"},{"title":"이전 변경목록 위치로 점프","subtitle":"마킹 ⎯  g,","arg":["key code 53//keystroke \"g,\"","이전 변경목록 위치로 점프","g,"],"icon":{"type":"file","path":"img/marks.png"},"match":"go to newer position in change list 마킹 g,"},{"title":"다음 변경목록 위치로 점프","subtitle":"마킹 ⎯  g;","arg":["key code 53//keystroke \"g;\"","다음 변경목록 위치로 점프","g;"],"icon":{"type":"file","path":"img/marks.png"},"match":"go to older position in change list 마킹 g;"},{"title":"커서가 가리키는 태그로 점프","subtitle":"마킹 ⎯  Ctrl+]","arg":["key code 53//keystroke \"]\" using control down","커서가 가리키는 태그로 점프","Ctrl+]"],"icon":{"type":"file","path":"img/marks.png"},"match":"jump to the tag under cursor 마킹 Ctrl+]"},{"title":"Go to file in cursor","subtitle":"마킹 ⎯  gf","arg":["key code 53//keystroke \"gf\"","Go to file in cursor","gf"],"icon":{"type":"file","path":"img/marks.png"},"match":"Go to file in cursor 마킹 gf"},{"title":"매크로 a 기록 시작","subtitle":"매크로 ⎯  qa","arg":["key code 53//keystroke \"qa\"","매크로 a 기록 시작","qa"],"icon":{"type":"file","path":"img/macros.png"},"match":"record macro a 매크로 qa"},{"title":"매크로 기록 중지","subtitle":"매크로 ⎯  q","arg":["key code 53//keystroke \"q\"","매크로 기록 중지","q"],"icon":{"type":"file","path":"img/macros.png"},"match":"stop recording macro 매크로 q"},{"title":"매크로 a 실행","subtitle":"매크로 ⎯  @a","arg":["key code 53//keystroke \"@a\"","매크로 a 실행","@a"],"icon":{"type":"file","path":"img/macros.png"},"match":"run macro a 매크로 @a"},{"title":"최근 매크로 재실행","subtitle":"매크로 ⎯  @@","arg":["key code 53//keystroke \"@@\"","최근 매크로 재실행","@@"],"icon":{"type":"file","path":"img/macros.png"},"match":"rerun last run macro 매크로 @@"},{"title":"한 행 복사하기","subtitle":"잘라내기와 붙여넣기 ⎯  yy","arg":["key code 53//keystroke \"yy\"","한 행 복사하기","yy"],"icon":{"type":"file","path":"img/cutAndPaste.png"},"match":"yank  a line 잘라내기와 붙여넣기 yy"},{"title":"2줄 복사하기","subtitle":"잘라내기와 붙여넣기 ⎯  2yy","arg":["key code 53//keystroke \"2yy\"","2줄 복사하기","2yy"],"icon":{"type":"file","path":"img/cutAndPaste.png"},"match":"yank  2 lines 잘라내기와 붙여넣기 2yy"},{"title":"다음 단어까지 복사하기","subtitle":"잘라내기와 붙여넣기 ⎯  yw","arg":["key code 53//keystroke \"yw\"","다음 단어까지 복사하기","yw"],"icon":{"type":"file","path":"img/cutAndPaste.png"},"match":"yank  the characters of the word from the cursor position to the start of the next word 잘라내기와 붙여넣기 yw"},{"title":"한 단어 복사하기","subtitle":"잘라내기와 붙여넣기 ⎯  yiw","arg":["key code 53//keystroke \"yiw\"","한 단어 복사하기","yiw"],"icon":{"type":"file","path":"img/cutAndPaste.png"},"match":"yank  word under the cursor 잘라내기와 붙여넣기 yiw"},{"title":"한 단어 복사하기 ","subtitle":"잘라내기와 붙여넣기 ⎯  yaw","arg":["key code 53//keystroke \"yaw\"","한 단어 복사하기 ","yaw"],"icon":{"type":"file","path":"img/cutAndPaste.png"},"match":"yank  word under the cursor and the space after or before it 잘라내기와 붙여넣기 yaw"},{"title":"한 행 끝까지 복사하기","subtitle":"잘라내기와 붙여넣기 ⎯  y$","arg":["key code 53//keystroke \"y$\"","한 행 끝까지 복사하기","y$"],"icon":{"type":"file","path":"img/cutAndPaste.png"},"match":"yank  to end of line 잘라내기와 붙여넣기 y$"},{"title":"커서 뒤에 붙여넣기","subtitle":"잘라내기와 붙여넣기 ⎯  p","arg":["key code 53//keystroke \"p\"","커서 뒤에 붙여넣기","p"],"icon":{"type":"file","path":"img/cutAndPaste.png"},"match":"put  the clipboard after cursor 잘라내기와 붙여넣기 p"},{"title":"커서 앞에 붙여넣기","subtitle":"잘라내기와 붙여넣기 ⎯  P","arg":["key code 53//keystroke \"P\"","커서 앞에 붙여넣기","P"],"icon":{"type":"file","path":"img/cutAndPaste.png"},"match":"put  before cursor 잘라내기와 붙여넣기 P"},{"title":"커서 뒤에 붙여넣고 붙여넣은 행 다음으로 커서 옮기기","subtitle":"잘라내기와 붙여넣기 ⎯  gp","arg":["key code 53//keystroke \"gp\"","커서 뒤에 붙여넣고 붙여넣은 행 다음으로 커서 옮기기","gp"],"icon":{"type":"file","path":"img/cutAndPaste.png"},"match":"put  the clipboard after cursor and leave cursor after the new text 잘라내기와 붙여넣기 gp"},{"title":"커서 앞에 붙여넣고 붙여넣은 행 다음으로 커서 옮기기","subtitle":"잘라내기와 붙여넣기 ⎯  gP","arg":["key code 53//keystroke \"gP\"","커서 앞에 붙여넣고 붙여넣은 행 다음으로 커서 옮기기","gP"],"icon":{"type":"file","path":"img/cutAndPaste.png"},"match":"put  before cursor and leave cursor after the new text 잘라내기와 붙여넣기 gP"},{"title":"한 행 잘라내기","subtitle":"잘라내기와 붙여넣기 ⎯  dd","arg":["key code 53//keystroke \"dd\"","한 행 잘라내기","dd"],"icon":{"type":"file","path":"img/cutAndPaste.png"},"match":"delete  a line 잘라내기와 붙여넣기 dd"},{"title":"2줄 잘라내기","subtitle":"잘라내기와 붙여넣기 ⎯  2dd","arg":["key code 53//keystroke \"2dd\"","2줄 잘라내기","2dd"],"icon":{"type":"file","path":"img/cutAndPaste.png"},"match":"delete  2 lines 잘라내기와 붙여넣기 2dd"},{"title":"다음 단어까지 잘라내기","subtitle":"잘라내기와 붙여넣기 ⎯  dw","arg":["key code 53//keystroke \"dw\"","다음 단어까지 잘라내기","dw"],"icon":{"type":"file","path":"img/cutAndPaste.png"},"match":"delete  the characters of the word from the cursor position to the start of the next word 잘라내기와 붙여넣기 dw"},{"title":"한 단어 잘라내기","subtitle":"잘라내기와 붙여넣기 ⎯  diw","arg":["key code 53//keystroke \"diw\"","한 단어 잘라내기","diw"],"icon":{"type":"file","path":"img/cutAndPaste.png"},"match":"delete  word under the cursor 잘라내기와 붙여넣기 diw"},{"title":"한 단어 잘라내기 ","subtitle":"잘라내기와 붙여넣기 ⎯  daw","arg":["key code 53//keystroke \"daw\"","한 단어 잘라내기 ","daw"],"icon":{"type":"file","path":"img/cutAndPaste.png"},"match":"delete  word under the cursor and the space after or before it 잘라내기와 붙여넣기 daw"},{"title":"한 행 끝까지 잘라내기","subtitle":"잘라내기와 붙여넣기 ⎯  d$ or D","arg":["key code 53//keystroke \"d$\"","한 행 끝까지 잘라내기","d$ or D"],"icon":{"type":"file","path":"img/cutAndPaste.png"},"match":"delete  to the end of the line 잘라내기와 붙여넣기 d$ or D"},{"title":"한 문자 잘라내기","subtitle":"잘라내기와 붙여넣기 ⎯  x","arg":["key code 53//keystroke \"x\"","한 문자 잘라내기","x"],"icon":{"type":"file","path":"img/cutAndPaste.png"},"match":"delete  character 잘라내기와 붙여넣기 x"},{"title":"한 탭 들여쓰기","subtitle":"문단모양 ⎯  >>","arg":["key code 53//keystroke \">>\"","한 탭 들여쓰기",">>"],"icon":{"type":"file","path":"img/indentText.png"},"match":"indent  line one shiftwidth 문단모양 >>"},{"title":"한 탭 내어쓰기","subtitle":"문단모양 ⎯  <<","arg":["key code 53//keystroke \"<<\"","한 탭 내어쓰기","<<"],"icon":{"type":"file","path":"img/indentText.png"},"match":"de-indent  line one shiftwidth 문단모양 <<"},{"title":"중·소괄호 구간 들여쓰기","subtitle":"문단모양 ⎯  >%","arg":["key code 53//keystroke \">%\"","중·소괄호 구간 들여쓰기",">%"],"icon":{"type":"file","path":"img/indentText.png"},"match":"indent a block with () or {}  문단모양 >%"},{"title":"소괄호 내부 들여쓰기","subtitle":"문단모양 ⎯  >ib","arg":["key code 53//keystroke \">ib\"","소괄호 내부 들여쓰기",">ib"],"icon":{"type":"file","path":"img/indentText.png"},"match":"indent inner block with () 문단모양 >ib"},{"title":"태그 구간 들여쓰기","subtitle":"문단모양 ⎯  >at","arg":["key code 53//keystroke \">at\"","태그 구간 들여쓰기",">at"],"icon":{"type":"file","path":"img/indentText.png"},"match":"indent a block with <> tags 문단모양 >at"},{"title":"3줄 자동정렬","subtitle":"문단모양 ⎯  3==","arg":["key code 53//keystroke \"3==\"","3줄 자동정렬","3=="],"icon":{"type":"file","path":"img/indentText.png"},"match":"re-indent 3 lines 문단모양 3=="},{"title":"중·소괄호 구간 자동정렬","subtitle":"문단모양 ⎯  =%","arg":["key code 53//keystroke \"=%\"","중·소괄호 구간 자동정렬","=%"],"icon":{"type":"file","path":"img/indentText.png"},"match":"re-indent a block with () or {}  문단모양 =%"},{"title":"","subtitle":"문단모양 ⎯  =iB","arg":["key code 53//keystroke \"iB\"",null,"=iB"],"icon":{"type":"file","path":"img/indentText.png"},"match":" 문단모양 =iB"},{"title":"전체 버퍼 자동정렬","subtitle":"문단모양 ⎯  gg=G","arg":["key code 53//keystroke \"gg=G\"","전체 버퍼 자동정렬","gg=G"],"icon":{"type":"file","path":"img/indentText.png"},"match":"re-indent entire buffer 문단모양 gg=G"},{"title":"붙여쓰고 현재 행 들여쓰기 조","subtitle":"문단모양 ⎯  ]p","arg":["key code 53//keystroke \"]p\"","붙여쓰고 현재 행 들여쓰기 조","]p"],"icon":{"type":"file","path":"img/indentText.png"},"match":"paste and adjust indent to current line 문단모양 ]p"},{"title":"저장하기","subtitle":"나가기 ⎯  :w","arg":["key code 53//keystroke \":w\" & return","저장하기",":w"],"icon":{"type":"file","path":"img/exiting.png"},"match":"write  the file, but don't exit 나가기 :w"},{"title":"관리자로 저장하기","subtitle":"나가기 ⎯  :w !sudo tee %","arg":["key code 53//keystroke \":w !sudo tee %\"","관리자로 저장하기",":w !sudo tee %"],"icon":{"type":"file","path":"img/exiting.png"},"match":"write out the current file using sudo 나가기 :w !sudo tee %"},{"title":"저장하고 나가기","subtitle":"나가기 ⎯  :wq or :x or ZZ","arg":["key code 53//keystroke \":wq\" & return","저장하고 나가기",":wq or :x or ZZ"],"icon":{"type":"file","path":"img/exiting.png"},"match":"write  and quit 나가기 :wq or :x or ZZ"},{"title":"나가기 ","subtitle":"나가기 ⎯  :q","arg":["key code 53//keystroke \":q\" & return","나가기 ",":q"],"icon":{"type":"file","path":"img/exiting.png"},"match":"quit  나가기 :q"},{"title":"나가기 ","subtitle":"나가기 ⎯  :q! or ZQ","arg":["key code 53//keystroke \":q!\" & return","나가기 ",":q! or ZQ"],"icon":{"type":"file","path":"img/exiting.png"},"match":"quit and throw away unsaved changes 나가기 :q! or ZQ"},{"title":"모든 탭 저장하고 나가기","subtitle":"나가기 ⎯  :wqa","arg":["key code 53//keystroke \":wqa\" & return","모든 탭 저장하고 나가기",":wqa"],"icon":{"type":"file","path":"img/exiting.png"},"match":"write  and quit on all tabs 나가기 :wqa"},{"title":"패턴 검색 ","subtitle":"검색과 바꾸기 ⎯  /pattern","arg":["key code 53//keystroke \"/pattern\"","패턴 검색 ","/pattern"],"icon":{"type":"file","path":"img/searchAndReplace.png"},"match":"search for pattern 검색과 바꾸기 /pattern"},{"title":"패턴 검색 ","subtitle":"검색과 바꾸기 ⎯  ?pattern","arg":["key code 53//keystroke \"?pattern\"","패턴 검색 ","?pattern"],"icon":{"type":"file","path":"img/searchAndReplace.png"},"match":"search backward for pattern 검색과 바꾸기 ?pattern"},{"title":"특수 매직 패턴","subtitle":"검색과 바꾸기 ⎯  \\vpattern","arg":["key code 53//keystroke \"\\\\vpattern\"","특수 매직 패턴","\\vpattern"],"icon":{"type":"file","path":"img/searchAndReplace.png"},"match":"'very magic' pattern 검색과 바꾸기 \\vpattern"},{"title":"다음 검색항목으로 점프","subtitle":"검색과 바꾸기 ⎯  n","arg":["key code 53//keystroke \"n\"","다음 검색항목으로 점프","n"],"icon":{"type":"file","path":"img/searchAndReplace.png"},"match":"repeat search in same direction 검색과 바꾸기 n"},{"title":"이전 검색항목으로 점프","subtitle":"검색과 바꾸기 ⎯  N","arg":["key code 53//keystroke \"N\"","이전 검색항목으로 점프","N"],"icon":{"type":"file","path":"img/searchAndReplace.png"},"match":"repeat search in opposite direction 검색과 바꾸기 N"},{"title":"모든 old를 new로 바꾸기","subtitle":"검색과 바꾸기 ⎯  :%s/old/new/g","arg":["key code 53//keystroke \":%s/old/new/g\"","모든 old를 new로 바꾸기",":%s/old/new/g"],"icon":{"type":"file","path":"img/searchAndReplace.png"},"match":"replace all old with new throughout file 검색과 바꾸기 :%s/old/new/g"},{"title":"모든 old를 new로 확인하며 바꾸기","subtitle":"검색과 바꾸기 ⎯  :%s/old/new/gc","arg":["key code 53//keystroke \":%s/old/new/gc\"","모든 old를 new로 확인하며 바꾸기",":%s/old/new/gc"],"icon":{"type":"file","path":"img/searchAndReplace.png"},"match":"replace all old with new throughout file with confirmations 검색과 바꾸기 :%s/old/new/gc"},{"title":"검색 하이라이트 제거","subtitle":"검색과 바꾸기 ⎯  :noh[lsearch]","arg":["key code 53//keystroke \":noh[lsearch]\"","검색 하이라이트 제거",":noh[lsearch]"],"icon":{"type":"file","path":"img/searchAndReplace.png"},"match":"remove highlighting of search matches 검색과 바꾸기 :noh[lsearch]"},{"title":"Next whole word under cursor","subtitle":"검색과 바꾸기 ⎯  *","arg":["key code 53//keystroke \"*\"","Next whole word under cursor","*"],"icon":{"type":"file","path":"img/searchAndReplace.png"},"match":"Next whole word under cursor 검색과 바꾸기 *"},{"title":"Previous whole word under cursor","subtitle":"검색과 바꾸기 ⎯  #","arg":["key code 53//keystroke \"#\"","Previous whole word under cursor","#"],"icon":{"type":"file","path":"img/searchAndReplace.png"},"match":"Previous whole word under cursor 검색과 바꾸기 #"},{"title":"여러 파일에서 패턴 검색","subtitle":"여러 파일 검색 ⎯  :vim[grep] /pattern/ file","arg":["key code 53//keystroke \":vim[grep]\"//key code 49//keystroke \"/pattern/\"//key code 49//keystroke \"file\"","여러 파일에서 패턴 검색",":vim[grep] /pattern/ file"],"icon":{"type":"file","path":"img/searchMultipleFiles.png"},"match":"search for pattern in multiple files 여러 파일 검색 :vim[grep] /pattern/ file"},{"title":"다음 검색항목으로 점프","subtitle":"여러 파일 검색 ⎯  :cn[ext]","arg":["key code 53//keystroke \":cn\" & return","다음 검색항목으로 점프",":cn[ext]"],"icon":{"type":"file","path":"img/searchMultipleFiles.png"},"match":"jump to the next match 여러 파일 검색 :cn[ext]"},{"title":"이전 검색항목으로 점프","subtitle":"여러 파일 검색 ⎯  :cp[revious]","arg":["key code 53//keystroke \":cp\" & return","이전 검색항목으로 점프",":cp[revious]"],"icon":{"type":"file","path":"img/searchMultipleFiles.png"},"match":"jump to the previous match 여러 파일 검색 :cp[revious]"},{"title":"일치 목록을 새 창으로 열기","subtitle":"여러 파일 검색 ⎯  :cope[n]","arg":["key code 53//keystroke \":cope\" & return","일치 목록을 새 창으로 열기",":cope[n]"],"icon":{"type":"file","path":"img/searchMultipleFiles.png"},"match":"open a window containing the list of matches 여러 파일 검색 :cope[n]"},{"title":"일치 목록 창 닫기","subtitle":"여러 파일 검색 ⎯  :ccl[ose]","arg":["key code 53//keystroke \":ccl\" & return","일치 목록 창 닫기",":ccl[ose]"],"icon":{"type":"file","path":"img/searchMultipleFiles.png"},"match":"close the quickfix window 여러 파일 검색 :ccl[ose]"},{"title":"","subtitle":"여러 파일 검색 ⎯  colonWa","arg":["key code 53//keystroke \":wa\" & return",null,"colonWa"],"icon":{"type":"file","path":"img/searchMultipleFiles.png"},"match":" 여러 파일 검색 colonWa"},{"title":"일치 목록 창 닫기","subtitle":"여러 파일 검색 ⎯  :ccl[ose]","arg":["key code 53//keystroke \":ccl\" & return","일치 목록 창 닫기",":ccl[ose]"],"icon":{"type":"file","path":"img/searchMultipleFiles.png"},"match":"close the quickfix window 여러 파일 검색 :ccl[ose]"},{"title":"새 탭에서 파일 열기","subtitle":"탭 ⎯  :tabnew or :tabnew file","arg":["key code 53//keystroke \":tabnew\"//key code 49//keystroke \"file\" & return","새 탭에서 파일 열기",":tabnew or :tabnew file"],"icon":{"type":"file","path":"img/tabs.png"},"match":"open a file in a new tab 탭 :tabnew or :tabnew file"},{"title":"현재 분할 창을 새로운 탭으로 이동","subtitle":"탭 ⎯  Ctrl+wT","arg":["key code 53//keystroke \"w\" using control down//keystroke \"T\"","현재 분할 창을 새로운 탭으로 이동","Ctrl+wT"],"icon":{"type":"file","path":"img/tabs.png"},"match":"move the current split window into its own tab 탭 Ctrl+wT"},{"title":"다음 탭으로 이동","subtitle":"탭 ⎯  gt or :tabn[ext]","arg":["key code 53//keystroke \"gt\"","다음 탭으로 이동","gt or :tabn[ext]"],"icon":{"type":"file","path":"img/tabs.png"},"match":"move to the next tab 탭 gt or :tabn[ext]"},{"title":"이전 탭으로 이동","subtitle":"탭 ⎯  gT or :tabp[revious]","arg":["key code 53//keystroke \"gT\"","이전 탭으로 이동","gT or :tabp[revious]"],"icon":{"type":"file","path":"img/tabs.png"},"match":"move to the previous tab 탭 gT or :tabp[revious]"},{"title":"#번째 탭으로 이동","subtitle":"탭 ⎯  #gt","arg":["key code 53//keystroke \"#gt\"","#번째 탭으로 이동","#gt"],"icon":{"type":"file","path":"img/tabs.png"},"match":"move to tab number # 탭 #gt"},{"title":"현재 탭을 #번째로 이동","subtitle":"탭 ⎯  :tabm[ove]","arg":["key code 53//keystroke \":tabm\" & return","현재 탭을 #번째로 이동",":tabm[ove]"],"icon":{"type":"file","path":"img/tabs.png"},"match":"move current tab to the #th position  탭 :tabm[ove]"},{"title":"현재 탭과 그 안의 창들 닫기","subtitle":"탭 ⎯  :tabc[lose]","arg":["key code 53//keystroke \":tabc\" & return","현재 탭과 그 안의 창들 닫기",":tabc[lose]"],"icon":{"type":"file","path":"img/tabs.png"},"match":"close the current tab and all its windows 탭 :tabc[lose]"},{"title":"현재 탭 이외의 모든 탭 닫기","subtitle":"탭 ⎯  :tabo[nly]","arg":["key code 53//keystroke \":tabo\" & return","현재 탭 이외의 모든 탭 닫기",":tabo[nly]"],"icon":{"type":"file","path":"img/tabs.png"},"match":"close all tabs except for the current one 탭 :tabo[nly]"},{"title":"모든 탭에서 command 실행하기 ","subtitle":"탭 ⎯  :tabdo command","arg":["key code 53//keystroke \":tabdo\"//key code 49//keystroke \"command\"","모든 탭에서 command 실행하기 ",":tabdo command"],"icon":{"type":"file","path":"img/tabs.png"},"match":"run the command on all tabs  탭 :tabdo command"},{"title":"새 버퍼에서 파일 편집","subtitle":"여러 파일 작업 ⎯  :e[dit] file","arg":["key code 53//keystroke \":e\"//key code 49//keystroke \"file\"","새 버퍼에서 파일 편집",":e[dit] file"],"icon":{"type":"file","path":"img/workingWithMultipleFiles.png"},"match":"edit a file in a new buffer 여러 파일 작업 :e[dit] file"},{"title":"다음 버퍼로 이동","subtitle":"여러 파일 작업 ⎯  :bn[ext]","arg":["key code 53//keystroke \":bn\" & return","다음 버퍼로 이동",":bn[ext]"],"icon":{"type":"file","path":"img/workingWithMultipleFiles.png"},"match":"go to the next buffer 여러 파일 작업 :bn[ext]"},{"title":"이전 버퍼로 이동","subtitle":"여러 파일 작업 ⎯  :bp[revious]","arg":["key code 53//keystroke \":bp\" & return","이전 버퍼로 이동",":bp[revious]"],"icon":{"type":"file","path":"img/workingWithMultipleFiles.png"},"match":"go to the previous buffer 여러 파일 작업 :bp[revious]"},{"title":"버퍼 삭제 ","subtitle":"여러 파일 작업 ⎯  :bd[elete]","arg":["key code 53//keystroke \":bd\" & return","버퍼 삭제 ",":bd[elete]"],"icon":{"type":"file","path":"img/workingWithMultipleFiles.png"},"match":"delete a buffer  여러 파일 작업 :bd[elete]"},{"title":"#번째 버퍼로 이동","subtitle":"여러 파일 작업 ⎯  :b[uffer]#","arg":["key code 53//keystroke \":b#\"","#번째 버퍼로 이동",":b[uffer]#"],"icon":{"type":"file","path":"img/workingWithMultipleFiles.png"},"match":"go to a buffer by index # 여러 파일 작업 :b[uffer]#"},{"title":"파일명 버퍼로 이동","subtitle":"여러 파일 작업 ⎯  :b[uffer] file","arg":["key code 53//keystroke \":b\"//key code 49//keystroke \"file\"","파일명 버퍼로 이동",":b[uffer] file"],"icon":{"type":"file","path":"img/workingWithMultipleFiles.png"},"match":"go to a buffer by file 여러 파일 작업 :b[uffer] file"},{"title":"열린 버퍼 모두 나열","subtitle":"여러 파일 작업 ⎯  :ls or :buffers","arg":["key code 53//keystroke \":ls\" & return","열린 버퍼 모두 나열",":ls or :buffers"],"icon":{"type":"file","path":"img/workingWithMultipleFiles.png"},"match":"list all open buffers 여러 파일 작업 :ls or :buffers"},{"title":"새 버퍼에 파일 열고 상하로 창 분할","subtitle":"여러 파일 작업 ⎯  :sp[lit] file","arg":["key code 53//keystroke \":sp\"//key code 49//keystroke \"file\"","새 버퍼에 파일 열고 상하로 창 분할",":sp[lit] file"],"icon":{"type":"file","path":"img/workingWithMultipleFiles.png"},"match":"open a file in a new buffer and split window 여러 파일 작업 :sp[lit] file"},{"title":"새 버퍼에 파일 열고 좌우로 창 분할","subtitle":"여러 파일 작업 ⎯  :vs[plit] file","arg":["key code 53//keystroke \":vs\"//key code 49//keystroke \"file\"","새 버퍼에 파일 열고 좌우로 창 분할",":vs[plit] file"],"icon":{"type":"file","path":"img/workingWithMultipleFiles.png"},"match":"open a file in a new buffer and vertically split window 여러 파일 작업 :vs[plit] file"},{"title":"모든 버퍼 열고 좌우로 창 분할","subtitle":"여러 파일 작업 ⎯  :vert[ical] ba[ll]","arg":["key code 53//keystroke \":vert\"//key code 49//keystroke \"ba\" & return","모든 버퍼 열고 좌우로 창 분할",":vert[ical] ba[ll]"],"icon":{"type":"file","path":"img/workingWithMultipleFiles.png"},"match":"edit all buffers as vertical windows 여러 파일 작업 :vert[ical] ba[ll]"},{"title":"모든 버퍼 열고 탭으로 창 분할","subtitle":"여러 파일 작업 ⎯  :tab ba[ll]","arg":["key code 53//keystroke \":tab\"//key code 49//keystroke \"ba\" & return","모든 버퍼 열고 탭으로 창 분할",":tab ba[ll]"],"icon":{"type":"file","path":"img/workingWithMultipleFiles.png"},"match":"edit all buffers as tabs 여러 파일 작업 :tab ba[ll]"},{"title":"상하로 창 분할","subtitle":"여러 파일 작업 ⎯  Ctrl+w s","arg":["key code 53//keystroke \"w\" using control down//keystroke \"s\"","상하로 창 분할","Ctrl+w s"],"icon":{"type":"file","path":"img/workingWithMultipleFiles.png"},"match":"split window 여러 파일 작업 Ctrl+w s"},{"title":"좌우로 창 분할","subtitle":"여러 파일 작업 ⎯  Ctrl+w v","arg":["key code 53//keystroke \"w\" using control down//keystroke \"v\"","좌우로 창 분할","Ctrl+w v"],"icon":{"type":"file","path":"img/workingWithMultipleFiles.png"},"match":"split window vertically 여러 파일 작업 Ctrl+w v"},{"title":"창 전환","subtitle":"여러 파일 작업 ⎯  Ctrl+w w","arg":["key code 53//keystroke \"w\" using control down//keystroke \"w\"","창 전환","Ctrl+w w"],"icon":{"type":"file","path":"img/workingWithMultipleFiles.png"},"match":"switch windows 여러 파일 작업 Ctrl+w w"},{"title":"창 닫기","subtitle":"여러 파일 작업 ⎯  Ctrl+w q","arg":["key code 53//keystroke \"w\" using control down//keystroke \"q\"","창 닫기","Ctrl+w q"],"icon":{"type":"file","path":"img/workingWithMultipleFiles.png"},"match":"quit a window 여러 파일 작업 Ctrl+w q"},{"title":"창 바꾸기","subtitle":"여러 파일 작업 ⎯  Ctrl+w x","arg":["key code 53//keystroke \"w\" using control down//keystroke \"x\"","창 바꾸기","Ctrl+w x"],"icon":{"type":"file","path":"img/workingWithMultipleFiles.png"},"match":"exchange current window with next one 여러 파일 작업 Ctrl+w x"},{"title":"모든 창 크기 조정","subtitle":"여러 파일 작업 ⎯  Ctrl+w =","arg":["key code 53//keystroke \"w\" using control down//keystroke \"=\"","모든 창 크기 조정","Ctrl+w ="],"icon":{"type":"file","path":"img/workingWithMultipleFiles.png"},"match":"make all windows equal height & width 여러 파일 작업 Ctrl+w ="},{"title":"왼쪽 창으로 이동","subtitle":"여러 파일 작업 ⎯  Ctrl+w h","arg":["key code 53//keystroke \"w\" using control down//keystroke \"h\"","왼쪽 창으로 이동","Ctrl+w h"],"icon":{"type":"file","path":"img/workingWithMultipleFiles.png"},"match":"move cursor to the left window  여러 파일 작업 Ctrl+w h"},{"title":"오른쪽 창으로 이동","subtitle":"여러 파일 작업 ⎯  Ctrl+w l","arg":["key code 53//keystroke \"w\" using control down//keystroke \"l\"","오른쪽 창으로 이동","Ctrl+w l"],"icon":{"type":"file","path":"img/workingWithMultipleFiles.png"},"match":"move cursor to the right window  여러 파일 작업 Ctrl+w l"},{"title":"아래 창으로 이동","subtitle":"여러 파일 작업 ⎯  Ctrl+w j","arg":["key code 53//keystroke \"w\" using control down//keystroke \"j\"","아래 창으로 이동","Ctrl+w j"],"icon":{"type":"file","path":"img/workingWithMultipleFiles.png"},"match":"move cursor to the window below  여러 파일 작업 Ctrl+w j"},{"title":"위 창으로 이동","subtitle":"여러 파일 작업 ⎯  Ctrl+w k","arg":["key code 53//keystroke \"w\" using control down//keystroke \"k\"","위 창으로 이동","Ctrl+w k"],"icon":{"type":"file","path":"img/workingWithMultipleFiles.png"},"match":"move cursor to the window above  여러 파일 작업 Ctrl+w k"},{"title":"현재 창을 최대 높이인 상태로 왼쪽 이동","subtitle":"여러 파일 작업 ⎯  Ctrl+w H","arg":["key code 53//keystroke \"w\" using control down//keystroke \"H\"","현재 창을 최대 높이인 상태로 왼쪽 이동","Ctrl+w H"],"icon":{"type":"file","path":"img/workingWithMultipleFiles.png"},"match":"make current window full height at far left  여러 파일 작업 Ctrl+w H"},{"title":"현재 창을 최대 높이인 상태로 오른쪽 이동","subtitle":"여러 파일 작업 ⎯  Ctrl+w L","arg":["key code 53//keystroke \"w\" using control down//keystroke \"L\"","현재 창을 최대 높이인 상태로 오른쪽 이동","Ctrl+w L"],"icon":{"type":"file","path":"img/workingWithMultipleFiles.png"},"match":"make current window full height at far right  여러 파일 작업 Ctrl+w L"},{"title":"현재 창을 최대 너비인 상태로 아래로 이동(가장 아래쪽","subtitle":"여러 파일 작업 ⎯  Ctrl+w J","arg":["key code 53//keystroke \"w\" using control down//keystroke \"J\"","현재 창을 최대 너비인 상태로 아래로 이동(가장 아래쪽","Ctrl+w J"],"icon":{"type":"file","path":"img/workingWithMultipleFiles.png"},"match":"make current window full width at the very bottom  여러 파일 작업 Ctrl+w J"},{"title":"현재 창을 최대 너비인 상태로 위로 이동","subtitle":"여러 파일 작업 ⎯  Ctrl+w K","arg":["key code 53//keystroke \"w\" using control down//keystroke \"K\"","현재 창을 최대 너비인 상태로 위로 이동","Ctrl+w K"],"icon":{"type":"file","path":"img/workingWithMultipleFiles.png"},"match":"make current window full width at the very top  여러 파일 작업 Ctrl+w K"},{"title":"폴딩 정의","subtitle":"비교 ⎯  zf","arg":["key code 53//keystroke \"zf\"","폴딩 정의","zf"],"icon":{"type":"file","path":"img/diff.png"},"match":"manually define a fold up to motion 비교 zf"},{"title":"폴드 제거","subtitle":"비교 ⎯  zd","arg":["key code 53//keystroke \"zd\"","폴드 제거","zd"],"icon":{"type":"file","path":"img/diff.png"},"match":"delete fold under the cursor 비교 zd"},{"title":"폴드 설정","subtitle":"비교 ⎯  za","arg":["key code 53//keystroke \"za\"","폴드 설정","za"],"icon":{"type":"file","path":"img/diff.png"},"match":"toggle fold under the cursor 비교 za"},{"title":"폴드 열기","subtitle":"비교 ⎯  zo","arg":["key code 53//keystroke \"zo\"","폴드 열기","zo"],"icon":{"type":"file","path":"img/diff.png"},"match":"open fold under the cursor 비교 zo"},{"title":"폴드 닫기","subtitle":"비교 ⎯  zc","arg":["key code 53//keystroke \"zc\"","폴드 닫기","zc"],"icon":{"type":"file","path":"img/diff.png"},"match":"close fold under the cursor 비교 zc"},{"title":"한 단계씩 폴드 열기","subtitle":"비교 ⎯  zr","arg":["key code 53//keystroke \"zr\"","한 단계씩 폴드 열기","zr"],"icon":{"type":"file","path":"img/diff.png"},"match":"reduce  all folds by one level 비교 zr"},{"title":"한 단계씩 폴드 접기","subtitle":"비교 ⎯  zm","arg":["key code 53//keystroke \"zm\"","한 단계씩 폴드 접기","zm"],"icon":{"type":"file","path":"img/diff.png"},"match":"fold more  all folds by one level 비교 zm"},{"title":"스마트 폴딩","subtitle":"비교 ⎯  zi","arg":["key code 53//keystroke \"zi\"","스마트 폴딩","zi"],"icon":{"type":"file","path":"img/diff.png"},"match":"toggle folding functionality 비교 zi"},{"title":"다음 수정으로 점프","subtitle":"비교 ⎯  ]c","arg":["key code 53//keystroke \"]c\"","다음 수정으로 점프","]c"],"icon":{"type":"file","path":"img/diff.png"},"match":"jump to start of next change 비교 ]c"},{"title":"이전 수정으로 점프","subtitle":"비교 ⎯  [c","arg":["key code 53//keystroke \"[c\"","이전 수정으로 점프","[c"],"icon":{"type":"file","path":"img/diff.png"},"match":"jump to start of previous change 비교 [c"},{"title":"다른 버퍼에서 차이점 얻기","subtitle":"비교 ⎯  do or :diffg[et]","arg":["key code 53//keystroke \"do\"","다른 버퍼에서 차이점 얻기","do or :diffg[et]"],"icon":{"type":"file","path":"img/diff.png"},"match":"obtain  difference  비교 do or :diffg[et]"},{"title":"다른 버퍼로 차이점 보내기","subtitle":"비교 ⎯  dp or :diffpu[t]","arg":["key code 53//keystroke \"dp\"","다른 버퍼로 차이점 보내기","dp or :diffpu[t]"],"icon":{"type":"file","path":"img/diff.png"},"match":"put difference  비교 dp or :diffpu[t]"},{"title":"현재 창 비교모드 열기","subtitle":"비교 ⎯  :diffthis","arg":["key code 53//keystroke \":diffthis\" & return","현재 창 비교모드 열기",":diffthis"],"icon":{"type":"file","path":"img/diff.png"},"match":"make current window part of diff 비교 :diffthis"},{"title":"비교모드 새로고침","subtitle":"비교 ⎯  :dif[fupdate]","arg":["key code 53//keystroke \":dif\" & return","비교모드 새로고침",":dif[fupdate]"],"icon":{"type":"file","path":"img/diff.png"},"match":"update differences 비교 :dif[fupdate]"},{"title":"현재 창 비교모드 닫가","subtitle":"비교 ⎯  :diffo[ff]","arg":["key code 53//keystroke \":diffo\" & return","현재 창 비교모드 닫가",":diffo[ff]"],"icon":{"type":"file","path":"img/diff.png"},"match":"switch off diff mode for current window 비교 :diffo[ff]"},{"title":"Turn on us english spell checking","subtitle":"Spell checking ⎯  :set spell spelllang=en_us","arg":["key code 53//keystroke \":set\"//key code 49//keystroke \"spell\"//key code 49//keystroke \"spelllang=en_us\" & return","Turn on US English spell checking",":set spell spelllang=en_us"],"icon":{"type":"file","path":"img/spell.png"},"match":"Turn on US English spell checking Spell checking :set spell spelllang=en_us"},{"title":"Turn off spell checking","subtitle":"Spell checking ⎯  :set nospell","arg":["key code 53//keystroke \":set\"//key code 49//keystroke \"nospell\" & return","Turn off spell checking",":set nospell"],"icon":{"type":"file","path":"img/spell.png"},"match":"Turn off spell checking Spell checking :set nospell"},{"title":"Move to next misspelled word after the cursor","subtitle":"Spell checking ⎯  ]s","arg":["key code 53//keystroke \"]s\"","Move to next misspelled word after the cursor","]s"],"icon":{"type":"file","path":"img/spell.png"},"match":"Move to next misspelled word after the cursor Spell checking ]s"},{"title":"Move to previous misspelled word before the cursor","subtitle":"Spell checking ⎯  [s","arg":["key code 53//keystroke \"[s\"","Move to previous misspelled word before the cursor","[s"],"icon":{"type":"file","path":"img/spell.png"},"match":"Move to previous misspelled word before the cursor Spell checking [s"},{"title":"Suggest spellings for the word under/after the cursor","subtitle":"Spell checking ⎯  z=","arg":["key code 53//keystroke \"z=\"","Suggest spellings for the word under/after the cursor","z="],"icon":{"type":"file","path":"img/spell.png"},"match":"Suggest spellings for the word under/after the cursor Spell checking z="},{"title":"Add word to spell list","subtitle":"Spell checking ⎯  zg","arg":["key code 53//keystroke \"zg\"","Add word to spell list","zg"],"icon":{"type":"file","path":"img/spell.png"},"match":"Add word to spell list Spell checking zg"},{"title":"Mark word as bad/mispelling","subtitle":"Spell checking ⎯  zw","arg":["key code 53//keystroke \"zw\"","Mark word as bad/mispelling","zw"],"icon":{"type":"file","path":"img/spell.png"},"match":"Mark word as bad/mispelling Spell checking zw"},{"title":"Suggest words for bad word under cursor from spell file","subtitle":"Spell checking ⎯  zu","arg":["key code 53//keystroke \"zu\"","Suggest words for bad word under cursor from spell file","zu"],"icon":{"type":"file","path":"img/spell.png"},"match":"Suggest words for bad word under cursor from spell file Spell checking zu"},{"title":"Increment number","subtitle":"Miscellaneous ⎯  Ctrl+a","arg":["key code 53//keystroke \"a\" using control down","Increment number","Ctrl+a"],"icon":{"type":"file","path":"img/misc.png"},"match":"Increment number Miscellaneous Ctrl+a"},{"title":"Decrement number","subtitle":"Miscellaneous ⎯  Ctrl+x","arg":["key code 53//keystroke \"x\" using control down","Decrement number","Ctrl+x"],"icon":{"type":"file","path":"img/misc.png"},"match":"Decrement number Miscellaneous Ctrl+x"},{"title":"Re-select last selected block of text","subtitle":"Miscellaneous ⎯  gv","arg":["key code 53//keystroke \"gv\"","Re-select last selected block of text","gv"],"icon":{"type":"file","path":"img/misc.png"},"match":"Re-select last selected block of text Miscellaneous gv"},{"title":"Insert the result of an expression at the cursor","subtitle":"Miscellaneous ⎯  Ctrl+r =","arg":["key code 53//keystroke \"r\" using control down//keystroke \"=\"","Insert the result of an expression at the cursor","Ctrl+r ="],"icon":{"type":"file","path":"img/misc.png"},"match":"Insert the result of an expression at the cursor Miscellaneous Ctrl+r ="},{"title":"Change file encoding to utf-8","subtitle":"Miscellaneous ⎯  set fenc=UTF-8","arg":["key code 53//keystroke \"set\"//key code 49//keystroke \"fenc=UTF-8\"","Change file encoding to UTF-8","set fenc=UTF-8"],"icon":{"type":"file","path":"img/misc.png"},"match":"Change file encoding to UTF-8 Miscellaneous set fenc=UTF-8"},{"title":"Escape next character","subtitle":"Regex ⎯  \\","arg":["keystroke \"\\\\\"","Escape next character","\\"],"icon":{"type":"file","path":"img/regex.png"},"match":"Escape next character Regex \\"},{"title":"Start-of­-line","subtitle":"Regex ⎯  ^","arg":["keystroke \"^\"","Start-of­-line","^"],"icon":{"type":"file","path":"img/regex.png"},"match":"Start-of­-line Regex ^"},{"title":"End-of-­line","subtitle":"Regex ⎯  $","arg":["keystroke \"$\"","End-of-­line","$"],"icon":{"type":"file","path":"img/regex.png"},"match":"End-of-­line Regex $"},{"title":"Any char","subtitle":"Regex ⎯  .","arg":["keystroke \".\"","Any char","."],"icon":{"type":"file","path":"img/regex.png"},"match":"Any char Regex ."},{"title":"0 or more quantifier","subtitle":"Regex ⎯  *","arg":["keystroke \"*\"","0 or more quantifier","*"],"icon":{"type":"file","path":"img/regex.png"},"match":"0 or more quantifier Regex *"},{"title":"Match last given substitute string","subtitle":"Regex ⎯  ~","arg":["keystroke \"\"~","Match last given substitute string","~"],"icon":{"type":"file","path":"img/regex.png"},"match":"Match last given substitute string Regex ~"},{"title":"Match range","subtitle":"Regex ⎯  [...]","arg":["keystroke \"[...]\"","Match range","[...]"],"icon":{"type":"file","path":"img/regex.png"},"match":"Match range Regex [...]"},{"title":"Not range","subtitle":"Regex ⎯  [^...]","arg":["keystroke \"[^...]\"","Not range","[^...]"],"icon":{"type":"file","path":"img/regex.png"},"match":"Not range Regex [^...]"},{"title":"In replacement: insert <pattern>","subtitle":"Regex ⎯  &","arg":["keystroke \"&\"","In replacement: insert <pattern>","&"],"icon":{"type":"file","path":"img/regex.png"},"match":"In replacement: insert <pattern> Regex &"},{"title":"Beginning of a word","subtitle":"Regex ⎯  \\<","arg":["keystroke \"\\\\<\"","Beginning of a word","\\<"],"icon":{"type":"file","path":"img/regex.png"},"match":"Beginning of a word Regex \\<"},{"title":"End of word","subtitle":"Regex ⎯  \\>","arg":["keystroke \"\\\\>\"","End of word","\\>"],"icon":{"type":"file","path":"img/regex.png"},"match":"End of word Regex \\>"},{"title":"Group","subtitle":"Regex ⎯  \\(...\\)","arg":["keystroke \"\\\\(...\\\\)\"","Group","\\(...\\)"],"icon":{"type":"file","path":"img/regex.png"},"match":"Group Regex \\(...\\)"},{"title":"Separate alternative","subtitle":"Regex ⎯  \\|","arg":["keystroke \"\\\\|\"","Separate alternative","\\|"],"icon":{"type":"file","path":"img/regex.png"},"match":"Separate alternative Regex \\|"},{"title":"Any single char or end-of­line","subtitle":"Regex ⎯  \\_.","arg":["keystroke \"\\\\_.\"","Any single char or end-of­line","\\_."],"icon":{"type":"file","path":"img/regex.png"},"match":"Any single char or end-of­line Regex \\_."},{"title":"1 or more quantifier","subtitle":"Regex ⎯  \\+","arg":["keystroke \"\\\\+\"","1 or more quantifier","\\+"],"icon":{"type":"file","path":"img/regex.png"},"match":"1 or more quantifier Regex \\+"},{"title":"0 or 1 quantifier","subtitle":"Regex ⎯  \\=","arg":["keystroke \"\\\\=\"","0 or 1 quantifier","\\="],"icon":{"type":"file","path":"img/regex.png"},"match":"0 or 1 quantifier Regex \\="},{"title":"0 or 1 quantifier","subtitle":"Regex ⎯  \\?","arg":["keystroke \"\\\\?\"","0 or 1 quantifier","\\?"],"icon":{"type":"file","path":"img/regex.png"},"match":"0 or 1 quantifier Regex \\?"},{"title":"N to m quantifier","subtitle":"Regex ⎯  \\{n,m}","arg":["keystroke \"\\\\{n,m}\"","n to m quantifier","\\{n,m}"],"icon":{"type":"file","path":"img/regex.png"},"match":"n to m quantifier Regex \\{n,m}"},{"title":"N quantifier","subtitle":"Regex ⎯  \\{n}","arg":["keystroke \"\\\\{n}\"","n quantifier","\\{n}"],"icon":{"type":"file","path":"img/regex.png"},"match":"n quantifier Regex \\{n}"},{"title":"At least n quantifier","subtitle":"Regex ⎯  \\{n,}","arg":["keystroke \"\"\\\\{n,}","at least n quantifier","\\{n,}"],"icon":{"type":"file","path":"img/regex.png"},"match":"at least n quantifier Regex \\{n,}"},{"title":"0 to m quantifier","subtitle":"Regex ⎯  \\{,m}","arg":["keystroke \"\\\\{,}\"","0 to m quantifier","\\{,m}"],"icon":{"type":"file","path":"img/regex.png"},"match":"0 to m quantifier Regex \\{,m}"},{"title":"Delete all lines matching pattern","subtitle":"Regex ⎯  :%g/<pa­tte­rn>/d","arg":["key code 53//keystroke \":%g/<pa­tte­r/d\"","delete all lines matching pattern",":%g/<pa­tte­rn>/d"],"icon":{"type":"file","path":"img/regex.png"},"match":"delete all lines matching pattern Regex :%g/<pa­tte­rn>/d"},{"title":"Delete all lines not matching <pattern>","subtitle":"Regex ⎯  :%v/<pa­tte­rn>/d","arg":["key code 53//keystroke \":%v/<pa­tte­r/d\"","delete all lines NOT matching <pattern>",":%v/<pa­tte­rn>/d"],"icon":{"type":"file","path":"img/regex.png"},"match":"delete all lines NOT matching <pattern> Regex :%v/<pa­tte­rn>/d"},{"title":"Delete empty lines","subtitle":"Regex ⎯  :%s/^.*$\\n//","arg":["key code 53//keystroke \":%s/^.*$\\\\n//\"","delete empty lines",":%s/^.*$\\n//"],"icon":{"type":"file","path":"img/regex.png"},"match":"delete empty lines Regex :%s/^.*$\\n//"},{"title":"Replace <pattern> by 'new <pattern>'","subtitle":"Regex ⎯  :s/<pattern>/new &/","arg":["key code 53//keystroke \":%s/<pattern>/new &/\"","Replace <pattern> by 'new <pattern>'",":s/<pattern>/new &/"],"icon":{"type":"file","path":"img/regex.png"},"match":"Replace <pattern> by 'new <pattern>' Regex :s/<pattern>/new &/"},{"title":"Replace <pattern> by content of register","subtitle":"Regex ⎯  :s/<pattern>/\\=@a/","arg":["key code 53//keystroke \":%s/<pattern>/\\\\=@a/\"","Replace <pattern> by content of register",":s/<pattern>/\\=@a/"],"icon":{"type":"file","path":"img/regex.png"},"match":"Replace <pattern> by content of register Regex :s/<pattern>/\\=@a/"},{"title":"Count number of occurrence of <pattern>","subtitle":"Regex ⎯  :s/<pattern>//gn","arg":["key code 53//keystroke \":%s/<pattern>//gn\"","Count number of occurrence of <pattern>",":s/<pattern>//gn"],"icon":{"type":"file","path":"img/regex.png"},"match":"Count number of occurrence of <pattern> Regex :s/<pattern>//gn"},{"title":"Match start","subtitle":"Regex ⎯  \\zs","arg":["keystroke \"\\\\zs\"","Match start","\\zs"],"icon":{"type":"file","path":"img/regex.png"},"match":"Match start Regex \\zs"},{"title":"Match end","subtitle":"Regex ⎯  \\ze","arg":["keystroke \"\\\\ze\"","Match end","\\ze"],"icon":{"type":"file","path":"img/regex.png"},"match":"Match end Regex \\ze"},{"title":"Positive look behind to find <pattern>","subtitle":"Regex ⎯  <atom>\\@<=<pattern>","arg":["keystroke \"<atom>\\\\@<=<pattern>\"","Positive look behind to find <pattern>","<atom>\\@<=<pattern>"],"icon":{"type":"file","path":"img/regex.png"},"match":"Positive look behind to find <pattern> Regex <atom>\\@<=<pattern>"},{"title":"Positive look ahead to find <pattern>","subtitle":"Regex ⎯  <pattern><atom>\\@=","arg":["keystroke \"<pattern><atom>\\\\@=\"","Positive look ahead to find <pattern>","<pattern><atom>\\@="],"icon":{"type":"file","path":"img/regex.png"},"match":"Positive look ahead to find <pattern> Regex <pattern><atom>\\@="},{"title":"Negative look behind to find <pattern>","subtitle":"Regex ⎯  <atom>\\@<!<pattern>","arg":["keystroke \"<atom>\\\\@<!<pattern>\"","Negative look behind to find <pattern>","<atom>\\@<!<pattern>"],"icon":{"type":"file","path":"img/regex.png"},"match":"Negative look behind to find <pattern> Regex <atom>\\@<!<pattern>"},{"title":"Negative look ahead to find <pattern>","subtitle":"Regex ⎯  <pattern><atom>\\@!","arg":["keystroke \"<pattern><atom>\\\\@!\"","Negative look ahead to find <pattern>","<pattern><atom>\\@!"],"icon":{"type":"file","path":"img/regex.png"},"match":"Negative look ahead to find <pattern> Regex <pattern><atom>\\@!"},{"title":"Non-greedy 0 or more quantifier","subtitle":"Regex ⎯  \\{-}","arg":["keystroke \"\\\\{-}\"","Non-greedy 0 or more quantifier","\\{-}"],"icon":{"type":"file","path":"img/regex.png"},"match":"Non-greedy 0 or more quantifier Regex \\{-}"}]}