{"items":[{"title":"Open hulp voor keyword","subtitle":"Algemeen ⎯  :h[elp] keyword","arg":["key code 53//keystroke \":h\"//key code 49//keystroke \"keyword\"","open hulp voor keyword",":h[elp] keyword"],"icon":{"type":"file","path":"img/global.png"},"match":"open help for keyword Algemeen :h[elp] keyword"},{"title":"Sla bestand op als","subtitle":"Algemeen ⎯  :sav[eas] file","arg":["key code 53//keystroke \":sav\"//key code 49//keystroke \"file\"","sla bestand op als",":sav[eas] file"],"icon":{"type":"file","path":"img/global.png"},"match":"save file as Algemeen :sav[eas] file"},{"title":"Sluit huidige scherm","subtitle":"Algemeen ⎯  :clo[se]","arg":["key code 53//keystroke \":clo\" & return","sluit huidige scherm",":clo[se]"],"icon":{"type":"file","path":"img/global.png"},"match":"close current pane Algemeen :clo[se]"},{"title":"Open a terminal window","subtitle":"Algemeen ⎯  :ter[minal]","arg":["key code 53//keystroke \":ter\" & return","open a terminal window",":ter[minal]"],"icon":{"type":"file","path":"img/global.png"},"match":"open a terminal window Algemeen :ter[minal]"},{"title":"Open handleiding voor woord onder cursor","subtitle":"Algemeen ⎯  K","arg":["key code 53//keystroke \"K\"","open handleiding voor woord onder cursor","K"],"icon":{"type":"file","path":"img/global.png"},"match":"open man page for word under the cursor Algemeen K"},{"title":"Verplaats cursor naar links","subtitle":"Cursorbewegingen ⎯  h","arg":["key code 53//keystroke \"h\"","verplaats cursor naar links","h"],"icon":{"type":"file","path":"img/cursorMovement.png"},"match":"move cursor left Cursorbewegingen h"},{"title":"Verplaats cursor naar rechts","subtitle":"Cursorbewegingen ⎯  j","arg":["key code 53//keystroke \"j\"","verplaats cursor naar rechts","j"],"icon":{"type":"file","path":"img/cursorMovement.png"},"match":"move cursor down Cursorbewegingen j"},{"title":"Verplaats cursor naar boven","subtitle":"Cursorbewegingen ⎯  k","arg":["key code 53//keystroke \"k\"","verplaats cursor naar boven","k"],"icon":{"type":"file","path":"img/cursorMovement.png"},"match":"move cursor up Cursorbewegingen k"},{"title":"Verplaats cursor naar beneden","subtitle":"Cursorbewegingen ⎯  l","arg":["key code 53//keystroke \"l\"","verplaats cursor naar beneden","l"],"icon":{"type":"file","path":"img/cursorMovement.png"},"match":"move cursor right Cursorbewegingen l"},{"title":"Move cursor down ","subtitle":"Cursorbewegingen ⎯  gj","arg":["key code 53//keystroke \"gj\"","move cursor down ","gj"],"icon":{"type":"file","path":"img/cursorMovement.png"},"match":"move cursor down  Cursorbewegingen gj"},{"title":"Move cursor up ","subtitle":"Cursorbewegingen ⎯  gk","arg":["key code 53//keystroke \"gk\"","move cursor up ","gk"],"icon":{"type":"file","path":"img/cursorMovement.png"},"match":"move cursor up  Cursorbewegingen gk"},{"title":"Verplaats cursor naar de bovenkant van het scherm","subtitle":"Cursorbewegingen ⎯  H","arg":["key code 53//keystroke \"H\"","verplaats cursor naar de bovenkant van het scherm","H"],"icon":{"type":"file","path":"img/cursorMovement.png"},"match":"move to top of screen Cursorbewegingen H"},{"title":"Verplaats cursor naar het midden van het scherm","subtitle":"Cursorbewegingen ⎯  M","arg":["key code 53//keystroke \"M\"","verplaats cursor naar het midden van het scherm","M"],"icon":{"type":"file","path":"img/cursorMovement.png"},"match":"move to middle of screen Cursorbewegingen M"},{"title":"Verplaats cursor naar de onderkant van het scherm","subtitle":"Cursorbewegingen ⎯  L","arg":["key code 53//keystroke \"L\"","verplaats cursor naar de onderkant van het scherm","L"],"icon":{"type":"file","path":"img/cursorMovement.png"},"match":"move to bottom of screen Cursorbewegingen L"},{"title":"Verplaats cursor naar het begin van een woord","subtitle":"Cursorbewegingen ⎯  w","arg":["key code 53//keystroke \"w\"","verplaats cursor naar het begin van een woord","w"],"icon":{"type":"file","path":"img/cursorMovement.png"},"match":"jump forwards to the start of a word Cursorbewegingen w"},{"title":"Verplaats cursor naar het begin van een woord ","subtitle":"Cursorbewegingen ⎯  W","arg":["key code 53//keystroke \"W\"","verplaats cursor naar het begin van een woord ","W"],"icon":{"type":"file","path":"img/cursorMovement.png"},"match":"jump forwards to the start of a word  Cursorbewegingen W"},{"title":"Verplaats cursor naar het einde van een woord","subtitle":"Cursorbewegingen ⎯  e","arg":["key code 53//keystroke \"e\"","verplaats cursor naar het einde van een woord","e"],"icon":{"type":"file","path":"img/cursorMovement.png"},"match":"jump forwards to the end of a word Cursorbewegingen e"},{"title":"Verplaats cursor naar het einde van een woord ","subtitle":"Cursorbewegingen ⎯  E","arg":["key code 53//keystroke \"E\"","verplaats cursor naar het einde van een woord ","E"],"icon":{"type":"file","path":"img/cursorMovement.png"},"match":"jump forwards to the end of a word  Cursorbewegingen E"},{"title":"Verplaats cursor naar het begin van een woord","subtitle":"Cursorbewegingen ⎯  b","arg":["key code 53//keystroke \"b\"","verplaats cursor naar het begin van een woord","b"],"icon":{"type":"file","path":"img/cursorMovement.png"},"match":"jump backwards to the start of a word Cursorbewegingen b"},{"title":"Verplaats cursor naar het begin van een woord ","subtitle":"Cursorbewegingen ⎯  B","arg":["key code 53//keystroke \"B\"","verplaats cursor naar het begin van een woord ","B"],"icon":{"type":"file","path":"img/cursorMovement.png"},"match":"jump backwards to the start of a word  Cursorbewegingen B"},{"title":"Jump backwards to the end of a word","subtitle":"Cursorbewegingen ⎯  ge","arg":["key code 53//keystroke \"ge\"","jump backwards to the end of a word","ge"],"icon":{"type":"file","path":"img/cursorMovement.png"},"match":"jump backwards to the end of a word Cursorbewegingen ge"},{"title":"Jump backwards to the end of a word ","subtitle":"Cursorbewegingen ⎯  gE","arg":["key code 53//keystroke \"gE\"","jump backwards to the end of a word ","gE"],"icon":{"type":"file","path":"img/cursorMovement.png"},"match":"jump backwards to the end of a word  Cursorbewegingen gE"},{"title":"Move to matching character ","subtitle":"Cursorbewegingen ⎯  %","arg":["key code 53//keystroke \"%\"","move to matching character ","%"],"icon":{"type":"file","path":"img/cursorMovement.png"},"match":"move to matching character  Cursorbewegingen %"},{"title":"Verplaats cursor naar het begin van de regel","subtitle":"Cursorbewegingen ⎯  0","arg":["key code 53//keystroke \"0\"","verplaats cursor naar het begin van de regel","0"],"icon":{"type":"file","path":"img/cursorMovement.png"},"match":"jump to the start of the line Cursorbewegingen 0"},{"title":"Verplaats cursor naar het eerste teken van de regel","subtitle":"Cursorbewegingen ⎯  ^","arg":["key code 53//keystroke \"^\"","verplaats cursor naar het eerste teken van de regel","^"],"icon":{"type":"file","path":"img/cursorMovement.png"},"match":"jump to the first non-blank character of the line Cursorbewegingen ^"},{"title":"Verplaats cursor naar het einde van de regel","subtitle":"Cursorbewegingen ⎯  $","arg":["key code 53//keystroke \"$\"","verplaats cursor naar het einde van de regel","$"],"icon":{"type":"file","path":"img/cursorMovement.png"},"match":"jump to the end of the line Cursorbewegingen $"},{"title":"Verplaats cursor naar het laatste teken van de regel","subtitle":"Cursorbewegingen ⎯  g_","arg":["key code 53//keystroke \"g_\"","verplaats cursor naar het laatste teken van de regel","g_"],"icon":{"type":"file","path":"img/cursorMovement.png"},"match":"jump to the last non-blank character of the line Cursorbewegingen g_"},{"title":"Verplaats cursor naar de eerste regel van het document","subtitle":"Cursorbewegingen ⎯  gg","arg":["key code 53//keystroke \"gg\"","verplaats cursor naar de eerste regel van het document","gg"],"icon":{"type":"file","path":"img/cursorMovement.png"},"match":"go to the first line of the document Cursorbewegingen gg"},{"title":"Verplaats cursor naar de laatste regel van het document","subtitle":"Cursorbewegingen ⎯  G","arg":["key code 53//keystroke \"G\"","verplaats cursor naar de laatste regel van het document","G"],"icon":{"type":"file","path":"img/cursorMovement.png"},"match":"go to the last line of the document Cursorbewegingen G"},{"title":"Ga naar regel 5","subtitle":"Cursorbewegingen ⎯  5gg or 5G","arg":["key code 53//keystroke \"5gg\"","ga naar regel 5","5gg or 5G"],"icon":{"type":"file","path":"img/cursorMovement.png"},"match":"go to line 5 Cursorbewegingen 5gg or 5G"},{"title":"Move to local declaration","subtitle":"Cursorbewegingen ⎯  gd","arg":["key code 53//keystroke \"gd\"","move to local declaration","gd"],"icon":{"type":"file","path":"img/cursorMovement.png"},"match":"move to local declaration Cursorbewegingen gd"},{"title":"Move to global declaration","subtitle":"Cursorbewegingen ⎯  gD","arg":["key code 53//keystroke \"gD\"","move to global declaration","gD"],"icon":{"type":"file","path":"img/cursorMovement.png"},"match":"move to global declaration Cursorbewegingen gD"},{"title":"Ga naar het volgende voorkomen van karakter x","subtitle":"Cursorbewegingen ⎯  fx","arg":["key code 53//keystroke \"fx\"","ga naar het volgende voorkomen van karakter x","fx"],"icon":{"type":"file","path":"img/cursorMovement.png"},"match":"jump to next occurrence of character x Cursorbewegingen fx"},{"title":"Ga naar voor het volgende voorkomen van karakter x","subtitle":"Cursorbewegingen ⎯  tx","arg":["key code 53//keystroke \"tx\"","ga naar voor het volgende voorkomen van karakter x","tx"],"icon":{"type":"file","path":"img/cursorMovement.png"},"match":"jump to before next occurrence of character x Cursorbewegingen tx"},{"title":"Ga naar het vorige voorkomen van karakter x","subtitle":"Cursorbewegingen ⎯  Fx","arg":["key code 53//keystroke \"Fx\"","ga naar het vorige voorkomen van karakter x","Fx"],"icon":{"type":"file","path":"img/cursorMovement.png"},"match":"jump to the previous occurrence of character x Cursorbewegingen Fx"},{"title":"Ga naar na het vorige voorkomen van karakter x","subtitle":"Cursorbewegingen ⎯  Tx","arg":["key code 53//keystroke \"Tx\"","ga naar na het vorige voorkomen van karakter x","Tx"],"icon":{"type":"file","path":"img/cursorMovement.png"},"match":"jump to after previous occurrence of character x Cursorbewegingen Tx"},{"title":"Herhaal vorige f, t, f of t commando","subtitle":"Cursorbewegingen ⎯  ;","arg":["key code 53//keystroke \";\"","herhaal vorige f, t, F of T commando",";"],"icon":{"type":"file","path":"img/cursorMovement.png"},"match":"repeat previous f, t, F or T movement Cursorbewegingen ;"},{"title":"Herhaal vorige f, t, f of t commando, terugwaards","subtitle":"Cursorbewegingen ⎯  ,","arg":["key code 53//keystroke \",\"","herhaal vorige f, t, F of T commando, terugwaards",","],"icon":{"type":"file","path":"img/cursorMovement.png"},"match":"repeat previous f, t, F or T movement, backwards Cursorbewegingen ,"},{"title":"Ga naar de volgende paragraaf ","subtitle":"Cursorbewegingen ⎯  }","arg":["key code 53//keystroke \"}\"","ga naar de volgende paragraaf ","}"],"icon":{"type":"file","path":"img/cursorMovement.png"},"match":"jump to next paragraph  Cursorbewegingen }"},{"title":"Ga naar de vorige paragraaf ","subtitle":"Cursorbewegingen ⎯  {","arg":["key code 53//keystroke \"{\"","ga naar de vorige paragraaf ","{"],"icon":{"type":"file","path":"img/cursorMovement.png"},"match":"jump to previous paragraph  Cursorbewegingen {"},{"title":"Center cursor on screen","subtitle":"Cursorbewegingen ⎯  zz","arg":["key code 53//keystroke \"zz\"","center cursor on screen","zz"],"icon":{"type":"file","path":"img/cursorMovement.png"},"match":"center cursor on screen Cursorbewegingen zz"},{"title":"Beweeg scherm een regel omlaag","subtitle":"Cursorbewegingen ⎯  Ctrl+e","arg":["key code 53//keystroke \"e\" using control down","beweeg scherm een regel omlaag","Ctrl+e"],"icon":{"type":"file","path":"img/cursorMovement.png"},"match":"move screen down one line  Cursorbewegingen Ctrl+e"},{"title":"Beweeg scherm een regel omhoog","subtitle":"Cursorbewegingen ⎯  Ctrl+y","arg":["key code 53//keystroke \"y\" using control down","beweeg scherm een regel omhoog","Ctrl+y"],"icon":{"type":"file","path":"img/cursorMovement.png"},"match":"move screen up one line  Cursorbewegingen Ctrl+y"},{"title":"Ga een volledig scherm terug","subtitle":"Cursorbewegingen ⎯  Ctrl+b","arg":["key code 53//keystroke \"b\" using control down","ga een volledig scherm terug","Ctrl+b"],"icon":{"type":"file","path":"img/cursorMovement.png"},"match":"move back one full screen Cursorbewegingen Ctrl+b"},{"title":"Ga een volledig scherm vooruit","subtitle":"Cursorbewegingen ⎯  Ctrl+f","arg":["key code 53//keystroke \"f\" using control down","ga een volledig scherm vooruit","Ctrl+f"],"icon":{"type":"file","path":"img/cursorMovement.png"},"match":"move forward one full screen Cursorbewegingen Ctrl+f"},{"title":"Ga 1/2 scherm terug","subtitle":"Cursorbewegingen ⎯  Ctrl+u","arg":["key code 53//keystroke \"u\" using control down","ga 1/2 scherm terug","Ctrl+u"],"icon":{"type":"file","path":"img/cursorMovement.png"},"match":"move back 1/2 a screen Cursorbewegingen Ctrl+u"},{"title":"Ga 1/2 scherm vooruit","subtitle":"Cursorbewegingen ⎯  Ctrl+d","arg":["key code 53//keystroke \"d\" using control down","ga 1/2 scherm vooruit","Ctrl+d"],"icon":{"type":"file","path":"img/cursorMovement.png"},"match":"move forward 1/2 a screen Cursorbewegingen Ctrl+d"},{"title":"Invoegen voor de cursor","subtitle":"Insert modus ⎯  i","arg":["key code 53//keystroke \"i\"","invoegen voor de cursor","i"],"icon":{"type":"file","path":"img/insertMode.png"},"match":"insert before the cursor Insert modus i"},{"title":"Invoegen aan het begin van de regel","subtitle":"Insert modus ⎯  I","arg":["key code 53//keystroke \"I\"","invoegen aan het begin van de regel","I"],"icon":{"type":"file","path":"img/insertMode.png"},"match":"insert at the beginning of the line Insert modus I"},{"title":"Invoegen achter de cursor","subtitle":"Insert modus ⎯  a","arg":["key code 53//keystroke \"a\"","invoegen achter de cursor","a"],"icon":{"type":"file","path":"img/insertMode.png"},"match":"insert  after the cursor Insert modus a"},{"title":"Invoegen aan het einde van de regel","subtitle":"Insert modus ⎯  A","arg":["key code 53//keystroke \"A\"","invoegen aan het einde van de regel","A"],"icon":{"type":"file","path":"img/insertMode.png"},"match":"insert  at the end of the line Insert modus A"},{"title":"Voeg een nieuwe regel toe onder de cursor","subtitle":"Insert modus ⎯  o","arg":["key code 53//keystroke \"o\"","voeg een nieuwe regel toe onder de cursor","o"],"icon":{"type":"file","path":"img/insertMode.png"},"match":"append  a new line below the current line Insert modus o"},{"title":"Voeg een nieuwe regel toe boven de cursor","subtitle":"Insert modus ⎯  O","arg":["key code 53//keystroke \"O\"","voeg een nieuwe regel toe boven de cursor","O"],"icon":{"type":"file","path":"img/insertMode.png"},"match":"append  a new line above the current line Insert modus O"},{"title":"Invoegen aan het einde van het woord","subtitle":"Insert modus ⎯  ea","arg":["key code 53//keystroke \"ea\"","invoegen aan het einde van het woord","ea"],"icon":{"type":"file","path":"img/insertMode.png"},"match":"insert  at the end of the word Insert modus ea"},{"title":"Delete the character before the cursor during insert mode","subtitle":"Insert modus ⎯  Ctrl+h","arg":["keystroke \"h\" using control down","delete the character before the cursor during insert mode","Ctrl+h"],"icon":{"type":"file","path":"img/insertMode.png"},"match":"delete the character before the cursor during insert mode Insert modus Ctrl+h"},{"title":"Delete word before the cursor during insert mode","subtitle":"Insert modus ⎯  Ctrl+w","arg":["keystroke \"w\" using control down","delete word before the cursor during insert mode","Ctrl+w"],"icon":{"type":"file","path":"img/insertMode.png"},"match":"delete word before the cursor during insert mode Insert modus Ctrl+w"},{"title":"Begin new line during insert mode","subtitle":"Insert modus ⎯  Ctrl+j","arg":["keystroke \"j\" using control down","begin new line during insert mode","Ctrl+j"],"icon":{"type":"file","path":"img/insertMode.png"},"match":"begin new line during insert mode Insert modus Ctrl+j"},{"title":"Indent  line one shiftwidth during insert mode","subtitle":"Insert modus ⎯  Ctrl+t","arg":["keystroke \"t\" using control down","indent  line one shiftwidth during insert mode","Ctrl+t"],"icon":{"type":"file","path":"img/insertMode.png"},"match":"indent  line one shiftwidth during insert mode Insert modus Ctrl+t"},{"title":"De-indent  line one shiftwidth during insert mode","subtitle":"Insert modus ⎯  Ctrl+d","arg":["keystroke \"d\" using control down","de-indent  line one shiftwidth during insert mode","Ctrl+d"],"icon":{"type":"file","path":"img/insertMode.png"},"match":"de-indent  line one shiftwidth during insert mode Insert modus Ctrl+d"},{"title":"Insert  next match before the cursor during insert mode","subtitle":"Insert modus ⎯  Ctrl+n","arg":["keystroke \"n\" using control down","insert  next match before the cursor during insert mode","Ctrl+n"],"icon":{"type":"file","path":"img/insertMode.png"},"match":"insert  next match before the cursor during insert mode Insert modus Ctrl+n"},{"title":"Insert  previous match before the cursor during insert mode","subtitle":"Insert modus ⎯  Ctrl+p","arg":["keystroke \"p\" using control down","insert  previous match before the cursor during insert mode","Ctrl+p"],"icon":{"type":"file","path":"img/insertMode.png"},"match":"insert  previous match before the cursor during insert mode Insert modus Ctrl+p"},{"title":"Insert the contents of register x","subtitle":"Insert modus ⎯  Ctrl+r x","arg":["keystroke \"r\" using control down//keystroke \"x\"","insert the contents of register x","Ctrl+r x"],"icon":{"type":"file","path":"img/insertMode.png"},"match":"insert the contents of register x Insert modus Ctrl+r x"},{"title":"Temporarily enter normal mode to issue one normal-mode command x.","subtitle":"Insert modus ⎯  Ctrl+o x","arg":["keystroke \"o\" using control down//keystroke \"x\"","Temporarily enter normal mode to issue one normal-mode command x.","Ctrl+o x"],"icon":{"type":"file","path":"img/insertMode.png"},"match":"Temporarily enter normal mode to issue one normal-mode command x. Insert modus Ctrl+o x"},{"title":"Verlaat insert modus","subtitle":"Insert modus ⎯  Esc","arg":["key code 53","verlaat insert modus","Esc"],"icon":{"type":"file","path":"img/insertMode.png"},"match":"exit insert mode Insert modus Esc"},{"title":"Vervang één karakter","subtitle":"Bewerken ⎯  r","arg":["key code 53//keystroke \"r\"","vervang één karakter","r"],"icon":{"type":"file","path":"img/editing.png"},"match":"replace a single character. Bewerken r"},{"title":"Replace more than one character, until esc is pressed.","subtitle":"Bewerken ⎯  R","arg":["key code 53//keystroke \"R\"","replace more than one character, until ESC is pressed.","R"],"icon":{"type":"file","path":"img/editing.png"},"match":"replace more than one character, until ESC is pressed. Bewerken R"},{"title":"Voeg onderstaande regel samen met huidige regel met een spatie ertussen","subtitle":"Bewerken ⎯  J","arg":["key code 53//keystroke \"J\"","voeg onderstaande regel samen met huidige regel met een spatie ertussen","J"],"icon":{"type":"file","path":"img/editing.png"},"match":"join line below to the current one with one space in between Bewerken J"},{"title":"Voeg onderstaande regel samen met huidige regel zonder een spatie ertussen","subtitle":"Bewerken ⎯  gJ","arg":["key code 53//keystroke \"gJ\"","voeg onderstaande regel samen met huidige regel zonder een spatie ertussen","gJ"],"icon":{"type":"file","path":"img/editing.png"},"match":"join line below to the current one without space in between Bewerken gJ"},{"title":"Formatteer paragraaf","subtitle":"Bewerken ⎯  gwip","arg":["key code 53//keystroke \"gwip\"","formatteer paragraaf","gwip"],"icon":{"type":"file","path":"img/editing.png"},"match":"reflow paragraph Bewerken gwip"},{"title":"Switch case up to motion","subtitle":"Bewerken ⎯  g~","arg":["key code 53//keystroke \"g~\"","switch case up to motion","g~"],"icon":{"type":"file","path":"img/editing.png"},"match":"switch case up to motion Bewerken g~"},{"title":"Change to lowercase up to motion","subtitle":"Bewerken ⎯  gu","arg":["key code 53//keystroke \"gu\"","change to lowercase up to motion","gu"],"icon":{"type":"file","path":"img/editing.png"},"match":"change to lowercase up to motion Bewerken gu"},{"title":"Change to uppercase up to motion","subtitle":"Bewerken ⎯  gU","arg":["key code 53//keystroke \"gU\"","change to uppercase up to motion","gU"],"icon":{"type":"file","path":"img/editing.png"},"match":"change to uppercase up to motion Bewerken gU"},{"title":"Vervang huidige regel","subtitle":"Bewerken ⎯  cc","arg":["key code 53//keystroke \"cc\"","vervang huidige regel","cc"],"icon":{"type":"file","path":"img/editing.png"},"match":"change  entire line Bewerken cc"},{"title":"Vervang tot einde regel","subtitle":"Bewerken ⎯  c$ or C","arg":["key code 53//keystroke \"g$\"","vervang tot einde regel","c$ or C"],"icon":{"type":"file","path":"img/editing.png"},"match":"change  to the end of the line Bewerken c$ or C"},{"title":"Vervang woord","subtitle":"Bewerken ⎯  ciw","arg":["key code 53//keystroke \"ciw\"","vervang woord","ciw"],"icon":{"type":"file","path":"img/editing.png"},"match":"change  entire word Bewerken ciw"},{"title":"Vervang tot einde huidig woord","subtitle":"Bewerken ⎯  cw or ce","arg":["key code 53//keystroke \"cw\"","vervang tot einde huidig woord","cw or ce"],"icon":{"type":"file","path":"img/editing.png"},"match":"change  to the end of the word Bewerken cw or ce"},{"title":"Vervang karakter","subtitle":"Bewerken ⎯  s","arg":["key code 53//keystroke \"s\"","vervang karakter","s"],"icon":{"type":"file","path":"img/editing.png"},"match":"delete character and substitute text Bewerken s"},{"title":"Vervang huidige regel ","subtitle":"Bewerken ⎯  S","arg":["key code 53//keystroke \"S\"","vervang huidige regel ","S"],"icon":{"type":"file","path":"img/editing.png"},"match":"delete line and substitute text  Bewerken S"},{"title":"Verwissel twee letters ","subtitle":"Bewerken ⎯  xp","arg":["key code 53//keystroke \"xp\"","verwissel twee letters ","xp"],"icon":{"type":"file","path":"img/editing.png"},"match":"transpose two letters  Bewerken xp"},{"title":"Ongedaan maken","subtitle":"Bewerken ⎯  u","arg":["key code 53//keystroke \"u\"","ongedaan maken","u"],"icon":{"type":"file","path":"img/editing.png"},"match":"undo Bewerken u"},{"title":"Restore  last changed line","subtitle":"Bewerken ⎯  U","arg":["key code 53//keystroke \"U\"","restore  last changed line","U"],"icon":{"type":"file","path":"img/editing.png"},"match":"restore  last changed line Bewerken U"},{"title":"Overdoen","subtitle":"Bewerken ⎯  Ctrl+r","arg":["key code 53//keystroke \"r\" using control down","overdoen","Ctrl+r"],"icon":{"type":"file","path":"img/editing.png"},"match":"redo Bewerken Ctrl+r"},{"title":"Laatste commando herhalen","subtitle":"Bewerken ⎯  .","arg":["key code 53//keystroke \".\"","laatste commando herhalen","."],"icon":{"type":"file","path":"img/editing.png"},"match":"repeat last command Bewerken ."},{"title":"Start visuele modus, selecteer tekst en voer daarna een commando uit ","subtitle":"Tekst markeren  ⎯  v","arg":["key code 53//keystroke \"v\"","start visuele modus, selecteer tekst en voer daarna een commando uit ","v"],"icon":{"type":"file","path":"img/markingText.png"},"match":"start visual mode, mark lines, then do a command  Tekst markeren  v"},{"title":"Start visuele modus ","subtitle":"Tekst markeren  ⎯  V","arg":["key code 53//keystroke \"V\"","start visuele modus ","V"],"icon":{"type":"file","path":"img/markingText.png"},"match":"start linewise visual mode Tekst markeren  V"},{"title":"Ga naar het einde van het geselecteerde gebied","subtitle":"Tekst markeren  ⎯  o","arg":["key code 53//keystroke \"o\"","ga naar het einde van het geselecteerde gebied","o"],"icon":{"type":"file","path":"img/markingText.png"},"match":"move to other end of marked area Tekst markeren  o"},{"title":"Begin visuele modus ","subtitle":"Tekst markeren  ⎯  Ctrl+v","arg":["key code 53//keystroke \"v\" using control down","begin visuele modus ","Ctrl+v"],"icon":{"type":"file","path":"img/markingText.png"},"match":"start visual block mode Tekst markeren  Ctrl+v"},{"title":"Ga naar andere hoek van het geselecteerde blok","subtitle":"Tekst markeren  ⎯  O","arg":["key code 53//keystroke \"O\"","ga naar andere hoek van het geselecteerde blok","O"],"icon":{"type":"file","path":"img/markingText.png"},"match":"move to other corner of block Tekst markeren  O"},{"title":"Selecteer een woord","subtitle":"Tekst markeren  ⎯  aw","arg":["key code 53//keystroke \"aw\"","selecteer een woord","aw"],"icon":{"type":"file","path":"img/markingText.png"},"match":"mark a word Tekst markeren  aw"},{"title":"Een blok met ()","subtitle":"Tekst markeren  ⎯  ab","arg":["key code 53//keystroke \"ab\"","een blok met ()","ab"],"icon":{"type":"file","path":"img/markingText.png"},"match":"a block with () Tekst markeren  ab"},{"title":"Een blok met {}","subtitle":"Tekst markeren  ⎯  aB","arg":["key code 53//keystroke \"aB\"","een blok met {}","aB"],"icon":{"type":"file","path":"img/markingText.png"},"match":"a block with {} Tekst markeren  aB"},{"title":"A block with <> tags","subtitle":"Tekst markeren  ⎯  at","arg":["key code 53//keystroke \"at\"","a block with <> tags","at"],"icon":{"type":"file","path":"img/markingText.png"},"match":"a block with <> tags Tekst markeren  at"},{"title":"Binnenkant blok met ()","subtitle":"Tekst markeren  ⎯  ib","arg":["key code 53//keystroke \"ib\"","binnenkant blok met ()","ib"],"icon":{"type":"file","path":"img/markingText.png"},"match":"inner block with () Tekst markeren  ib"},{"title":"Binnenkant blok met {}","subtitle":"Tekst markeren  ⎯  iB","arg":["key code 53//keystroke \"iB\"","binnenkant blok met {}","iB"],"icon":{"type":"file","path":"img/markingText.png"},"match":"inner block with {} Tekst markeren  iB"},{"title":"Inner block with <> tags","subtitle":"Tekst markeren  ⎯  it","arg":["key code 53//keystroke \"it\"","inner block with <> tags","it"],"icon":{"type":"file","path":"img/markingText.png"},"match":"inner block with <> tags Tekst markeren  it"},{"title":"Verlaat visuele modus","subtitle":"Tekst markeren  ⎯  Esc","arg":["key code 53//key code 53","verlaat visuele modus","Esc"],"icon":{"type":"file","path":"img/markingText.png"},"match":"exit visual mode Tekst markeren  Esc"},{"title":"Verplaats tekst naar rechts","subtitle":"Visuele commando's (Reference only) ⎯  >","arg":["keystroke \">\"","verplaats tekst naar rechts",">"],"icon":{"type":"file","path":"img/visualCommands.png"},"match":"shift text right Visuele commando's >"},{"title":"Verplaats tekst naar links","subtitle":"Visuele commando's (Reference only) ⎯  <","arg":["keystroke \"<\"","verplaats tekst naar links","<"],"icon":{"type":"file","path":"img/visualCommands.png"},"match":"shift text left Visuele commando's <"},{"title":"Kopieer gemarkeerde tekst","subtitle":"Visuele commando's (Reference only) ⎯  y","arg":["keystroke \"y\"","kopieer gemarkeerde tekst","y"],"icon":{"type":"file","path":"img/visualCommands.png"},"match":"yank  marked text Visuele commando's y"},{"title":"Verwijder gemarkeerde tekst","subtitle":"Visuele commando's (Reference only) ⎯  d","arg":["keystroke \"d\"","verwijder gemarkeerde tekst","d"],"icon":{"type":"file","path":"img/visualCommands.png"},"match":"delete marked text Visuele commando's d"},{"title":"Hoofdletters omwisselen","subtitle":"Visuele commando's (Reference only) ⎯  ~","arg":["keystroke \"~\"","hoofdletters omwisselen","~"],"icon":{"type":"file","path":"img/visualCommands.png"},"match":"switch case Visuele commando's ~"},{"title":"Change marked text to lowercase","subtitle":"Visuele commando's (Reference only) ⎯  u","arg":["keystroke \"u\"","change marked text to lowercase","u"],"icon":{"type":"file","path":"img/visualCommands.png"},"match":"change marked text to lowercase Visuele commando's u"},{"title":"Change marked text to uppercase","subtitle":"Visuele commando's (Reference only) ⎯  U","arg":["keystroke \"U\"","change marked text to uppercase","U"],"icon":{"type":"file","path":"img/visualCommands.png"},"match":"change marked text to uppercase Visuele commando's U"},{"title":"Laat registerinhoud zien","subtitle":"Registers ⎯  :reg[isters]","arg":["key code 53//keystroke \":reg\" & return","laat registerinhoud zien",":reg[isters]"],"icon":{"type":"file","path":"img/registers.png"},"match":"show registers content Registers :reg[isters]"},{"title":"Kopieer naar register x","subtitle":"Registers ⎯  xy","arg":["key code 53//keystroke \"xy\"","kopieer naar register x","xy"],"icon":{"type":"file","path":"img/registers.png"},"match":"yank into register x Registers xy"},{"title":"Plak inhoud van register x","subtitle":"Registers ⎯  xp","arg":["key code 53//keystroke \"xp\"","plak inhoud van register x","xp"],"icon":{"type":"file","path":"img/registers.png"},"match":"paste contents of register x Registers xp"},{"title":"Yank into the system clipboard register","subtitle":"Registers ⎯  +y","arg":["key code 53//keystroke \"+y\"","yank into the system clipboard register","+y"],"icon":{"type":"file","path":"img/registers.png"},"match":"yank into the system clipboard register Registers +y"},{"title":"Paste from the system clipboard register","subtitle":"Registers ⎯  +p","arg":["key code 53//keystroke \"+p\"","paste from the system clipboard register","+p"],"icon":{"type":"file","path":"img/registers.png"},"match":"paste from the system clipboard register Registers +p"},{"title":"Markeer huidige positie als marker a","subtitle":"Positiemarkeringen ⎯  ma","arg":["key code 53//keystroke \"ma\"","Markeer huidige positie als marker A","ma"],"icon":{"type":"file","path":"img/marks.png"},"match":"set current position for mark A Positiemarkeringen ma"},{"title":"Ga naar positie van marker a","subtitle":"Positiemarkeringen ⎯  `a","arg":["key code 53//keystroke \"`a\"","ga naar positie van marker A","`a"],"icon":{"type":"file","path":"img/marks.png"},"match":"jump to position of mark A Positiemarkeringen `a"},{"title":"Kopieer tekst naar positie van marker a","subtitle":"Positiemarkeringen ⎯  y`a","arg":["key code 53//keystroke \"y`a\"","kopieer tekst naar positie van marker A","y`a"],"icon":{"type":"file","path":"img/marks.png"},"match":"yank text to position of mark A Positiemarkeringen y`a"},{"title":"Go to the position where vim was previously exited","subtitle":"Positiemarkeringen ⎯  `0","arg":["key code 53//keystroke \"`0\"","go to the position where Vim was previously exited","`0"],"icon":{"type":"file","path":"img/marks.png"},"match":"go to the position where Vim was previously exited Positiemarkeringen `0"},{"title":"Go to the position when last editing this file","subtitle":"Positiemarkeringen ⎯  `\"","arg":["key code 53//keystroke \"`\\\"\"","go to the position when last editing this file","`\""],"icon":{"type":"file","path":"img/marks.png"},"match":"go to the position when last editing this file Positiemarkeringen `\""},{"title":"Go to the position of the last change in this file","subtitle":"Positiemarkeringen ⎯  `.","arg":["key code 53//keystroke \"`.\"","go to the position of the last change in this file","`."],"icon":{"type":"file","path":"img/marks.png"},"match":"go to the position of the last change in this file Positiemarkeringen `."},{"title":"Go to the position before the last jump","subtitle":"Positiemarkeringen ⎯  ``","arg":["key code 53//keystroke \"``\"","go to the position before the last jump","``"],"icon":{"type":"file","path":"img/marks.png"},"match":"go to the position before the last jump Positiemarkeringen ``"},{"title":"List of jumps","subtitle":"Positiemarkeringen ⎯  :ju[mps]","arg":["key code 53//keystroke \":ju\" & return","list of jumps",":ju[mps]"],"icon":{"type":"file","path":"img/marks.png"},"match":"list of jumps Positiemarkeringen :ju[mps]"},{"title":"Go to newer position in jump list","subtitle":"Positiemarkeringen ⎯  Ctrl+i","arg":["key code 53//keystroke \"i\" using control down","go to newer position in jump list","Ctrl+i"],"icon":{"type":"file","path":"img/marks.png"},"match":"go to newer position in jump list Positiemarkeringen Ctrl+i"},{"title":"Go to older position in jump list","subtitle":"Positiemarkeringen ⎯  Ctrl+o","arg":["key code 53//keystroke \"o\" using control down","go to older position in jump list","Ctrl+o"],"icon":{"type":"file","path":"img/marks.png"},"match":"go to older position in jump list Positiemarkeringen Ctrl+o"},{"title":"List of changes","subtitle":"Positiemarkeringen ⎯  :changes","arg":["key code 53//keystroke \":changes\" & return","list of changes",":changes"],"icon":{"type":"file","path":"img/marks.png"},"match":"list of changes Positiemarkeringen :changes"},{"title":"Go to newer position in change list","subtitle":"Positiemarkeringen ⎯  g,","arg":["key code 53//keystroke \"g,\"","go to newer position in change list","g,"],"icon":{"type":"file","path":"img/marks.png"},"match":"go to newer position in change list Positiemarkeringen g,"},{"title":"Go to older position in change list","subtitle":"Positiemarkeringen ⎯  g;","arg":["key code 53//keystroke \"g;\"","go to older position in change list","g;"],"icon":{"type":"file","path":"img/marks.png"},"match":"go to older position in change list Positiemarkeringen g;"},{"title":"Jump to the tag under cursor","subtitle":"Positiemarkeringen ⎯  Ctrl+]","arg":["key code 53//keystroke \"]\" using control down","jump to the tag under cursor","Ctrl+]"],"icon":{"type":"file","path":"img/marks.png"},"match":"jump to the tag under cursor Positiemarkeringen Ctrl+]"},{"title":"Go to file in cursor","subtitle":"Positiemarkeringen ⎯  gf","arg":["key code 53//keystroke \"gf\"","Go to file in cursor","gf"],"icon":{"type":"file","path":"img/marks.png"},"match":"Go to file in cursor Positiemarkeringen gf"},{"title":"Neem macro a op","subtitle":"Macros ⎯  qa","arg":["key code 53//keystroke \"qa\"","Neem macro A op","qa"],"icon":{"type":"file","path":"img/macros.png"},"match":"record macro a Macros qa"},{"title":"Stop met opnemen","subtitle":"Macros ⎯  q","arg":["key code 53//keystroke \"q\"","stop met opnemen","q"],"icon":{"type":"file","path":"img/macros.png"},"match":"stop recording macro Macros q"},{"title":"Herhaal macro a","subtitle":"Macros ⎯  @a","arg":["key code 53//keystroke \"@a\"","herhaal macro A","@a"],"icon":{"type":"file","path":"img/macros.png"},"match":"run macro a Macros @a"},{"title":"Herhaal laatst uitgevoerde macro","subtitle":"Macros ⎯  @@","arg":["key code 53//keystroke \"@@\"","herhaal laatst uitgevoerde macro","@@"],"icon":{"type":"file","path":"img/macros.png"},"match":"rerun last run macro Macros @@"},{"title":"Kopieer één regel","subtitle":"Kopiëren en plakken ⎯  yy","arg":["key code 53//keystroke \"yy\"","kopieer één regel","yy"],"icon":{"type":"file","path":"img/cutAndPaste.png"},"match":"yank  a line Kopiëren en plakken yy"},{"title":"Kopieer twee regels","subtitle":"Kopiëren en plakken ⎯  2yy","arg":["key code 53//keystroke \"2yy\"","kopieer twee regels","2yy"],"icon":{"type":"file","path":"img/cutAndPaste.png"},"match":"yank  2 lines Kopiëren en plakken 2yy"},{"title":"Kopieer de karakters vanaf de cursorpositie tot het begin van het volgende woord","subtitle":"Kopiëren en plakken ⎯  yw","arg":["key code 53//keystroke \"yw\"","kopieer de karakters vanaf de cursorpositie tot het begin van het volgende woord","yw"],"icon":{"type":"file","path":"img/cutAndPaste.png"},"match":"yank  the characters of the word from the cursor position to the start of the next word Kopiëren en plakken yw"},{"title":"Kopieer woord onder de cursor","subtitle":"Kopiëren en plakken ⎯  yiw","arg":["key code 53//keystroke \"yiw\"","kopieer woord onder de cursor","yiw"],"icon":{"type":"file","path":"img/cutAndPaste.png"},"match":"yank  word under the cursor Kopiëren en plakken yiw"},{"title":"Kopieer het woord onder de cursor, inclusief de spatie er voor of er achter","subtitle":"Kopiëren en plakken ⎯  yaw","arg":["key code 53//keystroke \"yaw\"","kopieer het woord onder de cursor, inclusief de spatie er voor of er achter","yaw"],"icon":{"type":"file","path":"img/cutAndPaste.png"},"match":"yank  word under the cursor and the space after or before it Kopiëren en plakken yaw"},{"title":"Kopieer tot het einde van de regel","subtitle":"Kopiëren en plakken ⎯  y$","arg":["key code 53//keystroke \"y$\"","kopieer tot het einde van de regel","y$"],"icon":{"type":"file","path":"img/cutAndPaste.png"},"match":"yank  to end of line Kopiëren en plakken y$"},{"title":"Plak achter de cursor","subtitle":"Kopiëren en plakken ⎯  p","arg":["key code 53//keystroke \"p\"","plak achter de cursor","p"],"icon":{"type":"file","path":"img/cutAndPaste.png"},"match":"put  the clipboard after cursor Kopiëren en plakken p"},{"title":"Plak voor de cursor","subtitle":"Kopiëren en plakken ⎯  P","arg":["key code 53//keystroke \"P\"","plak voor de cursor","P"],"icon":{"type":"file","path":"img/cutAndPaste.png"},"match":"put  before cursor Kopiëren en plakken P"},{"title":"Put  the clipboard after cursor and leave cursor after the new text","subtitle":"Kopiëren en plakken ⎯  gp","arg":["key code 53//keystroke \"gp\"","put  the clipboard after cursor and leave cursor after the new text","gp"],"icon":{"type":"file","path":"img/cutAndPaste.png"},"match":"put  the clipboard after cursor and leave cursor after the new text Kopiëren en plakken gp"},{"title":"Put  before cursor and leave cursor after the new text","subtitle":"Kopiëren en plakken ⎯  gP","arg":["key code 53//keystroke \"gP\"","put  before cursor and leave cursor after the new text","gP"],"icon":{"type":"file","path":"img/cutAndPaste.png"},"match":"put  before cursor and leave cursor after the new text Kopiëren en plakken gP"},{"title":"Verwijder  een regel","subtitle":"Kopiëren en plakken ⎯  dd","arg":["key code 53//keystroke \"dd\"","verwijder  een regel","dd"],"icon":{"type":"file","path":"img/cutAndPaste.png"},"match":"delete  a line Kopiëren en plakken dd"},{"title":"Verwijder  twee regels","subtitle":"Kopiëren en plakken ⎯  2dd","arg":["key code 53//keystroke \"2dd\"","verwijder  twee regels","2dd"],"icon":{"type":"file","path":"img/cutAndPaste.png"},"match":"delete  2 lines Kopiëren en plakken 2dd"},{"title":"Verwijder  de karakters vanaf de cursorpositie tot het begin van het volgende woord","subtitle":"Kopiëren en plakken ⎯  dw","arg":["key code 53//keystroke \"dw\"","verwijder  de karakters vanaf de cursorpositie tot het begin van het volgende woord","dw"],"icon":{"type":"file","path":"img/cutAndPaste.png"},"match":"delete  the characters of the word from the cursor position to the start of the next word Kopiëren en plakken dw"},{"title":"Verwijder  woord onder de cursor","subtitle":"Kopiëren en plakken ⎯  diw","arg":["key code 53//keystroke \"diw\"","verwijder  woord onder de cursor","diw"],"icon":{"type":"file","path":"img/cutAndPaste.png"},"match":"delete  word under the cursor Kopiëren en plakken diw"},{"title":"Verwijder  het woord onder de cursor, inclusief de spatie er voor of er achter","subtitle":"Kopiëren en plakken ⎯  daw","arg":["key code 53//keystroke \"daw\"","verwijder  het woord onder de cursor, inclusief de spatie er voor of er achter","daw"],"icon":{"type":"file","path":"img/cutAndPaste.png"},"match":"delete  word under the cursor and the space after or before it Kopiëren en plakken daw"},{"title":"Verwijder  tot het einde van de regel","subtitle":"Kopiëren en plakken ⎯  d$ or D","arg":["key code 53//keystroke \"d$\"","verwijder  tot het einde van de regel","d$ or D"],"icon":{"type":"file","path":"img/cutAndPaste.png"},"match":"delete  to the end of the line Kopiëren en plakken d$ or D"},{"title":"Verwijder  huidige karakter","subtitle":"Kopiëren en plakken ⎯  x","arg":["key code 53//keystroke \"x\"","verwijder  huidige karakter","x"],"icon":{"type":"file","path":"img/cutAndPaste.png"},"match":"delete  character Kopiëren en plakken x"},{"title":"Indent  line one shiftwidth","subtitle":"Indent text ⎯  >>","arg":["key code 53//keystroke \">>\"","indent  line one shiftwidth",">>"],"icon":{"type":"file","path":"img/indentText.png"},"match":"indent  line one shiftwidth Indent text >>"},{"title":"De-indent  line one shiftwidth","subtitle":"Indent text ⎯  <<","arg":["key code 53//keystroke \"<<\"","de-indent  line one shiftwidth","<<"],"icon":{"type":"file","path":"img/indentText.png"},"match":"de-indent  line one shiftwidth Indent text <<"},{"title":"Indent a block with () or {} ","subtitle":"Indent text ⎯  >%","arg":["key code 53//keystroke \">%\"","indent a block with () or {} ",">%"],"icon":{"type":"file","path":"img/indentText.png"},"match":"indent a block with () or {}  Indent text >%"},{"title":"Indent inner block with ()","subtitle":"Indent text ⎯  >ib","arg":["key code 53//keystroke \">ib\"","indent inner block with ()",">ib"],"icon":{"type":"file","path":"img/indentText.png"},"match":"indent inner block with () Indent text >ib"},{"title":"Indent a block with <> tags","subtitle":"Indent text ⎯  >at","arg":["key code 53//keystroke \">at\"","indent a block with <> tags",">at"],"icon":{"type":"file","path":"img/indentText.png"},"match":"indent a block with <> tags Indent text >at"},{"title":"Re-indent 3 lines","subtitle":"Indent text ⎯  3==","arg":["key code 53//keystroke \"3==\"","re-indent 3 lines","3=="],"icon":{"type":"file","path":"img/indentText.png"},"match":"re-indent 3 lines Indent text 3=="},{"title":"Re-indent a block with () or {} ","subtitle":"Indent text ⎯  =%","arg":["key code 53//keystroke \"=%\"","re-indent a block with () or {} ","=%"],"icon":{"type":"file","path":"img/indentText.png"},"match":"re-indent a block with () or {}  Indent text =%"},{"title":"","subtitle":"Indent text ⎯  =iB","arg":["key code 53//keystroke \"iB\"",null,"=iB"],"icon":{"type":"file","path":"img/indentText.png"},"match":" Indent text =iB"},{"title":"Re-indent entire buffer","subtitle":"Indent text ⎯  gg=G","arg":["key code 53//keystroke \"gg=G\"","re-indent entire buffer","gg=G"],"icon":{"type":"file","path":"img/indentText.png"},"match":"re-indent entire buffer Indent text gg=G"},{"title":"Paste and adjust indent to current line","subtitle":"Indent text ⎯  ]p","arg":["key code 53//keystroke \"]p\"","paste and adjust indent to current line","]p"],"icon":{"type":"file","path":"img/indentText.png"},"match":"paste and adjust indent to current line Indent text ]p"},{"title":"Sla op maar blijf in vim","subtitle":"Verlaten ⎯  :w","arg":["key code 53//keystroke \":w\" & return","sla op maar blijf in vim",":w"],"icon":{"type":"file","path":"img/exiting.png"},"match":"write  the file, but don't exit Verlaten :w"},{"title":"Sla op, gebruikmakend van sudo","subtitle":"Verlaten ⎯  :w !sudo tee %","arg":["key code 53//keystroke \":w !sudo tee %\"","sla op, gebruikmakend van sudo",":w !sudo tee %"],"icon":{"type":"file","path":"img/exiting.png"},"match":"write out the current file using sudo Verlaten :w !sudo tee %"},{"title":"Sla op en verlaat vim","subtitle":"Verlaten ⎯  :wq or :x or ZZ","arg":["key code 53//keystroke \":wq\" & return","sla op en verlaat vim",":wq or :x or ZZ"],"icon":{"type":"file","path":"img/exiting.png"},"match":"write  and quit Verlaten :wq or :x or ZZ"},{"title":"Verlaat vim ","subtitle":"Verlaten ⎯  :q","arg":["key code 53//keystroke \":q\" & return","verlaat vim ",":q"],"icon":{"type":"file","path":"img/exiting.png"},"match":"quit  Verlaten :q"},{"title":"Verlaat vim en gooi niet-opgeslagen aanpassingen weg","subtitle":"Verlaten ⎯  :q! or ZQ","arg":["key code 53//keystroke \":q!\" & return","verlaat vim en gooi niet-opgeslagen aanpassingen weg",":q! or ZQ"],"icon":{"type":"file","path":"img/exiting.png"},"match":"quit and throw away unsaved changes Verlaten :q! or ZQ"},{"title":"Sla op en sluit alle tabs","subtitle":"Verlaten ⎯  :wqa","arg":["key code 53//keystroke \":wqa\" & return","sla op en sluit alle tabs",":wqa"],"icon":{"type":"file","path":"img/exiting.png"},"match":"write  and quit on all tabs Verlaten :wqa"},{"title":"Zoek naar patroon","subtitle":"Zoeken en vervangen ⎯  /pattern","arg":["key code 53//keystroke \"/pattern\"","zoek naar patroon","/pattern"],"icon":{"type":"file","path":"img/searchAndReplace.png"},"match":"search for pattern Zoeken en vervangen /pattern"},{"title":"Zoek achteruit naar patroon","subtitle":"Zoeken en vervangen ⎯  ?pattern","arg":["key code 53//keystroke \"?pattern\"","zoek achteruit naar patroon","?pattern"],"icon":{"type":"file","path":"img/searchAndReplace.png"},"match":"search backward for pattern Zoeken en vervangen ?pattern"},{"title":"'super magisch' patroon","subtitle":"Zoeken en vervangen ⎯  \\vpattern","arg":["key code 53//keystroke \"\\\\vpattern\"","'super magisch' patroon","\\vpattern"],"icon":{"type":"file","path":"img/searchAndReplace.png"},"match":"'very magic' pattern Zoeken en vervangen \\vpattern"},{"title":"Herhaal zoekopdracht in dezelfe richting","subtitle":"Zoeken en vervangen ⎯  n","arg":["key code 53//keystroke \"n\"","herhaal zoekopdracht in dezelfe richting","n"],"icon":{"type":"file","path":"img/searchAndReplace.png"},"match":"repeat search in same direction Zoeken en vervangen n"},{"title":"Herhaal zoekopdracht in tegengestelde richting","subtitle":"Zoeken en vervangen ⎯  N","arg":["key code 53//keystroke \"N\"","herhaal zoekopdracht in tegengestelde richting","N"],"icon":{"type":"file","path":"img/searchAndReplace.png"},"match":"repeat search in opposite direction Zoeken en vervangen N"},{"title":"Vervang alle 'old' met 'new' in het bestand","subtitle":"Zoeken en vervangen ⎯  :%s/old/new/g","arg":["key code 53//keystroke \":%s/old/new/g\"","vervang alle 'old' met 'new' in het bestand",":%s/old/new/g"],"icon":{"type":"file","path":"img/searchAndReplace.png"},"match":"replace all old with new throughout file Zoeken en vervangen :%s/old/new/g"},{"title":"Vervang alle 'old' met 'new' in het bestand, vraag steeds om bevestiging","subtitle":"Zoeken en vervangen ⎯  :%s/old/new/gc","arg":["key code 53//keystroke \":%s/old/new/gc\"","vervang alle 'old' met 'new' in het bestand, vraag steeds om bevestiging",":%s/old/new/gc"],"icon":{"type":"file","path":"img/searchAndReplace.png"},"match":"replace all old with new throughout file with confirmations Zoeken en vervangen :%s/old/new/gc"},{"title":"Verwijder markering van gevonden stukken tekst","subtitle":"Zoeken en vervangen ⎯  :noh[lsearch]","arg":["key code 53//keystroke \":noh[lsearch]\"","verwijder markering van gevonden stukken tekst",":noh[lsearch]"],"icon":{"type":"file","path":"img/searchAndReplace.png"},"match":"remove highlighting of search matches Zoeken en vervangen :noh[lsearch]"},{"title":"Next whole word under cursor","subtitle":"Zoeken en vervangen ⎯  *","arg":["key code 53//keystroke \"*\"","Next whole word under cursor","*"],"icon":{"type":"file","path":"img/searchAndReplace.png"},"match":"Next whole word under cursor Zoeken en vervangen *"},{"title":"Previous whole word under cursor","subtitle":"Zoeken en vervangen ⎯  #","arg":["key code 53//keystroke \"#\"","Previous whole word under cursor","#"],"icon":{"type":"file","path":"img/searchAndReplace.png"},"match":"Previous whole word under cursor Zoeken en vervangen #"},{"title":"Zoek voor patroon in meerdere bestanden","subtitle":"Zoek in meerdere bestanden ⎯  :vim[grep] /pattern/ file","arg":["key code 53//keystroke \":vim[grep]\"//key code 49//keystroke \"/pattern/\"//key code 49//keystroke \"file\"","zoek voor patroon in meerdere bestanden",":vim[grep] /pattern/ file"],"icon":{"type":"file","path":"img/searchMultipleFiles.png"},"match":"search for pattern in multiple files Zoek in meerdere bestanden :vim[grep] /pattern/ file"},{"title":"Ga naar het volgende zoekresultaat","subtitle":"Zoek in meerdere bestanden ⎯  :cn[ext]","arg":["key code 53//keystroke \":cn\" & return","ga naar het volgende zoekresultaat",":cn[ext]"],"icon":{"type":"file","path":"img/searchMultipleFiles.png"},"match":"jump to the next match Zoek in meerdere bestanden :cn[ext]"},{"title":"Ga naar het vorige zoekresultaat","subtitle":"Zoek in meerdere bestanden ⎯  :cp[revious]","arg":["key code 53//keystroke \":cp\" & return","ga naar het vorige zoekresultaat",":cp[revious]"],"icon":{"type":"file","path":"img/searchMultipleFiles.png"},"match":"jump to the previous match Zoek in meerdere bestanden :cp[revious]"},{"title":"Open een scherm met de lijst van alle zoekresultaten","subtitle":"Zoek in meerdere bestanden ⎯  :cope[n]","arg":["key code 53//keystroke \":cope\" & return","open een scherm met de lijst van alle zoekresultaten",":cope[n]"],"icon":{"type":"file","path":"img/searchMultipleFiles.png"},"match":"open a window containing the list of matches Zoek in meerdere bestanden :cope[n]"},{"title":"Close the quickfix window","subtitle":"Zoek in meerdere bestanden ⎯  :ccl[ose]","arg":["key code 53//keystroke \":ccl\" & return","close the quickfix window",":ccl[ose]"],"icon":{"type":"file","path":"img/searchMultipleFiles.png"},"match":"close the quickfix window Zoek in meerdere bestanden :ccl[ose]"},{"title":"","subtitle":"Zoek in meerdere bestanden ⎯  colonWa","arg":["key code 53//keystroke \":wa\" & return",null,"colonWa"],"icon":{"type":"file","path":"img/searchMultipleFiles.png"},"match":" Zoek in meerdere bestanden colonWa"},{"title":"Close the quickfix window","subtitle":"Zoek in meerdere bestanden ⎯  :ccl[ose]","arg":["key code 53//keystroke \":ccl\" & return","close the quickfix window",":ccl[ose]"],"icon":{"type":"file","path":"img/searchMultipleFiles.png"},"match":"close the quickfix window Zoek in meerdere bestanden :ccl[ose]"},{"title":"Open een bestand in een nieuw tabblad","subtitle":"Tabbladen ⎯  :tabnew or :tabnew file","arg":["key code 53//keystroke \":tabnew\"//key code 49//keystroke \"file\" & return","open een bestand in een nieuw tabblad",":tabnew or :tabnew file"],"icon":{"type":"file","path":"img/tabs.png"},"match":"open a file in a new tab Tabbladen :tabnew or :tabnew file"},{"title":"Verplaats het huidige opgesplitste scherm naar een nieuw tabblad","subtitle":"Tabbladen ⎯  Ctrl+wT","arg":["key code 53//keystroke \"w\" using control down//keystroke \"T\"","verplaats het huidige opgesplitste scherm naar een nieuw tabblad","Ctrl+wT"],"icon":{"type":"file","path":"img/tabs.png"},"match":"move the current split window into its own tab Tabbladen Ctrl+wT"},{"title":"Ga naar het volgende tabblad","subtitle":"Tabbladen ⎯  gt or :tabn[ext]","arg":["key code 53//keystroke \"gt\"","ga naar het volgende tabblad","gt or :tabn[ext]"],"icon":{"type":"file","path":"img/tabs.png"},"match":"move to the next tab Tabbladen gt or :tabn[ext]"},{"title":"Ga naar het vorige tabblad","subtitle":"Tabbladen ⎯  gT or :tabp[revious]","arg":["key code 53//keystroke \"gT\"","ga naar het vorige tabblad","gT or :tabp[revious]"],"icon":{"type":"file","path":"img/tabs.png"},"match":"move to the previous tab Tabbladen gT or :tabp[revious]"},{"title":"Ga naar tabblad nummer #","subtitle":"Tabbladen ⎯  #gt","arg":["key code 53//keystroke \"#gt\"","ga naar tabblad nummer #","#gt"],"icon":{"type":"file","path":"img/tabs.png"},"match":"move to tab number # Tabbladen #gt"},{"title":"Verplaats huidige tabblad naar positie # ","subtitle":"Tabbladen ⎯  :tabm[ove]","arg":["key code 53//keystroke \":tabm\" & return","verplaats huidige tabblad naar positie # ",":tabm[ove]"],"icon":{"type":"file","path":"img/tabs.png"},"match":"move current tab to the #th position  Tabbladen :tabm[ove]"},{"title":"Sluit huidige tabblad en alle bijbehorende schermen","subtitle":"Tabbladen ⎯  :tabc[lose]","arg":["key code 53//keystroke \":tabc\" & return","sluit huidige tabblad en alle bijbehorende schermen",":tabc[lose]"],"icon":{"type":"file","path":"img/tabs.png"},"match":"close the current tab and all its windows Tabbladen :tabc[lose]"},{"title":"Sluit alle tabbladen behalve het huidige tabblad","subtitle":"Tabbladen ⎯  :tabo[nly]","arg":["key code 53//keystroke \":tabo\" & return","sluit alle tabbladen behalve het huidige tabblad",":tabo[nly]"],"icon":{"type":"file","path":"img/tabs.png"},"match":"close all tabs except for the current one Tabbladen :tabo[nly]"},{"title":"Voer het command uit op alle tabs ","subtitle":"Tabbladen ⎯  :tabdo command","arg":["key code 53//keystroke \":tabdo\"//key code 49//keystroke \"command\"","voer het command uit op alle tabs ",":tabdo command"],"icon":{"type":"file","path":"img/tabs.png"},"match":"run the command on all tabs  Tabbladen :tabdo command"},{"title":"Bewerk een bestand in een nieuwe buffer","subtitle":"Werken met meerdere bestanden ⎯  :e[dit] file","arg":["key code 53//keystroke \":e\"//key code 49//keystroke \"file\"","bewerk een bestand in een nieuwe buffer",":e[dit] file"],"icon":{"type":"file","path":"img/workingWithMultipleFiles.png"},"match":"edit a file in a new buffer Werken met meerdere bestanden :e[dit] file"},{"title":"Ga naar de volgende buffer","subtitle":"Werken met meerdere bestanden ⎯  :bn[ext]","arg":["key code 53//keystroke \":bn\" & return","ga naar de volgende buffer",":bn[ext]"],"icon":{"type":"file","path":"img/workingWithMultipleFiles.png"},"match":"go to the next buffer Werken met meerdere bestanden :bn[ext]"},{"title":"Ga naar de vorige buffer","subtitle":"Werken met meerdere bestanden ⎯  :bp[revious]","arg":["key code 53//keystroke \":bp\" & return","ga naar de vorige buffer",":bp[revious]"],"icon":{"type":"file","path":"img/workingWithMultipleFiles.png"},"match":"go to the previous buffer Werken met meerdere bestanden :bp[revious]"},{"title":"Verwijder buffer ","subtitle":"Werken met meerdere bestanden ⎯  :bd[elete]","arg":["key code 53//keystroke \":bd\" & return","verwijder buffer ",":bd[elete]"],"icon":{"type":"file","path":"img/workingWithMultipleFiles.png"},"match":"delete a buffer  Werken met meerdere bestanden :bd[elete]"},{"title":"Go to a buffer by #","subtitle":"Werken met meerdere bestanden ⎯  :b[uffer]#","arg":["key code 53//keystroke \":b#\"","go to a buffer by #",":b[uffer]#"],"icon":{"type":"file","path":"img/workingWithMultipleFiles.png"},"match":"go to a buffer by index # Werken met meerdere bestanden :b[uffer]#"},{"title":"Go to a buffer by file","subtitle":"Werken met meerdere bestanden ⎯  :b[uffer] file","arg":["key code 53//keystroke \":b\"//key code 49//keystroke \"file\"","go to a buffer by file",":b[uffer] file"],"icon":{"type":"file","path":"img/workingWithMultipleFiles.png"},"match":"go to a buffer by file Werken met meerdere bestanden :b[uffer] file"},{"title":"Lijst van alle open buffers","subtitle":"Werken met meerdere bestanden ⎯  :ls or :buffers","arg":["key code 53//keystroke \":ls\" & return","lijst van alle open buffers",":ls or :buffers"],"icon":{"type":"file","path":"img/workingWithMultipleFiles.png"},"match":"list all open buffers Werken met meerdere bestanden :ls or :buffers"},{"title":"Open een bestand in een nieuwe buffer en splits scherm","subtitle":"Werken met meerdere bestanden ⎯  :sp[lit] file","arg":["key code 53//keystroke \":sp\"//key code 49//keystroke \"file\"","open een bestand in een nieuwe buffer en splits scherm",":sp[lit] file"],"icon":{"type":"file","path":"img/workingWithMultipleFiles.png"},"match":"open a file in a new buffer and split window Werken met meerdere bestanden :sp[lit] file"},{"title":"Open een bestand in een nieuwe buffer en splits scherm verticaal","subtitle":"Werken met meerdere bestanden ⎯  :vs[plit] file","arg":["key code 53//keystroke \":vs\"//key code 49//keystroke \"file\"","open een bestand in een nieuwe buffer en splits scherm verticaal",":vs[plit] file"],"icon":{"type":"file","path":"img/workingWithMultipleFiles.png"},"match":"open a file in a new buffer and vertically split window Werken met meerdere bestanden :vs[plit] file"},{"title":"Edit all buffers as vertical windows","subtitle":"Werken met meerdere bestanden ⎯  :vert[ical] ba[ll]","arg":["key code 53//keystroke \":vert\"//key code 49//keystroke \"ba\" & return","edit all buffers as vertical windows",":vert[ical] ba[ll]"],"icon":{"type":"file","path":"img/workingWithMultipleFiles.png"},"match":"edit all buffers as vertical windows Werken met meerdere bestanden :vert[ical] ba[ll]"},{"title":"Edit all buffers as tabs","subtitle":"Werken met meerdere bestanden ⎯  :tab ba[ll]","arg":["key code 53//keystroke \":tab\"//key code 49//keystroke \"ba\" & return","edit all buffers as tabs",":tab ba[ll]"],"icon":{"type":"file","path":"img/workingWithMultipleFiles.png"},"match":"edit all buffers as tabs Werken met meerdere bestanden :tab ba[ll]"},{"title":"Splits scherm","subtitle":"Werken met meerdere bestanden ⎯  Ctrl+w s","arg":["key code 53//keystroke \"w\" using control down//keystroke \"s\"","splits scherm","Ctrl+w s"],"icon":{"type":"file","path":"img/workingWithMultipleFiles.png"},"match":"split window Werken met meerdere bestanden Ctrl+w s"},{"title":"Splits scherm verticaal","subtitle":"Werken met meerdere bestanden ⎯  Ctrl+w v","arg":["key code 53//keystroke \"w\" using control down//keystroke \"v\"","splits scherm verticaal","Ctrl+w v"],"icon":{"type":"file","path":"img/workingWithMultipleFiles.png"},"match":"split window vertically Werken met meerdere bestanden Ctrl+w v"},{"title":"Wissel van scherm","subtitle":"Werken met meerdere bestanden ⎯  Ctrl+w w","arg":["key code 53//keystroke \"w\" using control down//keystroke \"w\"","wissel van scherm","Ctrl+w w"],"icon":{"type":"file","path":"img/workingWithMultipleFiles.png"},"match":"switch windows Werken met meerdere bestanden Ctrl+w w"},{"title":"Sluit een scherm","subtitle":"Werken met meerdere bestanden ⎯  Ctrl+w q","arg":["key code 53//keystroke \"w\" using control down//keystroke \"q\"","sluit een scherm","Ctrl+w q"],"icon":{"type":"file","path":"img/workingWithMultipleFiles.png"},"match":"quit a window Werken met meerdere bestanden Ctrl+w q"},{"title":"Exchange current window with next one","subtitle":"Werken met meerdere bestanden ⎯  Ctrl+w x","arg":["key code 53//keystroke \"w\" using control down//keystroke \"x\"","exchange current window with next one","Ctrl+w x"],"icon":{"type":"file","path":"img/workingWithMultipleFiles.png"},"match":"exchange current window with next one Werken met meerdere bestanden Ctrl+w x"},{"title":"Make all windows equal height & width","subtitle":"Werken met meerdere bestanden ⎯  Ctrl+w =","arg":["key code 53//keystroke \"w\" using control down//keystroke \"=\"","make all windows equal height & width","Ctrl+w ="],"icon":{"type":"file","path":"img/workingWithMultipleFiles.png"},"match":"make all windows equal height & width Werken met meerdere bestanden Ctrl+w ="},{"title":"Verplaats cursor naar linkse scherm ","subtitle":"Werken met meerdere bestanden ⎯  Ctrl+w h","arg":["key code 53//keystroke \"w\" using control down//keystroke \"h\"","verplaats cursor naar linkse scherm ","Ctrl+w h"],"icon":{"type":"file","path":"img/workingWithMultipleFiles.png"},"match":"move cursor to the left window  Werken met meerdere bestanden Ctrl+w h"},{"title":"Verplaats cursor naar rechtse scherm ","subtitle":"Werken met meerdere bestanden ⎯  Ctrl+w l","arg":["key code 53//keystroke \"w\" using control down//keystroke \"l\"","verplaats cursor naar rechtse scherm ","Ctrl+w l"],"icon":{"type":"file","path":"img/workingWithMultipleFiles.png"},"match":"move cursor to the right window  Werken met meerdere bestanden Ctrl+w l"},{"title":"Verplaats cursor naar scherm beneden ","subtitle":"Werken met meerdere bestanden ⎯  Ctrl+w j","arg":["key code 53//keystroke \"w\" using control down//keystroke \"j\"","verplaats cursor naar scherm beneden ","Ctrl+w j"],"icon":{"type":"file","path":"img/workingWithMultipleFiles.png"},"match":"move cursor to the window below  Werken met meerdere bestanden Ctrl+w j"},{"title":"Verplaats cursor naar scherm boven ","subtitle":"Werken met meerdere bestanden ⎯  Ctrl+w k","arg":["key code 53//keystroke \"w\" using control down//keystroke \"k\"","verplaats cursor naar scherm boven ","Ctrl+w k"],"icon":{"type":"file","path":"img/workingWithMultipleFiles.png"},"match":"move cursor to the window above  Werken met meerdere bestanden Ctrl+w k"},{"title":"Make current window full height at far left ","subtitle":"Werken met meerdere bestanden ⎯  Ctrl+w H","arg":["key code 53//keystroke \"w\" using control down//keystroke \"H\"","make current window full height at far left ","Ctrl+w H"],"icon":{"type":"file","path":"img/workingWithMultipleFiles.png"},"match":"make current window full height at far left  Werken met meerdere bestanden Ctrl+w H"},{"title":"Make current window full height at far right ","subtitle":"Werken met meerdere bestanden ⎯  Ctrl+w L","arg":["key code 53//keystroke \"w\" using control down//keystroke \"L\"","make current window full height at far right ","Ctrl+w L"],"icon":{"type":"file","path":"img/workingWithMultipleFiles.png"},"match":"make current window full height at far right  Werken met meerdere bestanden Ctrl+w L"},{"title":"Make current window full width at the very bottom ","subtitle":"Werken met meerdere bestanden ⎯  Ctrl+w J","arg":["key code 53//keystroke \"w\" using control down//keystroke \"J\"","make current window full width at the very bottom ","Ctrl+w J"],"icon":{"type":"file","path":"img/workingWithMultipleFiles.png"},"match":"make current window full width at the very bottom  Werken met meerdere bestanden Ctrl+w J"},{"title":"Make current window full width at the very top ","subtitle":"Werken met meerdere bestanden ⎯  Ctrl+w K","arg":["key code 53//keystroke \"w\" using control down//keystroke \"K\"","make current window full width at the very top ","Ctrl+w K"],"icon":{"type":"file","path":"img/workingWithMultipleFiles.png"},"match":"make current window full width at the very top  Werken met meerdere bestanden Ctrl+w K"},{"title":"Manually define a fold up to motion","subtitle":"Diff ⎯  zf","arg":["key code 53//keystroke \"zf\"","manually define a fold up to motion","zf"],"icon":{"type":"file","path":"img/diff.png"},"match":"manually define a fold up to motion Diff zf"},{"title":"Delete fold under the cursor","subtitle":"Diff ⎯  zd","arg":["key code 53//keystroke \"zd\"","delete fold under the cursor","zd"],"icon":{"type":"file","path":"img/diff.png"},"match":"delete fold under the cursor Diff zd"},{"title":"Toggle fold under the cursor","subtitle":"Diff ⎯  za","arg":["key code 53//keystroke \"za\"","toggle fold under the cursor","za"],"icon":{"type":"file","path":"img/diff.png"},"match":"toggle fold under the cursor Diff za"},{"title":"Open fold under the cursor","subtitle":"Diff ⎯  zo","arg":["key code 53//keystroke \"zo\"","open fold under the cursor","zo"],"icon":{"type":"file","path":"img/diff.png"},"match":"open fold under the cursor Diff zo"},{"title":"Close fold under the cursor","subtitle":"Diff ⎯  zc","arg":["key code 53//keystroke \"zc\"","close fold under the cursor","zc"],"icon":{"type":"file","path":"img/diff.png"},"match":"close fold under the cursor Diff zc"},{"title":"Reduce  all folds by one level","subtitle":"Diff ⎯  zr","arg":["key code 53//keystroke \"zr\"","reduce  all folds by one level","zr"],"icon":{"type":"file","path":"img/diff.png"},"match":"reduce  all folds by one level Diff zr"},{"title":"Fold more  all folds by one level","subtitle":"Diff ⎯  zm","arg":["key code 53//keystroke \"zm\"","fold more  all folds by one level","zm"],"icon":{"type":"file","path":"img/diff.png"},"match":"fold more  all folds by one level Diff zm"},{"title":"Toggle folding functionality","subtitle":"Diff ⎯  zi","arg":["key code 53//keystroke \"zi\"","toggle folding functionality","zi"],"icon":{"type":"file","path":"img/diff.png"},"match":"toggle folding functionality Diff zi"},{"title":"Jump to start of next change","subtitle":"Diff ⎯  ]c","arg":["key code 53//keystroke \"]c\"","jump to start of next change","]c"],"icon":{"type":"file","path":"img/diff.png"},"match":"jump to start of next change Diff ]c"},{"title":"Jump to start of previous change","subtitle":"Diff ⎯  [c","arg":["key code 53//keystroke \"[c\"","jump to start of previous change","[c"],"icon":{"type":"file","path":"img/diff.png"},"match":"jump to start of previous change Diff [c"},{"title":"Obtain  difference ","subtitle":"Diff ⎯  do or :diffg[et]","arg":["key code 53//keystroke \"do\"","obtain  difference ","do or :diffg[et]"],"icon":{"type":"file","path":"img/diff.png"},"match":"obtain  difference  Diff do or :diffg[et]"},{"title":"Put difference ","subtitle":"Diff ⎯  dp or :diffpu[t]","arg":["key code 53//keystroke \"dp\"","put difference ","dp or :diffpu[t]"],"icon":{"type":"file","path":"img/diff.png"},"match":"put difference  Diff dp or :diffpu[t]"},{"title":"Make current window part of diff","subtitle":"Diff ⎯  :diffthis","arg":["key code 53//keystroke \":diffthis\" & return","make current window part of diff",":diffthis"],"icon":{"type":"file","path":"img/diff.png"},"match":"make current window part of diff Diff :diffthis"},{"title":"Update differences","subtitle":"Diff ⎯  :dif[fupdate]","arg":["key code 53//keystroke \":dif\" & return","update differences",":dif[fupdate]"],"icon":{"type":"file","path":"img/diff.png"},"match":"update differences Diff :dif[fupdate]"},{"title":"Switch off diff mode for current window","subtitle":"Diff ⎯  :diffo[ff]","arg":["key code 53//keystroke \":diffo\" & return","switch off diff mode for current window",":diffo[ff]"],"icon":{"type":"file","path":"img/diff.png"},"match":"switch off diff mode for current window Diff :diffo[ff]"},{"title":"Turn on us english spell checking","subtitle":"Spell checking ⎯  :set spell spelllang=en_us","arg":["key code 53//keystroke \":set\"//key code 49//keystroke \"spell\"//key code 49//keystroke \"spelllang=en_us\" & return","Turn on US English spell checking",":set spell spelllang=en_us"],"icon":{"type":"file","path":"img/spell.png"},"match":"Turn on US English spell checking Spell checking :set spell spelllang=en_us"},{"title":"Turn off spell checking","subtitle":"Spell checking ⎯  :set nospell","arg":["key code 53//keystroke \":set\"//key code 49//keystroke \"nospell\" & return","Turn off spell checking",":set nospell"],"icon":{"type":"file","path":"img/spell.png"},"match":"Turn off spell checking Spell checking :set nospell"},{"title":"Move to next misspelled word after the cursor","subtitle":"Spell checking ⎯  ]s","arg":["key code 53//keystroke \"]s\"","Move to next misspelled word after the cursor","]s"],"icon":{"type":"file","path":"img/spell.png"},"match":"Move to next misspelled word after the cursor Spell checking ]s"},{"title":"Move to previous misspelled word before the cursor","subtitle":"Spell checking ⎯  [s","arg":["key code 53//keystroke \"[s\"","Move to previous misspelled word before the cursor","[s"],"icon":{"type":"file","path":"img/spell.png"},"match":"Move to previous misspelled word before the cursor Spell checking [s"},{"title":"Suggest spellings for the word under/after the cursor","subtitle":"Spell checking ⎯  z=","arg":["key code 53//keystroke \"z=\"","Suggest spellings for the word under/after the cursor","z="],"icon":{"type":"file","path":"img/spell.png"},"match":"Suggest spellings for the word under/after the cursor Spell checking z="},{"title":"Add word to spell list","subtitle":"Spell checking ⎯  zg","arg":["key code 53//keystroke \"zg\"","Add word to spell list","zg"],"icon":{"type":"file","path":"img/spell.png"},"match":"Add word to spell list Spell checking zg"},{"title":"Mark word as bad/mispelling","subtitle":"Spell checking ⎯  zw","arg":["key code 53//keystroke \"zw\"","Mark word as bad/mispelling","zw"],"icon":{"type":"file","path":"img/spell.png"},"match":"Mark word as bad/mispelling Spell checking zw"},{"title":"Suggest words for bad word under cursor from spell file","subtitle":"Spell checking ⎯  zu","arg":["key code 53//keystroke \"zu\"","Suggest words for bad word under cursor from spell file","zu"],"icon":{"type":"file","path":"img/spell.png"},"match":"Suggest words for bad word under cursor from spell file Spell checking zu"},{"title":"Increment number","subtitle":"Miscellaneous ⎯  Ctrl+a","arg":["key code 53//keystroke \"a\" using control down","Increment number","Ctrl+a"],"icon":{"type":"file","path":"img/misc.png"},"match":"Increment number Miscellaneous Ctrl+a"},{"title":"Decrement number","subtitle":"Miscellaneous ⎯  Ctrl+x","arg":["key code 53//keystroke \"x\" using control down","Decrement number","Ctrl+x"],"icon":{"type":"file","path":"img/misc.png"},"match":"Decrement number Miscellaneous Ctrl+x"},{"title":"Re-select last selected block of text","subtitle":"Miscellaneous ⎯  gv","arg":["key code 53//keystroke \"gv\"","Re-select last selected block of text","gv"],"icon":{"type":"file","path":"img/misc.png"},"match":"Re-select last selected block of text Miscellaneous gv"},{"title":"Insert the result of an expression at the cursor","subtitle":"Miscellaneous ⎯  Ctrl+r =","arg":["key code 53//keystroke \"r\" using control down//keystroke \"=\"","Insert the result of an expression at the cursor","Ctrl+r ="],"icon":{"type":"file","path":"img/misc.png"},"match":"Insert the result of an expression at the cursor Miscellaneous Ctrl+r ="},{"title":"Change file encoding to utf-8","subtitle":"Miscellaneous ⎯  set fenc=UTF-8","arg":["key code 53//keystroke \"set\"//key code 49//keystroke \"fenc=UTF-8\"","Change file encoding to UTF-8","set fenc=UTF-8"],"icon":{"type":"file","path":"img/misc.png"},"match":"Change file encoding to UTF-8 Miscellaneous set fenc=UTF-8"},{"title":"Escape next character","subtitle":"Regex ⎯  \\","arg":["keystroke \"\\\\\"","Escape next character","\\"],"icon":{"type":"file","path":"img/regex.png"},"match":"Escape next character Regex \\"},{"title":"Start-of­-line","subtitle":"Regex ⎯  ^","arg":["keystroke \"^\"","Start-of­-line","^"],"icon":{"type":"file","path":"img/regex.png"},"match":"Start-of­-line Regex ^"},{"title":"End-of-­line","subtitle":"Regex ⎯  $","arg":["keystroke \"$\"","End-of-­line","$"],"icon":{"type":"file","path":"img/regex.png"},"match":"End-of-­line Regex $"},{"title":"Any char","subtitle":"Regex ⎯  .","arg":["keystroke \".\"","Any char","."],"icon":{"type":"file","path":"img/regex.png"},"match":"Any char Regex ."},{"title":"0 or more quantifier","subtitle":"Regex ⎯  *","arg":["keystroke \"*\"","0 or more quantifier","*"],"icon":{"type":"file","path":"img/regex.png"},"match":"0 or more quantifier Regex *"},{"title":"Match last given substitute string","subtitle":"Regex ⎯  ~","arg":["keystroke \"\"~","Match last given substitute string","~"],"icon":{"type":"file","path":"img/regex.png"},"match":"Match last given substitute string Regex ~"},{"title":"Match range","subtitle":"Regex ⎯  [...]","arg":["keystroke \"[...]\"","Match range","[...]"],"icon":{"type":"file","path":"img/regex.png"},"match":"Match range Regex [...]"},{"title":"Not range","subtitle":"Regex ⎯  [^...]","arg":["keystroke \"[^...]\"","Not range","[^...]"],"icon":{"type":"file","path":"img/regex.png"},"match":"Not range Regex [^...]"},{"title":"In replacement: insert <pattern>","subtitle":"Regex ⎯  &","arg":["keystroke \"&\"","In replacement: insert <pattern>","&"],"icon":{"type":"file","path":"img/regex.png"},"match":"In replacement: insert <pattern> Regex &"},{"title":"Beginning of a word","subtitle":"Regex ⎯  \\<","arg":["keystroke \"\\\\<\"","Beginning of a word","\\<"],"icon":{"type":"file","path":"img/regex.png"},"match":"Beginning of a word Regex \\<"},{"title":"End of word","subtitle":"Regex ⎯  \\>","arg":["keystroke \"\\\\>\"","End of word","\\>"],"icon":{"type":"file","path":"img/regex.png"},"match":"End of word Regex \\>"},{"title":"Group","subtitle":"Regex ⎯  \\(...\\)","arg":["keystroke \"\\\\(...\\\\)\"","Group","\\(...\\)"],"icon":{"type":"file","path":"img/regex.png"},"match":"Group Regex \\(...\\)"},{"title":"Separate alternative","subtitle":"Regex ⎯  \\|","arg":["keystroke \"\\\\|\"","Separate alternative","\\|"],"icon":{"type":"file","path":"img/regex.png"},"match":"Separate alternative Regex \\|"},{"title":"Any single char or end-of­line","subtitle":"Regex ⎯  \\_.","arg":["keystroke \"\\\\_.\"","Any single char or end-of­line","\\_."],"icon":{"type":"file","path":"img/regex.png"},"match":"Any single char or end-of­line Regex \\_."},{"title":"1 or more quantifier","subtitle":"Regex ⎯  \\+","arg":["keystroke \"\\\\+\"","1 or more quantifier","\\+"],"icon":{"type":"file","path":"img/regex.png"},"match":"1 or more quantifier Regex \\+"},{"title":"0 or 1 quantifier","subtitle":"Regex ⎯  \\=","arg":["keystroke \"\\\\=\"","0 or 1 quantifier","\\="],"icon":{"type":"file","path":"img/regex.png"},"match":"0 or 1 quantifier Regex \\="},{"title":"0 or 1 quantifier","subtitle":"Regex ⎯  \\?","arg":["keystroke \"\\\\?\"","0 or 1 quantifier","\\?"],"icon":{"type":"file","path":"img/regex.png"},"match":"0 or 1 quantifier Regex \\?"},{"title":"N to m quantifier","subtitle":"Regex ⎯  \\{n,m}","arg":["keystroke \"\\\\{n,m}\"","n to m quantifier","\\{n,m}"],"icon":{"type":"file","path":"img/regex.png"},"match":"n to m quantifier Regex \\{n,m}"},{"title":"N quantifier","subtitle":"Regex ⎯  \\{n}","arg":["keystroke \"\\\\{n}\"","n quantifier","\\{n}"],"icon":{"type":"file","path":"img/regex.png"},"match":"n quantifier Regex \\{n}"},{"title":"At least n quantifier","subtitle":"Regex ⎯  \\{n,}","arg":["keystroke \"\"\\\\{n,}","at least n quantifier","\\{n,}"],"icon":{"type":"file","path":"img/regex.png"},"match":"at least n quantifier Regex \\{n,}"},{"title":"0 to m quantifier","subtitle":"Regex ⎯  \\{,m}","arg":["keystroke \"\\\\{,}\"","0 to m quantifier","\\{,m}"],"icon":{"type":"file","path":"img/regex.png"},"match":"0 to m quantifier Regex \\{,m}"},{"title":"Delete all lines matching pattern","subtitle":"Regex ⎯  :%g/<pa­tte­rn>/d","arg":["key code 53//keystroke \":%g/<pa­tte­r/d\"","delete all lines matching pattern",":%g/<pa­tte­rn>/d"],"icon":{"type":"file","path":"img/regex.png"},"match":"delete all lines matching pattern Regex :%g/<pa­tte­rn>/d"},{"title":"Delete all lines not matching <pattern>","subtitle":"Regex ⎯  :%v/<pa­tte­rn>/d","arg":["key code 53//keystroke \":%v/<pa­tte­r/d\"","delete all lines NOT matching <pattern>",":%v/<pa­tte­rn>/d"],"icon":{"type":"file","path":"img/regex.png"},"match":"delete all lines NOT matching <pattern> Regex :%v/<pa­tte­rn>/d"},{"title":"Delete empty lines","subtitle":"Regex ⎯  :%s/^.*$\\n//","arg":["key code 53//keystroke \":%s/^.*$\\\\n//\"","delete empty lines",":%s/^.*$\\n//"],"icon":{"type":"file","path":"img/regex.png"},"match":"delete empty lines Regex :%s/^.*$\\n//"},{"title":"Replace <pattern> by 'new <pattern>'","subtitle":"Regex ⎯  :s/<pattern>/new &/","arg":["key code 53//keystroke \":%s/<pattern>/new &/\"","Replace <pattern> by 'new <pattern>'",":s/<pattern>/new &/"],"icon":{"type":"file","path":"img/regex.png"},"match":"Replace <pattern> by 'new <pattern>' Regex :s/<pattern>/new &/"},{"title":"Replace <pattern> by content of register","subtitle":"Regex ⎯  :s/<pattern>/\\=@a/","arg":["key code 53//keystroke \":%s/<pattern>/\\\\=@a/\"","Replace <pattern> by content of register",":s/<pattern>/\\=@a/"],"icon":{"type":"file","path":"img/regex.png"},"match":"Replace <pattern> by content of register Regex :s/<pattern>/\\=@a/"},{"title":"Count number of occurrence of <pattern>","subtitle":"Regex ⎯  :s/<pattern>//gn","arg":["key code 53//keystroke \":%s/<pattern>//gn\"","Count number of occurrence of <pattern>",":s/<pattern>//gn"],"icon":{"type":"file","path":"img/regex.png"},"match":"Count number of occurrence of <pattern> Regex :s/<pattern>//gn"},{"title":"Match start","subtitle":"Regex ⎯  \\zs","arg":["keystroke \"\\\\zs\"","Match start","\\zs"],"icon":{"type":"file","path":"img/regex.png"},"match":"Match start Regex \\zs"},{"title":"Match end","subtitle":"Regex ⎯  \\ze","arg":["keystroke \"\\\\ze\"","Match end","\\ze"],"icon":{"type":"file","path":"img/regex.png"},"match":"Match end Regex \\ze"},{"title":"Positive look behind to find <pattern>","subtitle":"Regex ⎯  <atom>\\@<=<pattern>","arg":["keystroke \"<atom>\\\\@<=<pattern>\"","Positive look behind to find <pattern>","<atom>\\@<=<pattern>"],"icon":{"type":"file","path":"img/regex.png"},"match":"Positive look behind to find <pattern> Regex <atom>\\@<=<pattern>"},{"title":"Positive look ahead to find <pattern>","subtitle":"Regex ⎯  <pattern><atom>\\@=","arg":["keystroke \"<pattern><atom>\\\\@=\"","Positive look ahead to find <pattern>","<pattern><atom>\\@="],"icon":{"type":"file","path":"img/regex.png"},"match":"Positive look ahead to find <pattern> Regex <pattern><atom>\\@="},{"title":"Negative look behind to find <pattern>","subtitle":"Regex ⎯  <atom>\\@<!<pattern>","arg":["keystroke \"<atom>\\\\@<!<pattern>\"","Negative look behind to find <pattern>","<atom>\\@<!<pattern>"],"icon":{"type":"file","path":"img/regex.png"},"match":"Negative look behind to find <pattern> Regex <atom>\\@<!<pattern>"},{"title":"Negative look ahead to find <pattern>","subtitle":"Regex ⎯  <pattern><atom>\\@!","arg":["keystroke \"<pattern><atom>\\\\@!\"","Negative look ahead to find <pattern>","<pattern><atom>\\@!"],"icon":{"type":"file","path":"img/regex.png"},"match":"Negative look ahead to find <pattern> Regex <pattern><atom>\\@!"},{"title":"Non-greedy 0 or more quantifier","subtitle":"Regex ⎯  \\{-}","arg":["keystroke \"\\\\{-}\"","Non-greedy 0 or more quantifier","\\{-}"],"icon":{"type":"file","path":"img/regex.png"},"match":"Non-greedy 0 or more quantifier Regex \\{-}"}]}