{"items":[{"title":"Åpne hjelp for søkeord","subtitle":"Globale kommandoer ⎯  :h[elp] søkeord","arg":["key code 53//keystroke \":h\"//key code 49//keystroke \"keyword\"","åpne hjelp for søkeord",":h[elp] søkeord"],"icon":{"type":"file","path":"img/global.png"},"match":"open help for keyword Globale kommandoer :h[elp] søkeord"},{"title":"Lagre fil som","subtitle":"Globale kommandoer ⎯  :sav[eas] fil","arg":["key code 53//keystroke \":sav\"//key code 49//keystroke \"file\"","lagre fil som",":sav[eas] fil"],"icon":{"type":"file","path":"img/global.png"},"match":"save file as Globale kommandoer :sav[eas] fil"},{"title":"Lukk gjeldende rute","subtitle":"Globale kommandoer ⎯  :clo[se]","arg":["key code 53//keystroke \":clo\" & return","lukk gjeldende rute",":clo[se]"],"icon":{"type":"file","path":"img/global.png"},"match":"close current pane Globale kommandoer :clo[se]"},{"title":"Åpne et terminalvindu","subtitle":"Globale kommandoer ⎯  :ter[minal]","arg":["key code 53//keystroke \":ter\" & return","åpne et terminalvindu",":ter[minal]"],"icon":{"type":"file","path":"img/global.png"},"match":"open a terminal window Globale kommandoer :ter[minal]"},{"title":"Åpne man-side for ord under markøren","subtitle":"Globale kommandoer ⎯  K","arg":["key code 53//keystroke \"K\"","åpne man-side for ord under markøren","K"],"icon":{"type":"file","path":"img/global.png"},"match":"open man page for word under the cursor Globale kommandoer K"},{"title":"Flytt markøren til venstre","subtitle":"Markørbevegelser ⎯  h","arg":["key code 53//keystroke \"h\"","flytt markøren til venstre","h"],"icon":{"type":"file","path":"img/cursorMovement.png"},"match":"move cursor left Markørbevegelser h"},{"title":"Flytt markøren ned","subtitle":"Markørbevegelser ⎯  j","arg":["key code 53//keystroke \"j\"","flytt markøren ned","j"],"icon":{"type":"file","path":"img/cursorMovement.png"},"match":"move cursor down Markørbevegelser j"},{"title":"Flytt markøren opp","subtitle":"Markørbevegelser ⎯  k","arg":["key code 53//keystroke \"k\"","flytt markøren opp","k"],"icon":{"type":"file","path":"img/cursorMovement.png"},"match":"move cursor up Markørbevegelser k"},{"title":"Flytt markøren til høyre","subtitle":"Markørbevegelser ⎯  l","arg":["key code 53//keystroke \"l\"","flytt markøren til høyre","l"],"icon":{"type":"file","path":"img/cursorMovement.png"},"match":"move cursor right Markørbevegelser l"},{"title":"Move cursor down ","subtitle":"Markørbevegelser ⎯  gj","arg":["key code 53//keystroke \"gj\"","move cursor down ","gj"],"icon":{"type":"file","path":"img/cursorMovement.png"},"match":"move cursor down  Markørbevegelser gj"},{"title":"Move cursor up ","subtitle":"Markørbevegelser ⎯  gk","arg":["key code 53//keystroke \"gk\"","move cursor up ","gk"],"icon":{"type":"file","path":"img/cursorMovement.png"},"match":"move cursor up  Markørbevegelser gk"},{"title":"Flytt til toppen av skjermen","subtitle":"Markørbevegelser ⎯  H","arg":["key code 53//keystroke \"H\"","flytt til toppen av skjermen","H"],"icon":{"type":"file","path":"img/cursorMovement.png"},"match":"move to top of screen Markørbevegelser H"},{"title":"Flytt til midten av skjermen","subtitle":"Markørbevegelser ⎯  M","arg":["key code 53//keystroke \"M\"","flytt til midten av skjermen","M"],"icon":{"type":"file","path":"img/cursorMovement.png"},"match":"move to middle of screen Markørbevegelser M"},{"title":"Flytt til bunnen av skjermen","subtitle":"Markørbevegelser ⎯  L","arg":["key code 53//keystroke \"L\"","flytt til bunnen av skjermen","L"],"icon":{"type":"file","path":"img/cursorMovement.png"},"match":"move to bottom of screen Markørbevegelser L"},{"title":"Hopp frem til begynnelsen av et ord","subtitle":"Markørbevegelser ⎯  w","arg":["key code 53//keystroke \"w\"","hopp frem til begynnelsen av et ord","w"],"icon":{"type":"file","path":"img/cursorMovement.png"},"match":"jump forwards to the start of a word Markørbevegelser w"},{"title":"Hopp frem til begynnelsen av et ord ","subtitle":"Markørbevegelser ⎯  W","arg":["key code 53//keystroke \"W\"","hopp frem til begynnelsen av et ord ","W"],"icon":{"type":"file","path":"img/cursorMovement.png"},"match":"jump forwards to the start of a word  Markørbevegelser W"},{"title":"Hopp fremover til slutten av et ord","subtitle":"Markørbevegelser ⎯  e","arg":["key code 53//keystroke \"e\"","hopp fremover til slutten av et ord","e"],"icon":{"type":"file","path":"img/cursorMovement.png"},"match":"jump forwards to the end of a word Markørbevegelser e"},{"title":"Hopp frem til slutten av et ord ","subtitle":"Markørbevegelser ⎯  E","arg":["key code 53//keystroke \"E\"","hopp frem til slutten av et ord ","E"],"icon":{"type":"file","path":"img/cursorMovement.png"},"match":"jump forwards to the end of a word  Markørbevegelser E"},{"title":"Hopp bakover til begynnelsen av et ord","subtitle":"Markørbevegelser ⎯  b","arg":["key code 53//keystroke \"b\"","hopp bakover til begynnelsen av et ord","b"],"icon":{"type":"file","path":"img/cursorMovement.png"},"match":"jump backwards to the start of a word Markørbevegelser b"},{"title":"Hopp bakover til begynnelsen av et ord ","subtitle":"Markørbevegelser ⎯  B","arg":["key code 53//keystroke \"B\"","hopp bakover til begynnelsen av et ord ","B"],"icon":{"type":"file","path":"img/cursorMovement.png"},"match":"jump backwards to the start of a word  Markørbevegelser B"},{"title":"Hopp bakover til slutten av et ord","subtitle":"Markørbevegelser ⎯  ge","arg":["key code 53//keystroke \"ge\"","hopp bakover til slutten av et ord","ge"],"icon":{"type":"file","path":"img/cursorMovement.png"},"match":"jump backwards to the end of a word Markørbevegelser ge"},{"title":"Hopp bakover til slutten av et ord ","subtitle":"Markørbevegelser ⎯  gE","arg":["key code 53//keystroke \"gE\"","hopp bakover til slutten av et ord ","gE"],"icon":{"type":"file","path":"img/cursorMovement.png"},"match":"jump backwards to the end of a word  Markørbevegelser gE"},{"title":"Flytt til samsvarende tegn ","subtitle":"Markørbevegelser ⎯  %","arg":["key code 53//keystroke \"%\"","flytt til samsvarende tegn ","%"],"icon":{"type":"file","path":"img/cursorMovement.png"},"match":"move to matching character  Markørbevegelser %"},{"title":"Hopp til begynnelsen av linjen","subtitle":"Markørbevegelser ⎯  0","arg":["key code 53//keystroke \"0\"","hopp til begynnelsen av linjen","0"],"icon":{"type":"file","path":"img/cursorMovement.png"},"match":"jump to the start of the line Markørbevegelser 0"},{"title":"Hopp til det første ikke-blanke tegnet på linjen","subtitle":"Markørbevegelser ⎯  ^","arg":["key code 53//keystroke \"^\"","hopp til det første ikke-blanke tegnet på linjen","^"],"icon":{"type":"file","path":"img/cursorMovement.png"},"match":"jump to the first non-blank character of the line Markørbevegelser ^"},{"title":"Hopp til slutten av linjen","subtitle":"Markørbevegelser ⎯  $","arg":["key code 53//keystroke \"$\"","hopp til slutten av linjen","$"],"icon":{"type":"file","path":"img/cursorMovement.png"},"match":"jump to the end of the line Markørbevegelser $"},{"title":"Hopp til det siste ikke-blanke tegnet på linjen","subtitle":"Markørbevegelser ⎯  g_","arg":["key code 53//keystroke \"g_\"","hopp til det siste ikke-blanke tegnet på linjen","g_"],"icon":{"type":"file","path":"img/cursorMovement.png"},"match":"jump to the last non-blank character of the line Markørbevegelser g_"},{"title":"Gå til den første linjen i dokumentet","subtitle":"Markørbevegelser ⎯  gg","arg":["key code 53//keystroke \"gg\"","gå til den første linjen i dokumentet","gg"],"icon":{"type":"file","path":"img/cursorMovement.png"},"match":"go to the first line of the document Markørbevegelser gg"},{"title":"Gå til siste linje i dokumentet","subtitle":"Markørbevegelser ⎯  G","arg":["key code 53//keystroke \"G\"","gå til siste linje i dokumentet","G"],"icon":{"type":"file","path":"img/cursorMovement.png"},"match":"go to the last line of the document Markørbevegelser G"},{"title":"Gå til linje 5","subtitle":"Markørbevegelser ⎯  5gg or 5G","arg":["key code 53//keystroke \"5gg\"","gå til linje 5","5gg or 5G"],"icon":{"type":"file","path":"img/cursorMovement.png"},"match":"go to line 5 Markørbevegelser 5gg or 5G"},{"title":"Flytt til lokal erklæring","subtitle":"Markørbevegelser ⎯  gd","arg":["key code 53//keystroke \"gd\"","flytt til lokal erklæring","gd"],"icon":{"type":"file","path":"img/cursorMovement.png"},"match":"move to local declaration Markørbevegelser gd"},{"title":"Flytt til global erklæring","subtitle":"Markørbevegelser ⎯  gD","arg":["key code 53//keystroke \"gD\"","flytt til global erklæring","gD"],"icon":{"type":"file","path":"img/cursorMovement.png"},"match":"move to global declaration Markørbevegelser gD"},{"title":"Hopp til neste forekomst av tegnet x","subtitle":"Markørbevegelser ⎯  fx","arg":["key code 53//keystroke \"fx\"","hopp til neste forekomst av tegnet x","fx"],"icon":{"type":"file","path":"img/cursorMovement.png"},"match":"jump to next occurrence of character x Markørbevegelser fx"},{"title":"Hopp til før neste forekomst av tegnet x","subtitle":"Markørbevegelser ⎯  tx","arg":["key code 53//keystroke \"tx\"","hopp til før neste forekomst av tegnet x","tx"],"icon":{"type":"file","path":"img/cursorMovement.png"},"match":"jump to before next occurrence of character x Markørbevegelser tx"},{"title":"Hopp til forrige forekomst av tegnet x","subtitle":"Markørbevegelser ⎯  Fx","arg":["key code 53//keystroke \"Fx\"","hopp til forrige forekomst av tegnet x","Fx"],"icon":{"type":"file","path":"img/cursorMovement.png"},"match":"jump to the previous occurrence of character x Markørbevegelser Fx"},{"title":"Hopp til etter forrige forekomst av tegnet x","subtitle":"Markørbevegelser ⎯  Tx","arg":["key code 53//keystroke \"Tx\"","hopp til etter forrige forekomst av tegnet x","Tx"],"icon":{"type":"file","path":"img/cursorMovement.png"},"match":"jump to after previous occurrence of character x Markørbevegelser Tx"},{"title":"Gjenta forrige f-, t-, f- eller t-bevegelse","subtitle":"Markørbevegelser ⎯  ;","arg":["key code 53//keystroke \";\"","gjenta forrige f-, t-, F- eller T-bevegelse",";"],"icon":{"type":"file","path":"img/cursorMovement.png"},"match":"repeat previous f, t, F or T movement Markørbevegelser ;"},{"title":"Gjenta forrige f-, t-, f- eller t-bevegelse, bakover","subtitle":"Markørbevegelser ⎯  ,","arg":["key code 53//keystroke \",\"","gjenta forrige f-, t-, F- eller T-bevegelse, bakover",","],"icon":{"type":"file","path":"img/cursorMovement.png"},"match":"repeat previous f, t, F or T movement, backwards Markørbevegelser ,"},{"title":"Hopp til neste avsnitt ","subtitle":"Markørbevegelser ⎯  }","arg":["key code 53//keystroke \"}\"","hopp til neste avsnitt ","}"],"icon":{"type":"file","path":"img/cursorMovement.png"},"match":"jump to next paragraph  Markørbevegelser }"},{"title":"Hopp til forrige avsnitt ","subtitle":"Markørbevegelser ⎯  {","arg":["key code 53//keystroke \"{\"","hopp til forrige avsnitt ","{"],"icon":{"type":"file","path":"img/cursorMovement.png"},"match":"jump to previous paragraph  Markørbevegelser {"},{"title":"Sentermarkør på skjermen","subtitle":"Markørbevegelser ⎯  zz","arg":["key code 53//keystroke \"zz\"","sentermarkør på skjermen","zz"],"icon":{"type":"file","path":"img/cursorMovement.png"},"match":"center cursor on screen Markørbevegelser zz"},{"title":"Flytt skjermen én linje ned ","subtitle":"Markørbevegelser ⎯  Ctrl+e","arg":["key code 53//keystroke \"e\" using control down","flytt skjermen én linje ned ","Ctrl+e"],"icon":{"type":"file","path":"img/cursorMovement.png"},"match":"move screen down one line  Markørbevegelser Ctrl+e"},{"title":"Flytt skjermen opp en linje ","subtitle":"Markørbevegelser ⎯  Ctrl+y","arg":["key code 53//keystroke \"y\" using control down","flytt skjermen opp en linje ","Ctrl+y"],"icon":{"type":"file","path":"img/cursorMovement.png"},"match":"move screen up one line  Markørbevegelser Ctrl+y"},{"title":"Flytt tilbake en fullskjerm","subtitle":"Markørbevegelser ⎯  Ctrl+b","arg":["key code 53//keystroke \"b\" using control down","flytt tilbake en fullskjerm","Ctrl+b"],"icon":{"type":"file","path":"img/cursorMovement.png"},"match":"move back one full screen Markørbevegelser Ctrl+b"},{"title":"Flytt én fullskjerm fremover","subtitle":"Markørbevegelser ⎯  Ctrl+f","arg":["key code 53//keystroke \"f\" using control down","flytt én fullskjerm fremover","Ctrl+f"],"icon":{"type":"file","path":"img/cursorMovement.png"},"match":"move forward one full screen Markørbevegelser Ctrl+f"},{"title":"Flytt tilbake 1/2 en skjerm","subtitle":"Markørbevegelser ⎯  Ctrl+u","arg":["key code 53//keystroke \"u\" using control down","flytt tilbake 1/2 en skjerm","Ctrl+u"],"icon":{"type":"file","path":"img/cursorMovement.png"},"match":"move back 1/2 a screen Markørbevegelser Ctrl+u"},{"title":"Flytt frem 1/2 en skjerm","subtitle":"Markørbevegelser ⎯  Ctrl+d","arg":["key code 53//keystroke \"d\" using control down","flytt frem 1/2 en skjerm","Ctrl+d"],"icon":{"type":"file","path":"img/cursorMovement.png"},"match":"move forward 1/2 a screen Markørbevegelser Ctrl+d"},{"title":"Sett inn før markøren","subtitle":"Innsettingsmodus - innsetting/legg til tekst ⎯  i","arg":["key code 53//keystroke \"i\"","sett inn før markøren","i"],"icon":{"type":"file","path":"img/insertMode.png"},"match":"insert before the cursor Innsettingsmodus - innsetting/legg til tekst i"},{"title":"Sett inn på begynnelsen av linjen","subtitle":"Innsettingsmodus - innsetting/legg til tekst ⎯  I","arg":["key code 53//keystroke \"I\"","sett inn på begynnelsen av linjen","I"],"icon":{"type":"file","path":"img/insertMode.png"},"match":"insert at the beginning of the line Innsettingsmodus - innsetting/legg til tekst I"},{"title":"Sett inn  etter markøren","subtitle":"Innsettingsmodus - innsetting/legg til tekst ⎯  a","arg":["key code 53//keystroke \"a\"","sett inn  etter markøren","a"],"icon":{"type":"file","path":"img/insertMode.png"},"match":"insert  after the cursor Innsettingsmodus - innsetting/legg til tekst a"},{"title":"Sett inn  på slutten av linjen","subtitle":"Innsettingsmodus - innsetting/legg til tekst ⎯  A","arg":["key code 53//keystroke \"A\"","sett inn  på slutten av linjen","A"],"icon":{"type":"file","path":"img/insertMode.png"},"match":"insert  at the end of the line Innsettingsmodus - innsetting/legg til tekst A"},{"title":"Legg til  en ny linje under gjeldende linje","subtitle":"Innsettingsmodus - innsetting/legg til tekst ⎯  o","arg":["key code 53//keystroke \"o\"","legg til  en ny linje under gjeldende linje","o"],"icon":{"type":"file","path":"img/insertMode.png"},"match":"append  a new line below the current line Innsettingsmodus - innsetting/legg til tekst o"},{"title":"Legg til  en ny linje over gjeldende linje","subtitle":"Innsettingsmodus - innsetting/legg til tekst ⎯  O","arg":["key code 53//keystroke \"O\"","legg til  en ny linje over gjeldende linje","O"],"icon":{"type":"file","path":"img/insertMode.png"},"match":"append  a new line above the current line Innsettingsmodus - innsetting/legg til tekst O"},{"title":"Sett inn  på slutten av ordet","subtitle":"Innsettingsmodus - innsetting/legg til tekst ⎯  ea","arg":["key code 53//keystroke \"ea\"","sett inn  på slutten av ordet","ea"],"icon":{"type":"file","path":"img/insertMode.png"},"match":"insert  at the end of the word Innsettingsmodus - innsetting/legg til tekst ea"},{"title":"Slett tegnet før markøren under innsettingsmodus","subtitle":"Innsettingsmodus - innsetting/legg til tekst ⎯  Ctrl+h","arg":["keystroke \"h\" using control down","slett tegnet før markøren under innsettingsmodus","Ctrl+h"],"icon":{"type":"file","path":"img/insertMode.png"},"match":"delete the character before the cursor during insert mode Innsettingsmodus - innsetting/legg til tekst Ctrl+h"},{"title":"Slett ord før markøren under innsettingsmodus","subtitle":"Innsettingsmodus - innsetting/legg til tekst ⎯  Ctrl+w","arg":["keystroke \"w\" using control down","slett ord før markøren under innsettingsmodus","Ctrl+w"],"icon":{"type":"file","path":"img/insertMode.png"},"match":"delete word before the cursor during insert mode Innsettingsmodus - innsetting/legg til tekst Ctrl+w"},{"title":"Begynn ny linje under innsettingsmodus","subtitle":"Innsettingsmodus - innsetting/legg til tekst ⎯  Ctrl+j","arg":["keystroke \"j\" using control down","begynn ny linje under innsettingsmodus","Ctrl+j"],"icon":{"type":"file","path":"img/insertMode.png"},"match":"begin new line during insert mode Innsettingsmodus - innsetting/legg til tekst Ctrl+j"},{"title":"Rykk inn  linje én skiftbredde under innsettingsmodus","subtitle":"Innsettingsmodus - innsetting/legg til tekst ⎯  Ctrl+t","arg":["keystroke \"t\" using control down","rykk inn  linje én skiftbredde under innsettingsmodus","Ctrl+t"],"icon":{"type":"file","path":"img/insertMode.png"},"match":"indent  line one shiftwidth during insert mode Innsettingsmodus - innsetting/legg til tekst Ctrl+t"},{"title":"Fjern innrykk  linje én skiftbredde under innsettingsmodus","subtitle":"Innsettingsmodus - innsetting/legg til tekst ⎯  Ctrl+d","arg":["keystroke \"d\" using control down","fjern innrykk  linje én skiftbredde under innsettingsmodus","Ctrl+d"],"icon":{"type":"file","path":"img/insertMode.png"},"match":"de-indent  line one shiftwidth during insert mode Innsettingsmodus - innsetting/legg til tekst Ctrl+d"},{"title":"Sett inn  neste treff før markøren under innsettingsmodus","subtitle":"Innsettingsmodus - innsetting/legg til tekst ⎯  Ctrl+n","arg":["keystroke \"n\" using control down","sett inn  neste treff før markøren under innsettingsmodus","Ctrl+n"],"icon":{"type":"file","path":"img/insertMode.png"},"match":"insert  next match before the cursor during insert mode Innsettingsmodus - innsetting/legg til tekst Ctrl+n"},{"title":"Sett inn  forrige treff før markøren under innsettingsmodus","subtitle":"Innsettingsmodus - innsetting/legg til tekst ⎯  Ctrl+p","arg":["keystroke \"p\" using control down","sett inn  forrige treff før markøren under innsettingsmodus","Ctrl+p"],"icon":{"type":"file","path":"img/insertMode.png"},"match":"insert  previous match before the cursor during insert mode Innsettingsmodus - innsetting/legg til tekst Ctrl+p"},{"title":"Sett inn innholdet i register x","subtitle":"Innsettingsmodus - innsetting/legg til tekst ⎯  Ctrl+r x","arg":["keystroke \"r\" using control down//keystroke \"x\"","sett inn innholdet i register x","Ctrl+r x"],"icon":{"type":"file","path":"img/insertMode.png"},"match":"insert the contents of register x Innsettingsmodus - innsetting/legg til tekst Ctrl+r x"},{"title":"Gå midlertidig inn i normalmodus for å gi en normalmoduskommando x.","subtitle":"Innsettingsmodus - innsetting/legg til tekst ⎯  Ctrl+o x","arg":["keystroke \"o\" using control down//keystroke \"x\"","Gå midlertidig inn i normalmodus for å gi en normalmoduskommando x.","Ctrl+o x"],"icon":{"type":"file","path":"img/insertMode.png"},"match":"Temporarily enter normal mode to issue one normal-mode command x. Innsettingsmodus - innsetting/legg til tekst Ctrl+o x"},{"title":"Avslutt innsettingsmodus","subtitle":"Innsettingsmodus - innsetting/legg til tekst ⎯  Esc","arg":["key code 53","avslutt innsettingsmodus","Esc"],"icon":{"type":"file","path":"img/insertMode.png"},"match":"exit insert mode Innsettingsmodus - innsetting/legg til tekst Esc"},{"title":"Erstatt et enkelt tegn.","subtitle":"Editering ⎯  r","arg":["key code 53//keystroke \"r\"","erstatt et enkelt tegn.","r"],"icon":{"type":"file","path":"img/editing.png"},"match":"replace a single character. Editering r"},{"title":"Erstatt mer enn ett tegn, til esc trykkes.","subtitle":"Editering ⎯  R","arg":["key code 53//keystroke \"R\"","erstatt mer enn ett tegn, til ESC trykkes.","R"],"icon":{"type":"file","path":"img/editing.png"},"match":"replace more than one character, until ESC is pressed. Editering R"},{"title":"Føy linjen under til den gjeldende med ett mellomrom","subtitle":"Editering ⎯  J","arg":["key code 53//keystroke \"J\"","føy linjen under til den gjeldende med ett mellomrom","J"],"icon":{"type":"file","path":"img/editing.png"},"match":"join line below to the current one with one space in between Editering J"},{"title":"Føy linjen under til den gjeldende uten mellomrom","subtitle":"Editering ⎯  gJ","arg":["key code 53//keystroke \"gJ\"","føy linjen under til den gjeldende uten mellomrom","gJ"],"icon":{"type":"file","path":"img/editing.png"},"match":"join line below to the current one without space in between Editering gJ"},{"title":"Flyt avsnitt","subtitle":"Editering ⎯  gwip","arg":["key code 53//keystroke \"gwip\"","flyt avsnitt","gwip"],"icon":{"type":"file","path":"img/editing.png"},"match":"reflow paragraph Editering gwip"},{"title":"Switch opp til bevegelse","subtitle":"Editering ⎯  g~","arg":["key code 53//keystroke \"g~\"","switch opp til bevegelse","g~"],"icon":{"type":"file","path":"img/editing.png"},"match":"switch case up to motion Editering g~"},{"title":"Endre til små bokstaver opp til bevegelse","subtitle":"Editering ⎯  gu","arg":["key code 53//keystroke \"gu\"","endre til små bokstaver opp til bevegelse","gu"],"icon":{"type":"file","path":"img/editing.png"},"match":"change to lowercase up to motion Editering gu"},{"title":"Endre til store bokstaver opp til bevegelse","subtitle":"Editering ⎯  gU","arg":["key code 53//keystroke \"gU\"","endre til store bokstaver opp til bevegelse","gU"],"icon":{"type":"file","path":"img/editing.png"},"match":"change to uppercase up to motion Editering gU"},{"title":"Endre  hele linjen","subtitle":"Editering ⎯  cc","arg":["key code 53//keystroke \"cc\"","endre  hele linjen","cc"],"icon":{"type":"file","path":"img/editing.png"},"match":"change  entire line Editering cc"},{"title":"Endre  til slutten av linjen","subtitle":"Editering ⎯  c$ or C","arg":["key code 53//keystroke \"g$\"","endre  til slutten av linjen","c$ or C"],"icon":{"type":"file","path":"img/editing.png"},"match":"change  to the end of the line Editering c$ or C"},{"title":"Endre  hele ordet","subtitle":"Editering ⎯  ciw","arg":["key code 53//keystroke \"ciw\"","endre  hele ordet","ciw"],"icon":{"type":"file","path":"img/editing.png"},"match":"change  entire word Editering ciw"},{"title":"Endre  til slutten av ordet","subtitle":"Editering ⎯  cw or ce","arg":["key code 53//keystroke \"cw\"","endre  til slutten av ordet","cw or ce"],"icon":{"type":"file","path":"img/editing.png"},"match":"change  to the end of the word Editering cw or ce"},{"title":"Slett tegn og erstatt tekst","subtitle":"Editering ⎯  s","arg":["key code 53//keystroke \"s\"","slett tegn og erstatt tekst","s"],"icon":{"type":"file","path":"img/editing.png"},"match":"delete character and substitute text Editering s"},{"title":"Slett linje og erstatt tekst ","subtitle":"Editering ⎯  S","arg":["key code 53//keystroke \"S\"","slett linje og erstatt tekst ","S"],"icon":{"type":"file","path":"img/editing.png"},"match":"delete line and substitute text  Editering S"},{"title":"Transponer to bokstaver ","subtitle":"Editering ⎯  xp","arg":["key code 53//keystroke \"xp\"","transponer to bokstaver ","xp"],"icon":{"type":"file","path":"img/editing.png"},"match":"transpose two letters  Editering xp"},{"title":"Angre","subtitle":"Editering ⎯  u","arg":["key code 53//keystroke \"u\"","angre","u"],"icon":{"type":"file","path":"img/editing.png"},"match":"undo Editering u"},{"title":"Gjenopprett  sist endrede linje","subtitle":"Editering ⎯  U","arg":["key code 53//keystroke \"U\"","gjenopprett  sist endrede linje","U"],"icon":{"type":"file","path":"img/editing.png"},"match":"restore  last changed line Editering U"},{"title":"Gjør om","subtitle":"Editering ⎯  Ctrl+r","arg":["key code 53//keystroke \"r\" using control down","gjør om","Ctrl+r"],"icon":{"type":"file","path":"img/editing.png"},"match":"redo Editering Ctrl+r"},{"title":"Gjenta siste kommando","subtitle":"Editering ⎯  .","arg":["key code 53//keystroke \".\"","gjenta siste kommando","."],"icon":{"type":"file","path":"img/editing.png"},"match":"repeat last command Editering ."},{"title":"Start visuell modus, merk linjer, og utfør deretter en kommando ","subtitle":"Markere tekst  ⎯  v","arg":["key code 53//keystroke \"v\"","start visuell modus, merk linjer, og utfør deretter en kommando ","v"],"icon":{"type":"file","path":"img/markingText.png"},"match":"start visual mode, mark lines, then do a command  Markere tekst  v"},{"title":"Start linjevis visuell modus","subtitle":"Markere tekst  ⎯  V","arg":["key code 53//keystroke \"V\"","start linjevis visuell modus","V"],"icon":{"type":"file","path":"img/markingText.png"},"match":"start linewise visual mode Markere tekst  V"},{"title":"Flytt til andre enden av markert område","subtitle":"Markere tekst  ⎯  o","arg":["key code 53//keystroke \"o\"","flytt til andre enden av markert område","o"],"icon":{"type":"file","path":"img/markingText.png"},"match":"move to other end of marked area Markere tekst  o"},{"title":"Start visuell blokkeringsmodus","subtitle":"Markere tekst  ⎯  Ctrl+v","arg":["key code 53//keystroke \"v\" using control down","start visuell blokkeringsmodus","Ctrl+v"],"icon":{"type":"file","path":"img/markingText.png"},"match":"start visual block mode Markere tekst  Ctrl+v"},{"title":"Flytt til et annet hjørne av blokken","subtitle":"Markere tekst  ⎯  O","arg":["key code 53//keystroke \"O\"","flytt til et annet hjørne av blokken","O"],"icon":{"type":"file","path":"img/markingText.png"},"match":"move to other corner of block Markere tekst  O"},{"title":"Merk et ord","subtitle":"Markere tekst  ⎯  aw","arg":["key code 53//keystroke \"aw\"","merk et ord","aw"],"icon":{"type":"file","path":"img/markingText.png"},"match":"mark a word Markere tekst  aw"},{"title":"En blokk med ()","subtitle":"Markere tekst  ⎯  ab","arg":["key code 53//keystroke \"ab\"","en blokk med ()","ab"],"icon":{"type":"file","path":"img/markingText.png"},"match":"a block with () Markere tekst  ab"},{"title":"En blokk med {}","subtitle":"Markere tekst  ⎯  aB","arg":["key code 53//keystroke \"aB\"","en blokk med {}","aB"],"icon":{"type":"file","path":"img/markingText.png"},"match":"a block with {} Markere tekst  aB"},{"title":"En blokk med <>-tagger","subtitle":"Markere tekst  ⎯  at","arg":["key code 53//keystroke \"at\"","en blokk med <>-tagger","at"],"icon":{"type":"file","path":"img/markingText.png"},"match":"a block with <> tags Markere tekst  at"},{"title":"Indre blokk med ()","subtitle":"Markere tekst  ⎯  ib","arg":["key code 53//keystroke \"ib\"","indre blokk med ()","ib"],"icon":{"type":"file","path":"img/markingText.png"},"match":"inner block with () Markere tekst  ib"},{"title":"Indre blokk med {}","subtitle":"Markere tekst  ⎯  iB","arg":["key code 53//keystroke \"iB\"","indre blokk med {}","iB"],"icon":{"type":"file","path":"img/markingText.png"},"match":"inner block with {} Markere tekst  iB"},{"title":"Indre blokk med <>-tagger","subtitle":"Markere tekst  ⎯  it","arg":["key code 53//keystroke \"it\"","indre blokk med <>-tagger","it"],"icon":{"type":"file","path":"img/markingText.png"},"match":"inner block with <> tags Markere tekst  it"},{"title":"Avslutt visuell modus","subtitle":"Markere tekst  ⎯  Esc","arg":["key code 53//key code 53","avslutt visuell modus","Esc"],"icon":{"type":"file","path":"img/markingText.png"},"match":"exit visual mode Markere tekst  Esc"},{"title":"Skift tekst til høyre","subtitle":"Visuelle kommandoer (Reference only) ⎯  >","arg":["keystroke \">\"","skift tekst til høyre",">"],"icon":{"type":"file","path":"img/visualCommands.png"},"match":"shift text right Visuelle kommandoer >"},{"title":"Skift tekst til venstre","subtitle":"Visuelle kommandoer (Reference only) ⎯  <","arg":["keystroke \"<\"","skift tekst til venstre","<"],"icon":{"type":"file","path":"img/visualCommands.png"},"match":"shift text left Visuelle kommandoer <"},{"title":"Kopier merket tekst","subtitle":"Visuelle kommandoer (Reference only) ⎯  y","arg":["keystroke \"y\"","kopier merket tekst","y"],"icon":{"type":"file","path":"img/visualCommands.png"},"match":"yank  marked text Visuelle kommandoer y"},{"title":"Slett merket tekst","subtitle":"Visuelle kommandoer (Reference only) ⎯  d","arg":["keystroke \"d\"","slett merket tekst","d"],"icon":{"type":"file","path":"img/visualCommands.png"},"match":"delete marked text Visuelle kommandoer d"},{"title":"Bytte sak","subtitle":"Visuelle kommandoer (Reference only) ⎯  ~","arg":["keystroke \"~\"","bytte sak","~"],"icon":{"type":"file","path":"img/visualCommands.png"},"match":"switch case Visuelle kommandoer ~"},{"title":"Endre markert tekst til små bokstaver","subtitle":"Visuelle kommandoer (Reference only) ⎯  u","arg":["keystroke \"u\"","endre markert tekst til små bokstaver","u"],"icon":{"type":"file","path":"img/visualCommands.png"},"match":"change marked text to lowercase Visuelle kommandoer u"},{"title":"Endre merket tekst til store bokstaver","subtitle":"Visuelle kommandoer (Reference only) ⎯  U","arg":["keystroke \"U\"","endre merket tekst til store bokstaver","U"],"icon":{"type":"file","path":"img/visualCommands.png"},"match":"change marked text to uppercase Visuelle kommandoer U"},{"title":"Vis registrer innhold","subtitle":"Register ⎯  :reg[isters]","arg":["key code 53//keystroke \":reg\" & return","vis registrer innhold",":reg[isters]"],"icon":{"type":"file","path":"img/registers.png"},"match":"show registers content Register :reg[isters]"},{"title":"Kopier inn i register x","subtitle":"Register ⎯  xy","arg":["key code 53//keystroke \"xy\"","kopier inn i register x","xy"],"icon":{"type":"file","path":"img/registers.png"},"match":"yank into register x Register xy"},{"title":"Lim inn innholdet i register x","subtitle":"Register ⎯  xp","arg":["key code 53//keystroke \"xp\"","lim inn innholdet i register x","xp"],"icon":{"type":"file","path":"img/registers.png"},"match":"paste contents of register x Register xp"},{"title":"Kopier inn i systemets utklippstavleregister","subtitle":"Register ⎯  +y","arg":["key code 53//keystroke \"+y\"","kopier inn i systemets utklippstavleregister","+y"],"icon":{"type":"file","path":"img/registers.png"},"match":"yank into the system clipboard register Register +y"},{"title":"Lim inn fra systemets utklippstavleregister","subtitle":"Register ⎯  +p","arg":["key code 53//keystroke \"+p\"","lim inn fra systemets utklippstavleregister","+p"],"icon":{"type":"file","path":"img/registers.png"},"match":"paste from the system clipboard register Register +p"},{"title":"Sett gjeldende posisjon for merke a","subtitle":"Merker og posisjoner ⎯  ma","arg":["key code 53//keystroke \"ma\"","sett gjeldende posisjon for merke A","ma"],"icon":{"type":"file","path":"img/marks.png"},"match":"set current position for mark A Merker og posisjoner ma"},{"title":"Hopp til posisjonen til merke a","subtitle":"Merker og posisjoner ⎯  `a","arg":["key code 53//keystroke \"`a\"","hopp til posisjonen til merke A","`a"],"icon":{"type":"file","path":"img/marks.png"},"match":"jump to position of mark A Merker og posisjoner `a"},{"title":"Kopier tekst fra posisjonen til merke a","subtitle":"Merker og posisjoner ⎯  y`a","arg":["key code 53//keystroke \"y`a\"","kopier tekst fra posisjonen til merke A","y`a"],"icon":{"type":"file","path":"img/marks.png"},"match":"yank text to position of mark A Merker og posisjoner y`a"},{"title":"Gå til posisjonen der vim tidligere ble avsluttet","subtitle":"Merker og posisjoner ⎯  `0","arg":["key code 53//keystroke \"`0\"","gå til posisjonen der Vim tidligere ble avsluttet","`0"],"icon":{"type":"file","path":"img/marks.png"},"match":"go to the position where Vim was previously exited Merker og posisjoner `0"},{"title":"Gå til posisjonen da du sist redigerte denne filen","subtitle":"Merker og posisjoner ⎯  `\"","arg":["key code 53//keystroke \"`\\\"\"","gå til posisjonen da du sist redigerte denne filen","`\""],"icon":{"type":"file","path":"img/marks.png"},"match":"go to the position when last editing this file Merker og posisjoner `\""},{"title":"Gå til posisjonen til den siste endringen i denne filen","subtitle":"Merker og posisjoner ⎯  `.","arg":["key code 53//keystroke \"`.\"","gå til posisjonen til den siste endringen i denne filen","`."],"icon":{"type":"file","path":"img/marks.png"},"match":"go to the position of the last change in this file Merker og posisjoner `."},{"title":"Gå til posisjonen før siste hopp","subtitle":"Merker og posisjoner ⎯  ``","arg":["key code 53//keystroke \"``\"","gå til posisjonen før siste hopp","``"],"icon":{"type":"file","path":"img/marks.png"},"match":"go to the position before the last jump Merker og posisjoner ``"},{"title":"Liste over hopp","subtitle":"Merker og posisjoner ⎯  :ju[mps]","arg":["key code 53//keystroke \":ju\" & return","liste over hopp",":ju[mps]"],"icon":{"type":"file","path":"img/marks.png"},"match":"list of jumps Merker og posisjoner :ju[mps]"},{"title":"Gå til nyere posisjon i hoppeoversikten","subtitle":"Merker og posisjoner ⎯  Ctrl+i","arg":["key code 53//keystroke \"i\" using control down","gå til nyere posisjon i hoppeoversikten","Ctrl+i"],"icon":{"type":"file","path":"img/marks.png"},"match":"go to newer position in jump list Merker og posisjoner Ctrl+i"},{"title":"Gå til eldre posisjon i hoppeoversikten","subtitle":"Merker og posisjoner ⎯  Ctrl+o","arg":["key code 53//keystroke \"o\" using control down","gå til eldre posisjon i hoppeoversikten","Ctrl+o"],"icon":{"type":"file","path":"img/marks.png"},"match":"go to older position in jump list Merker og posisjoner Ctrl+o"},{"title":"Liste over endringer","subtitle":"Merker og posisjoner ⎯  :changes","arg":["key code 53//keystroke \":changes\" & return","liste over endringer",":changes"],"icon":{"type":"file","path":"img/marks.png"},"match":"list of changes Merker og posisjoner :changes"},{"title":"Gå til nyere posisjon i endringslisten","subtitle":"Merker og posisjoner ⎯  g,","arg":["key code 53//keystroke \"g,\"","gå til nyere posisjon i endringslisten","g,"],"icon":{"type":"file","path":"img/marks.png"},"match":"go to newer position in change list Merker og posisjoner g,"},{"title":"Gå til eldre posisjon i endringslisten","subtitle":"Merker og posisjoner ⎯  g;","arg":["key code 53//keystroke \"g;\"","gå til eldre posisjon i endringslisten","g;"],"icon":{"type":"file","path":"img/marks.png"},"match":"go to older position in change list Merker og posisjoner g;"},{"title":"Hopp til taggen under markøren","subtitle":"Merker og posisjoner ⎯  Ctrl+]","arg":["key code 53//keystroke \"]\" using control down","hopp til taggen under markøren","Ctrl+]"],"icon":{"type":"file","path":"img/marks.png"},"match":"jump to the tag under cursor Merker og posisjoner Ctrl+]"},{"title":"Go to file in cursor","subtitle":"Merker og posisjoner ⎯  gf","arg":["key code 53//keystroke \"gf\"","Go to file in cursor","gf"],"icon":{"type":"file","path":"img/marks.png"},"match":"Go to file in cursor Merker og posisjoner gf"},{"title":"Ta opp makro a","subtitle":"Makroer ⎯  qa","arg":["key code 53//keystroke \"qa\"","ta opp makro a","qa"],"icon":{"type":"file","path":"img/macros.png"},"match":"record macro a Makroer qa"},{"title":"Stopp opptak av makro","subtitle":"Makroer ⎯  q","arg":["key code 53//keystroke \"q\"","stopp opptak av makro","q"],"icon":{"type":"file","path":"img/macros.png"},"match":"stop recording macro Makroer q"},{"title":"Kjør makro a","subtitle":"Makroer ⎯  @a","arg":["key code 53//keystroke \"@a\"","kjør makro a","@a"],"icon":{"type":"file","path":"img/macros.png"},"match":"run macro a Makroer @a"},{"title":"Kjør siste kjøring makro","subtitle":"Makroer ⎯  @@","arg":["key code 53//keystroke \"@@\"","kjør siste kjøring makro","@@"],"icon":{"type":"file","path":"img/macros.png"},"match":"rerun last run macro Makroer @@"},{"title":"Kopier en linje","subtitle":"Klipp og lim ⎯  yy","arg":["key code 53//keystroke \"yy\"","kopier en linje","yy"],"icon":{"type":"file","path":"img/cutAndPaste.png"},"match":"yank  a line Klipp og lim yy"},{"title":"Kopier 2 linjer","subtitle":"Klipp og lim ⎯  2yy","arg":["key code 53//keystroke \"2yy\"","kopier 2 linjer","2yy"],"icon":{"type":"file","path":"img/cutAndPaste.png"},"match":"yank  2 lines Klipp og lim 2yy"},{"title":"Kopier tegnene i ordet fra markørposisjonen til begynnelsen av neste ord","subtitle":"Klipp og lim ⎯  yw","arg":["key code 53//keystroke \"yw\"","kopier tegnene i ordet fra markørposisjonen til begynnelsen av neste ord","yw"],"icon":{"type":"file","path":"img/cutAndPaste.png"},"match":"yank  the characters of the word from the cursor position to the start of the next word Klipp og lim yw"},{"title":"Kopier ordet under markøren","subtitle":"Klipp og lim ⎯  yiw","arg":["key code 53//keystroke \"yiw\"","kopier ordet under markøren","yiw"],"icon":{"type":"file","path":"img/cutAndPaste.png"},"match":"yank  word under the cursor Klipp og lim yiw"},{"title":"Kopier ordet under markøren og mellomrommet etter eller før det","subtitle":"Klipp og lim ⎯  yaw","arg":["key code 53//keystroke \"yaw\"","kopier ordet under markøren og mellomrommet etter eller før det","yaw"],"icon":{"type":"file","path":"img/cutAndPaste.png"},"match":"yank  word under the cursor and the space after or before it Klipp og lim yaw"},{"title":"Kopier til slutten av linjen","subtitle":"Klipp og lim ⎯  y$","arg":["key code 53//keystroke \"y$\"","kopier til slutten av linjen","y$"],"icon":{"type":"file","path":"img/cutAndPaste.png"},"match":"yank  to end of line Klipp og lim y$"},{"title":"Lim inn utklippstavlen etter markøren","subtitle":"Klipp og lim ⎯  p","arg":["key code 53//keystroke \"p\"","lim inn utklippstavlen etter markøren","p"],"icon":{"type":"file","path":"img/cutAndPaste.png"},"match":"put  the clipboard after cursor Klipp og lim p"},{"title":"Lim inn før markøren","subtitle":"Klipp og lim ⎯  P","arg":["key code 53//keystroke \"P\"","lim inn før markøren","P"],"icon":{"type":"file","path":"img/cutAndPaste.png"},"match":"put  before cursor Klipp og lim P"},{"title":"Lim inn utklippstavlen etter markøren og la markøren stå etter den nye teksten","subtitle":"Klipp og lim ⎯  gp","arg":["key code 53//keystroke \"gp\"","lim inn utklippstavlen etter markøren og la markøren stå etter den nye teksten","gp"],"icon":{"type":"file","path":"img/cutAndPaste.png"},"match":"put  the clipboard after cursor and leave cursor after the new text Klipp og lim gp"},{"title":"Lim inn før markøren og la markøren stå etter den nye teksten","subtitle":"Klipp og lim ⎯  gP","arg":["key code 53//keystroke \"gP\"","lim inn før markøren og la markøren stå etter den nye teksten","gP"],"icon":{"type":"file","path":"img/cutAndPaste.png"},"match":"put  before cursor and leave cursor after the new text Klipp og lim gP"},{"title":"Slett  en linje","subtitle":"Klipp og lim ⎯  dd","arg":["key code 53//keystroke \"dd\"","slett  en linje","dd"],"icon":{"type":"file","path":"img/cutAndPaste.png"},"match":"delete  a line Klipp og lim dd"},{"title":"Slett  2 linjer","subtitle":"Klipp og lim ⎯  2dd","arg":["key code 53//keystroke \"2dd\"","slett  2 linjer","2dd"],"icon":{"type":"file","path":"img/cutAndPaste.png"},"match":"delete  2 lines Klipp og lim 2dd"},{"title":"Slett  tegnene i ordet fra markørposisjonen til begynnelsen av neste ord","subtitle":"Klipp og lim ⎯  dw","arg":["key code 53//keystroke \"dw\"","slett  tegnene i ordet fra markørposisjonen til begynnelsen av neste ord","dw"],"icon":{"type":"file","path":"img/cutAndPaste.png"},"match":"delete  the characters of the word from the cursor position to the start of the next word Klipp og lim dw"},{"title":"Slett  ord under markøren","subtitle":"Klipp og lim ⎯  diw","arg":["key code 53//keystroke \"diw\"","slett  ord under markøren","diw"],"icon":{"type":"file","path":"img/cutAndPaste.png"},"match":"delete  word under the cursor Klipp og lim diw"},{"title":"Slett  ord under markøren og mellomrommet etter eller før det","subtitle":"Klipp og lim ⎯  daw","arg":["key code 53//keystroke \"daw\"","slett  ord under markøren og mellomrommet etter eller før det","daw"],"icon":{"type":"file","path":"img/cutAndPaste.png"},"match":"delete  word under the cursor and the space after or before it Klipp og lim daw"},{"title":"Slett  til slutten av linjen","subtitle":"Klipp og lim ⎯  d$ or D","arg":["key code 53//keystroke \"d$\"","slett  til slutten av linjen","d$ or D"],"icon":{"type":"file","path":"img/cutAndPaste.png"},"match":"delete  to the end of the line Klipp og lim d$ or D"},{"title":"Slett  tegn","subtitle":"Klipp og lim ⎯  x","arg":["key code 53//keystroke \"x\"","slett  tegn","x"],"icon":{"type":"file","path":"img/cutAndPaste.png"},"match":"delete  character Klipp og lim x"},{"title":"Rykk inn  linje én skiftbredde","subtitle":"Innrykk av tekst ⎯  >>","arg":["key code 53//keystroke \">>\"","rykk inn  linje én skiftbredde",">>"],"icon":{"type":"file","path":"img/indentText.png"},"match":"indent  line one shiftwidth Innrykk av tekst >>"},{"title":"Fjern innrykk  linje én skiftbredde","subtitle":"Innrykk av tekst ⎯  <<","arg":["key code 53//keystroke \"<<\"","fjern innrykk  linje én skiftbredde","<<"],"icon":{"type":"file","path":"img/indentText.png"},"match":"de-indent  line one shiftwidth Innrykk av tekst <<"},{"title":"Rykk inn en blokk med () eller {} ","subtitle":"Innrykk av tekst ⎯  >%","arg":["key code 53//keystroke \">%\"","rykk inn en blokk med () eller {} ",">%"],"icon":{"type":"file","path":"img/indentText.png"},"match":"indent a block with () or {}  Innrykk av tekst >%"},{"title":"Innrykk indre blokk med ()","subtitle":"Innrykk av tekst ⎯  >ib","arg":["key code 53//keystroke \">ib\"","innrykk indre blokk med ()",">ib"],"icon":{"type":"file","path":"img/indentText.png"},"match":"indent inner block with () Innrykk av tekst >ib"},{"title":"Rykk inn en blokk med <>-tagger","subtitle":"Innrykk av tekst ⎯  >at","arg":["key code 53//keystroke \">at\"","rykk inn en blokk med <>-tagger",">at"],"icon":{"type":"file","path":"img/indentText.png"},"match":"indent a block with <> tags Innrykk av tekst >at"},{"title":"Rykk inn 3 linjer på nytt","subtitle":"Innrykk av tekst ⎯  3==","arg":["key code 53//keystroke \"3==\"","rykk inn 3 linjer på nytt","3=="],"icon":{"type":"file","path":"img/indentText.png"},"match":"re-indent 3 lines Innrykk av tekst 3=="},{"title":"Re-indent a block with () or {} ","subtitle":"Innrykk av tekst ⎯  =%","arg":["key code 53//keystroke \"=%\"","re-indent a block with () or {} ","=%"],"icon":{"type":"file","path":"img/indentText.png"},"match":"re-indent a block with () or {}  Innrykk av tekst =%"},{"title":"","subtitle":"Innrykk av tekst ⎯  =iB","arg":["key code 53//keystroke \"iB\"",null,"=iB"],"icon":{"type":"file","path":"img/indentText.png"},"match":" Innrykk av tekst =iB"},{"title":"Innrykk hele bufferen på nytt","subtitle":"Innrykk av tekst ⎯  gg=G","arg":["key code 53//keystroke \"gg=G\"","innrykk hele bufferen på nytt","gg=G"],"icon":{"type":"file","path":"img/indentText.png"},"match":"re-indent entire buffer Innrykk av tekst gg=G"},{"title":"Lim inn og juster innrykk til gjeldende linje","subtitle":"Innrykk av tekst ⎯  ]p","arg":["key code 53//keystroke \"]p\"","lim inn og juster innrykk til gjeldende linje","]p"],"icon":{"type":"file","path":"img/indentText.png"},"match":"paste and adjust indent to current line Innrykk av tekst ]p"},{"title":"Skriv  filen, men ikke avslutt","subtitle":"Avslutt ⎯  :w","arg":["key code 53//keystroke \":w\" & return","skriv  filen, men ikke avslutt",":w"],"icon":{"type":"file","path":"img/exiting.png"},"match":"write  the file, but don't exit Avslutt :w"},{"title":"Skriv ut gjeldende fil med sudo","subtitle":"Avslutt ⎯  :w !sudo tee %","arg":["key code 53//keystroke \":w !sudo tee %\"","skriv ut gjeldende fil med sudo",":w !sudo tee %"],"icon":{"type":"file","path":"img/exiting.png"},"match":"write out the current file using sudo Avslutt :w !sudo tee %"},{"title":"Skriv  og avslutt","subtitle":"Avslutt ⎯  :wq or :x or ZZ","arg":["key code 53//keystroke \":wq\" & return","skriv  og avslutt",":wq or :x or ZZ"],"icon":{"type":"file","path":"img/exiting.png"},"match":"write  and quit Avslutt :wq or :x or ZZ"},{"title":"Avslutt ","subtitle":"Avslutt ⎯  :q","arg":["key code 53//keystroke \":q\" & return","avslutt ",":q"],"icon":{"type":"file","path":"img/exiting.png"},"match":"quit  Avslutt :q"},{"title":"Avslutt og kast ulagrede endringer","subtitle":"Avslutt ⎯  :q! or ZQ","arg":["key code 53//keystroke \":q!\" & return","avslutt og kast ulagrede endringer",":q! or ZQ"],"icon":{"type":"file","path":"img/exiting.png"},"match":"quit and throw away unsaved changes Avslutt :q! or ZQ"},{"title":"Skriv  og avslutt på alle faner","subtitle":"Avslutt ⎯  :wqa","arg":["key code 53//keystroke \":wqa\" & return","skriv  og avslutt på alle faner",":wqa"],"icon":{"type":"file","path":"img/exiting.png"},"match":"write  and quit on all tabs Avslutt :wqa"},{"title":"Søk etter mønster","subtitle":"Søk og erstatt ⎯  /pattern","arg":["key code 53//keystroke \"/pattern\"","søk etter mønster","/pattern"],"icon":{"type":"file","path":"img/searchAndReplace.png"},"match":"search for pattern Søk og erstatt /pattern"},{"title":"Søk bakover etter mønster","subtitle":"Søk og erstatt ⎯  ?pattern","arg":["key code 53//keystroke \"?pattern\"","søk bakover etter mønster","?pattern"],"icon":{"type":"file","path":"img/searchAndReplace.png"},"match":"search backward for pattern Søk og erstatt ?pattern"},{"title":"'veldig magisk' mønster","subtitle":"Søk og erstatt ⎯  \\vpattern","arg":["key code 53//keystroke \"\\\\vpattern\"","'veldig magisk' mønster","\\vpattern"],"icon":{"type":"file","path":"img/searchAndReplace.png"},"match":"'very magic' pattern Søk og erstatt \\vpattern"},{"title":"Gjenta søk i samme retning","subtitle":"Søk og erstatt ⎯  n","arg":["key code 53//keystroke \"n\"","gjenta søk i samme retning","n"],"icon":{"type":"file","path":"img/searchAndReplace.png"},"match":"repeat search in same direction Søk og erstatt n"},{"title":"Gjenta søk i motsatt retning","subtitle":"Søk og erstatt ⎯  N","arg":["key code 53//keystroke \"N\"","gjenta søk i motsatt retning","N"],"icon":{"type":"file","path":"img/searchAndReplace.png"},"match":"repeat search in opposite direction Søk og erstatt N"},{"title":"Erstatt alle gamle med nye gjennom hele filen","subtitle":"Søk og erstatt ⎯  :%s/old/new/g","arg":["key code 53//keystroke \":%s/old/new/g\"","erstatt alle gamle med nye gjennom hele filen",":%s/old/new/g"],"icon":{"type":"file","path":"img/searchAndReplace.png"},"match":"replace all old with new throughout file Søk og erstatt :%s/old/new/g"},{"title":"Erstatt alle gamle med nye gjennom hele filen med bekreftelser","subtitle":"Søk og erstatt ⎯  :%s/old/new/gc","arg":["key code 53//keystroke \":%s/old/new/gc\"","erstatt alle gamle med nye gjennom hele filen med bekreftelser",":%s/old/new/gc"],"icon":{"type":"file","path":"img/searchAndReplace.png"},"match":"replace all old with new throughout file with confirmations Søk og erstatt :%s/old/new/gc"},{"title":"Fjern utheving av søketreff","subtitle":"Søk og erstatt ⎯  :noh[lsearch]","arg":["key code 53//keystroke \":noh[lsearch]\"","fjern utheving av søketreff",":noh[lsearch]"],"icon":{"type":"file","path":"img/searchAndReplace.png"},"match":"remove highlighting of search matches Søk og erstatt :noh[lsearch]"},{"title":"Next whole word under cursor","subtitle":"Søk og erstatt ⎯  *","arg":["key code 53//keystroke \"*\"","Next whole word under cursor","*"],"icon":{"type":"file","path":"img/searchAndReplace.png"},"match":"Next whole word under cursor Søk og erstatt *"},{"title":"Previous whole word under cursor","subtitle":"Søk og erstatt ⎯  #","arg":["key code 53//keystroke \"#\"","Previous whole word under cursor","#"],"icon":{"type":"file","path":"img/searchAndReplace.png"},"match":"Previous whole word under cursor Søk og erstatt #"},{"title":"Søk etter mønster i flere filer","subtitle":"Søk i flere filer ⎯  :vim[grep] /pattern/ file","arg":["key code 53//keystroke \":vim[grep]\"//key code 49//keystroke \"/pattern/\"//key code 49//keystroke \"file\"","søk etter mønster i flere filer",":vim[grep] /pattern/ file"],"icon":{"type":"file","path":"img/searchMultipleFiles.png"},"match":"search for pattern in multiple files Søk i flere filer :vim[grep] /pattern/ file"},{"title":"Hopp til neste kamp","subtitle":"Søk i flere filer ⎯  :cn[ext]","arg":["key code 53//keystroke \":cn\" & return","hopp til neste kamp",":cn[ext]"],"icon":{"type":"file","path":"img/searchMultipleFiles.png"},"match":"jump to the next match Søk i flere filer :cn[ext]"},{"title":"Hopp til forrige kamp","subtitle":"Søk i flere filer ⎯  :cp[revious]","arg":["key code 53//keystroke \":cp\" & return","hopp til forrige kamp",":cp[revious]"],"icon":{"type":"file","path":"img/searchMultipleFiles.png"},"match":"jump to the previous match Søk i flere filer :cp[revious]"},{"title":"Åpne et vindu som inneholder listen over treff","subtitle":"Søk i flere filer ⎯  :cope[n]","arg":["key code 53//keystroke \":cope\" & return","åpne et vindu som inneholder listen over treff",":cope[n]"],"icon":{"type":"file","path":"img/searchMultipleFiles.png"},"match":"open a window containing the list of matches Søk i flere filer :cope[n]"},{"title":"Lukk hurtigreparasjonsvinduet","subtitle":"Søk i flere filer ⎯  :ccl[ose]","arg":["key code 53//keystroke \":ccl\" & return","lukk hurtigreparasjonsvinduet",":ccl[ose]"],"icon":{"type":"file","path":"img/searchMultipleFiles.png"},"match":"close the quickfix window Søk i flere filer :ccl[ose]"},{"title":"","subtitle":"Søk i flere filer ⎯  colonWa","arg":["key code 53//keystroke \":wa\" & return",null,"colonWa"],"icon":{"type":"file","path":"img/searchMultipleFiles.png"},"match":" Søk i flere filer colonWa"},{"title":"Lukk hurtigreparasjonsvinduet","subtitle":"Søk i flere filer ⎯  :ccl[ose]","arg":["key code 53//keystroke \":ccl\" & return","lukk hurtigreparasjonsvinduet",":ccl[ose]"],"icon":{"type":"file","path":"img/searchMultipleFiles.png"},"match":"close the quickfix window Søk i flere filer :ccl[ose]"},{"title":"Åpne en fil i en ny fane","subtitle":"Faner ⎯  :tabnew or :tabnew file","arg":["key code 53//keystroke \":tabnew\"//key code 49//keystroke \"file\" & return","åpne en fil i en ny fane",":tabnew or :tabnew file"],"icon":{"type":"file","path":"img/tabs.png"},"match":"open a file in a new tab Faner :tabnew or :tabnew file"},{"title":"Flytt det gjeldende delte vinduet til sin egen fane","subtitle":"Faner ⎯  Ctrl+wT","arg":["key code 53//keystroke \"w\" using control down//keystroke \"T\"","flytt det gjeldende delte vinduet til sin egen fane","Ctrl+wT"],"icon":{"type":"file","path":"img/tabs.png"},"match":"move the current split window into its own tab Faner Ctrl+wT"},{"title":"Flytt til neste fane","subtitle":"Faner ⎯  gt or :tabn[ext]","arg":["key code 53//keystroke \"gt\"","flytt til neste fane","gt or :tabn[ext]"],"icon":{"type":"file","path":"img/tabs.png"},"match":"move to the next tab Faner gt or :tabn[ext]"},{"title":"Flytt til forrige fane","subtitle":"Faner ⎯  gT or :tabp[revious]","arg":["key code 53//keystroke \"gT\"","flytt til forrige fane","gT or :tabp[revious]"],"icon":{"type":"file","path":"img/tabs.png"},"match":"move to the previous tab Faner gT or :tabp[revious]"},{"title":"Flytt til fanenummer #","subtitle":"Faner ⎯  #gt","arg":["key code 53//keystroke \"#gt\"","flytt til fanenummer #","#gt"],"icon":{"type":"file","path":"img/tabs.png"},"match":"move to tab number # Faner #gt"},{"title":"Flytt gjeldende fane til #. posisjon ","subtitle":"Faner ⎯  :tabm[ove]","arg":["key code 53//keystroke \":tabm\" & return","flytt gjeldende fane til #. posisjon ",":tabm[ove]"],"icon":{"type":"file","path":"img/tabs.png"},"match":"move current tab to the #th position  Faner :tabm[ove]"},{"title":"Lukk gjeldende fane og alle dens vinduer","subtitle":"Faner ⎯  :tabc[lose]","arg":["key code 53//keystroke \":tabc\" & return","lukk gjeldende fane og alle dens vinduer",":tabc[lose]"],"icon":{"type":"file","path":"img/tabs.png"},"match":"close the current tab and all its windows Faner :tabc[lose]"},{"title":"Lukk alle faner bortsett fra den gjeldende","subtitle":"Faner ⎯  :tabo[nly]","arg":["key code 53//keystroke \":tabo\" & return","lukk alle faner bortsett fra den gjeldende",":tabo[nly]"],"icon":{"type":"file","path":"img/tabs.png"},"match":"close all tabs except for the current one Faner :tabo[nly]"},{"title":"Kjør kommandoen på alle faner ","subtitle":"Faner ⎯  :tabdo command","arg":["key code 53//keystroke \":tabdo\"//key code 49//keystroke \"command\"","kjør kommandoen på alle faner ",":tabdo command"],"icon":{"type":"file","path":"img/tabs.png"},"match":"run the command on all tabs  Faner :tabdo command"},{"title":"Rediger en fil i en ny buffer","subtitle":"Arbeid med flere filer ⎯  :e[dit] file","arg":["key code 53//keystroke \":e\"//key code 49//keystroke \"file\"","rediger en fil i en ny buffer",":e[dit] file"],"icon":{"type":"file","path":"img/workingWithMultipleFiles.png"},"match":"edit a file in a new buffer Arbeid med flere filer :e[dit] file"},{"title":"Gå til neste buffer","subtitle":"Arbeid med flere filer ⎯  :bn[ext]","arg":["key code 53//keystroke \":bn\" & return","gå til neste buffer",":bn[ext]"],"icon":{"type":"file","path":"img/workingWithMultipleFiles.png"},"match":"go to the next buffer Arbeid med flere filer :bn[ext]"},{"title":"Gå til forrige buffer","subtitle":"Arbeid med flere filer ⎯  :bp[revious]","arg":["key code 53//keystroke \":bp\" & return","gå til forrige buffer",":bp[revious]"],"icon":{"type":"file","path":"img/workingWithMultipleFiles.png"},"match":"go to the previous buffer Arbeid med flere filer :bp[revious]"},{"title":"Slett en buffer ","subtitle":"Arbeid med flere filer ⎯  :bd[elete]","arg":["key code 53//keystroke \":bd\" & return","slett en buffer ",":bd[elete]"],"icon":{"type":"file","path":"img/workingWithMultipleFiles.png"},"match":"delete a buffer  Arbeid med flere filer :bd[elete]"},{"title":"Gå til en buffer etter indeks #","subtitle":"Arbeid med flere filer ⎯  :b[uffer]#","arg":["key code 53//keystroke \":b#\"","gå til en buffer etter indeks #",":b[uffer]#"],"icon":{"type":"file","path":"img/workingWithMultipleFiles.png"},"match":"go to a buffer by index # Arbeid med flere filer :b[uffer]#"},{"title":"Gå til en buffer etter fil","subtitle":"Arbeid med flere filer ⎯  :b[uffer] file","arg":["key code 53//keystroke \":b\"//key code 49//keystroke \"file\"","gå til en buffer etter fil",":b[uffer] file"],"icon":{"type":"file","path":"img/workingWithMultipleFiles.png"},"match":"go to a buffer by file Arbeid med flere filer :b[uffer] file"},{"title":"Liste opp alle åpne buffere","subtitle":"Arbeid med flere filer ⎯  :ls or :buffers","arg":["key code 53//keystroke \":ls\" & return","liste opp alle åpne buffere",":ls or :buffers"],"icon":{"type":"file","path":"img/workingWithMultipleFiles.png"},"match":"list all open buffers Arbeid med flere filer :ls or :buffers"},{"title":"Åpne en fil i en ny buffer og delt vindu","subtitle":"Arbeid med flere filer ⎯  :sp[lit] file","arg":["key code 53//keystroke \":sp\"//key code 49//keystroke \"file\"","åpne en fil i en ny buffer og delt vindu",":sp[lit] file"],"icon":{"type":"file","path":"img/workingWithMultipleFiles.png"},"match":"open a file in a new buffer and split window Arbeid med flere filer :sp[lit] file"},{"title":"Åpne en fil i en ny buffer og vertikalt delt vindu","subtitle":"Arbeid med flere filer ⎯  :vs[plit] file","arg":["key code 53//keystroke \":vs\"//key code 49//keystroke \"file\"","åpne en fil i en ny buffer og vertikalt delt vindu",":vs[plit] file"],"icon":{"type":"file","path":"img/workingWithMultipleFiles.png"},"match":"open a file in a new buffer and vertically split window Arbeid med flere filer :vs[plit] file"},{"title":"Rediger alle buffere som vertikale vinduer","subtitle":"Arbeid med flere filer ⎯  :vert[ical] ba[ll]","arg":["key code 53//keystroke \":vert\"//key code 49//keystroke \"ba\" & return","rediger alle buffere som vertikale vinduer",":vert[ical] ba[ll]"],"icon":{"type":"file","path":"img/workingWithMultipleFiles.png"},"match":"edit all buffers as vertical windows Arbeid med flere filer :vert[ical] ba[ll]"},{"title":"Rediger alle buffere som faner","subtitle":"Arbeid med flere filer ⎯  :tab ba[ll]","arg":["key code 53//keystroke \":tab\"//key code 49//keystroke \"ba\" & return","rediger alle buffere som faner",":tab ba[ll]"],"icon":{"type":"file","path":"img/workingWithMultipleFiles.png"},"match":"edit all buffers as tabs Arbeid med flere filer :tab ba[ll]"},{"title":"Delt vindu","subtitle":"Arbeid med flere filer ⎯  Ctrl+w s","arg":["key code 53//keystroke \"w\" using control down//keystroke \"s\"","delt vindu","Ctrl+w s"],"icon":{"type":"file","path":"img/workingWithMultipleFiles.png"},"match":"split window Arbeid med flere filer Ctrl+w s"},{"title":"Delt vindu vertikalt","subtitle":"Arbeid med flere filer ⎯  Ctrl+w v","arg":["key code 53//keystroke \"w\" using control down//keystroke \"v\"","delt vindu vertikalt","Ctrl+w v"],"icon":{"type":"file","path":"img/workingWithMultipleFiles.png"},"match":"split window vertically Arbeid med flere filer Ctrl+w v"},{"title":"Bytt vinduer","subtitle":"Arbeid med flere filer ⎯  Ctrl+w w","arg":["key code 53//keystroke \"w\" using control down//keystroke \"w\"","bytt vinduer","Ctrl+w w"],"icon":{"type":"file","path":"img/workingWithMultipleFiles.png"},"match":"switch windows Arbeid med flere filer Ctrl+w w"},{"title":"Avslutt et vindu","subtitle":"Arbeid med flere filer ⎯  Ctrl+w q","arg":["key code 53//keystroke \"w\" using control down//keystroke \"q\"","avslutt et vindu","Ctrl+w q"],"icon":{"type":"file","path":"img/workingWithMultipleFiles.png"},"match":"quit a window Arbeid med flere filer Ctrl+w q"},{"title":"Bytt gjeldende vindu med neste","subtitle":"Arbeid med flere filer ⎯  Ctrl+w x","arg":["key code 53//keystroke \"w\" using control down//keystroke \"x\"","bytt gjeldende vindu med neste","Ctrl+w x"],"icon":{"type":"file","path":"img/workingWithMultipleFiles.png"},"match":"exchange current window with next one Arbeid med flere filer Ctrl+w x"},{"title":"Gjør alle vinduer like høyde og bredde","subtitle":"Arbeid med flere filer ⎯  Ctrl+w =","arg":["key code 53//keystroke \"w\" using control down//keystroke \"=\"","gjør alle vinduer like høyde og bredde","Ctrl+w ="],"icon":{"type":"file","path":"img/workingWithMultipleFiles.png"},"match":"make all windows equal height & width Arbeid med flere filer Ctrl+w ="},{"title":"Flytt markøren til venstre vindu ","subtitle":"Arbeid med flere filer ⎯  Ctrl+w h","arg":["key code 53//keystroke \"w\" using control down//keystroke \"h\"","flytt markøren til venstre vindu ","Ctrl+w h"],"icon":{"type":"file","path":"img/workingWithMultipleFiles.png"},"match":"move cursor to the left window  Arbeid med flere filer Ctrl+w h"},{"title":"Flytt markøren til høyre vindu ","subtitle":"Arbeid med flere filer ⎯  Ctrl+w l","arg":["key code 53//keystroke \"w\" using control down//keystroke \"l\"","flytt markøren til høyre vindu ","Ctrl+w l"],"icon":{"type":"file","path":"img/workingWithMultipleFiles.png"},"match":"move cursor to the right window  Arbeid med flere filer Ctrl+w l"},{"title":"Flytt markøren til vinduet under ","subtitle":"Arbeid med flere filer ⎯  Ctrl+w j","arg":["key code 53//keystroke \"w\" using control down//keystroke \"j\"","flytt markøren til vinduet under ","Ctrl+w j"],"icon":{"type":"file","path":"img/workingWithMultipleFiles.png"},"match":"move cursor to the window below  Arbeid med flere filer Ctrl+w j"},{"title":"Flytt markøren til vinduet over ","subtitle":"Arbeid med flere filer ⎯  Ctrl+w k","arg":["key code 53//keystroke \"w\" using control down//keystroke \"k\"","flytt markøren til vinduet over ","Ctrl+w k"],"icon":{"type":"file","path":"img/workingWithMultipleFiles.png"},"match":"move cursor to the window above  Arbeid med flere filer Ctrl+w k"},{"title":"Gjør gjeldende vindu i full høyde helt til venstre ","subtitle":"Arbeid med flere filer ⎯  Ctrl+w H","arg":["key code 53//keystroke \"w\" using control down//keystroke \"H\"","gjør gjeldende vindu i full høyde helt til venstre ","Ctrl+w H"],"icon":{"type":"file","path":"img/workingWithMultipleFiles.png"},"match":"make current window full height at far left  Arbeid med flere filer Ctrl+w H"},{"title":"Gjør gjeldende vindu i full høyde helt til høyre ","subtitle":"Arbeid med flere filer ⎯  Ctrl+w L","arg":["key code 53//keystroke \"w\" using control down//keystroke \"L\"","gjør gjeldende vindu i full høyde helt til høyre ","Ctrl+w L"],"icon":{"type":"file","path":"img/workingWithMultipleFiles.png"},"match":"make current window full height at far right  Arbeid med flere filer Ctrl+w L"},{"title":"Gjør gjeldende vindu i full bredde helt nederst ","subtitle":"Arbeid med flere filer ⎯  Ctrl+w J","arg":["key code 53//keystroke \"w\" using control down//keystroke \"J\"","gjør gjeldende vindu i full bredde helt nederst ","Ctrl+w J"],"icon":{"type":"file","path":"img/workingWithMultipleFiles.png"},"match":"make current window full width at the very bottom  Arbeid med flere filer Ctrl+w J"},{"title":"Gjør gjeldende vindu i full bredde helt øverst ","subtitle":"Arbeid med flere filer ⎯  Ctrl+w K","arg":["key code 53//keystroke \"w\" using control down//keystroke \"K\"","gjør gjeldende vindu i full bredde helt øverst ","Ctrl+w K"],"icon":{"type":"file","path":"img/workingWithMultipleFiles.png"},"match":"make current window full width at the very top  Arbeid med flere filer Ctrl+w K"},{"title":"Definer manuelt en fold opp til bevegelse","subtitle":"Diff ⎯  zf","arg":["key code 53//keystroke \"zf\"","definer manuelt en fold opp til bevegelse","zf"],"icon":{"type":"file","path":"img/diff.png"},"match":"manually define a fold up to motion Diff zf"},{"title":"Slett fold under markøren","subtitle":"Diff ⎯  zd","arg":["key code 53//keystroke \"zd\"","slett fold under markøren","zd"],"icon":{"type":"file","path":"img/diff.png"},"match":"delete fold under the cursor Diff zd"},{"title":"Skift fold under markøren","subtitle":"Diff ⎯  za","arg":["key code 53//keystroke \"za\"","skift fold under markøren","za"],"icon":{"type":"file","path":"img/diff.png"},"match":"toggle fold under the cursor Diff za"},{"title":"Åpne fold under markøren","subtitle":"Diff ⎯  zo","arg":["key code 53//keystroke \"zo\"","åpne fold under markøren","zo"],"icon":{"type":"file","path":"img/diff.png"},"match":"open fold under the cursor Diff zo"},{"title":"Lukk fold under markøren","subtitle":"Diff ⎯  zc","arg":["key code 53//keystroke \"zc\"","lukk fold under markøren","zc"],"icon":{"type":"file","path":"img/diff.png"},"match":"close fold under the cursor Diff zc"},{"title":"Reduser  alle folder med ett nivå","subtitle":"Diff ⎯  zr","arg":["key code 53//keystroke \"zr\"","reduser  alle folder med ett nivå","zr"],"icon":{"type":"file","path":"img/diff.png"},"match":"reduce  all folds by one level Diff zr"},{"title":"Fold mer  alle folder med ett nivå","subtitle":"Diff ⎯  zm","arg":["key code 53//keystroke \"zm\"","fold mer  alle folder med ett nivå","zm"],"icon":{"type":"file","path":"img/diff.png"},"match":"fold more  all folds by one level Diff zm"},{"title":"Bytte brettefunksjonalitet","subtitle":"Diff ⎯  zi","arg":["key code 53//keystroke \"zi\"","bytte brettefunksjonalitet","zi"],"icon":{"type":"file","path":"img/diff.png"},"match":"toggle folding functionality Diff zi"},{"title":"Hopp til starten av neste endring","subtitle":"Diff ⎯  ]c","arg":["key code 53//keystroke \"]c\"","hopp til starten av neste endring","]c"],"icon":{"type":"file","path":"img/diff.png"},"match":"jump to start of next change Diff ]c"},{"title":"Hopp til starten av forrige endring","subtitle":"Diff ⎯  [c","arg":["key code 53//keystroke \"[c\"","hopp til starten av forrige endring","[c"],"icon":{"type":"file","path":"img/diff.png"},"match":"jump to start of previous change Diff [c"},{"title":"Få  forskjell ","subtitle":"Diff ⎯  do or :diffg[et]","arg":["key code 53//keystroke \"do\"","få  forskjell ","do or :diffg[et]"],"icon":{"type":"file","path":"img/diff.png"},"match":"obtain  difference  Diff do or :diffg[et]"},{"title":"Sett forskjell ","subtitle":"Diff ⎯  dp or :diffpu[t]","arg":["key code 53//keystroke \"dp\"","sett forskjell ","dp or :diffpu[t]"],"icon":{"type":"file","path":"img/diff.png"},"match":"put difference  Diff dp or :diffpu[t]"},{"title":"Gjør gjeldende vindu til en del av diff","subtitle":"Diff ⎯  :diffthis","arg":["key code 53//keystroke \":diffthis\" & return","gjør gjeldende vindu til en del av diff",":diffthis"],"icon":{"type":"file","path":"img/diff.png"},"match":"make current window part of diff Diff :diffthis"},{"title":"Oppdateringsforskjeller","subtitle":"Diff ⎯  :dif[fupdate]","arg":["key code 53//keystroke \":dif\" & return","oppdateringsforskjeller",":dif[fupdate]"],"icon":{"type":"file","path":"img/diff.png"},"match":"update differences Diff :dif[fupdate]"},{"title":"Slå av diff-modus for gjeldende vindu","subtitle":"Diff ⎯  :diffo[ff]","arg":["key code 53//keystroke \":diffo\" & return","slå av diff-modus for gjeldende vindu",":diffo[ff]"],"icon":{"type":"file","path":"img/diff.png"},"match":"switch off diff mode for current window Diff :diffo[ff]"},{"title":"Turn on us english spell checking","subtitle":"Spell checking ⎯  :set spell spelllang=en_us","arg":["key code 53//keystroke \":set\"//key code 49//keystroke \"spell\"//key code 49//keystroke \"spelllang=en_us\" & return","Turn on US English spell checking",":set spell spelllang=en_us"],"icon":{"type":"file","path":"img/spell.png"},"match":"Turn on US English spell checking Spell checking :set spell spelllang=en_us"},{"title":"Turn off spell checking","subtitle":"Spell checking ⎯  :set nospell","arg":["key code 53//keystroke \":set\"//key code 49//keystroke \"nospell\" & return","Turn off spell checking",":set nospell"],"icon":{"type":"file","path":"img/spell.png"},"match":"Turn off spell checking Spell checking :set nospell"},{"title":"Move to next misspelled word after the cursor","subtitle":"Spell checking ⎯  ]s","arg":["key code 53//keystroke \"]s\"","Move to next misspelled word after the cursor","]s"],"icon":{"type":"file","path":"img/spell.png"},"match":"Move to next misspelled word after the cursor Spell checking ]s"},{"title":"Move to previous misspelled word before the cursor","subtitle":"Spell checking ⎯  [s","arg":["key code 53//keystroke \"[s\"","Move to previous misspelled word before the cursor","[s"],"icon":{"type":"file","path":"img/spell.png"},"match":"Move to previous misspelled word before the cursor Spell checking [s"},{"title":"Suggest spellings for the word under/after the cursor","subtitle":"Spell checking ⎯  z=","arg":["key code 53//keystroke \"z=\"","Suggest spellings for the word under/after the cursor","z="],"icon":{"type":"file","path":"img/spell.png"},"match":"Suggest spellings for the word under/after the cursor Spell checking z="},{"title":"Add word to spell list","subtitle":"Spell checking ⎯  zg","arg":["key code 53//keystroke \"zg\"","Add word to spell list","zg"],"icon":{"type":"file","path":"img/spell.png"},"match":"Add word to spell list Spell checking zg"},{"title":"Mark word as bad/mispelling","subtitle":"Spell checking ⎯  zw","arg":["key code 53//keystroke \"zw\"","Mark word as bad/mispelling","zw"],"icon":{"type":"file","path":"img/spell.png"},"match":"Mark word as bad/mispelling Spell checking zw"},{"title":"Suggest words for bad word under cursor from spell file","subtitle":"Spell checking ⎯  zu","arg":["key code 53//keystroke \"zu\"","Suggest words for bad word under cursor from spell file","zu"],"icon":{"type":"file","path":"img/spell.png"},"match":"Suggest words for bad word under cursor from spell file Spell checking zu"},{"title":"Increment number","subtitle":"Miscellaneous ⎯  Ctrl+a","arg":["key code 53//keystroke \"a\" using control down","Increment number","Ctrl+a"],"icon":{"type":"file","path":"img/misc.png"},"match":"Increment number Miscellaneous Ctrl+a"},{"title":"Decrement number","subtitle":"Miscellaneous ⎯  Ctrl+x","arg":["key code 53//keystroke \"x\" using control down","Decrement number","Ctrl+x"],"icon":{"type":"file","path":"img/misc.png"},"match":"Decrement number Miscellaneous Ctrl+x"},{"title":"Re-select last selected block of text","subtitle":"Miscellaneous ⎯  gv","arg":["key code 53//keystroke \"gv\"","Re-select last selected block of text","gv"],"icon":{"type":"file","path":"img/misc.png"},"match":"Re-select last selected block of text Miscellaneous gv"},{"title":"Insert the result of an expression at the cursor","subtitle":"Miscellaneous ⎯  Ctrl+r =","arg":["key code 53//keystroke \"r\" using control down//keystroke \"=\"","Insert the result of an expression at the cursor","Ctrl+r ="],"icon":{"type":"file","path":"img/misc.png"},"match":"Insert the result of an expression at the cursor Miscellaneous Ctrl+r ="},{"title":"Change file encoding to utf-8","subtitle":"Miscellaneous ⎯  set fenc=UTF-8","arg":["key code 53//keystroke \"set\"//key code 49//keystroke \"fenc=UTF-8\"","Change file encoding to UTF-8","set fenc=UTF-8"],"icon":{"type":"file","path":"img/misc.png"},"match":"Change file encoding to UTF-8 Miscellaneous set fenc=UTF-8"},{"title":"Escape next character","subtitle":"Regex ⎯  \\","arg":["keystroke \"\\\\\"","Escape next character","\\"],"icon":{"type":"file","path":"img/regex.png"},"match":"Escape next character Regex \\"},{"title":"Start-of­-line","subtitle":"Regex ⎯  ^","arg":["keystroke \"^\"","Start-of­-line","^"],"icon":{"type":"file","path":"img/regex.png"},"match":"Start-of­-line Regex ^"},{"title":"End-of-­line","subtitle":"Regex ⎯  $","arg":["keystroke \"$\"","End-of-­line","$"],"icon":{"type":"file","path":"img/regex.png"},"match":"End-of-­line Regex $"},{"title":"Any char","subtitle":"Regex ⎯  .","arg":["keystroke \".\"","Any char","."],"icon":{"type":"file","path":"img/regex.png"},"match":"Any char Regex ."},{"title":"0 or more quantifier","subtitle":"Regex ⎯  *","arg":["keystroke \"*\"","0 or more quantifier","*"],"icon":{"type":"file","path":"img/regex.png"},"match":"0 or more quantifier Regex *"},{"title":"Match last given substitute string","subtitle":"Regex ⎯  ~","arg":["keystroke \"\"~","Match last given substitute string","~"],"icon":{"type":"file","path":"img/regex.png"},"match":"Match last given substitute string Regex ~"},{"title":"Match range","subtitle":"Regex ⎯  [...]","arg":["keystroke \"[...]\"","Match range","[...]"],"icon":{"type":"file","path":"img/regex.png"},"match":"Match range Regex [...]"},{"title":"Not range","subtitle":"Regex ⎯  [^...]","arg":["keystroke \"[^...]\"","Not range","[^...]"],"icon":{"type":"file","path":"img/regex.png"},"match":"Not range Regex [^...]"},{"title":"In replacement: insert <pattern>","subtitle":"Regex ⎯  &","arg":["keystroke \"&\"","In replacement: insert <pattern>","&"],"icon":{"type":"file","path":"img/regex.png"},"match":"In replacement: insert <pattern> Regex &"},{"title":"Beginning of a word","subtitle":"Regex ⎯  \\<","arg":["keystroke \"\\\\<\"","Beginning of a word","\\<"],"icon":{"type":"file","path":"img/regex.png"},"match":"Beginning of a word Regex \\<"},{"title":"End of word","subtitle":"Regex ⎯  \\>","arg":["keystroke \"\\\\>\"","End of word","\\>"],"icon":{"type":"file","path":"img/regex.png"},"match":"End of word Regex \\>"},{"title":"Group","subtitle":"Regex ⎯  \\(...\\)","arg":["keystroke \"\\\\(...\\\\)\"","Group","\\(...\\)"],"icon":{"type":"file","path":"img/regex.png"},"match":"Group Regex \\(...\\)"},{"title":"Separate alternative","subtitle":"Regex ⎯  \\|","arg":["keystroke \"\\\\|\"","Separate alternative","\\|"],"icon":{"type":"file","path":"img/regex.png"},"match":"Separate alternative Regex \\|"},{"title":"Any single char or end-of­line","subtitle":"Regex ⎯  \\_.","arg":["keystroke \"\\\\_.\"","Any single char or end-of­line","\\_."],"icon":{"type":"file","path":"img/regex.png"},"match":"Any single char or end-of­line Regex \\_."},{"title":"1 or more quantifier","subtitle":"Regex ⎯  \\+","arg":["keystroke \"\\\\+\"","1 or more quantifier","\\+"],"icon":{"type":"file","path":"img/regex.png"},"match":"1 or more quantifier Regex \\+"},{"title":"0 or 1 quantifier","subtitle":"Regex ⎯  \\=","arg":["keystroke \"\\\\=\"","0 or 1 quantifier","\\="],"icon":{"type":"file","path":"img/regex.png"},"match":"0 or 1 quantifier Regex \\="},{"title":"0 or 1 quantifier","subtitle":"Regex ⎯  \\?","arg":["keystroke \"\\\\?\"","0 or 1 quantifier","\\?"],"icon":{"type":"file","path":"img/regex.png"},"match":"0 or 1 quantifier Regex \\?"},{"title":"N to m quantifier","subtitle":"Regex ⎯  \\{n,m}","arg":["keystroke \"\\\\{n,m}\"","n to m quantifier","\\{n,m}"],"icon":{"type":"file","path":"img/regex.png"},"match":"n to m quantifier Regex \\{n,m}"},{"title":"N quantifier","subtitle":"Regex ⎯  \\{n}","arg":["keystroke \"\\\\{n}\"","n quantifier","\\{n}"],"icon":{"type":"file","path":"img/regex.png"},"match":"n quantifier Regex \\{n}"},{"title":"At least n quantifier","subtitle":"Regex ⎯  \\{n,}","arg":["keystroke \"\"\\\\{n,}","at least n quantifier","\\{n,}"],"icon":{"type":"file","path":"img/regex.png"},"match":"at least n quantifier Regex \\{n,}"},{"title":"0 to m quantifier","subtitle":"Regex ⎯  \\{,m}","arg":["keystroke \"\\\\{,}\"","0 to m quantifier","\\{,m}"],"icon":{"type":"file","path":"img/regex.png"},"match":"0 to m quantifier Regex \\{,m}"},{"title":"Delete all lines matching pattern","subtitle":"Regex ⎯  :%g/<pa­tte­rn>/d","arg":["key code 53//keystroke \":%g/<pa­tte­r/d\"","delete all lines matching pattern",":%g/<pa­tte­rn>/d"],"icon":{"type":"file","path":"img/regex.png"},"match":"delete all lines matching pattern Regex :%g/<pa­tte­rn>/d"},{"title":"Delete all lines not matching <pattern>","subtitle":"Regex ⎯  :%v/<pa­tte­rn>/d","arg":["key code 53//keystroke \":%v/<pa­tte­r/d\"","delete all lines NOT matching <pattern>",":%v/<pa­tte­rn>/d"],"icon":{"type":"file","path":"img/regex.png"},"match":"delete all lines NOT matching <pattern> Regex :%v/<pa­tte­rn>/d"},{"title":"Delete empty lines","subtitle":"Regex ⎯  :%s/^.*$\\n//","arg":["key code 53//keystroke \":%s/^.*$\\\\n//\"","delete empty lines",":%s/^.*$\\n//"],"icon":{"type":"file","path":"img/regex.png"},"match":"delete empty lines Regex :%s/^.*$\\n//"},{"title":"Replace <pattern> by 'new <pattern>'","subtitle":"Regex ⎯  :s/<pattern>/new &/","arg":["key code 53//keystroke \":%s/<pattern>/new &/\"","Replace <pattern> by 'new <pattern>'",":s/<pattern>/new &/"],"icon":{"type":"file","path":"img/regex.png"},"match":"Replace <pattern> by 'new <pattern>' Regex :s/<pattern>/new &/"},{"title":"Replace <pattern> by content of register","subtitle":"Regex ⎯  :s/<pattern>/\\=@a/","arg":["key code 53//keystroke \":%s/<pattern>/\\\\=@a/\"","Replace <pattern> by content of register",":s/<pattern>/\\=@a/"],"icon":{"type":"file","path":"img/regex.png"},"match":"Replace <pattern> by content of register Regex :s/<pattern>/\\=@a/"},{"title":"Count number of occurrence of <pattern>","subtitle":"Regex ⎯  :s/<pattern>//gn","arg":["key code 53//keystroke \":%s/<pattern>//gn\"","Count number of occurrence of <pattern>",":s/<pattern>//gn"],"icon":{"type":"file","path":"img/regex.png"},"match":"Count number of occurrence of <pattern> Regex :s/<pattern>//gn"},{"title":"Match start","subtitle":"Regex ⎯  \\zs","arg":["keystroke \"\\\\zs\"","Match start","\\zs"],"icon":{"type":"file","path":"img/regex.png"},"match":"Match start Regex \\zs"},{"title":"Match end","subtitle":"Regex ⎯  \\ze","arg":["keystroke \"\\\\ze\"","Match end","\\ze"],"icon":{"type":"file","path":"img/regex.png"},"match":"Match end Regex \\ze"},{"title":"Positive look behind to find <pattern>","subtitle":"Regex ⎯  <atom>\\@<=<pattern>","arg":["keystroke \"<atom>\\\\@<=<pattern>\"","Positive look behind to find <pattern>","<atom>\\@<=<pattern>"],"icon":{"type":"file","path":"img/regex.png"},"match":"Positive look behind to find <pattern> Regex <atom>\\@<=<pattern>"},{"title":"Positive look ahead to find <pattern>","subtitle":"Regex ⎯  <pattern><atom>\\@=","arg":["keystroke \"<pattern><atom>\\\\@=\"","Positive look ahead to find <pattern>","<pattern><atom>\\@="],"icon":{"type":"file","path":"img/regex.png"},"match":"Positive look ahead to find <pattern> Regex <pattern><atom>\\@="},{"title":"Negative look behind to find <pattern>","subtitle":"Regex ⎯  <atom>\\@<!<pattern>","arg":["keystroke \"<atom>\\\\@<!<pattern>\"","Negative look behind to find <pattern>","<atom>\\@<!<pattern>"],"icon":{"type":"file","path":"img/regex.png"},"match":"Negative look behind to find <pattern> Regex <atom>\\@<!<pattern>"},{"title":"Negative look ahead to find <pattern>","subtitle":"Regex ⎯  <pattern><atom>\\@!","arg":["keystroke \"<pattern><atom>\\\\@!\"","Negative look ahead to find <pattern>","<pattern><atom>\\@!"],"icon":{"type":"file","path":"img/regex.png"},"match":"Negative look ahead to find <pattern> Regex <pattern><atom>\\@!"},{"title":"Non-greedy 0 or more quantifier","subtitle":"Regex ⎯  \\{-}","arg":["keystroke \"\\\\{-}\"","Non-greedy 0 or more quantifier","\\{-}"],"icon":{"type":"file","path":"img/regex.png"},"match":"Non-greedy 0 or more quantifier Regex \\{-}"}]}