{"items":[{"title":"Otwórz pomoc dla słowa kluczowego","subtitle":"Globalne ⎯  :h[elp] keyword","arg":["key code 53//keystroke \":h\"//key code 49//keystroke \"keyword\"","otwórz pomoc dla słowa kluczowego",":h[elp] keyword"],"icon":{"type":"file","path":"img/global.png"},"match":"open help for keyword Globalne :h[elp] keyword"},{"title":"Zapisz plik jako","subtitle":"Globalne ⎯  :sav[eas] file","arg":["key code 53//keystroke \":sav\"//key code 49//keystroke \"file\"","zapisz plik jako",":sav[eas] file"],"icon":{"type":"file","path":"img/global.png"},"match":"save file as Globalne :sav[eas] file"},{"title":"Zamknij okienko nawigacji","subtitle":"Globalne ⎯  :clo[se]","arg":["key code 53//keystroke \":clo\" & return","zamknij okienko nawigacji",":clo[se]"],"icon":{"type":"file","path":"img/global.png"},"match":"close current pane Globalne :clo[se]"},{"title":"Open a terminal window","subtitle":"Globalne ⎯  :ter[minal]","arg":["key code 53//keystroke \":ter\" & return","open a terminal window",":ter[minal]"],"icon":{"type":"file","path":"img/global.png"},"match":"open a terminal window Globalne :ter[minal]"},{"title":"Open man page for word under the cursor","subtitle":"Globalne ⎯  K","arg":["key code 53//keystroke \"K\"","open man page for word under the cursor","K"],"icon":{"type":"file","path":"img/global.png"},"match":"open man page for word under the cursor Globalne K"},{"title":"Przesuń kursor w lewo","subtitle":"Poruszanie kursorem ⎯  h","arg":["key code 53//keystroke \"h\"","przesuń kursor w lewo","h"],"icon":{"type":"file","path":"img/cursorMovement.png"},"match":"move cursor left Poruszanie kursorem h"},{"title":"Przesuń kursor w dół","subtitle":"Poruszanie kursorem ⎯  j","arg":["key code 53//keystroke \"j\"","przesuń kursor w dół","j"],"icon":{"type":"file","path":"img/cursorMovement.png"},"match":"move cursor down Poruszanie kursorem j"},{"title":"Przesuń kursor w górę","subtitle":"Poruszanie kursorem ⎯  k","arg":["key code 53//keystroke \"k\"","przesuń kursor w górę","k"],"icon":{"type":"file","path":"img/cursorMovement.png"},"match":"move cursor up Poruszanie kursorem k"},{"title":"Przesuń kursor w prawo","subtitle":"Poruszanie kursorem ⎯  l","arg":["key code 53//keystroke \"l\"","przesuń kursor w prawo","l"],"icon":{"type":"file","path":"img/cursorMovement.png"},"match":"move cursor right Poruszanie kursorem l"},{"title":"Przesuń kursor w dół ","subtitle":"Poruszanie kursorem ⎯  gj","arg":["key code 53//keystroke \"gj\"","przesuń kursor w dół ","gj"],"icon":{"type":"file","path":"img/cursorMovement.png"},"match":"move cursor down  Poruszanie kursorem gj"},{"title":"Przesuń kursor w górę ","subtitle":"Poruszanie kursorem ⎯  gk","arg":["key code 53//keystroke \"gk\"","przesuń kursor w górę ","gk"],"icon":{"type":"file","path":"img/cursorMovement.png"},"match":"move cursor up  Poruszanie kursorem gk"},{"title":"Skocz do góry ekranu","subtitle":"Poruszanie kursorem ⎯  H","arg":["key code 53//keystroke \"H\"","skocz do góry ekranu","H"],"icon":{"type":"file","path":"img/cursorMovement.png"},"match":"move to top of screen Poruszanie kursorem H"},{"title":"Skocz do połowy ekranu","subtitle":"Poruszanie kursorem ⎯  M","arg":["key code 53//keystroke \"M\"","skocz do połowy ekranu","M"],"icon":{"type":"file","path":"img/cursorMovement.png"},"match":"move to middle of screen Poruszanie kursorem M"},{"title":"Skocz do dołu ekranu","subtitle":"Poruszanie kursorem ⎯  L","arg":["key code 53//keystroke \"L\"","skocz do dołu ekranu","L"],"icon":{"type":"file","path":"img/cursorMovement.png"},"match":"move to bottom of screen Poruszanie kursorem L"},{"title":"Skocz na początek następnego wyrazu","subtitle":"Poruszanie kursorem ⎯  w","arg":["key code 53//keystroke \"w\"","skocz na początek następnego wyrazu","w"],"icon":{"type":"file","path":"img/cursorMovement.png"},"match":"jump forwards to the start of a word Poruszanie kursorem w"},{"title":"Skocz na początek następnego wyrazu ","subtitle":"Poruszanie kursorem ⎯  W","arg":["key code 53//keystroke \"W\"","skocz na początek następnego wyrazu ","W"],"icon":{"type":"file","path":"img/cursorMovement.png"},"match":"jump forwards to the start of a word  Poruszanie kursorem W"},{"title":"Skocz na koniec bieżącego wyrazu","subtitle":"Poruszanie kursorem ⎯  e","arg":["key code 53//keystroke \"e\"","skocz na koniec bieżącego wyrazu","e"],"icon":{"type":"file","path":"img/cursorMovement.png"},"match":"jump forwards to the end of a word Poruszanie kursorem e"},{"title":"Skocz na koniec bieżącego wyrazu ","subtitle":"Poruszanie kursorem ⎯  E","arg":["key code 53//keystroke \"E\"","skocz na koniec bieżącego wyrazu ","E"],"icon":{"type":"file","path":"img/cursorMovement.png"},"match":"jump forwards to the end of a word  Poruszanie kursorem E"},{"title":"Skocz na początek bieżącego wyrazu","subtitle":"Poruszanie kursorem ⎯  b","arg":["key code 53//keystroke \"b\"","skocz na początek bieżącego wyrazu","b"],"icon":{"type":"file","path":"img/cursorMovement.png"},"match":"jump backwards to the start of a word Poruszanie kursorem b"},{"title":"Skocz na początek bieżącego wyrazu ","subtitle":"Poruszanie kursorem ⎯  B","arg":["key code 53//keystroke \"B\"","skocz na początek bieżącego wyrazu ","B"],"icon":{"type":"file","path":"img/cursorMovement.png"},"match":"jump backwards to the start of a word  Poruszanie kursorem B"},{"title":"Skocz wstecz do końca słowa","subtitle":"Poruszanie kursorem ⎯  ge","arg":["key code 53//keystroke \"ge\"","skocz wstecz do końca słowa","ge"],"icon":{"type":"file","path":"img/cursorMovement.png"},"match":"jump backwards to the end of a word Poruszanie kursorem ge"},{"title":"Skocz wstecz do końca słowa ","subtitle":"Poruszanie kursorem ⎯  gE","arg":["key code 53//keystroke \"gE\"","skocz wstecz do końca słowa ","gE"],"icon":{"type":"file","path":"img/cursorMovement.png"},"match":"jump backwards to the end of a word  Poruszanie kursorem gE"},{"title":"Przesuń do pasującego znaku ","subtitle":"Poruszanie kursorem ⎯  %","arg":["key code 53//keystroke \"%\"","przesuń do pasującego znaku ","%"],"icon":{"type":"file","path":"img/cursorMovement.png"},"match":"move to matching character  Poruszanie kursorem %"},{"title":"Skocz na początek linii","subtitle":"Poruszanie kursorem ⎯  0","arg":["key code 53//keystroke \"0\"","skocz na początek linii","0"],"icon":{"type":"file","path":"img/cursorMovement.png"},"match":"jump to the start of the line Poruszanie kursorem 0"},{"title":"Przesuń kursor na pierwszy niepusty znak","subtitle":"Poruszanie kursorem ⎯  ^","arg":["key code 53//keystroke \"^\"","przesuń kursor na pierwszy niepusty znak","^"],"icon":{"type":"file","path":"img/cursorMovement.png"},"match":"jump to the first non-blank character of the line Poruszanie kursorem ^"},{"title":"Skocz na koniec wiersza","subtitle":"Poruszanie kursorem ⎯  $","arg":["key code 53//keystroke \"$\"","skocz na koniec wiersza","$"],"icon":{"type":"file","path":"img/cursorMovement.png"},"match":"jump to the end of the line Poruszanie kursorem $"},{"title":"Skocz do ostatniego niepustego znaku na końcu wiersza","subtitle":"Poruszanie kursorem ⎯  g_","arg":["key code 53//keystroke \"g_\"","skocz do ostatniego niepustego znaku na końcu wiersza","g_"],"icon":{"type":"file","path":"img/cursorMovement.png"},"match":"jump to the last non-blank character of the line Poruszanie kursorem g_"},{"title":"Skocz do pierwszego wiersza w pliku","subtitle":"Poruszanie kursorem ⎯  gg","arg":["key code 53//keystroke \"gg\"","skocz do pierwszego wiersza w pliku","gg"],"icon":{"type":"file","path":"img/cursorMovement.png"},"match":"go to the first line of the document Poruszanie kursorem gg"},{"title":"Skocz do ostatniego wiersza w pliku","subtitle":"Poruszanie kursorem ⎯  G","arg":["key code 53//keystroke \"G\"","skocz do ostatniego wiersza w pliku","G"],"icon":{"type":"file","path":"img/cursorMovement.png"},"match":"go to the last line of the document Poruszanie kursorem G"},{"title":"Skocz do linii 5","subtitle":"Poruszanie kursorem ⎯  5gg or 5G","arg":["key code 53//keystroke \"5gg\"","skocz do linii 5","5gg or 5G"],"icon":{"type":"file","path":"img/cursorMovement.png"},"match":"go to line 5 Poruszanie kursorem 5gg or 5G"},{"title":"Skocz do deklaracji lokalnej","subtitle":"Poruszanie kursorem ⎯  gd","arg":["key code 53//keystroke \"gd\"","skocz do deklaracji lokalnej","gd"],"icon":{"type":"file","path":"img/cursorMovement.png"},"match":"move to local declaration Poruszanie kursorem gd"},{"title":"Skocz do deklaracji globalnej","subtitle":"Poruszanie kursorem ⎯  gD","arg":["key code 53//keystroke \"gD\"","skocz do deklaracji globalnej","gD"],"icon":{"type":"file","path":"img/cursorMovement.png"},"match":"move to global declaration Poruszanie kursorem gD"},{"title":"Przesuń kursor na pierwszy znaleziony znak 'x'","subtitle":"Poruszanie kursorem ⎯  fx","arg":["key code 53//keystroke \"fx\"","przesuń kursor na pierwszy znaleziony znak 'x'","fx"],"icon":{"type":"file","path":"img/cursorMovement.png"},"match":"jump to next occurrence of character x Poruszanie kursorem fx"},{"title":"Przesuń kursor przed pierwszy znaleziony znak 'x'","subtitle":"Poruszanie kursorem ⎯  tx","arg":["key code 53//keystroke \"tx\"","przesuń kursor przed pierwszy znaleziony znak 'x'","tx"],"icon":{"type":"file","path":"img/cursorMovement.png"},"match":"jump to before next occurrence of character x Poruszanie kursorem tx"},{"title":"Skocz do poprzedniego wystąpienia znaku x","subtitle":"Poruszanie kursorem ⎯  Fx","arg":["key code 53//keystroke \"Fx\"","skocz do poprzedniego wystąpienia znaku x","Fx"],"icon":{"type":"file","path":"img/cursorMovement.png"},"match":"jump to the previous occurrence of character x Poruszanie kursorem Fx"},{"title":"Skocz do lokalizacji po ostatnim wystąpieniu znaku x","subtitle":"Poruszanie kursorem ⎯  Tx","arg":["key code 53//keystroke \"Tx\"","skocz do lokalizacji po ostatnim wystąpieniu znaku x","Tx"],"icon":{"type":"file","path":"img/cursorMovement.png"},"match":"jump to after previous occurrence of character x Poruszanie kursorem Tx"},{"title":"Powtórz poprzednie ruchy f, t, f lub t","subtitle":"Poruszanie kursorem ⎯  ;","arg":["key code 53//keystroke \";\"","powtórz poprzednie ruchy f, t, F lub T",";"],"icon":{"type":"file","path":"img/cursorMovement.png"},"match":"repeat previous f, t, F or T movement Poruszanie kursorem ;"},{"title":"Powtórz poprzednie ruchy f, t, f lub t wstecz","subtitle":"Poruszanie kursorem ⎯  ,","arg":["key code 53//keystroke \",\"","powtórz poprzednie ruchy f, t, F lub T wstecz",","],"icon":{"type":"file","path":"img/cursorMovement.png"},"match":"repeat previous f, t, F or T movement, backwards Poruszanie kursorem ,"},{"title":"Skocz do następnego paragrafu ","subtitle":"Poruszanie kursorem ⎯  }","arg":["key code 53//keystroke \"}\"","skocz do następnego paragrafu ","}"],"icon":{"type":"file","path":"img/cursorMovement.png"},"match":"jump to next paragraph  Poruszanie kursorem }"},{"title":"Skocz do poprzedniego paragrafu ","subtitle":"Poruszanie kursorem ⎯  {","arg":["key code 53//keystroke \"{\"","skocz do poprzedniego paragrafu ","{"],"icon":{"type":"file","path":"img/cursorMovement.png"},"match":"jump to previous paragraph  Poruszanie kursorem {"},{"title":"Wyśrodkuj kursor na ekranie","subtitle":"Poruszanie kursorem ⎯  zz","arg":["key code 53//keystroke \"zz\"","wyśrodkuj kursor na ekranie","zz"],"icon":{"type":"file","path":"img/cursorMovement.png"},"match":"center cursor on screen Poruszanie kursorem zz"},{"title":"Przesuń ekran o jedną linię w dół ","subtitle":"Poruszanie kursorem ⎯  Ctrl+e","arg":["key code 53//keystroke \"e\" using control down","przesuń ekran o jedną linię w dół ","Ctrl+e"],"icon":{"type":"file","path":"img/cursorMovement.png"},"match":"move screen down one line  Poruszanie kursorem Ctrl+e"},{"title":"Przesuń ekran o jedną linię w górę ","subtitle":"Poruszanie kursorem ⎯  Ctrl+y","arg":["key code 53//keystroke \"y\" using control down","przesuń ekran o jedną linię w górę ","Ctrl+y"],"icon":{"type":"file","path":"img/cursorMovement.png"},"match":"move screen up one line  Poruszanie kursorem Ctrl+y"},{"title":"Przesuń ekran o całą jego wysokość w górę","subtitle":"Poruszanie kursorem ⎯  Ctrl+b","arg":["key code 53//keystroke \"b\" using control down","przesuń ekran o całą jego wysokość w górę","Ctrl+b"],"icon":{"type":"file","path":"img/cursorMovement.png"},"match":"move back one full screen Poruszanie kursorem Ctrl+b"},{"title":"Przesuń ekran o całą jego wysokość w dół","subtitle":"Poruszanie kursorem ⎯  Ctrl+f","arg":["key code 53//keystroke \"f\" using control down","przesuń ekran o całą jego wysokość w dół","Ctrl+f"],"icon":{"type":"file","path":"img/cursorMovement.png"},"match":"move forward one full screen Poruszanie kursorem Ctrl+f"},{"title":"Przesuń ekran o połowę tekstu w górę","subtitle":"Poruszanie kursorem ⎯  Ctrl+u","arg":["key code 53//keystroke \"u\" using control down","przesuń ekran o połowę tekstu w górę","Ctrl+u"],"icon":{"type":"file","path":"img/cursorMovement.png"},"match":"move back 1/2 a screen Poruszanie kursorem Ctrl+u"},{"title":"Przesuń ekran o połowę tekstu w dół","subtitle":"Poruszanie kursorem ⎯  Ctrl+d","arg":["key code 53//keystroke \"d\" using control down","przesuń ekran o połowę tekstu w dół","Ctrl+d"],"icon":{"type":"file","path":"img/cursorMovement.png"},"match":"move forward 1/2 a screen Poruszanie kursorem Ctrl+d"},{"title":"Wstaw przed kursorem","subtitle":"Tryb wprowadzania tekstu ⎯  i","arg":["key code 53//keystroke \"i\"","wstaw przed kursorem","i"],"icon":{"type":"file","path":"img/insertMode.png"},"match":"insert before the cursor Tryb wprowadzania tekstu i"},{"title":"Wstaw na początku wiersza","subtitle":"Tryb wprowadzania tekstu ⎯  I","arg":["key code 53//keystroke \"I\"","wstaw na początku wiersza","I"],"icon":{"type":"file","path":"img/insertMode.png"},"match":"insert at the beginning of the line Tryb wprowadzania tekstu I"},{"title":"Wstaw za kursorem","subtitle":"Tryb wprowadzania tekstu ⎯  a","arg":["key code 53//keystroke \"a\"","wstaw za kursorem","a"],"icon":{"type":"file","path":"img/insertMode.png"},"match":"insert  after the cursor Tryb wprowadzania tekstu a"},{"title":"Przesuń kursor na koniec wiersza i wprowadź tekst od tej pozycji","subtitle":"Tryb wprowadzania tekstu ⎯  A","arg":["key code 53//keystroke \"A\"","przesuń kursor na koniec wiersza i wprowadź tekst od tej pozycji","A"],"icon":{"type":"file","path":"img/insertMode.png"},"match":"insert  at the end of the line Tryb wprowadzania tekstu A"},{"title":"Utwórz nowy wiersz poniżej bieżącego i wprowadź tekst","subtitle":"Tryb wprowadzania tekstu ⎯  o","arg":["key code 53//keystroke \"o\"","utwórz nowy wiersz poniżej bieżącego i wprowadź tekst","o"],"icon":{"type":"file","path":"img/insertMode.png"},"match":"append  a new line below the current line Tryb wprowadzania tekstu o"},{"title":"Utwórz nowy wiersz powyżej bieżącego i wprowadź tekst","subtitle":"Tryb wprowadzania tekstu ⎯  O","arg":["key code 53//keystroke \"O\"","utwórz nowy wiersz powyżej bieżącego i wprowadź tekst","O"],"icon":{"type":"file","path":"img/insertMode.png"},"match":"append  a new line above the current line Tryb wprowadzania tekstu O"},{"title":"Wstaw na końcu wyrazu","subtitle":"Tryb wprowadzania tekstu ⎯  ea","arg":["key code 53//keystroke \"ea\"","wstaw na końcu wyrazu","ea"],"icon":{"type":"file","path":"img/insertMode.png"},"match":"insert  at the end of the word Tryb wprowadzania tekstu ea"},{"title":"Delete the character before the cursor during insert mode","subtitle":"Tryb wprowadzania tekstu ⎯  Ctrl+h","arg":["keystroke \"h\" using control down","delete the character before the cursor during insert mode","Ctrl+h"],"icon":{"type":"file","path":"img/insertMode.png"},"match":"delete the character before the cursor during insert mode Tryb wprowadzania tekstu Ctrl+h"},{"title":"Delete word before the cursor during insert mode","subtitle":"Tryb wprowadzania tekstu ⎯  Ctrl+w","arg":["keystroke \"w\" using control down","delete word before the cursor during insert mode","Ctrl+w"],"icon":{"type":"file","path":"img/insertMode.png"},"match":"delete word before the cursor during insert mode Tryb wprowadzania tekstu Ctrl+w"},{"title":"Begin new line during insert mode","subtitle":"Tryb wprowadzania tekstu ⎯  Ctrl+j","arg":["keystroke \"j\" using control down","begin new line during insert mode","Ctrl+j"],"icon":{"type":"file","path":"img/insertMode.png"},"match":"begin new line during insert mode Tryb wprowadzania tekstu Ctrl+j"},{"title":"Zwiększ wcięcie  linię o jedną szerokość wcięcia w trybie edycji","subtitle":"Tryb wprowadzania tekstu ⎯  Ctrl+t","arg":["keystroke \"t\" using control down","zwiększ wcięcie  linię o jedną szerokość wcięcia w trybie edycji","Ctrl+t"],"icon":{"type":"file","path":"img/insertMode.png"},"match":"indent  line one shiftwidth during insert mode Tryb wprowadzania tekstu Ctrl+t"},{"title":"Zmniejsz wcięcie  linię o jedną szerokość wcięcia w trybie edycji","subtitle":"Tryb wprowadzania tekstu ⎯  Ctrl+d","arg":["keystroke \"d\" using control down","zmniejsz wcięcie  linię o jedną szerokość wcięcia w trybie edycji","Ctrl+d"],"icon":{"type":"file","path":"img/insertMode.png"},"match":"de-indent  line one shiftwidth during insert mode Tryb wprowadzania tekstu Ctrl+d"},{"title":"Insert  next match before the cursor during insert mode","subtitle":"Tryb wprowadzania tekstu ⎯  Ctrl+n","arg":["keystroke \"n\" using control down","insert  next match before the cursor during insert mode","Ctrl+n"],"icon":{"type":"file","path":"img/insertMode.png"},"match":"insert  next match before the cursor during insert mode Tryb wprowadzania tekstu Ctrl+n"},{"title":"Insert  previous match before the cursor during insert mode","subtitle":"Tryb wprowadzania tekstu ⎯  Ctrl+p","arg":["keystroke \"p\" using control down","insert  previous match before the cursor during insert mode","Ctrl+p"],"icon":{"type":"file","path":"img/insertMode.png"},"match":"insert  previous match before the cursor during insert mode Tryb wprowadzania tekstu Ctrl+p"},{"title":"Wstaw zawartość rejestru x","subtitle":"Tryb wprowadzania tekstu ⎯  Ctrl+r x","arg":["keystroke \"r\" using control down//keystroke \"x\"","wstaw zawartość rejestru x","Ctrl+r x"],"icon":{"type":"file","path":"img/insertMode.png"},"match":"insert the contents of register x Tryb wprowadzania tekstu Ctrl+r x"},{"title":"Temporarily enter normal mode to issue one normal-mode command x.","subtitle":"Tryb wprowadzania tekstu ⎯  Ctrl+o x","arg":["keystroke \"o\" using control down//keystroke \"x\"","Temporarily enter normal mode to issue one normal-mode command x.","Ctrl+o x"],"icon":{"type":"file","path":"img/insertMode.png"},"match":"Temporarily enter normal mode to issue one normal-mode command x. Tryb wprowadzania tekstu Ctrl+o x"},{"title":"Wyjdź z trybu wstawiania","subtitle":"Tryb wprowadzania tekstu ⎯  Esc","arg":["key code 53","wyjdź z trybu wstawiania","Esc"],"icon":{"type":"file","path":"img/insertMode.png"},"match":"exit insert mode Tryb wprowadzania tekstu Esc"},{"title":"Zamień pojedynczy znak pod kursorem","subtitle":"Edycja ⎯  r","arg":["key code 53//keystroke \"r\"","zamień pojedynczy znak pod kursorem","r"],"icon":{"type":"file","path":"img/editing.png"},"match":"replace a single character. Edycja r"},{"title":"Replace more than one character, until esc is pressed.","subtitle":"Edycja ⎯  R","arg":["key code 53//keystroke \"R\"","replace more than one character, until ESC is pressed.","R"],"icon":{"type":"file","path":"img/editing.png"},"match":"replace more than one character, until ESC is pressed. Edycja R"},{"title":"Połącz wiersze","subtitle":"Edycja ⎯  J","arg":["key code 53//keystroke \"J\"","połącz wiersze","J"],"icon":{"type":"file","path":"img/editing.png"},"match":"join line below to the current one with one space in between Edycja J"},{"title":"Połącz wiersze","subtitle":"Edycja ⎯  gJ","arg":["key code 53//keystroke \"gJ\"","połącz wiersze","gJ"],"icon":{"type":"file","path":"img/editing.png"},"match":"join line below to the current one without space in between Edycja gJ"},{"title":"Reflow paragraph","subtitle":"Edycja ⎯  gwip","arg":["key code 53//keystroke \"gwip\"","reflow paragraph","gwip"],"icon":{"type":"file","path":"img/editing.png"},"match":"reflow paragraph Edycja gwip"},{"title":"Switch case up to motion","subtitle":"Edycja ⎯  g~","arg":["key code 53//keystroke \"g~\"","switch case up to motion","g~"],"icon":{"type":"file","path":"img/editing.png"},"match":"switch case up to motion Edycja g~"},{"title":"Change to lowercase up to motion","subtitle":"Edycja ⎯  gu","arg":["key code 53//keystroke \"gu\"","change to lowercase up to motion","gu"],"icon":{"type":"file","path":"img/editing.png"},"match":"change to lowercase up to motion Edycja gu"},{"title":"Change to uppercase up to motion","subtitle":"Edycja ⎯  gU","arg":["key code 53//keystroke \"gU\"","change to uppercase up to motion","gU"],"icon":{"type":"file","path":"img/editing.png"},"match":"change to uppercase up to motion Edycja gU"},{"title":"Zastąp cały wiersz","subtitle":"Edycja ⎯  cc","arg":["key code 53//keystroke \"cc\"","zastąp cały wiersz","cc"],"icon":{"type":"file","path":"img/editing.png"},"match":"change  entire line Edycja cc"},{"title":"Zastąp na końcu wiersza","subtitle":"Edycja ⎯  c$ or C","arg":["key code 53//keystroke \"g$\"","zastąp na końcu wiersza","c$ or C"],"icon":{"type":"file","path":"img/editing.png"},"match":"change  to the end of the line Edycja c$ or C"},{"title":"Zastąp całe słowo","subtitle":"Edycja ⎯  ciw","arg":["key code 53//keystroke \"ciw\"","zastąp całe słowo","ciw"],"icon":{"type":"file","path":"img/editing.png"},"match":"change  entire word Edycja ciw"},{"title":"Zastąp na końcu wyrazu","subtitle":"Edycja ⎯  cw or ce","arg":["key code 53//keystroke \"cw\"","zastąp na końcu wyrazu","cw or ce"],"icon":{"type":"file","path":"img/editing.png"},"match":"change  to the end of the word Edycja cw or ce"},{"title":"Zastąp znak wskazany przez kursor","subtitle":"Edycja ⎯  s","arg":["key code 53//keystroke \"s\"","zastąp znak wskazany przez kursor","s"],"icon":{"type":"file","path":"img/editing.png"},"match":"delete character and substitute text Edycja s"},{"title":"Zastąp wiersz ","subtitle":"Edycja ⎯  S","arg":["key code 53//keystroke \"S\"","zastąp wiersz ","S"],"icon":{"type":"file","path":"img/editing.png"},"match":"delete line and substitute text  Edycja S"},{"title":"Zastąp dwa znaki ","subtitle":"Edycja ⎯  xp","arg":["key code 53//keystroke \"xp\"","zastąp dwa znaki ","xp"],"icon":{"type":"file","path":"img/editing.png"},"match":"transpose two letters  Edycja xp"},{"title":"Cofnij","subtitle":"Edycja ⎯  u","arg":["key code 53//keystroke \"u\"","cofnij","u"],"icon":{"type":"file","path":"img/editing.png"},"match":"undo Edycja u"},{"title":"Cofnij  ostatnio zmienioną linię","subtitle":"Edycja ⎯  U","arg":["key code 53//keystroke \"U\"","cofnij  ostatnio zmienioną linię","U"],"icon":{"type":"file","path":"img/editing.png"},"match":"restore  last changed line Edycja U"},{"title":"Popraw","subtitle":"Edycja ⎯  Ctrl+r","arg":["key code 53//keystroke \"r\" using control down","popraw","Ctrl+r"],"icon":{"type":"file","path":"img/editing.png"},"match":"redo Edycja Ctrl+r"},{"title":"Powtórz ostatnią komendę","subtitle":"Edycja ⎯  .","arg":["key code 53//keystroke \".\"","powtórz ostatnią komendę","."],"icon":{"type":"file","path":"img/editing.png"},"match":"repeat last command Edycja ."},{"title":"Uruchom tryb wizualny, zaznacz wiersze, potem wykonaj polecenie ","subtitle":"Zaznaczanie tekstu ⎯  v","arg":["key code 53//keystroke \"v\"","uruchom tryb wizualny, zaznacz wiersze, potem wykonaj polecenie ","v"],"icon":{"type":"file","path":"img/markingText.png"},"match":"start visual mode, mark lines, then do a command  Zaznaczanie tekstu v"},{"title":"Uruchom tryb wizualny","subtitle":"Zaznaczanie tekstu ⎯  V","arg":["key code 53//keystroke \"V\"","uruchom tryb wizualny","V"],"icon":{"type":"file","path":"img/markingText.png"},"match":"start linewise visual mode Zaznaczanie tekstu V"},{"title":"Przesuń na koniec zaznaczonej części","subtitle":"Zaznaczanie tekstu ⎯  o","arg":["key code 53//keystroke \"o\"","przesuń na koniec zaznaczonej części","o"],"icon":{"type":"file","path":"img/markingText.png"},"match":"move to other end of marked area Zaznaczanie tekstu o"},{"title":"Uruchom tryb wizualny","subtitle":"Zaznaczanie tekstu ⎯  Ctrl+v","arg":["key code 53//keystroke \"v\" using control down","uruchom tryb wizualny","Ctrl+v"],"icon":{"type":"file","path":"img/markingText.png"},"match":"start visual block mode Zaznaczanie tekstu Ctrl+v"},{"title":"Przesuń do przeciwnego kąta bloku","subtitle":"Zaznaczanie tekstu ⎯  O","arg":["key code 53//keystroke \"O\"","przesuń do przeciwnego kąta bloku","O"],"icon":{"type":"file","path":"img/markingText.png"},"match":"move to other corner of block Zaznaczanie tekstu O"},{"title":"Zaznacz słowo","subtitle":"Zaznaczanie tekstu ⎯  aw","arg":["key code 53//keystroke \"aw\"","zaznacz słowo","aw"],"icon":{"type":"file","path":"img/markingText.png"},"match":"mark a word Zaznaczanie tekstu aw"},{"title":"Blok z ()","subtitle":"Zaznaczanie tekstu ⎯  ab","arg":["key code 53//keystroke \"ab\"","blok z ()","ab"],"icon":{"type":"file","path":"img/markingText.png"},"match":"a block with () Zaznaczanie tekstu ab"},{"title":"Blok z {}","subtitle":"Zaznaczanie tekstu ⎯  aB","arg":["key code 53//keystroke \"aB\"","blok z {}","aB"],"icon":{"type":"file","path":"img/markingText.png"},"match":"a block with {} Zaznaczanie tekstu aB"},{"title":"A block with <> tags","subtitle":"Zaznaczanie tekstu ⎯  at","arg":["key code 53//keystroke \"at\"","a block with <> tags","at"],"icon":{"type":"file","path":"img/markingText.png"},"match":"a block with <> tags Zaznaczanie tekstu at"},{"title":"Wewnętrzny blok z ()","subtitle":"Zaznaczanie tekstu ⎯  ib","arg":["key code 53//keystroke \"ib\"","wewnętrzny blok z ()","ib"],"icon":{"type":"file","path":"img/markingText.png"},"match":"inner block with () Zaznaczanie tekstu ib"},{"title":"Wewnętrzny blok z {}","subtitle":"Zaznaczanie tekstu ⎯  iB","arg":["key code 53//keystroke \"iB\"","wewnętrzny blok z {}","iB"],"icon":{"type":"file","path":"img/markingText.png"},"match":"inner block with {} Zaznaczanie tekstu iB"},{"title":"Inner block with <> tags","subtitle":"Zaznaczanie tekstu ⎯  it","arg":["key code 53//keystroke \"it\"","inner block with <> tags","it"],"icon":{"type":"file","path":"img/markingText.png"},"match":"inner block with <> tags Zaznaczanie tekstu it"},{"title":"Wyjdź z trybu wizualnego","subtitle":"Zaznaczanie tekstu ⎯  Esc","arg":["key code 53//key code 53","wyjdź z trybu wizualnego","Esc"],"icon":{"type":"file","path":"img/markingText.png"},"match":"exit visual mode Zaznaczanie tekstu Esc"},{"title":"Przesuń tekst w prawo","subtitle":"Komendy w trybie wizualnym (Reference only) ⎯  >","arg":["keystroke \">\"","przesuń tekst w prawo",">"],"icon":{"type":"file","path":"img/visualCommands.png"},"match":"shift text right Komendy w trybie wizualnym >"},{"title":"Przesuń tekst w lewo","subtitle":"Komendy w trybie wizualnym (Reference only) ⎯  <","arg":["keystroke \"<\"","przesuń tekst w lewo","<"],"icon":{"type":"file","path":"img/visualCommands.png"},"match":"shift text left Komendy w trybie wizualnym <"},{"title":"Kopiuj zaznaczony tekst","subtitle":"Komendy w trybie wizualnym (Reference only) ⎯  y","arg":["keystroke \"y\"","kopiuj zaznaczony tekst","y"],"icon":{"type":"file","path":"img/visualCommands.png"},"match":"yank  marked text Komendy w trybie wizualnym y"},{"title":"Usuń zaznaczony tekst","subtitle":"Komendy w trybie wizualnym (Reference only) ⎯  d","arg":["keystroke \"d\"","usuń zaznaczony tekst","d"],"icon":{"type":"file","path":"img/visualCommands.png"},"match":"delete marked text Komendy w trybie wizualnym d"},{"title":"Zmień wielkość liter","subtitle":"Komendy w trybie wizualnym (Reference only) ⎯  ~","arg":["keystroke \"~\"","zmień wielkość liter","~"],"icon":{"type":"file","path":"img/visualCommands.png"},"match":"switch case Komendy w trybie wizualnym ~"},{"title":"Zmień zaznaczony tekst na małe litery","subtitle":"Komendy w trybie wizualnym (Reference only) ⎯  u","arg":["keystroke \"u\"","zmień zaznaczony tekst na małe litery","u"],"icon":{"type":"file","path":"img/visualCommands.png"},"match":"change marked text to lowercase Komendy w trybie wizualnym u"},{"title":"Zmień zaznaczony tekst na wielkie litery","subtitle":"Komendy w trybie wizualnym (Reference only) ⎯  U","arg":["keystroke \"U\"","zmień zaznaczony tekst na wielkie litery","U"],"icon":{"type":"file","path":"img/visualCommands.png"},"match":"change marked text to uppercase Komendy w trybie wizualnym U"},{"title":"Pokaż zawartość rejestrów","subtitle":"Rejestry ⎯  :reg[isters]","arg":["key code 53//keystroke \":reg\" & return","pokaż zawartość rejestrów",":reg[isters]"],"icon":{"type":"file","path":"img/registers.png"},"match":"show registers content Rejestry :reg[isters]"},{"title":"Kopiuj do rejestru x","subtitle":"Rejestry ⎯  xy","arg":["key code 53//keystroke \"xy\"","kopiuj do rejestru x","xy"],"icon":{"type":"file","path":"img/registers.png"},"match":"yank into register x Rejestry xy"},{"title":"Wklej zawartość rejestru x","subtitle":"Rejestry ⎯  xp","arg":["key code 53//keystroke \"xp\"","wklej zawartość rejestru x","xp"],"icon":{"type":"file","path":"img/registers.png"},"match":"paste contents of register x Rejestry xp"},{"title":"Yank into the system clipboard register","subtitle":"Rejestry ⎯  +y","arg":["key code 53//keystroke \"+y\"","yank into the system clipboard register","+y"],"icon":{"type":"file","path":"img/registers.png"},"match":"yank into the system clipboard register Rejestry +y"},{"title":"Paste from the system clipboard register","subtitle":"Rejestry ⎯  +p","arg":["key code 53//keystroke \"+p\"","paste from the system clipboard register","+p"],"icon":{"type":"file","path":"img/registers.png"},"match":"paste from the system clipboard register Rejestry +p"},{"title":"Ustaw bieżącą pozycję na oznaczenie a","subtitle":"Oznaczanie ⎯  ma","arg":["key code 53//keystroke \"ma\"","ustaw bieżącą pozycję na oznaczenie A","ma"],"icon":{"type":"file","path":"img/marks.png"},"match":"set current position for mark A Oznaczanie ma"},{"title":"Przeskocz do pozycji oznaczenia a","subtitle":"Oznaczanie ⎯  `a","arg":["key code 53//keystroke \"`a\"","przeskocz do pozycji oznaczenia A","`a"],"icon":{"type":"file","path":"img/marks.png"},"match":"jump to position of mark A Oznaczanie `a"},{"title":"Kopiuj tekst do pozycji oznaczenia a","subtitle":"Oznaczanie ⎯  y`a","arg":["key code 53//keystroke \"y`a\"","kopiuj tekst do pozycji oznaczenia A","y`a"],"icon":{"type":"file","path":"img/marks.png"},"match":"yank text to position of mark A Oznaczanie y`a"},{"title":"Go to the position where vim was previously exited","subtitle":"Oznaczanie ⎯  `0","arg":["key code 53//keystroke \"`0\"","go to the position where Vim was previously exited","`0"],"icon":{"type":"file","path":"img/marks.png"},"match":"go to the position where Vim was previously exited Oznaczanie `0"},{"title":"Go to the position when last editing this file","subtitle":"Oznaczanie ⎯  `\"","arg":["key code 53//keystroke \"`\\\"\"","go to the position when last editing this file","`\""],"icon":{"type":"file","path":"img/marks.png"},"match":"go to the position when last editing this file Oznaczanie `\""},{"title":"Go to the position of the last change in this file","subtitle":"Oznaczanie ⎯  `.","arg":["key code 53//keystroke \"`.\"","go to the position of the last change in this file","`."],"icon":{"type":"file","path":"img/marks.png"},"match":"go to the position of the last change in this file Oznaczanie `."},{"title":"Go to the position before the last jump","subtitle":"Oznaczanie ⎯  ``","arg":["key code 53//keystroke \"``\"","go to the position before the last jump","``"],"icon":{"type":"file","path":"img/marks.png"},"match":"go to the position before the last jump Oznaczanie ``"},{"title":"Lista skoków","subtitle":"Oznaczanie ⎯  :ju[mps]","arg":["key code 53//keystroke \":ju\" & return","lista skoków",":ju[mps]"],"icon":{"type":"file","path":"img/marks.png"},"match":"list of jumps Oznaczanie :ju[mps]"},{"title":"Go to newer position in jump list","subtitle":"Oznaczanie ⎯  Ctrl+i","arg":["key code 53//keystroke \"i\" using control down","go to newer position in jump list","Ctrl+i"],"icon":{"type":"file","path":"img/marks.png"},"match":"go to newer position in jump list Oznaczanie Ctrl+i"},{"title":"Go to older position in jump list","subtitle":"Oznaczanie ⎯  Ctrl+o","arg":["key code 53//keystroke \"o\" using control down","go to older position in jump list","Ctrl+o"],"icon":{"type":"file","path":"img/marks.png"},"match":"go to older position in jump list Oznaczanie Ctrl+o"},{"title":"List of changes","subtitle":"Oznaczanie ⎯  :changes","arg":["key code 53//keystroke \":changes\" & return","list of changes",":changes"],"icon":{"type":"file","path":"img/marks.png"},"match":"list of changes Oznaczanie :changes"},{"title":"Go to newer position in change list","subtitle":"Oznaczanie ⎯  g,","arg":["key code 53//keystroke \"g,\"","go to newer position in change list","g,"],"icon":{"type":"file","path":"img/marks.png"},"match":"go to newer position in change list Oznaczanie g,"},{"title":"Go to older position in change list","subtitle":"Oznaczanie ⎯  g;","arg":["key code 53//keystroke \"g;\"","go to older position in change list","g;"],"icon":{"type":"file","path":"img/marks.png"},"match":"go to older position in change list Oznaczanie g;"},{"title":"Jump to the tag under cursor","subtitle":"Oznaczanie ⎯  Ctrl+]","arg":["key code 53//keystroke \"]\" using control down","jump to the tag under cursor","Ctrl+]"],"icon":{"type":"file","path":"img/marks.png"},"match":"jump to the tag under cursor Oznaczanie Ctrl+]"},{"title":"Go to file in cursor","subtitle":"Oznaczanie ⎯  gf","arg":["key code 53//keystroke \"gf\"","Go to file in cursor","gf"],"icon":{"type":"file","path":"img/marks.png"},"match":"Go to file in cursor Oznaczanie gf"},{"title":"Nagraj makro a","subtitle":"Makra ⎯  qa","arg":["key code 53//keystroke \"qa\"","nagraj makro A","qa"],"icon":{"type":"file","path":"img/macros.png"},"match":"record macro a Makra qa"},{"title":"Przerwij nagrywanie makra","subtitle":"Makra ⎯  q","arg":["key code 53//keystroke \"q\"","przerwij nagrywanie makra","q"],"icon":{"type":"file","path":"img/macros.png"},"match":"stop recording macro Makra q"},{"title":"Odtwórz makro a","subtitle":"Makra ⎯  @a","arg":["key code 53//keystroke \"@a\"","odtwórz makro A","@a"],"icon":{"type":"file","path":"img/macros.png"},"match":"run macro a Makra @a"},{"title":"Powtórz ostatnio odtworzone makro","subtitle":"Makra ⎯  @@","arg":["key code 53//keystroke \"@@\"","powtórz ostatnio odtworzone makro","@@"],"icon":{"type":"file","path":"img/macros.png"},"match":"rerun last run macro Makra @@"},{"title":"Kopiuj wiersz","subtitle":"Wytnij i wklej ⎯  yy","arg":["key code 53//keystroke \"yy\"","kopiuj wiersz","yy"],"icon":{"type":"file","path":"img/cutAndPaste.png"},"match":"yank  a line Wytnij i wklej yy"},{"title":"Kopiuj dwa wiersze","subtitle":"Wytnij i wklej ⎯  2yy","arg":["key code 53//keystroke \"2yy\"","kopiuj dwa wiersze","2yy"],"icon":{"type":"file","path":"img/cutAndPaste.png"},"match":"yank  2 lines Wytnij i wklej 2yy"},{"title":"Kopiuj litery wyrazu od miejsca, gdzie znajduje się kursor, na początek następnego słowa","subtitle":"Wytnij i wklej ⎯  yw","arg":["key code 53//keystroke \"yw\"","kopiuj litery wyrazu od miejsca, gdzie znajduje się kursor, na początek następnego słowa","yw"],"icon":{"type":"file","path":"img/cutAndPaste.png"},"match":"yank  the characters of the word from the cursor position to the start of the next word Wytnij i wklej yw"},{"title":"Kopiuj wyraz pod kursorem","subtitle":"Wytnij i wklej ⎯  yiw","arg":["key code 53//keystroke \"yiw\"","kopiuj wyraz pod kursorem","yiw"],"icon":{"type":"file","path":"img/cutAndPaste.png"},"match":"yank  word under the cursor Wytnij i wklej yiw"},{"title":"Kopiuj wyraz pod kursorem i spacje przed lub za tym wyrazem","subtitle":"Wytnij i wklej ⎯  yaw","arg":["key code 53//keystroke \"yaw\"","kopiuj wyraz pod kursorem i spacje przed lub za tym wyrazem","yaw"],"icon":{"type":"file","path":"img/cutAndPaste.png"},"match":"yank  word under the cursor and the space after or before it Wytnij i wklej yaw"},{"title":"Kopiuj na koniec wiersza","subtitle":"Wytnij i wklej ⎯  y$","arg":["key code 53//keystroke \"y$\"","kopiuj na koniec wiersza","y$"],"icon":{"type":"file","path":"img/cutAndPaste.png"},"match":"yank  to end of line Wytnij i wklej y$"},{"title":"Wklej zawartość schowka za kursorem","subtitle":"Wytnij i wklej ⎯  p","arg":["key code 53//keystroke \"p\"","wklej zawartość schowka za kursorem","p"],"icon":{"type":"file","path":"img/cutAndPaste.png"},"match":"put  the clipboard after cursor Wytnij i wklej p"},{"title":"Wklej przed kursorem","subtitle":"Wytnij i wklej ⎯  P","arg":["key code 53//keystroke \"P\"","wklej przed kursorem","P"],"icon":{"type":"file","path":"img/cutAndPaste.png"},"match":"put  before cursor Wytnij i wklej P"},{"title":"Wklej zawartość schowka za kursorem i postaw kursor za wklejonym tekstem","subtitle":"Wytnij i wklej ⎯  gp","arg":["key code 53//keystroke \"gp\"","wklej zawartość schowka za kursorem i postaw kursor za wklejonym tekstem","gp"],"icon":{"type":"file","path":"img/cutAndPaste.png"},"match":"put  the clipboard after cursor and leave cursor after the new text Wytnij i wklej gp"},{"title":"Wklej przed kursorem i postaw kursor za wklejonym tekstem","subtitle":"Wytnij i wklej ⎯  gP","arg":["key code 53//keystroke \"gP\"","wklej przed kursorem i postaw kursor za wklejonym tekstem","gP"],"icon":{"type":"file","path":"img/cutAndPaste.png"},"match":"put  before cursor and leave cursor after the new text Wytnij i wklej gP"},{"title":"Kasuj wiersz","subtitle":"Wytnij i wklej ⎯  dd","arg":["key code 53//keystroke \"dd\"","kasuj wiersz","dd"],"icon":{"type":"file","path":"img/cutAndPaste.png"},"match":"delete  a line Wytnij i wklej dd"},{"title":"Kasuj dwa wiersze","subtitle":"Wytnij i wklej ⎯  2dd","arg":["key code 53//keystroke \"2dd\"","kasuj dwa wiersze","2dd"],"icon":{"type":"file","path":"img/cutAndPaste.png"},"match":"delete  2 lines Wytnij i wklej 2dd"},{"title":"Kasuj litery wyrazu od miejsca, gdzie znajduje się kursor, na początek następnego słowa","subtitle":"Wytnij i wklej ⎯  dw","arg":["key code 53//keystroke \"dw\"","kasuj litery wyrazu od miejsca, gdzie znajduje się kursor, na początek następnego słowa","dw"],"icon":{"type":"file","path":"img/cutAndPaste.png"},"match":"delete  the characters of the word from the cursor position to the start of the next word Wytnij i wklej dw"},{"title":"Kasuj wyraz pod kursorem","subtitle":"Wytnij i wklej ⎯  diw","arg":["key code 53//keystroke \"diw\"","kasuj wyraz pod kursorem","diw"],"icon":{"type":"file","path":"img/cutAndPaste.png"},"match":"delete  word under the cursor Wytnij i wklej diw"},{"title":"Kopiuj wyraz pod kursorem i spację przed wyrazem lub za nim","subtitle":"Wytnij i wklej ⎯  daw","arg":["key code 53//keystroke \"daw\"","kopiuj wyraz pod kursorem i spację przed wyrazem lub za nim","daw"],"icon":{"type":"file","path":"img/cutAndPaste.png"},"match":"delete  word under the cursor and the space after or before it Wytnij i wklej daw"},{"title":"Kasuj na końcu wiersza","subtitle":"Wytnij i wklej ⎯  d$ or D","arg":["key code 53//keystroke \"d$\"","kasuj na końcu wiersza","d$ or D"],"icon":{"type":"file","path":"img/cutAndPaste.png"},"match":"delete  to the end of the line Wytnij i wklej d$ or D"},{"title":"Usuń znak","subtitle":"Wytnij i wklej ⎯  x","arg":["key code 53//keystroke \"x\"","usuń znak","x"],"icon":{"type":"file","path":"img/cutAndPaste.png"},"match":"delete  character Wytnij i wklej x"},{"title":"Zwiększ wcięcie  o jedną szerokość wcięcia","subtitle":"Indent text ⎯  >>","arg":["key code 53//keystroke \">>\"","zwiększ wcięcie  o jedną szerokość wcięcia",">>"],"icon":{"type":"file","path":"img/indentText.png"},"match":"indent  line one shiftwidth Indent text >>"},{"title":"Zmniejsz wcięcie  o jedną szerokość wcięcia","subtitle":"Indent text ⎯  <<","arg":["key code 53//keystroke \"<<\"","zmniejsz wcięcie  o jedną szerokość wcięcia","<<"],"icon":{"type":"file","path":"img/indentText.png"},"match":"de-indent  line one shiftwidth Indent text <<"},{"title":"Zwiększ więcie bloku ograniczonego () lub {} ","subtitle":"Indent text ⎯  >%","arg":["key code 53//keystroke \">%\"","zwiększ więcie bloku ograniczonego () lub {} ",">%"],"icon":{"type":"file","path":"img/indentText.png"},"match":"indent a block with () or {}  Indent text >%"},{"title":"Indent inner block with ()","subtitle":"Indent text ⎯  >ib","arg":["key code 53//keystroke \">ib\"","indent inner block with ()",">ib"],"icon":{"type":"file","path":"img/indentText.png"},"match":"indent inner block with () Indent text >ib"},{"title":"Indent a block with <> tags","subtitle":"Indent text ⎯  >at","arg":["key code 53//keystroke \">at\"","indent a block with <> tags",">at"],"icon":{"type":"file","path":"img/indentText.png"},"match":"indent a block with <> tags Indent text >at"},{"title":"Re-indent 3 lines","subtitle":"Indent text ⎯  3==","arg":["key code 53//keystroke \"3==\"","re-indent 3 lines","3=="],"icon":{"type":"file","path":"img/indentText.png"},"match":"re-indent 3 lines Indent text 3=="},{"title":"Re-indent a block with () or {} ","subtitle":"Indent text ⎯  =%","arg":["key code 53//keystroke \"=%\"","re-indent a block with () or {} ","=%"],"icon":{"type":"file","path":"img/indentText.png"},"match":"re-indent a block with () or {}  Indent text =%"},{"title":"","subtitle":"Indent text ⎯  =iB","arg":["key code 53//keystroke \"iB\"",null,"=iB"],"icon":{"type":"file","path":"img/indentText.png"},"match":" Indent text =iB"},{"title":"Re-indent entire buffer","subtitle":"Indent text ⎯  gg=G","arg":["key code 53//keystroke \"gg=G\"","re-indent entire buffer","gg=G"],"icon":{"type":"file","path":"img/indentText.png"},"match":"re-indent entire buffer Indent text gg=G"},{"title":"Paste and adjust indent to current line","subtitle":"Indent text ⎯  ]p","arg":["key code 53//keystroke \"]p\"","paste and adjust indent to current line","]p"],"icon":{"type":"file","path":"img/indentText.png"},"match":"paste and adjust indent to current line Indent text ]p"},{"title":"Zapisz plik, ale nie wychodź","subtitle":"Wychodzenie ⎯  :w","arg":["key code 53//keystroke \":w\" & return","zapisz plik, ale nie wychodź",":w"],"icon":{"type":"file","path":"img/exiting.png"},"match":"write  the file, but don't exit Wychodzenie :w"},{"title":"Zapisz plik używając sudo","subtitle":"Wychodzenie ⎯  :w !sudo tee %","arg":["key code 53//keystroke \":w !sudo tee %\"","zapisz plik używając sudo",":w !sudo tee %"],"icon":{"type":"file","path":"img/exiting.png"},"match":"write out the current file using sudo Wychodzenie :w !sudo tee %"},{"title":"Zapisz i wyjdź","subtitle":"Wychodzenie ⎯  :wq or :x or ZZ","arg":["key code 53//keystroke \":wq\" & return","zapisz i wyjdź",":wq or :x or ZZ"],"icon":{"type":"file","path":"img/exiting.png"},"match":"write  and quit Wychodzenie :wq or :x or ZZ"},{"title":"Wyjdź ","subtitle":"Wychodzenie ⎯  :q","arg":["key code 53//keystroke \":q\" & return","wyjdź ",":q"],"icon":{"type":"file","path":"img/exiting.png"},"match":"quit  Wychodzenie :q"},{"title":"Wyjdź i odrzuć niezapisane zmiany","subtitle":"Wychodzenie ⎯  :q! or ZQ","arg":["key code 53//keystroke \":q!\" & return","wyjdź i odrzuć niezapisane zmiany",":q! or ZQ"],"icon":{"type":"file","path":"img/exiting.png"},"match":"quit and throw away unsaved changes Wychodzenie :q! or ZQ"},{"title":"Write  and quit on all tabs","subtitle":"Wychodzenie ⎯  :wqa","arg":["key code 53//keystroke \":wqa\" & return","write  and quit on all tabs",":wqa"],"icon":{"type":"file","path":"img/exiting.png"},"match":"write  and quit on all tabs Wychodzenie :wqa"},{"title":"Szukaj wzoru","subtitle":"Szukaj i zastąp ⎯  /pattern","arg":["key code 53//keystroke \"/pattern\"","szukaj wzoru","/pattern"],"icon":{"type":"file","path":"img/searchAndReplace.png"},"match":"search for pattern Szukaj i zastąp /pattern"},{"title":"Szukaj wzoru wstecz","subtitle":"Szukaj i zastąp ⎯  ?pattern","arg":["key code 53//keystroke \"?pattern\"","szukaj wzoru wstecz","?pattern"],"icon":{"type":"file","path":"img/searchAndReplace.png"},"match":"search backward for pattern Szukaj i zastąp ?pattern"},{"title":"'magiczny' wzór","subtitle":"Szukaj i zastąp ⎯  \\vpattern","arg":["key code 53//keystroke \"\\\\vpattern\"","'magiczny' wzór","\\vpattern"],"icon":{"type":"file","path":"img/searchAndReplace.png"},"match":"'very magic' pattern Szukaj i zastąp \\vpattern"},{"title":"Powtórz szukanie w tym samym kierunku","subtitle":"Szukaj i zastąp ⎯  n","arg":["key code 53//keystroke \"n\"","powtórz szukanie w tym samym kierunku","n"],"icon":{"type":"file","path":"img/searchAndReplace.png"},"match":"repeat search in same direction Szukaj i zastąp n"},{"title":"Powtórz szukanie w przeciwnym kierunku","subtitle":"Szukaj i zastąp ⎯  N","arg":["key code 53//keystroke \"N\"","powtórz szukanie w przeciwnym kierunku","N"],"icon":{"type":"file","path":"img/searchAndReplace.png"},"match":"repeat search in opposite direction Szukaj i zastąp N"},{"title":"Zastąp wszystkie stare z nowymi w całym pliku","subtitle":"Szukaj i zastąp ⎯  :%s/old/new/g","arg":["key code 53//keystroke \":%s/old/new/g\"","zastąp wszystkie stare z nowymi w całym pliku",":%s/old/new/g"],"icon":{"type":"file","path":"img/searchAndReplace.png"},"match":"replace all old with new throughout file Szukaj i zastąp :%s/old/new/g"},{"title":"Zastąp wszystkie stare z nowymi w całym pliku z potwierdzeniem","subtitle":"Szukaj i zastąp ⎯  :%s/old/new/gc","arg":["key code 53//keystroke \":%s/old/new/gc\"","zastąp wszystkie stare z nowymi w całym pliku z potwierdzeniem",":%s/old/new/gc"],"icon":{"type":"file","path":"img/searchAndReplace.png"},"match":"replace all old with new throughout file with confirmations Szukaj i zastąp :%s/old/new/gc"},{"title":"Usuń podświetlone wyniki","subtitle":"Szukaj i zastąp ⎯  :noh[lsearch]","arg":["key code 53//keystroke \":noh[lsearch]\"","usuń podświetlone wyniki",":noh[lsearch]"],"icon":{"type":"file","path":"img/searchAndReplace.png"},"match":"remove highlighting of search matches Szukaj i zastąp :noh[lsearch]"},{"title":"Next whole word under cursor","subtitle":"Szukaj i zastąp ⎯  *","arg":["key code 53//keystroke \"*\"","Next whole word under cursor","*"],"icon":{"type":"file","path":"img/searchAndReplace.png"},"match":"Next whole word under cursor Szukaj i zastąp *"},{"title":"Previous whole word under cursor","subtitle":"Szukaj i zastąp ⎯  #","arg":["key code 53//keystroke \"#\"","Previous whole word under cursor","#"],"icon":{"type":"file","path":"img/searchAndReplace.png"},"match":"Previous whole word under cursor Szukaj i zastąp #"},{"title":"Szukaj wzorca w wielu plikach","subtitle":"Szukaj w wielu plikach równocześnie ⎯  :vim[grep] /pattern/ file","arg":["key code 53//keystroke \":vim[grep]\"//key code 49//keystroke \"/pattern/\"//key code 49//keystroke \"file\"","szukaj wzorca w wielu plikach",":vim[grep] /pattern/ file"],"icon":{"type":"file","path":"img/searchMultipleFiles.png"},"match":"search for pattern in multiple files Szukaj w wielu plikach równocześnie :vim[grep] /pattern/ file"},{"title":"Skocz do następnego dopasowania","subtitle":"Szukaj w wielu plikach równocześnie ⎯  :cn[ext]","arg":["key code 53//keystroke \":cn\" & return","skocz do następnego dopasowania",":cn[ext]"],"icon":{"type":"file","path":"img/searchMultipleFiles.png"},"match":"jump to the next match Szukaj w wielu plikach równocześnie :cn[ext]"},{"title":"Skocz do poprzedniego dopasowania","subtitle":"Szukaj w wielu plikach równocześnie ⎯  :cp[revious]","arg":["key code 53//keystroke \":cp\" & return","skocz do poprzedniego dopasowania",":cp[revious]"],"icon":{"type":"file","path":"img/searchMultipleFiles.png"},"match":"jump to the previous match Szukaj w wielu plikach równocześnie :cp[revious]"},{"title":"Otwórz okno zawierające listę dopasowań","subtitle":"Szukaj w wielu plikach równocześnie ⎯  :cope[n]","arg":["key code 53//keystroke \":cope\" & return","otwórz okno zawierające listę dopasowań",":cope[n]"],"icon":{"type":"file","path":"img/searchMultipleFiles.png"},"match":"open a window containing the list of matches Szukaj w wielu plikach równocześnie :cope[n]"},{"title":"Close the quickfix window","subtitle":"Szukaj w wielu plikach równocześnie ⎯  :ccl[ose]","arg":["key code 53//keystroke \":ccl\" & return","close the quickfix window",":ccl[ose]"],"icon":{"type":"file","path":"img/searchMultipleFiles.png"},"match":"close the quickfix window Szukaj w wielu plikach równocześnie :ccl[ose]"},{"title":"","subtitle":"Szukaj w wielu plikach równocześnie ⎯  colonWa","arg":["key code 53//keystroke \":wa\" & return",null,"colonWa"],"icon":{"type":"file","path":"img/searchMultipleFiles.png"},"match":" Szukaj w wielu plikach równocześnie colonWa"},{"title":"Close the quickfix window","subtitle":"Szukaj w wielu plikach równocześnie ⎯  :ccl[ose]","arg":["key code 53//keystroke \":ccl\" & return","close the quickfix window",":ccl[ose]"],"icon":{"type":"file","path":"img/searchMultipleFiles.png"},"match":"close the quickfix window Szukaj w wielu plikach równocześnie :ccl[ose]"},{"title":"Otwórz plik w nowej karcie","subtitle":"Karty ⎯  :tabnew or :tabnew file","arg":["key code 53//keystroke \":tabnew\"//key code 49//keystroke \"file\" & return","otwórz plik w nowej karcie",":tabnew or :tabnew file"],"icon":{"type":"file","path":"img/tabs.png"},"match":"open a file in a new tab Karty :tabnew or :tabnew file"},{"title":"Przesuń podzielone okno do oddzielnej karty","subtitle":"Karty ⎯  Ctrl+wT","arg":["key code 53//keystroke \"w\" using control down//keystroke \"T\"","przesuń podzielone okno do oddzielnej karty","Ctrl+wT"],"icon":{"type":"file","path":"img/tabs.png"},"match":"move the current split window into its own tab Karty Ctrl+wT"},{"title":"Przesuń do następnej karty","subtitle":"Karty ⎯  gt or :tabn[ext]","arg":["key code 53//keystroke \"gt\"","przesuń do następnej karty","gt or :tabn[ext]"],"icon":{"type":"file","path":"img/tabs.png"},"match":"move to the next tab Karty gt or :tabn[ext]"},{"title":"Przesuń do poprzedniej karty","subtitle":"Karty ⎯  gT or :tabp[revious]","arg":["key code 53//keystroke \"gT\"","przesuń do poprzedniej karty","gT or :tabp[revious]"],"icon":{"type":"file","path":"img/tabs.png"},"match":"move to the previous tab Karty gT or :tabp[revious]"},{"title":"Przesuń do karty numer #","subtitle":"Karty ⎯  #gt","arg":["key code 53//keystroke \"#gt\"","przesuń do karty numer #","#gt"],"icon":{"type":"file","path":"img/tabs.png"},"match":"move to tab number # Karty #gt"},{"title":"Przesuń kartę do pozycji #th ","subtitle":"Karty ⎯  :tabm[ove]","arg":["key code 53//keystroke \":tabm\" & return","przesuń kartę do pozycji #th ",":tabm[ove]"],"icon":{"type":"file","path":"img/tabs.png"},"match":"move current tab to the #th position  Karty :tabm[ove]"},{"title":"Zamknij kartę i wszystkie jej okna","subtitle":"Karty ⎯  :tabc[lose]","arg":["key code 53//keystroke \":tabc\" & return","zamknij kartę i wszystkie jej okna",":tabc[lose]"],"icon":{"type":"file","path":"img/tabs.png"},"match":"close the current tab and all its windows Karty :tabc[lose]"},{"title":"Zamknij wszystkie karty oprócz bieżącej","subtitle":"Karty ⎯  :tabo[nly]","arg":["key code 53//keystroke \":tabo\" & return","zamknij wszystkie karty oprócz bieżącej",":tabo[nly]"],"icon":{"type":"file","path":"img/tabs.png"},"match":"close all tabs except for the current one Karty :tabo[nly]"},{"title":"Wykonaj polecenie we wszystkich kartach ","subtitle":"Karty ⎯  :tabdo command","arg":["key code 53//keystroke \":tabdo\"//key code 49//keystroke \"command\"","wykonaj polecenie we wszystkich kartach ",":tabdo command"],"icon":{"type":"file","path":"img/tabs.png"},"match":"run the command on all tabs  Karty :tabdo command"},{"title":"Edytuj plik w nowym buforze","subtitle":"Praca z wieloma plikami ⎯  :e[dit] file","arg":["key code 53//keystroke \":e\"//key code 49//keystroke \"file\"","edytuj plik w nowym buforze",":e[dit] file"],"icon":{"type":"file","path":"img/workingWithMultipleFiles.png"},"match":"edit a file in a new buffer Praca z wieloma plikami :e[dit] file"},{"title":"Idź do następnego bufora","subtitle":"Praca z wieloma plikami ⎯  :bn[ext]","arg":["key code 53//keystroke \":bn\" & return","idź do następnego bufora",":bn[ext]"],"icon":{"type":"file","path":"img/workingWithMultipleFiles.png"},"match":"go to the next buffer Praca z wieloma plikami :bn[ext]"},{"title":"Wróć do poprzedniego bufora","subtitle":"Praca z wieloma plikami ⎯  :bp[revious]","arg":["key code 53//keystroke \":bp\" & return","wróć do poprzedniego bufora",":bp[revious]"],"icon":{"type":"file","path":"img/workingWithMultipleFiles.png"},"match":"go to the previous buffer Praca z wieloma plikami :bp[revious]"},{"title":"Usuń bufer ","subtitle":"Praca z wieloma plikami ⎯  :bd[elete]","arg":["key code 53//keystroke \":bd\" & return","usuń bufer ",":bd[elete]"],"icon":{"type":"file","path":"img/workingWithMultipleFiles.png"},"match":"delete a buffer  Praca z wieloma plikami :bd[elete]"},{"title":"Go to a buffer by #","subtitle":"Praca z wieloma plikami ⎯  :b[uffer]#","arg":["key code 53//keystroke \":b#\"","go to a buffer by #",":b[uffer]#"],"icon":{"type":"file","path":"img/workingWithMultipleFiles.png"},"match":"go to a buffer by index # Praca z wieloma plikami :b[uffer]#"},{"title":"Go to a buffer by file","subtitle":"Praca z wieloma plikami ⎯  :b[uffer] file","arg":["key code 53//keystroke \":b\"//key code 49//keystroke \"file\"","go to a buffer by file",":b[uffer] file"],"icon":{"type":"file","path":"img/workingWithMultipleFiles.png"},"match":"go to a buffer by file Praca z wieloma plikami :b[uffer] file"},{"title":"Zrób listę wszystkich otwartych buforów","subtitle":"Praca z wieloma plikami ⎯  :ls or :buffers","arg":["key code 53//keystroke \":ls\" & return","zrób listę wszystkich otwartych buforów",":ls or :buffers"],"icon":{"type":"file","path":"img/workingWithMultipleFiles.png"},"match":"list all open buffers Praca z wieloma plikami :ls or :buffers"},{"title":"Otwórz plik w nowym buforze i podziel okno","subtitle":"Praca z wieloma plikami ⎯  :sp[lit] file","arg":["key code 53//keystroke \":sp\"//key code 49//keystroke \"file\"","otwórz plik w nowym buforze i podziel okno",":sp[lit] file"],"icon":{"type":"file","path":"img/workingWithMultipleFiles.png"},"match":"open a file in a new buffer and split window Praca z wieloma plikami :sp[lit] file"},{"title":"Otwórz plik w nowym buforze i podziel okno wertykalnie","subtitle":"Praca z wieloma plikami ⎯  :vs[plit] file","arg":["key code 53//keystroke \":vs\"//key code 49//keystroke \"file\"","otwórz plik w nowym buforze i podziel okno wertykalnie",":vs[plit] file"],"icon":{"type":"file","path":"img/workingWithMultipleFiles.png"},"match":"open a file in a new buffer and vertically split window Praca z wieloma plikami :vs[plit] file"},{"title":"Edit all buffers as vertical windows","subtitle":"Praca z wieloma plikami ⎯  :vert[ical] ba[ll]","arg":["key code 53//keystroke \":vert\"//key code 49//keystroke \"ba\" & return","edit all buffers as vertical windows",":vert[ical] ba[ll]"],"icon":{"type":"file","path":"img/workingWithMultipleFiles.png"},"match":"edit all buffers as vertical windows Praca z wieloma plikami :vert[ical] ba[ll]"},{"title":"Edit all buffers as tabs","subtitle":"Praca z wieloma plikami ⎯  :tab ba[ll]","arg":["key code 53//keystroke \":tab\"//key code 49//keystroke \"ba\" & return","edit all buffers as tabs",":tab ba[ll]"],"icon":{"type":"file","path":"img/workingWithMultipleFiles.png"},"match":"edit all buffers as tabs Praca z wieloma plikami :tab ba[ll]"},{"title":"Podziel okno","subtitle":"Praca z wieloma plikami ⎯  Ctrl+w s","arg":["key code 53//keystroke \"w\" using control down//keystroke \"s\"","podziel okno","Ctrl+w s"],"icon":{"type":"file","path":"img/workingWithMultipleFiles.png"},"match":"split window Praca z wieloma plikami Ctrl+w s"},{"title":"Podziel okno wertykalnie","subtitle":"Praca z wieloma plikami ⎯  Ctrl+w v","arg":["key code 53//keystroke \"w\" using control down//keystroke \"v\"","podziel okno wertykalnie","Ctrl+w v"],"icon":{"type":"file","path":"img/workingWithMultipleFiles.png"},"match":"split window vertically Praca z wieloma plikami Ctrl+w v"},{"title":"Przełącz okno","subtitle":"Praca z wieloma plikami ⎯  Ctrl+w w","arg":["key code 53//keystroke \"w\" using control down//keystroke \"w\"","przełącz okno","Ctrl+w w"],"icon":{"type":"file","path":"img/workingWithMultipleFiles.png"},"match":"switch windows Praca z wieloma plikami Ctrl+w w"},{"title":"Wyjdź z okna","subtitle":"Praca z wieloma plikami ⎯  Ctrl+w q","arg":["key code 53//keystroke \"w\" using control down//keystroke \"q\"","wyjdź z okna","Ctrl+w q"],"icon":{"type":"file","path":"img/workingWithMultipleFiles.png"},"match":"quit a window Praca z wieloma plikami Ctrl+w q"},{"title":"Exchange current window with next one","subtitle":"Praca z wieloma plikami ⎯  Ctrl+w x","arg":["key code 53//keystroke \"w\" using control down//keystroke \"x\"","exchange current window with next one","Ctrl+w x"],"icon":{"type":"file","path":"img/workingWithMultipleFiles.png"},"match":"exchange current window with next one Praca z wieloma plikami Ctrl+w x"},{"title":"Make all windows equal height & width","subtitle":"Praca z wieloma plikami ⎯  Ctrl+w =","arg":["key code 53//keystroke \"w\" using control down//keystroke \"=\"","make all windows equal height & width","Ctrl+w ="],"icon":{"type":"file","path":"img/workingWithMultipleFiles.png"},"match":"make all windows equal height & width Praca z wieloma plikami Ctrl+w ="},{"title":"Przesuń kursor do lewego okna ","subtitle":"Praca z wieloma plikami ⎯  Ctrl+w h","arg":["key code 53//keystroke \"w\" using control down//keystroke \"h\"","przesuń kursor do lewego okna ","Ctrl+w h"],"icon":{"type":"file","path":"img/workingWithMultipleFiles.png"},"match":"move cursor to the left window  Praca z wieloma plikami Ctrl+w h"},{"title":"Przesuń kursor do prawego okna ","subtitle":"Praca z wieloma plikami ⎯  Ctrl+w l","arg":["key code 53//keystroke \"w\" using control down//keystroke \"l\"","przesuń kursor do prawego okna ","Ctrl+w l"],"icon":{"type":"file","path":"img/workingWithMultipleFiles.png"},"match":"move cursor to the right window  Praca z wieloma plikami Ctrl+w l"},{"title":"Przesuń kursor do okna poniżej ","subtitle":"Praca z wieloma plikami ⎯  Ctrl+w j","arg":["key code 53//keystroke \"w\" using control down//keystroke \"j\"","przesuń kursor do okna poniżej ","Ctrl+w j"],"icon":{"type":"file","path":"img/workingWithMultipleFiles.png"},"match":"move cursor to the window below  Praca z wieloma plikami Ctrl+w j"},{"title":"Przesuń kursor do okna powyżej ","subtitle":"Praca z wieloma plikami ⎯  Ctrl+w k","arg":["key code 53//keystroke \"w\" using control down//keystroke \"k\"","przesuń kursor do okna powyżej ","Ctrl+w k"],"icon":{"type":"file","path":"img/workingWithMultipleFiles.png"},"match":"move cursor to the window above  Praca z wieloma plikami Ctrl+w k"},{"title":"Make current window full height at far left ","subtitle":"Praca z wieloma plikami ⎯  Ctrl+w H","arg":["key code 53//keystroke \"w\" using control down//keystroke \"H\"","make current window full height at far left ","Ctrl+w H"],"icon":{"type":"file","path":"img/workingWithMultipleFiles.png"},"match":"make current window full height at far left  Praca z wieloma plikami Ctrl+w H"},{"title":"Make current window full height at far right ","subtitle":"Praca z wieloma plikami ⎯  Ctrl+w L","arg":["key code 53//keystroke \"w\" using control down//keystroke \"L\"","make current window full height at far right ","Ctrl+w L"],"icon":{"type":"file","path":"img/workingWithMultipleFiles.png"},"match":"make current window full height at far right  Praca z wieloma plikami Ctrl+w L"},{"title":"Make current window full width at the very bottom ","subtitle":"Praca z wieloma plikami ⎯  Ctrl+w J","arg":["key code 53//keystroke \"w\" using control down//keystroke \"J\"","make current window full width at the very bottom ","Ctrl+w J"],"icon":{"type":"file","path":"img/workingWithMultipleFiles.png"},"match":"make current window full width at the very bottom  Praca z wieloma plikami Ctrl+w J"},{"title":"Make current window full width at the very top ","subtitle":"Praca z wieloma plikami ⎯  Ctrl+w K","arg":["key code 53//keystroke \"w\" using control down//keystroke \"K\"","make current window full width at the very top ","Ctrl+w K"],"icon":{"type":"file","path":"img/workingWithMultipleFiles.png"},"match":"make current window full width at the very top  Praca z wieloma plikami Ctrl+w K"},{"title":"Manually define a fold up to motion","subtitle":"Diff ⎯  zf","arg":["key code 53//keystroke \"zf\"","manually define a fold up to motion","zf"],"icon":{"type":"file","path":"img/diff.png"},"match":"manually define a fold up to motion Diff zf"},{"title":"Delete fold under the cursor","subtitle":"Diff ⎯  zd","arg":["key code 53//keystroke \"zd\"","delete fold under the cursor","zd"],"icon":{"type":"file","path":"img/diff.png"},"match":"delete fold under the cursor Diff zd"},{"title":"Toggle fold under the cursor","subtitle":"Diff ⎯  za","arg":["key code 53//keystroke \"za\"","toggle fold under the cursor","za"],"icon":{"type":"file","path":"img/diff.png"},"match":"toggle fold under the cursor Diff za"},{"title":"Open fold under the cursor","subtitle":"Diff ⎯  zo","arg":["key code 53//keystroke \"zo\"","open fold under the cursor","zo"],"icon":{"type":"file","path":"img/diff.png"},"match":"open fold under the cursor Diff zo"},{"title":"Close fold under the cursor","subtitle":"Diff ⎯  zc","arg":["key code 53//keystroke \"zc\"","close fold under the cursor","zc"],"icon":{"type":"file","path":"img/diff.png"},"match":"close fold under the cursor Diff zc"},{"title":"Reduce  all folds by one level","subtitle":"Diff ⎯  zr","arg":["key code 53//keystroke \"zr\"","reduce  all folds by one level","zr"],"icon":{"type":"file","path":"img/diff.png"},"match":"reduce  all folds by one level Diff zr"},{"title":"Fold more  all folds by one level","subtitle":"Diff ⎯  zm","arg":["key code 53//keystroke \"zm\"","fold more  all folds by one level","zm"],"icon":{"type":"file","path":"img/diff.png"},"match":"fold more  all folds by one level Diff zm"},{"title":"Toggle folding functionality","subtitle":"Diff ⎯  zi","arg":["key code 53//keystroke \"zi\"","toggle folding functionality","zi"],"icon":{"type":"file","path":"img/diff.png"},"match":"toggle folding functionality Diff zi"},{"title":"Jump to start of next change","subtitle":"Diff ⎯  ]c","arg":["key code 53//keystroke \"]c\"","jump to start of next change","]c"],"icon":{"type":"file","path":"img/diff.png"},"match":"jump to start of next change Diff ]c"},{"title":"Jump to start of previous change","subtitle":"Diff ⎯  [c","arg":["key code 53//keystroke \"[c\"","jump to start of previous change","[c"],"icon":{"type":"file","path":"img/diff.png"},"match":"jump to start of previous change Diff [c"},{"title":"Obtain  difference ","subtitle":"Diff ⎯  do or :diffg[et]","arg":["key code 53//keystroke \"do\"","obtain  difference ","do or :diffg[et]"],"icon":{"type":"file","path":"img/diff.png"},"match":"obtain  difference  Diff do or :diffg[et]"},{"title":"Put difference ","subtitle":"Diff ⎯  dp or :diffpu[t]","arg":["key code 53//keystroke \"dp\"","put difference ","dp or :diffpu[t]"],"icon":{"type":"file","path":"img/diff.png"},"match":"put difference  Diff dp or :diffpu[t]"},{"title":"Make current window part of diff","subtitle":"Diff ⎯  :diffthis","arg":["key code 53//keystroke \":diffthis\" & return","make current window part of diff",":diffthis"],"icon":{"type":"file","path":"img/diff.png"},"match":"make current window part of diff Diff :diffthis"},{"title":"Update differences","subtitle":"Diff ⎯  :dif[fupdate]","arg":["key code 53//keystroke \":dif\" & return","update differences",":dif[fupdate]"],"icon":{"type":"file","path":"img/diff.png"},"match":"update differences Diff :dif[fupdate]"},{"title":"Switch off diff mode for current window","subtitle":"Diff ⎯  :diffo[ff]","arg":["key code 53//keystroke \":diffo\" & return","switch off diff mode for current window",":diffo[ff]"],"icon":{"type":"file","path":"img/diff.png"},"match":"switch off diff mode for current window Diff :diffo[ff]"},{"title":"Turn on us english spell checking","subtitle":"Spell checking ⎯  :set spell spelllang=en_us","arg":["key code 53//keystroke \":set\"//key code 49//keystroke \"spell\"//key code 49//keystroke \"spelllang=en_us\" & return","Turn on US English spell checking",":set spell spelllang=en_us"],"icon":{"type":"file","path":"img/spell.png"},"match":"Turn on US English spell checking Spell checking :set spell spelllang=en_us"},{"title":"Turn off spell checking","subtitle":"Spell checking ⎯  :set nospell","arg":["key code 53//keystroke \":set\"//key code 49//keystroke \"nospell\" & return","Turn off spell checking",":set nospell"],"icon":{"type":"file","path":"img/spell.png"},"match":"Turn off spell checking Spell checking :set nospell"},{"title":"Move to next misspelled word after the cursor","subtitle":"Spell checking ⎯  ]s","arg":["key code 53//keystroke \"]s\"","Move to next misspelled word after the cursor","]s"],"icon":{"type":"file","path":"img/spell.png"},"match":"Move to next misspelled word after the cursor Spell checking ]s"},{"title":"Move to previous misspelled word before the cursor","subtitle":"Spell checking ⎯  [s","arg":["key code 53//keystroke \"[s\"","Move to previous misspelled word before the cursor","[s"],"icon":{"type":"file","path":"img/spell.png"},"match":"Move to previous misspelled word before the cursor Spell checking [s"},{"title":"Suggest spellings for the word under/after the cursor","subtitle":"Spell checking ⎯  z=","arg":["key code 53//keystroke \"z=\"","Suggest spellings for the word under/after the cursor","z="],"icon":{"type":"file","path":"img/spell.png"},"match":"Suggest spellings for the word under/after the cursor Spell checking z="},{"title":"Add word to spell list","subtitle":"Spell checking ⎯  zg","arg":["key code 53//keystroke \"zg\"","Add word to spell list","zg"],"icon":{"type":"file","path":"img/spell.png"},"match":"Add word to spell list Spell checking zg"},{"title":"Mark word as bad/mispelling","subtitle":"Spell checking ⎯  zw","arg":["key code 53//keystroke \"zw\"","Mark word as bad/mispelling","zw"],"icon":{"type":"file","path":"img/spell.png"},"match":"Mark word as bad/mispelling Spell checking zw"},{"title":"Suggest words for bad word under cursor from spell file","subtitle":"Spell checking ⎯  zu","arg":["key code 53//keystroke \"zu\"","Suggest words for bad word under cursor from spell file","zu"],"icon":{"type":"file","path":"img/spell.png"},"match":"Suggest words for bad word under cursor from spell file Spell checking zu"},{"title":"Increment number","subtitle":"Miscellaneous ⎯  Ctrl+a","arg":["key code 53//keystroke \"a\" using control down","Increment number","Ctrl+a"],"icon":{"type":"file","path":"img/misc.png"},"match":"Increment number Miscellaneous Ctrl+a"},{"title":"Decrement number","subtitle":"Miscellaneous ⎯  Ctrl+x","arg":["key code 53//keystroke \"x\" using control down","Decrement number","Ctrl+x"],"icon":{"type":"file","path":"img/misc.png"},"match":"Decrement number Miscellaneous Ctrl+x"},{"title":"Re-select last selected block of text","subtitle":"Miscellaneous ⎯  gv","arg":["key code 53//keystroke \"gv\"","Re-select last selected block of text","gv"],"icon":{"type":"file","path":"img/misc.png"},"match":"Re-select last selected block of text Miscellaneous gv"},{"title":"Insert the result of an expression at the cursor","subtitle":"Miscellaneous ⎯  Ctrl+r =","arg":["key code 53//keystroke \"r\" using control down//keystroke \"=\"","Insert the result of an expression at the cursor","Ctrl+r ="],"icon":{"type":"file","path":"img/misc.png"},"match":"Insert the result of an expression at the cursor Miscellaneous Ctrl+r ="},{"title":"Change file encoding to utf-8","subtitle":"Miscellaneous ⎯  set fenc=UTF-8","arg":["key code 53//keystroke \"set\"//key code 49//keystroke \"fenc=UTF-8\"","Change file encoding to UTF-8","set fenc=UTF-8"],"icon":{"type":"file","path":"img/misc.png"},"match":"Change file encoding to UTF-8 Miscellaneous set fenc=UTF-8"},{"title":"Escape next character","subtitle":"Regex ⎯  \\","arg":["keystroke \"\\\\\"","Escape next character","\\"],"icon":{"type":"file","path":"img/regex.png"},"match":"Escape next character Regex \\"},{"title":"Start-of­-line","subtitle":"Regex ⎯  ^","arg":["keystroke \"^\"","Start-of­-line","^"],"icon":{"type":"file","path":"img/regex.png"},"match":"Start-of­-line Regex ^"},{"title":"End-of-­line","subtitle":"Regex ⎯  $","arg":["keystroke \"$\"","End-of-­line","$"],"icon":{"type":"file","path":"img/regex.png"},"match":"End-of-­line Regex $"},{"title":"Any char","subtitle":"Regex ⎯  .","arg":["keystroke \".\"","Any char","."],"icon":{"type":"file","path":"img/regex.png"},"match":"Any char Regex ."},{"title":"0 or more quantifier","subtitle":"Regex ⎯  *","arg":["keystroke \"*\"","0 or more quantifier","*"],"icon":{"type":"file","path":"img/regex.png"},"match":"0 or more quantifier Regex *"},{"title":"Match last given substitute string","subtitle":"Regex ⎯  ~","arg":["keystroke \"\"~","Match last given substitute string","~"],"icon":{"type":"file","path":"img/regex.png"},"match":"Match last given substitute string Regex ~"},{"title":"Match range","subtitle":"Regex ⎯  [...]","arg":["keystroke \"[...]\"","Match range","[...]"],"icon":{"type":"file","path":"img/regex.png"},"match":"Match range Regex [...]"},{"title":"Not range","subtitle":"Regex ⎯  [^...]","arg":["keystroke \"[^...]\"","Not range","[^...]"],"icon":{"type":"file","path":"img/regex.png"},"match":"Not range Regex [^...]"},{"title":"In replacement: insert <pattern>","subtitle":"Regex ⎯  &","arg":["keystroke \"&\"","In replacement: insert <pattern>","&"],"icon":{"type":"file","path":"img/regex.png"},"match":"In replacement: insert <pattern> Regex &"},{"title":"Beginning of a word","subtitle":"Regex ⎯  \\<","arg":["keystroke \"\\\\<\"","Beginning of a word","\\<"],"icon":{"type":"file","path":"img/regex.png"},"match":"Beginning of a word Regex \\<"},{"title":"End of word","subtitle":"Regex ⎯  \\>","arg":["keystroke \"\\\\>\"","End of word","\\>"],"icon":{"type":"file","path":"img/regex.png"},"match":"End of word Regex \\>"},{"title":"Group","subtitle":"Regex ⎯  \\(...\\)","arg":["keystroke \"\\\\(...\\\\)\"","Group","\\(...\\)"],"icon":{"type":"file","path":"img/regex.png"},"match":"Group Regex \\(...\\)"},{"title":"Separate alternative","subtitle":"Regex ⎯  \\|","arg":["keystroke \"\\\\|\"","Separate alternative","\\|"],"icon":{"type":"file","path":"img/regex.png"},"match":"Separate alternative Regex \\|"},{"title":"Any single char or end-of­line","subtitle":"Regex ⎯  \\_.","arg":["keystroke \"\\\\_.\"","Any single char or end-of­line","\\_."],"icon":{"type":"file","path":"img/regex.png"},"match":"Any single char or end-of­line Regex \\_."},{"title":"1 or more quantifier","subtitle":"Regex ⎯  \\+","arg":["keystroke \"\\\\+\"","1 or more quantifier","\\+"],"icon":{"type":"file","path":"img/regex.png"},"match":"1 or more quantifier Regex \\+"},{"title":"0 or 1 quantifier","subtitle":"Regex ⎯  \\=","arg":["keystroke \"\\\\=\"","0 or 1 quantifier","\\="],"icon":{"type":"file","path":"img/regex.png"},"match":"0 or 1 quantifier Regex \\="},{"title":"0 or 1 quantifier","subtitle":"Regex ⎯  \\?","arg":["keystroke \"\\\\?\"","0 or 1 quantifier","\\?"],"icon":{"type":"file","path":"img/regex.png"},"match":"0 or 1 quantifier Regex \\?"},{"title":"N to m quantifier","subtitle":"Regex ⎯  \\{n,m}","arg":["keystroke \"\\\\{n,m}\"","n to m quantifier","\\{n,m}"],"icon":{"type":"file","path":"img/regex.png"},"match":"n to m quantifier Regex \\{n,m}"},{"title":"N quantifier","subtitle":"Regex ⎯  \\{n}","arg":["keystroke \"\\\\{n}\"","n quantifier","\\{n}"],"icon":{"type":"file","path":"img/regex.png"},"match":"n quantifier Regex \\{n}"},{"title":"At least n quantifier","subtitle":"Regex ⎯  \\{n,}","arg":["keystroke \"\"\\\\{n,}","at least n quantifier","\\{n,}"],"icon":{"type":"file","path":"img/regex.png"},"match":"at least n quantifier Regex \\{n,}"},{"title":"0 to m quantifier","subtitle":"Regex ⎯  \\{,m}","arg":["keystroke \"\\\\{,}\"","0 to m quantifier","\\{,m}"],"icon":{"type":"file","path":"img/regex.png"},"match":"0 to m quantifier Regex \\{,m}"},{"title":"Delete all lines matching pattern","subtitle":"Regex ⎯  :%g/<pa­tte­rn>/d","arg":["key code 53//keystroke \":%g/<pa­tte­r/d\"","delete all lines matching pattern",":%g/<pa­tte­rn>/d"],"icon":{"type":"file","path":"img/regex.png"},"match":"delete all lines matching pattern Regex :%g/<pa­tte­rn>/d"},{"title":"Delete all lines not matching <pattern>","subtitle":"Regex ⎯  :%v/<pa­tte­rn>/d","arg":["key code 53//keystroke \":%v/<pa­tte­r/d\"","delete all lines NOT matching <pattern>",":%v/<pa­tte­rn>/d"],"icon":{"type":"file","path":"img/regex.png"},"match":"delete all lines NOT matching <pattern> Regex :%v/<pa­tte­rn>/d"},{"title":"Delete empty lines","subtitle":"Regex ⎯  :%s/^.*$\\n//","arg":["key code 53//keystroke \":%s/^.*$\\\\n//\"","delete empty lines",":%s/^.*$\\n//"],"icon":{"type":"file","path":"img/regex.png"},"match":"delete empty lines Regex :%s/^.*$\\n//"},{"title":"Replace <pattern> by 'new <pattern>'","subtitle":"Regex ⎯  :s/<pattern>/new &/","arg":["key code 53//keystroke \":%s/<pattern>/new &/\"","Replace <pattern> by 'new <pattern>'",":s/<pattern>/new &/"],"icon":{"type":"file","path":"img/regex.png"},"match":"Replace <pattern> by 'new <pattern>' Regex :s/<pattern>/new &/"},{"title":"Replace <pattern> by content of register","subtitle":"Regex ⎯  :s/<pattern>/\\=@a/","arg":["key code 53//keystroke \":%s/<pattern>/\\\\=@a/\"","Replace <pattern> by content of register",":s/<pattern>/\\=@a/"],"icon":{"type":"file","path":"img/regex.png"},"match":"Replace <pattern> by content of register Regex :s/<pattern>/\\=@a/"},{"title":"Count number of occurrence of <pattern>","subtitle":"Regex ⎯  :s/<pattern>//gn","arg":["key code 53//keystroke \":%s/<pattern>//gn\"","Count number of occurrence of <pattern>",":s/<pattern>//gn"],"icon":{"type":"file","path":"img/regex.png"},"match":"Count number of occurrence of <pattern> Regex :s/<pattern>//gn"},{"title":"Match start","subtitle":"Regex ⎯  \\zs","arg":["keystroke \"\\\\zs\"","Match start","\\zs"],"icon":{"type":"file","path":"img/regex.png"},"match":"Match start Regex \\zs"},{"title":"Match end","subtitle":"Regex ⎯  \\ze","arg":["keystroke \"\\\\ze\"","Match end","\\ze"],"icon":{"type":"file","path":"img/regex.png"},"match":"Match end Regex \\ze"},{"title":"Positive look behind to find <pattern>","subtitle":"Regex ⎯  <atom>\\@<=<pattern>","arg":["keystroke \"<atom>\\\\@<=<pattern>\"","Positive look behind to find <pattern>","<atom>\\@<=<pattern>"],"icon":{"type":"file","path":"img/regex.png"},"match":"Positive look behind to find <pattern> Regex <atom>\\@<=<pattern>"},{"title":"Positive look ahead to find <pattern>","subtitle":"Regex ⎯  <pattern><atom>\\@=","arg":["keystroke \"<pattern><atom>\\\\@=\"","Positive look ahead to find <pattern>","<pattern><atom>\\@="],"icon":{"type":"file","path":"img/regex.png"},"match":"Positive look ahead to find <pattern> Regex <pattern><atom>\\@="},{"title":"Negative look behind to find <pattern>","subtitle":"Regex ⎯  <atom>\\@<!<pattern>","arg":["keystroke \"<atom>\\\\@<!<pattern>\"","Negative look behind to find <pattern>","<atom>\\@<!<pattern>"],"icon":{"type":"file","path":"img/regex.png"},"match":"Negative look behind to find <pattern> Regex <atom>\\@<!<pattern>"},{"title":"Negative look ahead to find <pattern>","subtitle":"Regex ⎯  <pattern><atom>\\@!","arg":["keystroke \"<pattern><atom>\\\\@!\"","Negative look ahead to find <pattern>","<pattern><atom>\\@!"],"icon":{"type":"file","path":"img/regex.png"},"match":"Negative look ahead to find <pattern> Regex <pattern><atom>\\@!"},{"title":"Non-greedy 0 or more quantifier","subtitle":"Regex ⎯  \\{-}","arg":["keystroke \"\\\\{-}\"","Non-greedy 0 or more quantifier","\\{-}"],"icon":{"type":"file","path":"img/regex.png"},"match":"Non-greedy 0 or more quantifier Regex \\{-}"}]}