{"items":[{"title":"Abrir a página de ajuda para um termo","subtitle":"Global ⎯  :h[elp] palavra chave","arg":["key code 53//keystroke \":h\"//key code 49//keystroke \"keyword\"","abrir a página de ajuda para um termo",":h[elp] palavra chave"],"icon":{"type":"file","path":"img/global.png"},"match":"open help for keyword Global :h[elp] palavra chave"},{"title":"Salvar um arquivo como","subtitle":"Global ⎯  :sav[eas] arquivo","arg":["key code 53//keystroke \":sav\"//key code 49//keystroke \"file\"","salvar um arquivo como",":sav[eas] arquivo"],"icon":{"type":"file","path":"img/global.png"},"match":"save file as Global :sav[eas] arquivo"},{"title":"Fechar o painel atual","subtitle":"Global ⎯  :clo[se]","arg":["key code 53//keystroke \":clo\" & return","fechar o painel atual",":clo[se]"],"icon":{"type":"file","path":"img/global.png"},"match":"close current pane Global :clo[se]"},{"title":"Open a terminal window","subtitle":"Global ⎯  :ter[minal]","arg":["key code 53//keystroke \":ter\" & return","open a terminal window",":ter[minal]"],"icon":{"type":"file","path":"img/global.png"},"match":"open a terminal window Global :ter[minal]"},{"title":"Abrir a página do manual para a palavra abaixo do cursor","subtitle":"Global ⎯  K","arg":["key code 53//keystroke \"K\"","abrir a página do manual para a palavra abaixo do cursor","K"],"icon":{"type":"file","path":"img/global.png"},"match":"open man page for word under the cursor Global K"},{"title":"Mover o cursor para esquerda","subtitle":"Movimento do cursor ⎯  h","arg":["key code 53//keystroke \"h\"","mover o cursor para esquerda","h"],"icon":{"type":"file","path":"img/cursorMovement.png"},"match":"move cursor left Movimento do cursor h"},{"title":"Mover o cursor para baixo","subtitle":"Movimento do cursor ⎯  j","arg":["key code 53//keystroke \"j\"","mover o cursor para baixo","j"],"icon":{"type":"file","path":"img/cursorMovement.png"},"match":"move cursor down Movimento do cursor j"},{"title":"Mover o cursor para cima","subtitle":"Movimento do cursor ⎯  k","arg":["key code 53//keystroke \"k\"","mover o cursor para cima","k"],"icon":{"type":"file","path":"img/cursorMovement.png"},"match":"move cursor up Movimento do cursor k"},{"title":"Mover o cursor para direita","subtitle":"Movimento do cursor ⎯  l","arg":["key code 53//keystroke \"l\"","mover o cursor para direita","l"],"icon":{"type":"file","path":"img/cursorMovement.png"},"match":"move cursor right Movimento do cursor l"},{"title":"Move cursor down ","subtitle":"Movimento do cursor ⎯  gj","arg":["key code 53//keystroke \"gj\"","move cursor down ","gj"],"icon":{"type":"file","path":"img/cursorMovement.png"},"match":"move cursor down  Movimento do cursor gj"},{"title":"Move cursor up ","subtitle":"Movimento do cursor ⎯  gk","arg":["key code 53//keystroke \"gk\"","move cursor up ","gk"],"icon":{"type":"file","path":"img/cursorMovement.png"},"match":"move cursor up  Movimento do cursor gk"},{"title":"Mover para o cursor para a parte superior da tela","subtitle":"Movimento do cursor ⎯  H","arg":["key code 53//keystroke \"H\"","mover para o cursor para a parte superior da tela","H"],"icon":{"type":"file","path":"img/cursorMovement.png"},"match":"move to top of screen Movimento do cursor H"},{"title":"Mover para o cursor para o meio da tela","subtitle":"Movimento do cursor ⎯  M","arg":["key code 53//keystroke \"M\"","mover para o cursor para o meio da tela","M"],"icon":{"type":"file","path":"img/cursorMovement.png"},"match":"move to middle of screen Movimento do cursor M"},{"title":"Mover para o cursor para a parte inferior da tela","subtitle":"Movimento do cursor ⎯  L","arg":["key code 53//keystroke \"L\"","mover para o cursor para a parte inferior da tela","L"],"icon":{"type":"file","path":"img/cursorMovement.png"},"match":"move to bottom of screen Movimento do cursor L"},{"title":"Pular adiante em direção ao inicio de uma palavra","subtitle":"Movimento do cursor ⎯  w","arg":["key code 53//keystroke \"w\"","pular adiante em direção ao inicio de uma palavra","w"],"icon":{"type":"file","path":"img/cursorMovement.png"},"match":"jump forwards to the start of a word Movimento do cursor w"},{"title":"Pular adiante em direção ao inicio de uma palavra ","subtitle":"Movimento do cursor ⎯  W","arg":["key code 53//keystroke \"W\"","pular adiante em direção ao inicio de uma palavra ","W"],"icon":{"type":"file","path":"img/cursorMovement.png"},"match":"jump forwards to the start of a word  Movimento do cursor W"},{"title":"Pular adiante em direção ao fim de uma palavra","subtitle":"Movimento do cursor ⎯  e","arg":["key code 53//keystroke \"e\"","pular adiante em direção ao fim de uma palavra","e"],"icon":{"type":"file","path":"img/cursorMovement.png"},"match":"jump forwards to the end of a word Movimento do cursor e"},{"title":"Pular adiante para o fim de uma palavra ","subtitle":"Movimento do cursor ⎯  E","arg":["key code 53//keystroke \"E\"","pular adiante para o fim de uma palavra ","E"],"icon":{"type":"file","path":"img/cursorMovement.png"},"match":"jump forwards to the end of a word  Movimento do cursor E"},{"title":"Pular para trás para o início de uma palavra","subtitle":"Movimento do cursor ⎯  b","arg":["key code 53//keystroke \"b\"","pular para trás para o início de uma palavra","b"],"icon":{"type":"file","path":"img/cursorMovement.png"},"match":"jump backwards to the start of a word Movimento do cursor b"},{"title":"Pular para trás para o início de uma palavra ","subtitle":"Movimento do cursor ⎯  B","arg":["key code 53//keystroke \"B\"","pular para trás para o início de uma palavra ","B"],"icon":{"type":"file","path":"img/cursorMovement.png"},"match":"jump backwards to the start of a word  Movimento do cursor B"},{"title":"Jump backwards to the end of a word","subtitle":"Movimento do cursor ⎯  ge","arg":["key code 53//keystroke \"ge\"","jump backwards to the end of a word","ge"],"icon":{"type":"file","path":"img/cursorMovement.png"},"match":"jump backwards to the end of a word Movimento do cursor ge"},{"title":"Jump backwards to the end of a word ","subtitle":"Movimento do cursor ⎯  gE","arg":["key code 53//keystroke \"gE\"","jump backwards to the end of a word ","gE"],"icon":{"type":"file","path":"img/cursorMovement.png"},"match":"jump backwards to the end of a word  Movimento do cursor gE"},{"title":"Mover para a ocorrência de um dos caracteres compatíveis ","subtitle":"Movimento do cursor ⎯  %","arg":["key code 53//keystroke \"%\"","mover para a ocorrência de um dos caracteres compatíveis ","%"],"icon":{"type":"file","path":"img/cursorMovement.png"},"match":"move to matching character  Movimento do cursor %"},{"title":"Pular para o início da linha","subtitle":"Movimento do cursor ⎯  0","arg":["key code 53//keystroke \"0\"","pular para o início da linha","0"],"icon":{"type":"file","path":"img/cursorMovement.png"},"match":"jump to the start of the line Movimento do cursor 0"},{"title":"Pular para o primeiro caractere  da linha","subtitle":"Movimento do cursor ⎯  ^","arg":["key code 53//keystroke \"^\"","pular para o primeiro caractere  da linha","^"],"icon":{"type":"file","path":"img/cursorMovement.png"},"match":"jump to the first non-blank character of the line Movimento do cursor ^"},{"title":"Pular para o fim da linha","subtitle":"Movimento do cursor ⎯  $","arg":["key code 53//keystroke \"$\"","pular para o fim da linha","$"],"icon":{"type":"file","path":"img/cursorMovement.png"},"match":"jump to the end of the line Movimento do cursor $"},{"title":"Pular para o último character não vazio da linha","subtitle":"Movimento do cursor ⎯  g_","arg":["key code 53//keystroke \"g_\"","pular para o último character não vazio da linha","g_"],"icon":{"type":"file","path":"img/cursorMovement.png"},"match":"jump to the last non-blank character of the line Movimento do cursor g_"},{"title":"Ir para a primeira linha do documento","subtitle":"Movimento do cursor ⎯  gg","arg":["key code 53//keystroke \"gg\"","ir para a primeira linha do documento","gg"],"icon":{"type":"file","path":"img/cursorMovement.png"},"match":"go to the first line of the document Movimento do cursor gg"},{"title":"Ir para a última linha do documento","subtitle":"Movimento do cursor ⎯  G","arg":["key code 53//keystroke \"G\"","ir para a última linha do documento","G"],"icon":{"type":"file","path":"img/cursorMovement.png"},"match":"go to the last line of the document Movimento do cursor G"},{"title":"Ir para a linha 5","subtitle":"Movimento do cursor ⎯  5gg or 5G","arg":["key code 53//keystroke \"5gg\"","ir para a linha 5","5gg or 5G"],"icon":{"type":"file","path":"img/cursorMovement.png"},"match":"go to line 5 Movimento do cursor 5gg or 5G"},{"title":"Move to local declaration","subtitle":"Movimento do cursor ⎯  gd","arg":["key code 53//keystroke \"gd\"","move to local declaration","gd"],"icon":{"type":"file","path":"img/cursorMovement.png"},"match":"move to local declaration Movimento do cursor gd"},{"title":"Move to global declaration","subtitle":"Movimento do cursor ⎯  gD","arg":["key code 53//keystroke \"gD\"","move to global declaration","gD"],"icon":{"type":"file","path":"img/cursorMovement.png"},"match":"move to global declaration Movimento do cursor gD"},{"title":"Pular para a próxima ocorrencia do caractere x","subtitle":"Movimento do cursor ⎯  fx","arg":["key code 53//keystroke \"fx\"","pular para a próxima ocorrencia do caractere x","fx"],"icon":{"type":"file","path":"img/cursorMovement.png"},"match":"jump to next occurrence of character x Movimento do cursor fx"},{"title":"Pular para antes da próxima ocorrencia do caractere x","subtitle":"Movimento do cursor ⎯  tx","arg":["key code 53//keystroke \"tx\"","pular para antes da próxima ocorrencia do caractere x","tx"],"icon":{"type":"file","path":"img/cursorMovement.png"},"match":"jump to before next occurrence of character x Movimento do cursor tx"},{"title":"Pular para a ocorrencia anterior do caractere x","subtitle":"Movimento do cursor ⎯  Fx","arg":["key code 53//keystroke \"Fx\"","pular para a ocorrencia anterior do caractere x","Fx"],"icon":{"type":"file","path":"img/cursorMovement.png"},"match":"jump to the previous occurrence of character x Movimento do cursor Fx"},{"title":"Pular para depois da ocorrência do caractere x","subtitle":"Movimento do cursor ⎯  Tx","arg":["key code 53//keystroke \"Tx\"","pular para depois da ocorrência do caractere x","Tx"],"icon":{"type":"file","path":"img/cursorMovement.png"},"match":"jump to after previous occurrence of character x Movimento do cursor Tx"},{"title":"Repetir o último movimento de f, t, f ou t","subtitle":"Movimento do cursor ⎯  ;","arg":["key code 53//keystroke \";\"","repetir o último movimento de f, t, F ou T",";"],"icon":{"type":"file","path":"img/cursorMovement.png"},"match":"repeat previous f, t, F or T movement Movimento do cursor ;"},{"title":"Repetir o último movimento de f, t, f ou t de forma invesa","subtitle":"Movimento do cursor ⎯  ,","arg":["key code 53//keystroke \",\"","repetir o último movimento de f, t, F ou T de forma invesa",","],"icon":{"type":"file","path":"img/cursorMovement.png"},"match":"repeat previous f, t, F or T movement, backwards Movimento do cursor ,"},{"title":"Pular para o próximo parágrafo ","subtitle":"Movimento do cursor ⎯  }","arg":["key code 53//keystroke \"}\"","pular para o próximo parágrafo ","}"],"icon":{"type":"file","path":"img/cursorMovement.png"},"match":"jump to next paragraph  Movimento do cursor }"},{"title":"Pular para o parágrafo anterior ","subtitle":"Movimento do cursor ⎯  {","arg":["key code 53//keystroke \"{\"","pular para o parágrafo anterior ","{"],"icon":{"type":"file","path":"img/cursorMovement.png"},"match":"jump to previous paragraph  Movimento do cursor {"},{"title":"Centralizar o cursor na tela","subtitle":"Movimento do cursor ⎯  zz","arg":["key code 53//keystroke \"zz\"","centralizar o cursor na tela","zz"],"icon":{"type":"file","path":"img/cursorMovement.png"},"match":"center cursor on screen Movimento do cursor zz"},{"title":"Move screen down one line ","subtitle":"Movimento do cursor ⎯  Ctrl+e","arg":["key code 53//keystroke \"e\" using control down","move screen down one line ","Ctrl+e"],"icon":{"type":"file","path":"img/cursorMovement.png"},"match":"move screen down one line  Movimento do cursor Ctrl+e"},{"title":"Move screen up one line ","subtitle":"Movimento do cursor ⎯  Ctrl+y","arg":["key code 53//keystroke \"y\" using control down","move screen up one line ","Ctrl+y"],"icon":{"type":"file","path":"img/cursorMovement.png"},"match":"move screen up one line  Movimento do cursor Ctrl+y"},{"title":"Mover o cursor uma tela cheia para tras","subtitle":"Movimento do cursor ⎯  Ctrl+b","arg":["key code 53//keystroke \"b\" using control down","mover o cursor uma tela cheia para tras","Ctrl+b"],"icon":{"type":"file","path":"img/cursorMovement.png"},"match":"move back one full screen Movimento do cursor Ctrl+b"},{"title":"Mover o cursor uma tela cheia para frente","subtitle":"Movimento do cursor ⎯  Ctrl+f","arg":["key code 53//keystroke \"f\" using control down","mover o cursor uma tela cheia para frente","Ctrl+f"],"icon":{"type":"file","path":"img/cursorMovement.png"},"match":"move forward one full screen Movimento do cursor Ctrl+f"},{"title":"Mover o cursor uma tela e meia para tras","subtitle":"Movimento do cursor ⎯  Ctrl+u","arg":["key code 53//keystroke \"u\" using control down","mover o cursor uma tela e meia para tras","Ctrl+u"],"icon":{"type":"file","path":"img/cursorMovement.png"},"match":"move back 1/2 a screen Movimento do cursor Ctrl+u"},{"title":"Mover o cursor uma tela e meia para frente","subtitle":"Movimento do cursor ⎯  Ctrl+d","arg":["key code 53//keystroke \"d\" using control down","mover o cursor uma tela e meia para frente","Ctrl+d"],"icon":{"type":"file","path":"img/cursorMovement.png"},"match":"move forward 1/2 a screen Movimento do cursor Ctrl+d"},{"title":"Inserir antes do cursor","subtitle":"Modo de inserção - inserir/acrescentar texto ⎯  i","arg":["key code 53//keystroke \"i\"","inserir antes do cursor","i"],"icon":{"type":"file","path":"img/insertMode.png"},"match":"insert before the cursor Modo de inserção - inserir/acrescentar texto i"},{"title":"Inserir no começo da linha","subtitle":"Modo de inserção - inserir/acrescentar texto ⎯  I","arg":["key code 53//keystroke \"I\"","inserir no começo da linha","I"],"icon":{"type":"file","path":"img/insertMode.png"},"match":"insert at the beginning of the line Modo de inserção - inserir/acrescentar texto I"},{"title":"Inserir depois do cursor","subtitle":"Modo de inserção - inserir/acrescentar texto ⎯  a","arg":["key code 53//keystroke \"a\"","inserir depois do cursor","a"],"icon":{"type":"file","path":"img/insertMode.png"},"match":"insert  after the cursor Modo de inserção - inserir/acrescentar texto a"},{"title":"Inserir no final da linha","subtitle":"Modo de inserção - inserir/acrescentar texto ⎯  A","arg":["key code 53//keystroke \"A\"","inserir no final da linha","A"],"icon":{"type":"file","path":"img/insertMode.png"},"match":"insert  at the end of the line Modo de inserção - inserir/acrescentar texto A"},{"title":"Inserir uma nova linha em baixo da linha atual","subtitle":"Modo de inserção - inserir/acrescentar texto ⎯  o","arg":["key code 53//keystroke \"o\"","inserir uma nova linha em baixo da linha atual","o"],"icon":{"type":"file","path":"img/insertMode.png"},"match":"append  a new line below the current line Modo de inserção - inserir/acrescentar texto o"},{"title":"Inserir uma nova linha em cima da linha atual","subtitle":"Modo de inserção - inserir/acrescentar texto ⎯  O","arg":["key code 53//keystroke \"O\"","inserir uma nova linha em cima da linha atual","O"],"icon":{"type":"file","path":"img/insertMode.png"},"match":"append  a new line above the current line Modo de inserção - inserir/acrescentar texto O"},{"title":"Inserir no final da palavra","subtitle":"Modo de inserção - inserir/acrescentar texto ⎯  ea","arg":["key code 53//keystroke \"ea\"","inserir no final da palavra","ea"],"icon":{"type":"file","path":"img/insertMode.png"},"match":"insert  at the end of the word Modo de inserção - inserir/acrescentar texto ea"},{"title":"Delete the character before the cursor during insert mode","subtitle":"Modo de inserção - inserir/acrescentar texto ⎯  Ctrl+h","arg":["keystroke \"h\" using control down","delete the character before the cursor during insert mode","Ctrl+h"],"icon":{"type":"file","path":"img/insertMode.png"},"match":"delete the character before the cursor during insert mode Modo de inserção - inserir/acrescentar texto Ctrl+h"},{"title":"Delete word before the cursor during insert mode","subtitle":"Modo de inserção - inserir/acrescentar texto ⎯  Ctrl+w","arg":["keystroke \"w\" using control down","delete word before the cursor during insert mode","Ctrl+w"],"icon":{"type":"file","path":"img/insertMode.png"},"match":"delete word before the cursor during insert mode Modo de inserção - inserir/acrescentar texto Ctrl+w"},{"title":"Begin new line during insert mode","subtitle":"Modo de inserção - inserir/acrescentar texto ⎯  Ctrl+j","arg":["keystroke \"j\" using control down","begin new line during insert mode","Ctrl+j"],"icon":{"type":"file","path":"img/insertMode.png"},"match":"begin new line during insert mode Modo de inserção - inserir/acrescentar texto Ctrl+j"},{"title":"Indent  line one shiftwidth during insert mode","subtitle":"Modo de inserção - inserir/acrescentar texto ⎯  Ctrl+t","arg":["keystroke \"t\" using control down","indent  line one shiftwidth during insert mode","Ctrl+t"],"icon":{"type":"file","path":"img/insertMode.png"},"match":"indent  line one shiftwidth during insert mode Modo de inserção - inserir/acrescentar texto Ctrl+t"},{"title":"De-indent  line one shiftwidth during insert mode","subtitle":"Modo de inserção - inserir/acrescentar texto ⎯  Ctrl+d","arg":["keystroke \"d\" using control down","de-indent  line one shiftwidth during insert mode","Ctrl+d"],"icon":{"type":"file","path":"img/insertMode.png"},"match":"de-indent  line one shiftwidth during insert mode Modo de inserção - inserir/acrescentar texto Ctrl+d"},{"title":"Insert  next match before the cursor during insert mode","subtitle":"Modo de inserção - inserir/acrescentar texto ⎯  Ctrl+n","arg":["keystroke \"n\" using control down","insert  next match before the cursor during insert mode","Ctrl+n"],"icon":{"type":"file","path":"img/insertMode.png"},"match":"insert  next match before the cursor during insert mode Modo de inserção - inserir/acrescentar texto Ctrl+n"},{"title":"Insert  previous match before the cursor during insert mode","subtitle":"Modo de inserção - inserir/acrescentar texto ⎯  Ctrl+p","arg":["keystroke \"p\" using control down","insert  previous match before the cursor during insert mode","Ctrl+p"],"icon":{"type":"file","path":"img/insertMode.png"},"match":"insert  previous match before the cursor during insert mode Modo de inserção - inserir/acrescentar texto Ctrl+p"},{"title":"Insert the contents of register x","subtitle":"Modo de inserção - inserir/acrescentar texto ⎯  Ctrl+r x","arg":["keystroke \"r\" using control down//keystroke \"x\"","insert the contents of register x","Ctrl+r x"],"icon":{"type":"file","path":"img/insertMode.png"},"match":"insert the contents of register x Modo de inserção - inserir/acrescentar texto Ctrl+r x"},{"title":"Temporarily enter normal mode to issue one normal-mode command x.","subtitle":"Modo de inserção - inserir/acrescentar texto ⎯  Ctrl+o x","arg":["keystroke \"o\" using control down//keystroke \"x\"","Temporarily enter normal mode to issue one normal-mode command x.","Ctrl+o x"],"icon":{"type":"file","path":"img/insertMode.png"},"match":"Temporarily enter normal mode to issue one normal-mode command x. Modo de inserção - inserir/acrescentar texto Ctrl+o x"},{"title":"Sair do modo de inserção","subtitle":"Modo de inserção - inserir/acrescentar texto ⎯  Esc","arg":["key code 53","sair do modo de inserção","Esc"],"icon":{"type":"file","path":"img/insertMode.png"},"match":"exit insert mode Modo de inserção - inserir/acrescentar texto Esc"},{"title":"Substituir um único caractere","subtitle":"Editando ⎯  r","arg":["key code 53//keystroke \"r\"","substituir um único caractere","r"],"icon":{"type":"file","path":"img/editing.png"},"match":"replace a single character. Editando r"},{"title":"Replace more than one character, until esc is pressed.","subtitle":"Editando ⎯  R","arg":["key code 53//keystroke \"R\"","replace more than one character, until ESC is pressed.","R"],"icon":{"type":"file","path":"img/editing.png"},"match":"replace more than one character, until ESC is pressed. Editando R"},{"title":"Juntar a linha que está em baixo da linha atual","subtitle":"Editando ⎯  J","arg":["key code 53//keystroke \"J\"","juntar a linha que está em baixo da linha atual","J"],"icon":{"type":"file","path":"img/editing.png"},"match":"join line below to the current one with one space in between Editando J"},{"title":"Join line below to the current one without space in between","subtitle":"Editando ⎯  gJ","arg":["key code 53//keystroke \"gJ\"","join line below to the current one without space in between","gJ"],"icon":{"type":"file","path":"img/editing.png"},"match":"join line below to the current one without space in between Editando gJ"},{"title":"Reflow paragraph","subtitle":"Editando ⎯  gwip","arg":["key code 53//keystroke \"gwip\"","reflow paragraph","gwip"],"icon":{"type":"file","path":"img/editing.png"},"match":"reflow paragraph Editando gwip"},{"title":"Switch case up to motion","subtitle":"Editando ⎯  g~","arg":["key code 53//keystroke \"g~\"","switch case up to motion","g~"],"icon":{"type":"file","path":"img/editing.png"},"match":"switch case up to motion Editando g~"},{"title":"Change to lowercase up to motion","subtitle":"Editando ⎯  gu","arg":["key code 53//keystroke \"gu\"","change to lowercase up to motion","gu"],"icon":{"type":"file","path":"img/editing.png"},"match":"change to lowercase up to motion Editando gu"},{"title":"Change to uppercase up to motion","subtitle":"Editando ⎯  gU","arg":["key code 53//keystroke \"gU\"","change to uppercase up to motion","gU"],"icon":{"type":"file","path":"img/editing.png"},"match":"change to uppercase up to motion Editando gU"},{"title":"Substituir a linha toda","subtitle":"Editando ⎯  cc","arg":["key code 53//keystroke \"cc\"","substituir a linha toda","cc"],"icon":{"type":"file","path":"img/editing.png"},"match":"change  entire line Editando cc"},{"title":"Substituir no final da linha","subtitle":"Editando ⎯  c$ or C","arg":["key code 53//keystroke \"g$\"","substituir no final da linha","c$ or C"],"icon":{"type":"file","path":"img/editing.png"},"match":"change  to the end of the line Editando c$ or C"},{"title":"Change  entire word","subtitle":"Editando ⎯  ciw","arg":["key code 53//keystroke \"ciw\"","change  entire word","ciw"],"icon":{"type":"file","path":"img/editing.png"},"match":"change  entire word Editando ciw"},{"title":"Substituir no final da palavra","subtitle":"Editando ⎯  cw or ce","arg":["key code 53//keystroke \"cw\"","substituir no final da palavra","cw or ce"],"icon":{"type":"file","path":"img/editing.png"},"match":"change  to the end of the word Editando cw or ce"},{"title":"Deletar um caractere e substituir texto","subtitle":"Editando ⎯  s","arg":["key code 53//keystroke \"s\"","deletar um caractere e substituir texto","s"],"icon":{"type":"file","path":"img/editing.png"},"match":"delete character and substitute text Editando s"},{"title":"Deletar linha e substituir texto ","subtitle":"Editando ⎯  S","arg":["key code 53//keystroke \"S\"","deletar linha e substituir texto ","S"],"icon":{"type":"file","path":"img/editing.png"},"match":"delete line and substitute text  Editando S"},{"title":"Transpor duas letras ","subtitle":"Editando ⎯  xp","arg":["key code 53//keystroke \"xp\"","transpor duas letras ","xp"],"icon":{"type":"file","path":"img/editing.png"},"match":"transpose two letters  Editando xp"},{"title":"Desfazer","subtitle":"Editando ⎯  u","arg":["key code 53//keystroke \"u\"","desfazer","u"],"icon":{"type":"file","path":"img/editing.png"},"match":"undo Editando u"},{"title":"Restaura linha inteira","subtitle":"Editando ⎯  U","arg":["key code 53//keystroke \"U\"","restaura linha inteira","U"],"icon":{"type":"file","path":"img/editing.png"},"match":"restore  last changed line Editando U"},{"title":"Refazer","subtitle":"Editando ⎯  Ctrl+r","arg":["key code 53//keystroke \"r\" using control down","refazer","Ctrl+r"],"icon":{"type":"file","path":"img/editing.png"},"match":"redo Editando Ctrl+r"},{"title":"Repetir o último comando","subtitle":"Editando ⎯  .","arg":["key code 53//keystroke \".\"","repetir o último comando","."],"icon":{"type":"file","path":"img/editing.png"},"match":"repeat last command Editando ."},{"title":"Iniciar modo visual, marcar linhas e fazer um comando ","subtitle":"Marcação de texto  ⎯  v","arg":["key code 53//keystroke \"v\"","iniciar modo visual, marcar linhas e fazer um comando ","v"],"icon":{"type":"file","path":"img/markingText.png"},"match":"start visual mode, mark lines, then do a command  Marcação de texto  v"},{"title":"Iniciar modo visual marcando a linha toda","subtitle":"Marcação de texto  ⎯  V","arg":["key code 53//keystroke \"V\"","iniciar modo visual marcando a linha toda","V"],"icon":{"type":"file","path":"img/markingText.png"},"match":"start linewise visual mode Marcação de texto  V"},{"title":"Mover para o fim/inicio da marcação","subtitle":"Marcação de texto  ⎯  o","arg":["key code 53//keystroke \"o\"","mover para o fim/inicio da marcação","o"],"icon":{"type":"file","path":"img/markingText.png"},"match":"move to other end of marked area Marcação de texto  o"},{"title":"Iniciar modo de bloco visual","subtitle":"Marcação de texto  ⎯  Ctrl+v","arg":["key code 53//keystroke \"v\" using control down","iniciar modo de bloco visual","Ctrl+v"],"icon":{"type":"file","path":"img/markingText.png"},"match":"start visual block mode Marcação de texto  Ctrl+v"},{"title":"Mover para o fim/inicio do bloco","subtitle":"Marcação de texto  ⎯  O","arg":["key code 53//keystroke \"O\"","mover para o fim/inicio do bloco","O"],"icon":{"type":"file","path":"img/markingText.png"},"match":"move to other corner of block Marcação de texto  O"},{"title":"Marcar uma palavra","subtitle":"Marcação de texto  ⎯  aw","arg":["key code 53//keystroke \"aw\"","marcar uma palavra","aw"],"icon":{"type":"file","path":"img/markingText.png"},"match":"mark a word Marcação de texto  aw"},{"title":"Um bloco com ()","subtitle":"Marcação de texto  ⎯  ab","arg":["key code 53//keystroke \"ab\"","um bloco com ()","ab"],"icon":{"type":"file","path":"img/markingText.png"},"match":"a block with () Marcação de texto  ab"},{"title":"Um bloco com {}","subtitle":"Marcação de texto  ⎯  aB","arg":["key code 53//keystroke \"aB\"","um bloco com {}","aB"],"icon":{"type":"file","path":"img/markingText.png"},"match":"a block with {} Marcação de texto  aB"},{"title":"A block with <> tags","subtitle":"Marcação de texto  ⎯  at","arg":["key code 53//keystroke \"at\"","a block with <> tags","at"],"icon":{"type":"file","path":"img/markingText.png"},"match":"a block with <> tags Marcação de texto  at"},{"title":"Um bloco interno com ()","subtitle":"Marcação de texto  ⎯  ib","arg":["key code 53//keystroke \"ib\"","um bloco interno com ()","ib"],"icon":{"type":"file","path":"img/markingText.png"},"match":"inner block with () Marcação de texto  ib"},{"title":"Um bloco interno com {}","subtitle":"Marcação de texto  ⎯  iB","arg":["key code 53//keystroke \"iB\"","um bloco interno com {}","iB"],"icon":{"type":"file","path":"img/markingText.png"},"match":"inner block with {} Marcação de texto  iB"},{"title":"Inner block with <> tags","subtitle":"Marcação de texto  ⎯  it","arg":["key code 53//keystroke \"it\"","inner block with <> tags","it"],"icon":{"type":"file","path":"img/markingText.png"},"match":"inner block with <> tags Marcação de texto  it"},{"title":"Sair do modo visual","subtitle":"Marcação de texto  ⎯  Esc","arg":["key code 53//key code 53","sair do modo visual","Esc"],"icon":{"type":"file","path":"img/markingText.png"},"match":"exit visual mode Marcação de texto  Esc"},{"title":"Deslocar texto para direita","subtitle":"Comandos visuais (Reference only) ⎯  >","arg":["keystroke \">\"","deslocar texto para direita",">"],"icon":{"type":"file","path":"img/visualCommands.png"},"match":"shift text right Comandos visuais >"},{"title":"Deslocar texto para esquerda","subtitle":"Comandos visuais (Reference only) ⎯  <","arg":["keystroke \"<\"","deslocar texto para esquerda","<"],"icon":{"type":"file","path":"img/visualCommands.png"},"match":"shift text left Comandos visuais <"},{"title":"Copiar texto marcado","subtitle":"Comandos visuais (Reference only) ⎯  y","arg":["keystroke \"y\"","copiar texto marcado","y"],"icon":{"type":"file","path":"img/visualCommands.png"},"match":"yank  marked text Comandos visuais y"},{"title":"Deletar texto marcado","subtitle":"Comandos visuais (Reference only) ⎯  d","arg":["keystroke \"d\"","deletar texto marcado","d"],"icon":{"type":"file","path":"img/visualCommands.png"},"match":"delete marked text Comandos visuais d"},{"title":"Alterar entre maiúscula e minúscula","subtitle":"Comandos visuais (Reference only) ⎯  ~","arg":["keystroke \"~\"","alterar entre maiúscula e minúscula","~"],"icon":{"type":"file","path":"img/visualCommands.png"},"match":"switch case Comandos visuais ~"},{"title":"Change marked text to lowercase","subtitle":"Comandos visuais (Reference only) ⎯  u","arg":["keystroke \"u\"","change marked text to lowercase","u"],"icon":{"type":"file","path":"img/visualCommands.png"},"match":"change marked text to lowercase Comandos visuais u"},{"title":"Change marked text to uppercase","subtitle":"Comandos visuais (Reference only) ⎯  U","arg":["keystroke \"U\"","change marked text to uppercase","U"],"icon":{"type":"file","path":"img/visualCommands.png"},"match":"change marked text to uppercase Comandos visuais U"},{"title":"Mostrar conteúdo dos registradores","subtitle":"Registradores ⎯  :reg[isters]","arg":["key code 53//keystroke \":reg\" & return","mostrar conteúdo dos registradores",":reg[isters]"],"icon":{"type":"file","path":"img/registers.png"},"match":"show registers content Registradores :reg[isters]"},{"title":"Colar no registrador x","subtitle":"Registradores ⎯  xy","arg":["key code 53//keystroke \"xy\"","colar no registrador x","xy"],"icon":{"type":"file","path":"img/registers.png"},"match":"yank into register x Registradores xy"},{"title":"Colar o conteúdo do registrador x","subtitle":"Registradores ⎯  xp","arg":["key code 53//keystroke \"xp\"","colar o conteúdo do registrador x","xp"],"icon":{"type":"file","path":"img/registers.png"},"match":"paste contents of register x Registradores xp"},{"title":"Yank into the system clipboard register","subtitle":"Registradores ⎯  +y","arg":["key code 53//keystroke \"+y\"","yank into the system clipboard register","+y"],"icon":{"type":"file","path":"img/registers.png"},"match":"yank into the system clipboard register Registradores +y"},{"title":"Paste from the system clipboard register","subtitle":"Registradores ⎯  +p","arg":["key code 53//keystroke \"+p\"","paste from the system clipboard register","+p"],"icon":{"type":"file","path":"img/registers.png"},"match":"paste from the system clipboard register Registradores +p"},{"title":"Atribuir a posição atual no marcador a","subtitle":"Marcadores ⎯  ma","arg":["key code 53//keystroke \"ma\"","atribuir a posição atual no marcador A","ma"],"icon":{"type":"file","path":"img/marks.png"},"match":"set current position for mark A Marcadores ma"},{"title":"Pular para a posição do marcador a","subtitle":"Marcadores ⎯  `a","arg":["key code 53//keystroke \"`a\"","pular para a posição do marcador A","`a"],"icon":{"type":"file","path":"img/marks.png"},"match":"jump to position of mark A Marcadores `a"},{"title":"Copiar texto para a posição do marcador a","subtitle":"Marcadores ⎯  y`a","arg":["key code 53//keystroke \"y`a\"","copiar texto para a posição do marcador A","y`a"],"icon":{"type":"file","path":"img/marks.png"},"match":"yank text to position of mark A Marcadores y`a"},{"title":"Go to the position where vim was previously exited","subtitle":"Marcadores ⎯  `0","arg":["key code 53//keystroke \"`0\"","go to the position where Vim was previously exited","`0"],"icon":{"type":"file","path":"img/marks.png"},"match":"go to the position where Vim was previously exited Marcadores `0"},{"title":"Go to the position when last editing this file","subtitle":"Marcadores ⎯  `\"","arg":["key code 53//keystroke \"`\\\"\"","go to the position when last editing this file","`\""],"icon":{"type":"file","path":"img/marks.png"},"match":"go to the position when last editing this file Marcadores `\""},{"title":"Go to the position of the last change in this file","subtitle":"Marcadores ⎯  `.","arg":["key code 53//keystroke \"`.\"","go to the position of the last change in this file","`."],"icon":{"type":"file","path":"img/marks.png"},"match":"go to the position of the last change in this file Marcadores `."},{"title":"Go to the position before the last jump","subtitle":"Marcadores ⎯  ``","arg":["key code 53//keystroke \"``\"","go to the position before the last jump","``"],"icon":{"type":"file","path":"img/marks.png"},"match":"go to the position before the last jump Marcadores ``"},{"title":"List of jumps","subtitle":"Marcadores ⎯  :ju[mps]","arg":["key code 53//keystroke \":ju\" & return","list of jumps",":ju[mps]"],"icon":{"type":"file","path":"img/marks.png"},"match":"list of jumps Marcadores :ju[mps]"},{"title":"Go to newer position in jump list","subtitle":"Marcadores ⎯  Ctrl+i","arg":["key code 53//keystroke \"i\" using control down","go to newer position in jump list","Ctrl+i"],"icon":{"type":"file","path":"img/marks.png"},"match":"go to newer position in jump list Marcadores Ctrl+i"},{"title":"Go to older position in jump list","subtitle":"Marcadores ⎯  Ctrl+o","arg":["key code 53//keystroke \"o\" using control down","go to older position in jump list","Ctrl+o"],"icon":{"type":"file","path":"img/marks.png"},"match":"go to older position in jump list Marcadores Ctrl+o"},{"title":"List of changes","subtitle":"Marcadores ⎯  :changes","arg":["key code 53//keystroke \":changes\" & return","list of changes",":changes"],"icon":{"type":"file","path":"img/marks.png"},"match":"list of changes Marcadores :changes"},{"title":"Go to newer position in change list","subtitle":"Marcadores ⎯  g,","arg":["key code 53//keystroke \"g,\"","go to newer position in change list","g,"],"icon":{"type":"file","path":"img/marks.png"},"match":"go to newer position in change list Marcadores g,"},{"title":"Go to older position in change list","subtitle":"Marcadores ⎯  g;","arg":["key code 53//keystroke \"g;\"","go to older position in change list","g;"],"icon":{"type":"file","path":"img/marks.png"},"match":"go to older position in change list Marcadores g;"},{"title":"Jump to the tag under cursor","subtitle":"Marcadores ⎯  Ctrl+]","arg":["key code 53//keystroke \"]\" using control down","jump to the tag under cursor","Ctrl+]"],"icon":{"type":"file","path":"img/marks.png"},"match":"jump to the tag under cursor Marcadores Ctrl+]"},{"title":"Go to file in cursor","subtitle":"Marcadores ⎯  gf","arg":["key code 53//keystroke \"gf\"","Go to file in cursor","gf"],"icon":{"type":"file","path":"img/marks.png"},"match":"Go to file in cursor Marcadores gf"},{"title":"Gravar o macro a","subtitle":"Macros ⎯  qa","arg":["key code 53//keystroke \"qa\"","gravar o macro a","qa"],"icon":{"type":"file","path":"img/macros.png"},"match":"record macro a Macros qa"},{"title":"Parar a gravação do macro","subtitle":"Macros ⎯  q","arg":["key code 53//keystroke \"q\"","parar a gravação do macro","q"],"icon":{"type":"file","path":"img/macros.png"},"match":"stop recording macro Macros q"},{"title":"Executar o macro a","subtitle":"Macros ⎯  @a","arg":["key code 53//keystroke \"@a\"","executar o macro a","@a"],"icon":{"type":"file","path":"img/macros.png"},"match":"run macro a Macros @a"},{"title":"Re executar o último macro","subtitle":"Macros ⎯  @@","arg":["key code 53//keystroke \"@@\"","re executar o último macro","@@"],"icon":{"type":"file","path":"img/macros.png"},"match":"rerun last run macro Macros @@"},{"title":"Copiar uma linha","subtitle":"Copiar e colar ⎯  yy","arg":["key code 53//keystroke \"yy\"","copiar uma linha","yy"],"icon":{"type":"file","path":"img/cutAndPaste.png"},"match":"yank  a line Copiar e colar yy"},{"title":"Copiar duas linhas","subtitle":"Copiar e colar ⎯  2yy","arg":["key code 53//keystroke \"2yy\"","copiar duas linhas","2yy"],"icon":{"type":"file","path":"img/cutAndPaste.png"},"match":"yank  2 lines Copiar e colar 2yy"},{"title":"Copiar uma palavra","subtitle":"Copiar e colar ⎯  yw","arg":["key code 53//keystroke \"yw\"","copiar uma palavra","yw"],"icon":{"type":"file","path":"img/cutAndPaste.png"},"match":"yank  the characters of the word from the cursor position to the start of the next word Copiar e colar yw"},{"title":"Yank  word under the cursor","subtitle":"Copiar e colar ⎯  yiw","arg":["key code 53//keystroke \"yiw\"","yank  word under the cursor","yiw"],"icon":{"type":"file","path":"img/cutAndPaste.png"},"match":"yank  word under the cursor Copiar e colar yiw"},{"title":"Yank  word under the cursor and the space after or before it","subtitle":"Copiar e colar ⎯  yaw","arg":["key code 53//keystroke \"yaw\"","yank  word under the cursor and the space after or before it","yaw"],"icon":{"type":"file","path":"img/cutAndPaste.png"},"match":"yank  word under the cursor and the space after or before it Copiar e colar yaw"},{"title":"Copiar até o final da linha","subtitle":"Copiar e colar ⎯  y$","arg":["key code 53//keystroke \"y$\"","copiar até o final da linha","y$"],"icon":{"type":"file","path":"img/cutAndPaste.png"},"match":"yank  to end of line Copiar e colar y$"},{"title":"Colar depois do cursor","subtitle":"Copiar e colar ⎯  p","arg":["key code 53//keystroke \"p\"","colar depois do cursor","p"],"icon":{"type":"file","path":"img/cutAndPaste.png"},"match":"put  the clipboard after cursor Copiar e colar p"},{"title":"Colar antes do cursor","subtitle":"Copiar e colar ⎯  P","arg":["key code 53//keystroke \"P\"","colar antes do cursor","P"],"icon":{"type":"file","path":"img/cutAndPaste.png"},"match":"put  before cursor Copiar e colar P"},{"title":"Put  the clipboard after cursor and leave cursor after the new text","subtitle":"Copiar e colar ⎯  gp","arg":["key code 53//keystroke \"gp\"","put  the clipboard after cursor and leave cursor after the new text","gp"],"icon":{"type":"file","path":"img/cutAndPaste.png"},"match":"put  the clipboard after cursor and leave cursor after the new text Copiar e colar gp"},{"title":"Put  before cursor and leave cursor after the new text","subtitle":"Copiar e colar ⎯  gP","arg":["key code 53//keystroke \"gP\"","put  before cursor and leave cursor after the new text","gP"],"icon":{"type":"file","path":"img/cutAndPaste.png"},"match":"put  before cursor and leave cursor after the new text Copiar e colar gP"},{"title":"Deletar  uma linha","subtitle":"Copiar e colar ⎯  dd","arg":["key code 53//keystroke \"dd\"","deletar  uma linha","dd"],"icon":{"type":"file","path":"img/cutAndPaste.png"},"match":"delete  a line Copiar e colar dd"},{"title":"Deletar  duas linhas","subtitle":"Copiar e colar ⎯  2dd","arg":["key code 53//keystroke \"2dd\"","deletar  duas linhas","2dd"],"icon":{"type":"file","path":"img/cutAndPaste.png"},"match":"delete  2 lines Copiar e colar 2dd"},{"title":"Deletar  uma palavra","subtitle":"Copiar e colar ⎯  dw","arg":["key code 53//keystroke \"dw\"","deletar  uma palavra","dw"],"icon":{"type":"file","path":"img/cutAndPaste.png"},"match":"delete  the characters of the word from the cursor position to the start of the next word Copiar e colar dw"},{"title":"Delete  word under the cursor","subtitle":"Copiar e colar ⎯  diw","arg":["key code 53//keystroke \"diw\"","delete  word under the cursor","diw"],"icon":{"type":"file","path":"img/cutAndPaste.png"},"match":"delete  word under the cursor Copiar e colar diw"},{"title":"Delete  word under the cursor and the space after or before it","subtitle":"Copiar e colar ⎯  daw","arg":["key code 53//keystroke \"daw\"","delete  word under the cursor and the space after or before it","daw"],"icon":{"type":"file","path":"img/cutAndPaste.png"},"match":"delete  word under the cursor and the space after or before it Copiar e colar daw"},{"title":"Deletar  até o final da linha","subtitle":"Copiar e colar ⎯  d$ or D","arg":["key code 53//keystroke \"d$\"","deletar  até o final da linha","d$ or D"],"icon":{"type":"file","path":"img/cutAndPaste.png"},"match":"delete  to the end of the line Copiar e colar d$ or D"},{"title":"Deletar  caractere","subtitle":"Copiar e colar ⎯  x","arg":["key code 53//keystroke \"x\"","deletar  caractere","x"],"icon":{"type":"file","path":"img/cutAndPaste.png"},"match":"delete  character Copiar e colar x"},{"title":"Indent  line one shiftwidth","subtitle":"Indent text ⎯  >>","arg":["key code 53//keystroke \">>\"","indent  line one shiftwidth",">>"],"icon":{"type":"file","path":"img/indentText.png"},"match":"indent  line one shiftwidth Indent text >>"},{"title":"De-indent  line one shiftwidth","subtitle":"Indent text ⎯  <<","arg":["key code 53//keystroke \"<<\"","de-indent  line one shiftwidth","<<"],"icon":{"type":"file","path":"img/indentText.png"},"match":"de-indent  line one shiftwidth Indent text <<"},{"title":"Indent a block with () or {} ","subtitle":"Indent text ⎯  >%","arg":["key code 53//keystroke \">%\"","indent a block with () or {} ",">%"],"icon":{"type":"file","path":"img/indentText.png"},"match":"indent a block with () or {}  Indent text >%"},{"title":"Indent inner block with ()","subtitle":"Indent text ⎯  >ib","arg":["key code 53//keystroke \">ib\"","indent inner block with ()",">ib"],"icon":{"type":"file","path":"img/indentText.png"},"match":"indent inner block with () Indent text >ib"},{"title":"Indent a block with <> tags","subtitle":"Indent text ⎯  >at","arg":["key code 53//keystroke \">at\"","indent a block with <> tags",">at"],"icon":{"type":"file","path":"img/indentText.png"},"match":"indent a block with <> tags Indent text >at"},{"title":"Re-indent 3 lines","subtitle":"Indent text ⎯  3==","arg":["key code 53//keystroke \"3==\"","re-indent 3 lines","3=="],"icon":{"type":"file","path":"img/indentText.png"},"match":"re-indent 3 lines Indent text 3=="},{"title":"Re-indent a block with () or {} ","subtitle":"Indent text ⎯  =%","arg":["key code 53//keystroke \"=%\"","re-indent a block with () or {} ","=%"],"icon":{"type":"file","path":"img/indentText.png"},"match":"re-indent a block with () or {}  Indent text =%"},{"title":"","subtitle":"Indent text ⎯  =iB","arg":["key code 53//keystroke \"iB\"",null,"=iB"],"icon":{"type":"file","path":"img/indentText.png"},"match":" Indent text =iB"},{"title":"Re-indent entire buffer","subtitle":"Indent text ⎯  gg=G","arg":["key code 53//keystroke \"gg=G\"","re-indent entire buffer","gg=G"],"icon":{"type":"file","path":"img/indentText.png"},"match":"re-indent entire buffer Indent text gg=G"},{"title":"Paste and adjust indent to current line","subtitle":"Indent text ⎯  ]p","arg":["key code 53//keystroke \"]p\"","paste and adjust indent to current line","]p"],"icon":{"type":"file","path":"img/indentText.png"},"match":"paste and adjust indent to current line Indent text ]p"},{"title":"Escrever  arquivo, mas não sair","subtitle":"Saindo ⎯  :w","arg":["key code 53//keystroke \":w\" & return","escrever  arquivo, mas não sair",":w"],"icon":{"type":"file","path":"img/exiting.png"},"match":"write  the file, but don't exit Saindo :w"},{"title":"Write out the current file using sudo","subtitle":"Saindo ⎯  :w !sudo tee %","arg":["key code 53//keystroke \":w !sudo tee %\"","write out the current file using sudo",":w !sudo tee %"],"icon":{"type":"file","path":"img/exiting.png"},"match":"write out the current file using sudo Saindo :w !sudo tee %"},{"title":"Escrever  arquivo e sair","subtitle":"Saindo ⎯  :wq or :x or ZZ","arg":["key code 53//keystroke \":wq\" & return","escrever  arquivo e sair",":wq or :x or ZZ"],"icon":{"type":"file","path":"img/exiting.png"},"match":"write  and quit Saindo :wq or :x or ZZ"},{"title":"Sair ","subtitle":"Saindo ⎯  :q","arg":["key code 53//keystroke \":q\" & return","sair ",":q"],"icon":{"type":"file","path":"img/exiting.png"},"match":"quit  Saindo :q"},{"title":"Sair e descartar mudanças não salvas","subtitle":"Saindo ⎯  :q! or ZQ","arg":["key code 53//keystroke \":q!\" & return","sair e descartar mudanças não salvas",":q! or ZQ"],"icon":{"type":"file","path":"img/exiting.png"},"match":"quit and throw away unsaved changes Saindo :q! or ZQ"},{"title":"Write  and quit on all tabs","subtitle":"Saindo ⎯  :wqa","arg":["key code 53//keystroke \":wqa\" & return","write  and quit on all tabs",":wqa"],"icon":{"type":"file","path":"img/exiting.png"},"match":"write  and quit on all tabs Saindo :wqa"},{"title":"Procurar por padrão","subtitle":"Procurar e substituir ⎯  /pattern","arg":["key code 53//keystroke \"/pattern\"","procurar por padrão","/pattern"],"icon":{"type":"file","path":"img/searchAndReplace.png"},"match":"search for pattern Procurar e substituir /pattern"},{"title":"Procurar por padrão na direção oposta","subtitle":"Procurar e substituir ⎯  ?pattern","arg":["key code 53//keystroke \"?pattern\"","procurar por padrão na direção oposta","?pattern"],"icon":{"type":"file","path":"img/searchAndReplace.png"},"match":"search backward for pattern Procurar e substituir ?pattern"},{"title":"Padrão `mágico`","subtitle":"Procurar e substituir ⎯  \\vpattern","arg":["key code 53//keystroke \"\\\\vpattern\"","padrão `mágico`","\\vpattern"],"icon":{"type":"file","path":"img/searchAndReplace.png"},"match":"'very magic' pattern Procurar e substituir \\vpattern"},{"title":"Repetir busca na mesma direção","subtitle":"Procurar e substituir ⎯  n","arg":["key code 53//keystroke \"n\"","repetir busca na mesma direção","n"],"icon":{"type":"file","path":"img/searchAndReplace.png"},"match":"repeat search in same direction Procurar e substituir n"},{"title":"Repetir busca na direção oposta","subtitle":"Procurar e substituir ⎯  N","arg":["key code 53//keystroke \"N\"","repetir busca na direção oposta","N"],"icon":{"type":"file","path":"img/searchAndReplace.png"},"match":"repeat search in opposite direction Procurar e substituir N"},{"title":"Substituir todas as ocorrências de old por new dentro do buffer","subtitle":"Procurar e substituir ⎯  :%s/old/new/g","arg":["key code 53//keystroke \":%s/old/new/g\"","substituir todas as ocorrências de old por new dentro do buffer",":%s/old/new/g"],"icon":{"type":"file","path":"img/searchAndReplace.png"},"match":"replace all old with new throughout file Procurar e substituir :%s/old/new/g"},{"title":"Substituir todas as ocorrências de old por new dentro do buffer pedindo confirmação","subtitle":"Procurar e substituir ⎯  :%s/old/new/gc","arg":["key code 53//keystroke \":%s/old/new/gc\"","substituir todas as ocorrências de old por new dentro do buffer pedindo confirmação",":%s/old/new/gc"],"icon":{"type":"file","path":"img/searchAndReplace.png"},"match":"replace all old with new throughout file with confirmations Procurar e substituir :%s/old/new/gc"},{"title":"Remover o destaque dos resultados de busca","subtitle":"Procurar e substituir ⎯  :noh[lsearch]","arg":["key code 53//keystroke \":noh[lsearch]\"","remover o destaque dos resultados de busca",":noh[lsearch]"],"icon":{"type":"file","path":"img/searchAndReplace.png"},"match":"remove highlighting of search matches Procurar e substituir :noh[lsearch]"},{"title":"Next whole word under cursor","subtitle":"Procurar e substituir ⎯  *","arg":["key code 53//keystroke \"*\"","Next whole word under cursor","*"],"icon":{"type":"file","path":"img/searchAndReplace.png"},"match":"Next whole word under cursor Procurar e substituir *"},{"title":"Previous whole word under cursor","subtitle":"Procurar e substituir ⎯  #","arg":["key code 53//keystroke \"#\"","Previous whole word under cursor","#"],"icon":{"type":"file","path":"img/searchAndReplace.png"},"match":"Previous whole word under cursor Procurar e substituir #"},{"title":"Procurar por padrão em múltiplos arquivos","subtitle":"Procurar em múltiplos arquivos ⎯  :vim[grep] /pattern/ file","arg":["key code 53//keystroke \":vim[grep]\"//key code 49//keystroke \"/pattern/\"//key code 49//keystroke \"file\"","procurar por padrão em múltiplos arquivos",":vim[grep] /pattern/ file"],"icon":{"type":"file","path":"img/searchMultipleFiles.png"},"match":"search for pattern in multiple files Procurar em múltiplos arquivos :vim[grep] /pattern/ file"},{"title":"Pular para próxima ocorrência","subtitle":"Procurar em múltiplos arquivos ⎯  :cn[ext]","arg":["key code 53//keystroke \":cn\" & return","pular para próxima ocorrência",":cn[ext]"],"icon":{"type":"file","path":"img/searchMultipleFiles.png"},"match":"jump to the next match Procurar em múltiplos arquivos :cn[ext]"},{"title":"Pular para ocorrência anterior","subtitle":"Procurar em múltiplos arquivos ⎯  :cp[revious]","arg":["key code 53//keystroke \":cp\" & return","pular para ocorrência anterior",":cp[revious]"],"icon":{"type":"file","path":"img/searchMultipleFiles.png"},"match":"jump to the previous match Procurar em múltiplos arquivos :cp[revious]"},{"title":"Abrir uma janela com a lista de ocorrências","subtitle":"Procurar em múltiplos arquivos ⎯  :cope[n]","arg":["key code 53//keystroke \":cope\" & return","abrir uma janela com a lista de ocorrências",":cope[n]"],"icon":{"type":"file","path":"img/searchMultipleFiles.png"},"match":"open a window containing the list of matches Procurar em múltiplos arquivos :cope[n]"},{"title":"Close the quickfix window","subtitle":"Procurar em múltiplos arquivos ⎯  :ccl[ose]","arg":["key code 53//keystroke \":ccl\" & return","close the quickfix window",":ccl[ose]"],"icon":{"type":"file","path":"img/searchMultipleFiles.png"},"match":"close the quickfix window Procurar em múltiplos arquivos :ccl[ose]"},{"title":"","subtitle":"Procurar em múltiplos arquivos ⎯  colonWa","arg":["key code 53//keystroke \":wa\" & return",null,"colonWa"],"icon":{"type":"file","path":"img/searchMultipleFiles.png"},"match":" Procurar em múltiplos arquivos colonWa"},{"title":"Close the quickfix window","subtitle":"Procurar em múltiplos arquivos ⎯  :ccl[ose]","arg":["key code 53//keystroke \":ccl\" & return","close the quickfix window",":ccl[ose]"],"icon":{"type":"file","path":"img/searchMultipleFiles.png"},"match":"close the quickfix window Procurar em múltiplos arquivos :ccl[ose]"},{"title":"Abrir um arquivo em uma aba nova","subtitle":"Abas ⎯  :tabnew or :tabnew file","arg":["key code 53//keystroke \":tabnew\"//key code 49//keystroke \"file\" & return","abrir um arquivo em uma aba nova",":tabnew or :tabnew file"],"icon":{"type":"file","path":"img/tabs.png"},"match":"open a file in a new tab Abas :tabnew or :tabnew file"},{"title":"Mover a janela atual para uma aba própria","subtitle":"Abas ⎯  Ctrl+wT","arg":["key code 53//keystroke \"w\" using control down//keystroke \"T\"","mover a janela atual para uma aba própria","Ctrl+wT"],"icon":{"type":"file","path":"img/tabs.png"},"match":"move the current split window into its own tab Abas Ctrl+wT"},{"title":"Mover para a próxima aba","subtitle":"Abas ⎯  gt or :tabn[ext]","arg":["key code 53//keystroke \"gt\"","mover para a próxima aba","gt or :tabn[ext]"],"icon":{"type":"file","path":"img/tabs.png"},"match":"move to the next tab Abas gt or :tabn[ext]"},{"title":"Mover para a aba anterior","subtitle":"Abas ⎯  gT or :tabp[revious]","arg":["key code 53//keystroke \"gT\"","mover para a aba anterior","gT or :tabp[revious]"],"icon":{"type":"file","path":"img/tabs.png"},"match":"move to the previous tab Abas gT or :tabp[revious]"},{"title":"Mover para a aba de número #","subtitle":"Abas ⎯  #gt","arg":["key code 53//keystroke \"#gt\"","mover para a aba de número #","#gt"],"icon":{"type":"file","path":"img/tabs.png"},"match":"move to tab number # Abas #gt"},{"title":"Mover aba atual para posição # ","subtitle":"Abas ⎯  :tabm[ove]","arg":["key code 53//keystroke \":tabm\" & return","mover aba atual para posição # ",":tabm[ove]"],"icon":{"type":"file","path":"img/tabs.png"},"match":"move current tab to the #th position  Abas :tabm[ove]"},{"title":"Fechar a aba atual e todas suas janelas","subtitle":"Abas ⎯  :tabc[lose]","arg":["key code 53//keystroke \":tabc\" & return","fechar a aba atual e todas suas janelas",":tabc[lose]"],"icon":{"type":"file","path":"img/tabs.png"},"match":"close the current tab and all its windows Abas :tabc[lose]"},{"title":"Fechar todas as abas exceto a aba atual","subtitle":"Abas ⎯  :tabo[nly]","arg":["key code 53//keystroke \":tabo\" & return","fechar todas as abas exceto a aba atual",":tabo[nly]"],"icon":{"type":"file","path":"img/tabs.png"},"match":"close all tabs except for the current one Abas :tabo[nly]"},{"title":"Executar o comando em todas as abas ","subtitle":"Abas ⎯  :tabdo command","arg":["key code 53//keystroke \":tabdo\"//key code 49//keystroke \"command\"","executar o comando em todas as abas ",":tabdo command"],"icon":{"type":"file","path":"img/tabs.png"},"match":"run the command on all tabs  Abas :tabdo command"},{"title":"Editar um arquivo em um novo buffer","subtitle":"Trabalhando com múltiplos arquivos ⎯  :e[dit] file","arg":["key code 53//keystroke \":e\"//key code 49//keystroke \"file\"","editar um arquivo em um novo buffer",":e[dit] file"],"icon":{"type":"file","path":"img/workingWithMultipleFiles.png"},"match":"edit a file in a new buffer Trabalhando com múltiplos arquivos :e[dit] file"},{"title":"Ir para o próximo buffer","subtitle":"Trabalhando com múltiplos arquivos ⎯  :bn[ext]","arg":["key code 53//keystroke \":bn\" & return","ir para o próximo buffer",":bn[ext]"],"icon":{"type":"file","path":"img/workingWithMultipleFiles.png"},"match":"go to the next buffer Trabalhando com múltiplos arquivos :bn[ext]"},{"title":"Ir para o buffer anterior","subtitle":"Trabalhando com múltiplos arquivos ⎯  :bp[revious]","arg":["key code 53//keystroke \":bp\" & return","ir para o buffer anterior",":bp[revious]"],"icon":{"type":"file","path":"img/workingWithMultipleFiles.png"},"match":"go to the previous buffer Trabalhando com múltiplos arquivos :bp[revious]"},{"title":"Deletar um buffer ","subtitle":"Trabalhando com múltiplos arquivos ⎯  :bd[elete]","arg":["key code 53//keystroke \":bd\" & return","deletar um buffer ",":bd[elete]"],"icon":{"type":"file","path":"img/workingWithMultipleFiles.png"},"match":"delete a buffer  Trabalhando com múltiplos arquivos :bd[elete]"},{"title":"Go to a buffer by #","subtitle":"Trabalhando com múltiplos arquivos ⎯  :b[uffer]#","arg":["key code 53//keystroke \":b#\"","go to a buffer by #",":b[uffer]#"],"icon":{"type":"file","path":"img/workingWithMultipleFiles.png"},"match":"go to a buffer by index # Trabalhando com múltiplos arquivos :b[uffer]#"},{"title":"Go to a buffer by file","subtitle":"Trabalhando com múltiplos arquivos ⎯  :b[uffer] file","arg":["key code 53//keystroke \":b\"//key code 49//keystroke \"file\"","go to a buffer by file",":b[uffer] file"],"icon":{"type":"file","path":"img/workingWithMultipleFiles.png"},"match":"go to a buffer by file Trabalhando com múltiplos arquivos :b[uffer] file"},{"title":"Listar todos os buffers abertos","subtitle":"Trabalhando com múltiplos arquivos ⎯  :ls or :buffers","arg":["key code 53//keystroke \":ls\" & return","listar todos os buffers abertos",":ls or :buffers"],"icon":{"type":"file","path":"img/workingWithMultipleFiles.png"},"match":"list all open buffers Trabalhando com múltiplos arquivos :ls or :buffers"},{"title":"Abrir um arquivo em um novo buffer e dividir a janela","subtitle":"Trabalhando com múltiplos arquivos ⎯  :sp[lit] file","arg":["key code 53//keystroke \":sp\"//key code 49//keystroke \"file\"","abrir um arquivo em um novo buffer e dividir a janela",":sp[lit] file"],"icon":{"type":"file","path":"img/workingWithMultipleFiles.png"},"match":"open a file in a new buffer and split window Trabalhando com múltiplos arquivos :sp[lit] file"},{"title":"Abrir um arquivo em um novo buffer e dividir janelas verticalmente","subtitle":"Trabalhando com múltiplos arquivos ⎯  :vs[plit] file","arg":["key code 53//keystroke \":vs\"//key code 49//keystroke \"file\"","abrir um arquivo em um novo buffer e dividir janelas verticalmente",":vs[plit] file"],"icon":{"type":"file","path":"img/workingWithMultipleFiles.png"},"match":"open a file in a new buffer and vertically split window Trabalhando com múltiplos arquivos :vs[plit] file"},{"title":"Edit all buffers as vertical windows","subtitle":"Trabalhando com múltiplos arquivos ⎯  :vert[ical] ba[ll]","arg":["key code 53//keystroke \":vert\"//key code 49//keystroke \"ba\" & return","edit all buffers as vertical windows",":vert[ical] ba[ll]"],"icon":{"type":"file","path":"img/workingWithMultipleFiles.png"},"match":"edit all buffers as vertical windows Trabalhando com múltiplos arquivos :vert[ical] ba[ll]"},{"title":"Edit all buffers as tabs","subtitle":"Trabalhando com múltiplos arquivos ⎯  :tab ba[ll]","arg":["key code 53//keystroke \":tab\"//key code 49//keystroke \"ba\" & return","edit all buffers as tabs",":tab ba[ll]"],"icon":{"type":"file","path":"img/workingWithMultipleFiles.png"},"match":"edit all buffers as tabs Trabalhando com múltiplos arquivos :tab ba[ll]"},{"title":"Dividir janela","subtitle":"Trabalhando com múltiplos arquivos ⎯  Ctrl+w s","arg":["key code 53//keystroke \"w\" using control down//keystroke \"s\"","dividir janela","Ctrl+w s"],"icon":{"type":"file","path":"img/workingWithMultipleFiles.png"},"match":"split window Trabalhando com múltiplos arquivos Ctrl+w s"},{"title":"Dividir janelas verticalmente","subtitle":"Trabalhando com múltiplos arquivos ⎯  Ctrl+w v","arg":["key code 53//keystroke \"w\" using control down//keystroke \"v\"","dividir janelas verticalmente","Ctrl+w v"],"icon":{"type":"file","path":"img/workingWithMultipleFiles.png"},"match":"split window vertically Trabalhando com múltiplos arquivos Ctrl+w v"},{"title":"Trocar de janelas","subtitle":"Trabalhando com múltiplos arquivos ⎯  Ctrl+w w","arg":["key code 53//keystroke \"w\" using control down//keystroke \"w\"","trocar de janelas","Ctrl+w w"],"icon":{"type":"file","path":"img/workingWithMultipleFiles.png"},"match":"switch windows Trabalhando com múltiplos arquivos Ctrl+w w"},{"title":"Fechar janela","subtitle":"Trabalhando com múltiplos arquivos ⎯  Ctrl+w q","arg":["key code 53//keystroke \"w\" using control down//keystroke \"q\"","fechar janela","Ctrl+w q"],"icon":{"type":"file","path":"img/workingWithMultipleFiles.png"},"match":"quit a window Trabalhando com múltiplos arquivos Ctrl+w q"},{"title":"Exchange current window with next one","subtitle":"Trabalhando com múltiplos arquivos ⎯  Ctrl+w x","arg":["key code 53//keystroke \"w\" using control down//keystroke \"x\"","exchange current window with next one","Ctrl+w x"],"icon":{"type":"file","path":"img/workingWithMultipleFiles.png"},"match":"exchange current window with next one Trabalhando com múltiplos arquivos Ctrl+w x"},{"title":"Make all windows equal height & width","subtitle":"Trabalhando com múltiplos arquivos ⎯  Ctrl+w =","arg":["key code 53//keystroke \"w\" using control down//keystroke \"=\"","make all windows equal height & width","Ctrl+w ="],"icon":{"type":"file","path":"img/workingWithMultipleFiles.png"},"match":"make all windows equal height & width Trabalhando com múltiplos arquivos Ctrl+w ="},{"title":"Mover o cursor para a janela a direita ","subtitle":"Trabalhando com múltiplos arquivos ⎯  Ctrl+w h","arg":["key code 53//keystroke \"w\" using control down//keystroke \"h\"","mover o cursor para a janela a direita ","Ctrl+w h"],"icon":{"type":"file","path":"img/workingWithMultipleFiles.png"},"match":"move cursor to the left window  Trabalhando com múltiplos arquivos Ctrl+w h"},{"title":"Mover o cursor para a janela a esquerda ","subtitle":"Trabalhando com múltiplos arquivos ⎯  Ctrl+w l","arg":["key code 53//keystroke \"w\" using control down//keystroke \"l\"","mover o cursor para a janela a esquerda ","Ctrl+w l"],"icon":{"type":"file","path":"img/workingWithMultipleFiles.png"},"match":"move cursor to the right window  Trabalhando com múltiplos arquivos Ctrl+w l"},{"title":"Mover o cursor para a janela abaixo ","subtitle":"Trabalhando com múltiplos arquivos ⎯  Ctrl+w j","arg":["key code 53//keystroke \"w\" using control down//keystroke \"j\"","mover o cursor para a janela abaixo ","Ctrl+w j"],"icon":{"type":"file","path":"img/workingWithMultipleFiles.png"},"match":"move cursor to the window below  Trabalhando com múltiplos arquivos Ctrl+w j"},{"title":"Mover o cursor para a janela acima ","subtitle":"Trabalhando com múltiplos arquivos ⎯  Ctrl+w k","arg":["key code 53//keystroke \"w\" using control down//keystroke \"k\"","mover o cursor para a janela acima ","Ctrl+w k"],"icon":{"type":"file","path":"img/workingWithMultipleFiles.png"},"match":"move cursor to the window above  Trabalhando com múltiplos arquivos Ctrl+w k"},{"title":"Make current window full height at far left ","subtitle":"Trabalhando com múltiplos arquivos ⎯  Ctrl+w H","arg":["key code 53//keystroke \"w\" using control down//keystroke \"H\"","make current window full height at far left ","Ctrl+w H"],"icon":{"type":"file","path":"img/workingWithMultipleFiles.png"},"match":"make current window full height at far left  Trabalhando com múltiplos arquivos Ctrl+w H"},{"title":"Make current window full height at far right ","subtitle":"Trabalhando com múltiplos arquivos ⎯  Ctrl+w L","arg":["key code 53//keystroke \"w\" using control down//keystroke \"L\"","make current window full height at far right ","Ctrl+w L"],"icon":{"type":"file","path":"img/workingWithMultipleFiles.png"},"match":"make current window full height at far right  Trabalhando com múltiplos arquivos Ctrl+w L"},{"title":"Make current window full width at the very bottom ","subtitle":"Trabalhando com múltiplos arquivos ⎯  Ctrl+w J","arg":["key code 53//keystroke \"w\" using control down//keystroke \"J\"","make current window full width at the very bottom ","Ctrl+w J"],"icon":{"type":"file","path":"img/workingWithMultipleFiles.png"},"match":"make current window full width at the very bottom  Trabalhando com múltiplos arquivos Ctrl+w J"},{"title":"Make current window full width at the very top ","subtitle":"Trabalhando com múltiplos arquivos ⎯  Ctrl+w K","arg":["key code 53//keystroke \"w\" using control down//keystroke \"K\"","make current window full width at the very top ","Ctrl+w K"],"icon":{"type":"file","path":"img/workingWithMultipleFiles.png"},"match":"make current window full width at the very top  Trabalhando com múltiplos arquivos Ctrl+w K"},{"title":"Manually define a fold up to motion","subtitle":"Diff ⎯  zf","arg":["key code 53//keystroke \"zf\"","manually define a fold up to motion","zf"],"icon":{"type":"file","path":"img/diff.png"},"match":"manually define a fold up to motion Diff zf"},{"title":"Delete fold under the cursor","subtitle":"Diff ⎯  zd","arg":["key code 53//keystroke \"zd\"","delete fold under the cursor","zd"],"icon":{"type":"file","path":"img/diff.png"},"match":"delete fold under the cursor Diff zd"},{"title":"Toggle fold under the cursor","subtitle":"Diff ⎯  za","arg":["key code 53//keystroke \"za\"","toggle fold under the cursor","za"],"icon":{"type":"file","path":"img/diff.png"},"match":"toggle fold under the cursor Diff za"},{"title":"Open fold under the cursor","subtitle":"Diff ⎯  zo","arg":["key code 53//keystroke \"zo\"","open fold under the cursor","zo"],"icon":{"type":"file","path":"img/diff.png"},"match":"open fold under the cursor Diff zo"},{"title":"Close fold under the cursor","subtitle":"Diff ⎯  zc","arg":["key code 53//keystroke \"zc\"","close fold under the cursor","zc"],"icon":{"type":"file","path":"img/diff.png"},"match":"close fold under the cursor Diff zc"},{"title":"Reduce  all folds by one level","subtitle":"Diff ⎯  zr","arg":["key code 53//keystroke \"zr\"","reduce  all folds by one level","zr"],"icon":{"type":"file","path":"img/diff.png"},"match":"reduce  all folds by one level Diff zr"},{"title":"Fold more  all folds by one level","subtitle":"Diff ⎯  zm","arg":["key code 53//keystroke \"zm\"","fold more  all folds by one level","zm"],"icon":{"type":"file","path":"img/diff.png"},"match":"fold more  all folds by one level Diff zm"},{"title":"Toggle folding functionality","subtitle":"Diff ⎯  zi","arg":["key code 53//keystroke \"zi\"","toggle folding functionality","zi"],"icon":{"type":"file","path":"img/diff.png"},"match":"toggle folding functionality Diff zi"},{"title":"Jump to start of next change","subtitle":"Diff ⎯  ]c","arg":["key code 53//keystroke \"]c\"","jump to start of next change","]c"],"icon":{"type":"file","path":"img/diff.png"},"match":"jump to start of next change Diff ]c"},{"title":"Jump to start of previous change","subtitle":"Diff ⎯  [c","arg":["key code 53//keystroke \"[c\"","jump to start of previous change","[c"],"icon":{"type":"file","path":"img/diff.png"},"match":"jump to start of previous change Diff [c"},{"title":"Obtain  difference ","subtitle":"Diff ⎯  do or :diffg[et]","arg":["key code 53//keystroke \"do\"","obtain  difference ","do or :diffg[et]"],"icon":{"type":"file","path":"img/diff.png"},"match":"obtain  difference  Diff do or :diffg[et]"},{"title":"Put difference ","subtitle":"Diff ⎯  dp or :diffpu[t]","arg":["key code 53//keystroke \"dp\"","put difference ","dp or :diffpu[t]"],"icon":{"type":"file","path":"img/diff.png"},"match":"put difference  Diff dp or :diffpu[t]"},{"title":"Make current window part of diff","subtitle":"Diff ⎯  :diffthis","arg":["key code 53//keystroke \":diffthis\" & return","make current window part of diff",":diffthis"],"icon":{"type":"file","path":"img/diff.png"},"match":"make current window part of diff Diff :diffthis"},{"title":"Update differences","subtitle":"Diff ⎯  :dif[fupdate]","arg":["key code 53//keystroke \":dif\" & return","update differences",":dif[fupdate]"],"icon":{"type":"file","path":"img/diff.png"},"match":"update differences Diff :dif[fupdate]"},{"title":"Switch off diff mode for current window","subtitle":"Diff ⎯  :diffo[ff]","arg":["key code 53//keystroke \":diffo\" & return","switch off diff mode for current window",":diffo[ff]"],"icon":{"type":"file","path":"img/diff.png"},"match":"switch off diff mode for current window Diff :diffo[ff]"},{"title":"Turn on us english spell checking","subtitle":"Spell checking ⎯  :set spell spelllang=en_us","arg":["key code 53//keystroke \":set\"//key code 49//keystroke \"spell\"//key code 49//keystroke \"spelllang=en_us\" & return","Turn on US English spell checking",":set spell spelllang=en_us"],"icon":{"type":"file","path":"img/spell.png"},"match":"Turn on US English spell checking Spell checking :set spell spelllang=en_us"},{"title":"Turn off spell checking","subtitle":"Spell checking ⎯  :set nospell","arg":["key code 53//keystroke \":set\"//key code 49//keystroke \"nospell\" & return","Turn off spell checking",":set nospell"],"icon":{"type":"file","path":"img/spell.png"},"match":"Turn off spell checking Spell checking :set nospell"},{"title":"Move to next misspelled word after the cursor","subtitle":"Spell checking ⎯  ]s","arg":["key code 53//keystroke \"]s\"","Move to next misspelled word after the cursor","]s"],"icon":{"type":"file","path":"img/spell.png"},"match":"Move to next misspelled word after the cursor Spell checking ]s"},{"title":"Move to previous misspelled word before the cursor","subtitle":"Spell checking ⎯  [s","arg":["key code 53//keystroke \"[s\"","Move to previous misspelled word before the cursor","[s"],"icon":{"type":"file","path":"img/spell.png"},"match":"Move to previous misspelled word before the cursor Spell checking [s"},{"title":"Suggest spellings for the word under/after the cursor","subtitle":"Spell checking ⎯  z=","arg":["key code 53//keystroke \"z=\"","Suggest spellings for the word under/after the cursor","z="],"icon":{"type":"file","path":"img/spell.png"},"match":"Suggest spellings for the word under/after the cursor Spell checking z="},{"title":"Add word to spell list","subtitle":"Spell checking ⎯  zg","arg":["key code 53//keystroke \"zg\"","Add word to spell list","zg"],"icon":{"type":"file","path":"img/spell.png"},"match":"Add word to spell list Spell checking zg"},{"title":"Mark word as bad/mispelling","subtitle":"Spell checking ⎯  zw","arg":["key code 53//keystroke \"zw\"","Mark word as bad/mispelling","zw"],"icon":{"type":"file","path":"img/spell.png"},"match":"Mark word as bad/mispelling Spell checking zw"},{"title":"Suggest words for bad word under cursor from spell file","subtitle":"Spell checking ⎯  zu","arg":["key code 53//keystroke \"zu\"","Suggest words for bad word under cursor from spell file","zu"],"icon":{"type":"file","path":"img/spell.png"},"match":"Suggest words for bad word under cursor from spell file Spell checking zu"},{"title":"Increment number","subtitle":"Miscellaneous ⎯  Ctrl+a","arg":["key code 53//keystroke \"a\" using control down","Increment number","Ctrl+a"],"icon":{"type":"file","path":"img/misc.png"},"match":"Increment number Miscellaneous Ctrl+a"},{"title":"Decrement number","subtitle":"Miscellaneous ⎯  Ctrl+x","arg":["key code 53//keystroke \"x\" using control down","Decrement number","Ctrl+x"],"icon":{"type":"file","path":"img/misc.png"},"match":"Decrement number Miscellaneous Ctrl+x"},{"title":"Re-select last selected block of text","subtitle":"Miscellaneous ⎯  gv","arg":["key code 53//keystroke \"gv\"","Re-select last selected block of text","gv"],"icon":{"type":"file","path":"img/misc.png"},"match":"Re-select last selected block of text Miscellaneous gv"},{"title":"Insert the result of an expression at the cursor","subtitle":"Miscellaneous ⎯  Ctrl+r =","arg":["key code 53//keystroke \"r\" using control down//keystroke \"=\"","Insert the result of an expression at the cursor","Ctrl+r ="],"icon":{"type":"file","path":"img/misc.png"},"match":"Insert the result of an expression at the cursor Miscellaneous Ctrl+r ="},{"title":"Change file encoding to utf-8","subtitle":"Miscellaneous ⎯  set fenc=UTF-8","arg":["key code 53//keystroke \"set\"//key code 49//keystroke \"fenc=UTF-8\"","Change file encoding to UTF-8","set fenc=UTF-8"],"icon":{"type":"file","path":"img/misc.png"},"match":"Change file encoding to UTF-8 Miscellaneous set fenc=UTF-8"},{"title":"Escape next character","subtitle":"Regex ⎯  \\","arg":["keystroke \"\\\\\"","Escape next character","\\"],"icon":{"type":"file","path":"img/regex.png"},"match":"Escape next character Regex \\"},{"title":"Start-of­-line","subtitle":"Regex ⎯  ^","arg":["keystroke \"^\"","Start-of­-line","^"],"icon":{"type":"file","path":"img/regex.png"},"match":"Start-of­-line Regex ^"},{"title":"End-of-­line","subtitle":"Regex ⎯  $","arg":["keystroke \"$\"","End-of-­line","$"],"icon":{"type":"file","path":"img/regex.png"},"match":"End-of-­line Regex $"},{"title":"Any char","subtitle":"Regex ⎯  .","arg":["keystroke \".\"","Any char","."],"icon":{"type":"file","path":"img/regex.png"},"match":"Any char Regex ."},{"title":"0 or more quantifier","subtitle":"Regex ⎯  *","arg":["keystroke \"*\"","0 or more quantifier","*"],"icon":{"type":"file","path":"img/regex.png"},"match":"0 or more quantifier Regex *"},{"title":"Match last given substitute string","subtitle":"Regex ⎯  ~","arg":["keystroke \"\"~","Match last given substitute string","~"],"icon":{"type":"file","path":"img/regex.png"},"match":"Match last given substitute string Regex ~"},{"title":"Match range","subtitle":"Regex ⎯  [...]","arg":["keystroke \"[...]\"","Match range","[...]"],"icon":{"type":"file","path":"img/regex.png"},"match":"Match range Regex [...]"},{"title":"Not range","subtitle":"Regex ⎯  [^...]","arg":["keystroke \"[^...]\"","Not range","[^...]"],"icon":{"type":"file","path":"img/regex.png"},"match":"Not range Regex [^...]"},{"title":"In replacement: insert <pattern>","subtitle":"Regex ⎯  &","arg":["keystroke \"&\"","In replacement: insert <pattern>","&"],"icon":{"type":"file","path":"img/regex.png"},"match":"In replacement: insert <pattern> Regex &"},{"title":"Beginning of a word","subtitle":"Regex ⎯  \\<","arg":["keystroke \"\\\\<\"","Beginning of a word","\\<"],"icon":{"type":"file","path":"img/regex.png"},"match":"Beginning of a word Regex \\<"},{"title":"End of word","subtitle":"Regex ⎯  \\>","arg":["keystroke \"\\\\>\"","End of word","\\>"],"icon":{"type":"file","path":"img/regex.png"},"match":"End of word Regex \\>"},{"title":"Group","subtitle":"Regex ⎯  \\(...\\)","arg":["keystroke \"\\\\(...\\\\)\"","Group","\\(...\\)"],"icon":{"type":"file","path":"img/regex.png"},"match":"Group Regex \\(...\\)"},{"title":"Separate alternative","subtitle":"Regex ⎯  \\|","arg":["keystroke \"\\\\|\"","Separate alternative","\\|"],"icon":{"type":"file","path":"img/regex.png"},"match":"Separate alternative Regex \\|"},{"title":"Any single char or end-of­line","subtitle":"Regex ⎯  \\_.","arg":["keystroke \"\\\\_.\"","Any single char or end-of­line","\\_."],"icon":{"type":"file","path":"img/regex.png"},"match":"Any single char or end-of­line Regex \\_."},{"title":"1 or more quantifier","subtitle":"Regex ⎯  \\+","arg":["keystroke \"\\\\+\"","1 or more quantifier","\\+"],"icon":{"type":"file","path":"img/regex.png"},"match":"1 or more quantifier Regex \\+"},{"title":"0 or 1 quantifier","subtitle":"Regex ⎯  \\=","arg":["keystroke \"\\\\=\"","0 or 1 quantifier","\\="],"icon":{"type":"file","path":"img/regex.png"},"match":"0 or 1 quantifier Regex \\="},{"title":"0 or 1 quantifier","subtitle":"Regex ⎯  \\?","arg":["keystroke \"\\\\?\"","0 or 1 quantifier","\\?"],"icon":{"type":"file","path":"img/regex.png"},"match":"0 or 1 quantifier Regex \\?"},{"title":"N to m quantifier","subtitle":"Regex ⎯  \\{n,m}","arg":["keystroke \"\\\\{n,m}\"","n to m quantifier","\\{n,m}"],"icon":{"type":"file","path":"img/regex.png"},"match":"n to m quantifier Regex \\{n,m}"},{"title":"N quantifier","subtitle":"Regex ⎯  \\{n}","arg":["keystroke \"\\\\{n}\"","n quantifier","\\{n}"],"icon":{"type":"file","path":"img/regex.png"},"match":"n quantifier Regex \\{n}"},{"title":"At least n quantifier","subtitle":"Regex ⎯  \\{n,}","arg":["keystroke \"\"\\\\{n,}","at least n quantifier","\\{n,}"],"icon":{"type":"file","path":"img/regex.png"},"match":"at least n quantifier Regex \\{n,}"},{"title":"0 to m quantifier","subtitle":"Regex ⎯  \\{,m}","arg":["keystroke \"\\\\{,}\"","0 to m quantifier","\\{,m}"],"icon":{"type":"file","path":"img/regex.png"},"match":"0 to m quantifier Regex \\{,m}"},{"title":"Delete all lines matching pattern","subtitle":"Regex ⎯  :%g/<pa­tte­rn>/d","arg":["key code 53//keystroke \":%g/<pa­tte­r/d\"","delete all lines matching pattern",":%g/<pa­tte­rn>/d"],"icon":{"type":"file","path":"img/regex.png"},"match":"delete all lines matching pattern Regex :%g/<pa­tte­rn>/d"},{"title":"Delete all lines not matching <pattern>","subtitle":"Regex ⎯  :%v/<pa­tte­rn>/d","arg":["key code 53//keystroke \":%v/<pa­tte­r/d\"","delete all lines NOT matching <pattern>",":%v/<pa­tte­rn>/d"],"icon":{"type":"file","path":"img/regex.png"},"match":"delete all lines NOT matching <pattern> Regex :%v/<pa­tte­rn>/d"},{"title":"Delete empty lines","subtitle":"Regex ⎯  :%s/^.*$\\n//","arg":["key code 53//keystroke \":%s/^.*$\\\\n//\"","delete empty lines",":%s/^.*$\\n//"],"icon":{"type":"file","path":"img/regex.png"},"match":"delete empty lines Regex :%s/^.*$\\n//"},{"title":"Replace <pattern> by 'new <pattern>'","subtitle":"Regex ⎯  :s/<pattern>/new &/","arg":["key code 53//keystroke \":%s/<pattern>/new &/\"","Replace <pattern> by 'new <pattern>'",":s/<pattern>/new &/"],"icon":{"type":"file","path":"img/regex.png"},"match":"Replace <pattern> by 'new <pattern>' Regex :s/<pattern>/new &/"},{"title":"Replace <pattern> by content of register","subtitle":"Regex ⎯  :s/<pattern>/\\=@a/","arg":["key code 53//keystroke \":%s/<pattern>/\\\\=@a/\"","Replace <pattern> by content of register",":s/<pattern>/\\=@a/"],"icon":{"type":"file","path":"img/regex.png"},"match":"Replace <pattern> by content of register Regex :s/<pattern>/\\=@a/"},{"title":"Count number of occurrence of <pattern>","subtitle":"Regex ⎯  :s/<pattern>//gn","arg":["key code 53//keystroke \":%s/<pattern>//gn\"","Count number of occurrence of <pattern>",":s/<pattern>//gn"],"icon":{"type":"file","path":"img/regex.png"},"match":"Count number of occurrence of <pattern> Regex :s/<pattern>//gn"},{"title":"Match start","subtitle":"Regex ⎯  \\zs","arg":["keystroke \"\\\\zs\"","Match start","\\zs"],"icon":{"type":"file","path":"img/regex.png"},"match":"Match start Regex \\zs"},{"title":"Match end","subtitle":"Regex ⎯  \\ze","arg":["keystroke \"\\\\ze\"","Match end","\\ze"],"icon":{"type":"file","path":"img/regex.png"},"match":"Match end Regex \\ze"},{"title":"Positive look behind to find <pattern>","subtitle":"Regex ⎯  <atom>\\@<=<pattern>","arg":["keystroke \"<atom>\\\\@<=<pattern>\"","Positive look behind to find <pattern>","<atom>\\@<=<pattern>"],"icon":{"type":"file","path":"img/regex.png"},"match":"Positive look behind to find <pattern> Regex <atom>\\@<=<pattern>"},{"title":"Positive look ahead to find <pattern>","subtitle":"Regex ⎯  <pattern><atom>\\@=","arg":["keystroke \"<pattern><atom>\\\\@=\"","Positive look ahead to find <pattern>","<pattern><atom>\\@="],"icon":{"type":"file","path":"img/regex.png"},"match":"Positive look ahead to find <pattern> Regex <pattern><atom>\\@="},{"title":"Negative look behind to find <pattern>","subtitle":"Regex ⎯  <atom>\\@<!<pattern>","arg":["keystroke \"<atom>\\\\@<!<pattern>\"","Negative look behind to find <pattern>","<atom>\\@<!<pattern>"],"icon":{"type":"file","path":"img/regex.png"},"match":"Negative look behind to find <pattern> Regex <atom>\\@<!<pattern>"},{"title":"Negative look ahead to find <pattern>","subtitle":"Regex ⎯  <pattern><atom>\\@!","arg":["keystroke \"<pattern><atom>\\\\@!\"","Negative look ahead to find <pattern>","<pattern><atom>\\@!"],"icon":{"type":"file","path":"img/regex.png"},"match":"Negative look ahead to find <pattern> Regex <pattern><atom>\\@!"},{"title":"Non-greedy 0 or more quantifier","subtitle":"Regex ⎯  \\{-}","arg":["keystroke \"\\\\{-}\"","Non-greedy 0 or more quantifier","\\{-}"],"icon":{"type":"file","path":"img/regex.png"},"match":"Non-greedy 0 or more quantifier Regex \\{-}"}]}