{"items":[{"title":"Ajutor pentru cuvantul keye","subtitle":"Global ⎯  :h[elp] cuvant keye","arg":["key code 53//keystroke \":h\"//key code 49//keystroke \"keyword\"","ajutor pentru cuvantul keye",":h[elp] cuvant keye"],"icon":{"type":"file","path":"img/global.png"},"match":"open help for keyword Global :h[elp] cuvant keye"},{"title":"Salveaza fisierul ca","subtitle":"Global ⎯  :sav[eas] fisier","arg":["key code 53//keystroke \":sav\"//key code 49//keystroke \"file\"","salveaza fisierul ca",":sav[eas] fisier"],"icon":{"type":"file","path":"img/global.png"},"match":"save file as Global :sav[eas] fisier"},{"title":"Inchide panoul current","subtitle":"Global ⎯  :clo[se]","arg":["key code 53//keystroke \":clo\" & return","inchide panoul current",":clo[se]"],"icon":{"type":"file","path":"img/global.png"},"match":"close current pane Global :clo[se]"},{"title":"Open a terminal window","subtitle":"Global ⎯  :ter[minal]","arg":["key code 53//keystroke \":ter\" & return","open a terminal window",":ter[minal]"],"icon":{"type":"file","path":"img/global.png"},"match":"open a terminal window Global :ter[minal]"},{"title":"Global.commands.k","subtitle":"Global ⎯  K","arg":["key code 53//keystroke \"K\"","global.commands.K","K"],"icon":{"type":"file","path":"img/global.png"},"match":"open man page for word under the cursor Global K"},{"title":"Muta cursorul la stanga","subtitle":"Mutarea cursorului ⎯  h","arg":["key code 53//keystroke \"h\"","muta cursorul la stanga","h"],"icon":{"type":"file","path":"img/cursorMovement.png"},"match":"move cursor left Mutarea cursorului h"},{"title":"Muta cursorul la dreapta","subtitle":"Mutarea cursorului ⎯  j","arg":["key code 53//keystroke \"j\"","muta cursorul la dreapta","j"],"icon":{"type":"file","path":"img/cursorMovement.png"},"match":"move cursor down Mutarea cursorului j"},{"title":"Muta cursolul in sus","subtitle":"Mutarea cursorului ⎯  k","arg":["key code 53//keystroke \"k\"","muta cursolul in sus","k"],"icon":{"type":"file","path":"img/cursorMovement.png"},"match":"move cursor up Mutarea cursorului k"},{"title":"Muta cursolul in jos","subtitle":"Mutarea cursorului ⎯  l","arg":["key code 53//keystroke \"l\"","muta cursolul in jos","l"],"icon":{"type":"file","path":"img/cursorMovement.png"},"match":"move cursor right Mutarea cursorului l"},{"title":"Move cursor down ","subtitle":"Mutarea cursorului ⎯  gj","arg":["key code 53//keystroke \"gj\"","move cursor down ","gj"],"icon":{"type":"file","path":"img/cursorMovement.png"},"match":"move cursor down  Mutarea cursorului gj"},{"title":"Move cursor up ","subtitle":"Mutarea cursorului ⎯  gk","arg":["key code 53//keystroke \"gk\"","move cursor up ","gk"],"icon":{"type":"file","path":"img/cursorMovement.png"},"match":"move cursor up  Mutarea cursorului gk"},{"title":"Dute la inceputul ecranului","subtitle":"Mutarea cursorului ⎯  H","arg":["key code 53//keystroke \"H\"","dute la inceputul ecranului","H"],"icon":{"type":"file","path":"img/cursorMovement.png"},"match":"move to top of screen Mutarea cursorului H"},{"title":"Dute la mijlocul ecranului","subtitle":"Mutarea cursorului ⎯  M","arg":["key code 53//keystroke \"M\"","dute la mijlocul ecranului","M"],"icon":{"type":"file","path":"img/cursorMovement.png"},"match":"move to middle of screen Mutarea cursorului M"},{"title":"Dute la sfarsitul ecranului","subtitle":"Mutarea cursorului ⎯  L","arg":["key code 53//keystroke \"L\"","dute la sfarsitul ecranului","L"],"icon":{"type":"file","path":"img/cursorMovement.png"},"match":"move to bottom of screen Mutarea cursorului L"},{"title":"Sari la inceputul cuvantului","subtitle":"Mutarea cursorului ⎯  w","arg":["key code 53//keystroke \"w\"","sari la inceputul cuvantului","w"],"icon":{"type":"file","path":"img/cursorMovement.png"},"match":"jump forwards to the start of a word Mutarea cursorului w"},{"title":"Sari la inceputul cuvantului ","subtitle":"Mutarea cursorului ⎯  W","arg":["key code 53//keystroke \"W\"","sari la inceputul cuvantului ","W"],"icon":{"type":"file","path":"img/cursorMovement.png"},"match":"jump forwards to the start of a word  Mutarea cursorului W"},{"title":"Sari la sfarsitul cuvantului","subtitle":"Mutarea cursorului ⎯  e","arg":["key code 53//keystroke \"e\"","sari la sfarsitul cuvantului","e"],"icon":{"type":"file","path":"img/cursorMovement.png"},"match":"jump forwards to the end of a word Mutarea cursorului e"},{"title":"Sari la sfarsitul cuvantului ","subtitle":"Mutarea cursorului ⎯  E","arg":["key code 53//keystroke \"E\"","sari la sfarsitul cuvantului ","E"],"icon":{"type":"file","path":"img/cursorMovement.png"},"match":"jump forwards to the end of a word  Mutarea cursorului E"},{"title":"Sari inapoi la inceputul cuvantului","subtitle":"Mutarea cursorului ⎯  b","arg":["key code 53//keystroke \"b\"","sari inapoi la inceputul cuvantului","b"],"icon":{"type":"file","path":"img/cursorMovement.png"},"match":"jump backwards to the start of a word Mutarea cursorului b"},{"title":"Sari inapoi la inceputul cuvantului ","subtitle":"Mutarea cursorului ⎯  B","arg":["key code 53//keystroke \"B\"","sari inapoi la inceputul cuvantului ","B"],"icon":{"type":"file","path":"img/cursorMovement.png"},"match":"jump backwards to the start of a word  Mutarea cursorului B"},{"title":"Jump backwards to the end of a word","subtitle":"Mutarea cursorului ⎯  ge","arg":["key code 53//keystroke \"ge\"","jump backwards to the end of a word","ge"],"icon":{"type":"file","path":"img/cursorMovement.png"},"match":"jump backwards to the end of a word Mutarea cursorului ge"},{"title":"Jump backwards to the end of a word ","subtitle":"Mutarea cursorului ⎯  gE","arg":["key code 53//keystroke \"gE\"","jump backwards to the end of a word ","gE"],"icon":{"type":"file","path":"img/cursorMovement.png"},"match":"jump backwards to the end of a word  Mutarea cursorului gE"},{"title":"Cursormovement.commands.percent","subtitle":"Mutarea cursorului ⎯  %","arg":["key code 53//keystroke \"%\"","cursorMovement.commands.percent","%"],"icon":{"type":"file","path":"img/cursorMovement.png"},"match":"move to matching character  Mutarea cursorului %"},{"title":"Sari la inceputul liniei","subtitle":"Mutarea cursorului ⎯  0","arg":["key code 53//keystroke \"0\"","sari la inceputul liniei","0"],"icon":{"type":"file","path":"img/cursorMovement.png"},"match":"jump to the start of the line Mutarea cursorului 0"},{"title":"Sari la primul caracter care nu e liber de la inceputul liniei","subtitle":"Mutarea cursorului ⎯  ^","arg":["key code 53//keystroke \"^\"","sari la primul caracter care nu e liber de la inceputul liniei","^"],"icon":{"type":"file","path":"img/cursorMovement.png"},"match":"jump to the first non-blank character of the line Mutarea cursorului ^"},{"title":"Sari la sfarsitul liniei","subtitle":"Mutarea cursorului ⎯  $","arg":["key code 53//keystroke \"$\"","sari la sfarsitul liniei","$"],"icon":{"type":"file","path":"img/cursorMovement.png"},"match":"jump to the end of the line Mutarea cursorului $"},{"title":"Sari la ultimul caracter non-blank al liniei","subtitle":"Mutarea cursorului ⎯  g_","arg":["key code 53//keystroke \"g_\"","sari la ultimul caracter non-blank al liniei","g_"],"icon":{"type":"file","path":"img/cursorMovement.png"},"match":"jump to the last non-blank character of the line Mutarea cursorului g_"},{"title":"Dute la prima linie a documentului","subtitle":"Mutarea cursorului ⎯  gg","arg":["key code 53//keystroke \"gg\"","dute la prima linie a documentului","gg"],"icon":{"type":"file","path":"img/cursorMovement.png"},"match":"go to the first line of the document Mutarea cursorului gg"},{"title":"Dute la ultima linie a documentului","subtitle":"Mutarea cursorului ⎯  G","arg":["key code 53//keystroke \"G\"","dute la ultima linie a documentului","G"],"icon":{"type":"file","path":"img/cursorMovement.png"},"match":"go to the last line of the document Mutarea cursorului G"},{"title":"Dute la linia 5","subtitle":"Mutarea cursorului ⎯  5gg or 5G","arg":["key code 53//keystroke \"5gg\"","dute la linia 5","5gg or 5G"],"icon":{"type":"file","path":"img/cursorMovement.png"},"match":"go to line 5 Mutarea cursorului 5gg or 5G"},{"title":"Move to local declaration","subtitle":"Mutarea cursorului ⎯  gd","arg":["key code 53//keystroke \"gd\"","move to local declaration","gd"],"icon":{"type":"file","path":"img/cursorMovement.png"},"match":"move to local declaration Mutarea cursorului gd"},{"title":"Move to global declaration","subtitle":"Mutarea cursorului ⎯  gD","arg":["key code 53//keystroke \"gD\"","move to global declaration","gD"],"icon":{"type":"file","path":"img/cursorMovement.png"},"match":"move to global declaration Mutarea cursorului gD"},{"title":"Dute la urmatoarea referinta a caracterului x","subtitle":"Mutarea cursorului ⎯  fx","arg":["key code 53//keystroke \"fx\"","dute la urmatoarea referinta a caracterului x","fx"],"icon":{"type":"file","path":"img/cursorMovement.png"},"match":"jump to next occurrence of character x Mutarea cursorului fx"},{"title":"Dute la referinta precendenta a caracterului x","subtitle":"Mutarea cursorului ⎯  tx","arg":["key code 53//keystroke \"tx\"","dute la referinta precendenta a caracterului x","tx"],"icon":{"type":"file","path":"img/cursorMovement.png"},"match":"jump to before next occurrence of character x Mutarea cursorului tx"},{"title":"Cursormovement.commands.fx","subtitle":"Mutarea cursorului ⎯  Fx","arg":["key code 53//keystroke \"Fx\"","cursorMovement.commands.Fx","Fx"],"icon":{"type":"file","path":"img/cursorMovement.png"},"match":"jump to the previous occurrence of character x Mutarea cursorului Fx"},{"title":"Cursormovement.commands.tx","subtitle":"Mutarea cursorului ⎯  Tx","arg":["key code 53//keystroke \"Tx\"","cursorMovement.commands.Tx","Tx"],"icon":{"type":"file","path":"img/cursorMovement.png"},"match":"jump to after previous occurrence of character x Mutarea cursorului Tx"},{"title":"Cursormovement.commands.semicolon","subtitle":"Mutarea cursorului ⎯  ;","arg":["key code 53//keystroke \";\"","cursorMovement.commands.semicolon",";"],"icon":{"type":"file","path":"img/cursorMovement.png"},"match":"repeat previous f, t, F or T movement Mutarea cursorului ;"},{"title":"Cursormovement.commands.comma","subtitle":"Mutarea cursorului ⎯  ,","arg":["key code 53//keystroke \",\"","cursorMovement.commands.comma",","],"icon":{"type":"file","path":"img/cursorMovement.png"},"match":"repeat previous f, t, F or T movement, backwards Mutarea cursorului ,"},{"title":"Sari la urmatorul paragraf ","subtitle":"Mutarea cursorului ⎯  }","arg":["key code 53//keystroke \"}\"","sari la urmatorul paragraf ","}"],"icon":{"type":"file","path":"img/cursorMovement.png"},"match":"jump to next paragraph  Mutarea cursorului }"},{"title":"Cursormovement.commands.opencurlybrace","subtitle":"Mutarea cursorului ⎯  {","arg":["key code 53//keystroke \"{\"","cursorMovement.commands.openCurlyBrace","{"],"icon":{"type":"file","path":"img/cursorMovement.png"},"match":"jump to previous paragraph  Mutarea cursorului {"},{"title":"Cursormovement.commands.centercursor","subtitle":"Mutarea cursorului ⎯  zz","arg":["key code 53//keystroke \"zz\"","cursorMovement.commands.centerCursor","zz"],"icon":{"type":"file","path":"img/cursorMovement.png"},"match":"center cursor on screen Mutarea cursorului zz"},{"title":"Cursormovement.commands.ctrlpluse","subtitle":"Mutarea cursorului ⎯  Ctrl+e","arg":["key code 53//keystroke \"e\" using control down","cursorMovement.commands.CtrlPluse","Ctrl+e"],"icon":{"type":"file","path":"img/cursorMovement.png"},"match":"move screen down one line  Mutarea cursorului Ctrl+e"},{"title":"Cursormovement.commands.ctrlplusy","subtitle":"Mutarea cursorului ⎯  Ctrl+y","arg":["key code 53//keystroke \"y\" using control down","cursorMovement.commands.CtrlPlusy","Ctrl+y"],"icon":{"type":"file","path":"img/cursorMovement.png"},"match":"move screen up one line  Mutarea cursorului Ctrl+y"},{"title":"Mergi inapoi un ecran intreg","subtitle":"Mutarea cursorului ⎯  Ctrl+b","arg":["key code 53//keystroke \"b\" using control down","mergi inapoi un ecran intreg","Ctrl+b"],"icon":{"type":"file","path":"img/cursorMovement.png"},"match":"move back one full screen Mutarea cursorului Ctrl+b"},{"title":"Mergi inainte un ecran intreg","subtitle":"Mutarea cursorului ⎯  Ctrl+f","arg":["key code 53//keystroke \"f\" using control down","mergi inainte un ecran intreg","Ctrl+f"],"icon":{"type":"file","path":"img/cursorMovement.png"},"match":"move forward one full screen Mutarea cursorului Ctrl+f"},{"title":"Mergi inapoi jumatate de ecran","subtitle":"Mutarea cursorului ⎯  Ctrl+u","arg":["key code 53//keystroke \"u\" using control down","mergi inapoi jumatate de ecran","Ctrl+u"],"icon":{"type":"file","path":"img/cursorMovement.png"},"match":"move back 1/2 a screen Mutarea cursorului Ctrl+u"},{"title":"Mergi inainte jumatate de ecran","subtitle":"Mutarea cursorului ⎯  Ctrl+d","arg":["key code 53//keystroke \"d\" using control down","mergi inainte jumatate de ecran","Ctrl+d"],"icon":{"type":"file","path":"img/cursorMovement.png"},"match":"move forward 1/2 a screen Mutarea cursorului Ctrl+d"},{"title":"Insereaza inainte de cursor","subtitle":"Modul de inserare - inserare/adaugare text ⎯  i","arg":["key code 53//keystroke \"i\"","insereaza inainte de cursor","i"],"icon":{"type":"file","path":"img/insertMode.png"},"match":"insert before the cursor Modul de inserare - inserare/adaugare text i"},{"title":"Insereaza la inceputul liniei","subtitle":"Modul de inserare - inserare/adaugare text ⎯  I","arg":["key code 53//keystroke \"I\"","insereaza la inceputul liniei","I"],"icon":{"type":"file","path":"img/insertMode.png"},"match":"insert at the beginning of the line Modul de inserare - inserare/adaugare text I"},{"title":"Insereaza  dupa cursor","subtitle":"Modul de inserare - inserare/adaugare text ⎯  a","arg":["key code 53//keystroke \"a\"","insereaza  dupa cursor","a"],"icon":{"type":"file","path":"img/insertMode.png"},"match":"insert  after the cursor Modul de inserare - inserare/adaugare text a"},{"title":"Insereaza  la sfarsitul liniei","subtitle":"Modul de inserare - inserare/adaugare text ⎯  A","arg":["key code 53//keystroke \"A\"","insereaza  la sfarsitul liniei","A"],"icon":{"type":"file","path":"img/insertMode.png"},"match":"insert  at the end of the line Modul de inserare - inserare/adaugare text A"},{"title":"Adauga  o noua linie sub linia curenta","subtitle":"Modul de inserare - inserare/adaugare text ⎯  o","arg":["key code 53//keystroke \"o\"","adauga  o noua linie sub linia curenta","o"],"icon":{"type":"file","path":"img/insertMode.png"},"match":"append  a new line below the current line Modul de inserare - inserare/adaugare text o"},{"title":"Adauga  o noua linie inaintea liniei curente","subtitle":"Modul de inserare - inserare/adaugare text ⎯  O","arg":["key code 53//keystroke \"O\"","adauga  o noua linie inaintea liniei curente","O"],"icon":{"type":"file","path":"img/insertMode.png"},"match":"append  a new line above the current line Modul de inserare - inserare/adaugare text O"},{"title":"Insereaza  la sfarsitul cuvantului","subtitle":"Modul de inserare - inserare/adaugare text ⎯  ea","arg":["key code 53//keystroke \"ea\"","insereaza  la sfarsitul cuvantului","ea"],"icon":{"type":"file","path":"img/insertMode.png"},"match":"insert  at the end of the word Modul de inserare - inserare/adaugare text ea"},{"title":"Delete the character before the cursor during insert mode","subtitle":"Modul de inserare - inserare/adaugare text ⎯  Ctrl+h","arg":["keystroke \"h\" using control down","delete the character before the cursor during insert mode","Ctrl+h"],"icon":{"type":"file","path":"img/insertMode.png"},"match":"delete the character before the cursor during insert mode Modul de inserare - inserare/adaugare text Ctrl+h"},{"title":"Delete word before the cursor during insert mode","subtitle":"Modul de inserare - inserare/adaugare text ⎯  Ctrl+w","arg":["keystroke \"w\" using control down","delete word before the cursor during insert mode","Ctrl+w"],"icon":{"type":"file","path":"img/insertMode.png"},"match":"delete word before the cursor during insert mode Modul de inserare - inserare/adaugare text Ctrl+w"},{"title":"Begin new line during insert mode","subtitle":"Modul de inserare - inserare/adaugare text ⎯  Ctrl+j","arg":["keystroke \"j\" using control down","begin new line during insert mode","Ctrl+j"],"icon":{"type":"file","path":"img/insertMode.png"},"match":"begin new line during insert mode Modul de inserare - inserare/adaugare text Ctrl+j"},{"title":"Indent  line one shiftwidth during insert mode","subtitle":"Modul de inserare - inserare/adaugare text ⎯  Ctrl+t","arg":["keystroke \"t\" using control down","indent  line one shiftwidth during insert mode","Ctrl+t"],"icon":{"type":"file","path":"img/insertMode.png"},"match":"indent  line one shiftwidth during insert mode Modul de inserare - inserare/adaugare text Ctrl+t"},{"title":"De-indent  line one shiftwidth during insert mode","subtitle":"Modul de inserare - inserare/adaugare text ⎯  Ctrl+d","arg":["keystroke \"d\" using control down","de-indent  line one shiftwidth during insert mode","Ctrl+d"],"icon":{"type":"file","path":"img/insertMode.png"},"match":"de-indent  line one shiftwidth during insert mode Modul de inserare - inserare/adaugare text Ctrl+d"},{"title":"Insert  next match before the cursor during insert mode","subtitle":"Modul de inserare - inserare/adaugare text ⎯  Ctrl+n","arg":["keystroke \"n\" using control down","insert  next match before the cursor during insert mode","Ctrl+n"],"icon":{"type":"file","path":"img/insertMode.png"},"match":"insert  next match before the cursor during insert mode Modul de inserare - inserare/adaugare text Ctrl+n"},{"title":"Insert  previous match before the cursor during insert mode","subtitle":"Modul de inserare - inserare/adaugare text ⎯  Ctrl+p","arg":["keystroke \"p\" using control down","insert  previous match before the cursor during insert mode","Ctrl+p"],"icon":{"type":"file","path":"img/insertMode.png"},"match":"insert  previous match before the cursor during insert mode Modul de inserare - inserare/adaugare text Ctrl+p"},{"title":"Insert the contents of register x","subtitle":"Modul de inserare - inserare/adaugare text ⎯  Ctrl+r x","arg":["keystroke \"r\" using control down//keystroke \"x\"","insert the contents of register x","Ctrl+r x"],"icon":{"type":"file","path":"img/insertMode.png"},"match":"insert the contents of register x Modul de inserare - inserare/adaugare text Ctrl+r x"},{"title":"Temporarily enter normal mode to issue one normal-mode command x.","subtitle":"Modul de inserare - inserare/adaugare text ⎯  Ctrl+o x","arg":["keystroke \"o\" using control down//keystroke \"x\"","Temporarily enter normal mode to issue one normal-mode command x.","Ctrl+o x"],"icon":{"type":"file","path":"img/insertMode.png"},"match":"Temporarily enter normal mode to issue one normal-mode command x. Modul de inserare - inserare/adaugare text Ctrl+o x"},{"title":"Iesi din modul inserare","subtitle":"Modul de inserare - inserare/adaugare text ⎯  Esc","arg":["key code 53","iesi din modul inserare","Esc"],"icon":{"type":"file","path":"img/insertMode.png"},"match":"exit insert mode Modul de inserare - inserare/adaugare text Esc"},{"title":"Inlocuieste un singur caracter","subtitle":"Editare ⎯  r","arg":["key code 53//keystroke \"r\"","inlocuieste un singur caracter","r"],"icon":{"type":"file","path":"img/editing.png"},"match":"replace a single character. Editare r"},{"title":"Replace more than one character, until esc is pressed.","subtitle":"Editare ⎯  R","arg":["key code 53//keystroke \"R\"","replace more than one character, until ESC is pressed.","R"],"icon":{"type":"file","path":"img/editing.png"},"match":"replace more than one character, until ESC is pressed. Editare R"},{"title":"Lipeste lina curenta cu cea dedesubt","subtitle":"Editare ⎯  J","arg":["key code 53//keystroke \"J\"","lipeste lina curenta cu cea dedesubt","J"],"icon":{"type":"file","path":"img/editing.png"},"match":"join line below to the current one with one space in between Editare J"},{"title":"Editing.commands.gj","subtitle":"Editare ⎯  gJ","arg":["key code 53//keystroke \"gJ\"","editing.commands.gJ","gJ"],"icon":{"type":"file","path":"img/editing.png"},"match":"join line below to the current one without space in between Editare gJ"},{"title":"Editing.commands.gwip","subtitle":"Editare ⎯  gwip","arg":["key code 53//keystroke \"gwip\"","editing.commands.gwip","gwip"],"icon":{"type":"file","path":"img/editing.png"},"match":"reflow paragraph Editare gwip"},{"title":"Switch case up to motion","subtitle":"Editare ⎯  g~","arg":["key code 53//keystroke \"g~\"","switch case up to motion","g~"],"icon":{"type":"file","path":"img/editing.png"},"match":"switch case up to motion Editare g~"},{"title":"Change to lowercase up to motion","subtitle":"Editare ⎯  gu","arg":["key code 53//keystroke \"gu\"","change to lowercase up to motion","gu"],"icon":{"type":"file","path":"img/editing.png"},"match":"change to lowercase up to motion Editare gu"},{"title":"Change to uppercase up to motion","subtitle":"Editare ⎯  gU","arg":["key code 53//keystroke \"gU\"","change to uppercase up to motion","gU"],"icon":{"type":"file","path":"img/editing.png"},"match":"change to uppercase up to motion Editare gU"},{"title":"Schimba  toata linia","subtitle":"Editare ⎯  cc","arg":["key code 53//keystroke \"cc\"","schimba  toata linia","cc"],"icon":{"type":"file","path":"img/editing.png"},"match":"change  entire line Editare cc"},{"title":"Schimba  pana la sfarsitul liniei","subtitle":"Editare ⎯  c$ or C","arg":["key code 53//keystroke \"g$\"","schimba  pana la sfarsitul liniei","c$ or C"],"icon":{"type":"file","path":"img/editing.png"},"match":"change  to the end of the line Editare c$ or C"},{"title":"Editing.commands.ciw","subtitle":"Editare ⎯  ciw","arg":["key code 53//keystroke \"ciw\"","editing.commands.ciw","ciw"],"icon":{"type":"file","path":"img/editing.png"},"match":"change  entire word Editare ciw"},{"title":"Schimba  pana la sfarsitul cuvantului","subtitle":"Editare ⎯  cw or ce","arg":["key code 53//keystroke \"cw\"","schimba  pana la sfarsitul cuvantului","cw or ce"],"icon":{"type":"file","path":"img/editing.png"},"match":"change  to the end of the word Editare cw or ce"},{"title":"Sterge caracterul si inlocuieste","subtitle":"Editare ⎯  s","arg":["key code 53//keystroke \"s\"","sterge caracterul si inlocuieste","s"],"icon":{"type":"file","path":"img/editing.png"},"match":"delete character and substitute text Editare s"},{"title":"Sterge linia si inlocuieste ","subtitle":"Editare ⎯  S","arg":["key code 53//keystroke \"S\"","sterge linia si inlocuieste ","S"],"icon":{"type":"file","path":"img/editing.png"},"match":"delete line and substitute text  Editare S"},{"title":"Transpune 2 caractere ","subtitle":"Editare ⎯  xp","arg":["key code 53//keystroke \"xp\"","transpune 2 caractere ","xp"],"icon":{"type":"file","path":"img/editing.png"},"match":"transpose two letters  Editare xp"},{"title":"Undo ","subtitle":"Editare ⎯  u","arg":["key code 53//keystroke \"u\"","undo ","u"],"icon":{"type":"file","path":"img/editing.png"},"match":"undo Editare u"},{"title":"Restore  last changed line","subtitle":"Editare ⎯  U","arg":["key code 53//keystroke \"U\"","restore  last changed line","U"],"icon":{"type":"file","path":"img/editing.png"},"match":"restore  last changed line Editare U"},{"title":"Redo ","subtitle":"Editare ⎯  Ctrl+r","arg":["key code 53//keystroke \"r\" using control down","redo ","Ctrl+r"],"icon":{"type":"file","path":"img/editing.png"},"match":"redo Editare Ctrl+r"},{"title":"Repeta comanda anterioara","subtitle":"Editare ⎯  .","arg":["key code 53//keystroke \".\"","repeta comanda anterioara","."],"icon":{"type":"file","path":"img/editing.png"},"match":"repeat last command Editare ."},{"title":"Incepe modul vizual, marcheaza linii, apoi trimite o comanda ","subtitle":"Marcarea textului  ⎯  v","arg":["key code 53//keystroke \"v\"","incepe modul vizual, marcheaza linii, apoi trimite o comanda ","v"],"icon":{"type":"file","path":"img/markingText.png"},"match":"start visual mode, mark lines, then do a command  Marcarea textului  v"},{"title":"Incepe modul vizual in relatie cu liniile","subtitle":"Marcarea textului  ⎯  V","arg":["key code 53//keystroke \"V\"","incepe modul vizual in relatie cu liniile","V"],"icon":{"type":"file","path":"img/markingText.png"},"match":"start linewise visual mode Marcarea textului  V"},{"title":"Dute la sfarsitul sectiunii marcate","subtitle":"Marcarea textului  ⎯  o","arg":["key code 53//keystroke \"o\"","dute la sfarsitul sectiunii marcate","o"],"icon":{"type":"file","path":"img/markingText.png"},"match":"move to other end of marked area Marcarea textului  o"},{"title":"Incepe modul vizual de tip sectiune","subtitle":"Marcarea textului  ⎯  Ctrl+v","arg":["key code 53//keystroke \"v\" using control down","incepe modul vizual de tip sectiune","Ctrl+v"],"icon":{"type":"file","path":"img/markingText.png"},"match":"start visual block mode Marcarea textului  Ctrl+v"},{"title":"Dute la celalat colt al sectiunii","subtitle":"Marcarea textului  ⎯  O","arg":["key code 53//keystroke \"O\"","dute la celalat colt al sectiunii","O"],"icon":{"type":"file","path":"img/markingText.png"},"match":"move to other corner of block Marcarea textului  O"},{"title":"Marcheaza un cuvant","subtitle":"Marcarea textului  ⎯  aw","arg":["key code 53//keystroke \"aw\"","marcheaza un cuvant","aw"],"icon":{"type":"file","path":"img/markingText.png"},"match":"mark a word Marcarea textului  aw"},{"title":"O sectiune cu ()","subtitle":"Marcarea textului  ⎯  ab","arg":["key code 53//keystroke \"ab\"","o sectiune cu ()","ab"],"icon":{"type":"file","path":"img/markingText.png"},"match":"a block with () Marcarea textului  ab"},{"title":"O sectiune cu {}","subtitle":"Marcarea textului  ⎯  aB","arg":["key code 53//keystroke \"aB\"","o sectiune cu {}","aB"],"icon":{"type":"file","path":"img/markingText.png"},"match":"a block with {} Marcarea textului  aB"},{"title":"A block with <> tags","subtitle":"Marcarea textului  ⎯  at","arg":["key code 53//keystroke \"at\"","a block with <> tags","at"],"icon":{"type":"file","path":"img/markingText.png"},"match":"a block with <> tags Marcarea textului  at"},{"title":"Sectiunea interioara cu ()","subtitle":"Marcarea textului  ⎯  ib","arg":["key code 53//keystroke \"ib\"","sectiunea interioara cu ()","ib"],"icon":{"type":"file","path":"img/markingText.png"},"match":"inner block with () Marcarea textului  ib"},{"title":"Sectiunea interioara cu {}","subtitle":"Marcarea textului  ⎯  iB","arg":["key code 53//keystroke \"iB\"","sectiunea interioara cu {}","iB"],"icon":{"type":"file","path":"img/markingText.png"},"match":"inner block with {} Marcarea textului  iB"},{"title":"Inner block with <> tags","subtitle":"Marcarea textului  ⎯  it","arg":["key code 53//keystroke \"it\"","inner block with <> tags","it"],"icon":{"type":"file","path":"img/markingText.png"},"match":"inner block with <> tags Marcarea textului  it"},{"title":"Iesi din modul vizual","subtitle":"Marcarea textului  ⎯  Esc","arg":["key code 53//key code 53","iesi din modul vizual","Esc"],"icon":{"type":"file","path":"img/markingText.png"},"match":"exit visual mode Marcarea textului  Esc"},{"title":"Muta textul la dreapta","subtitle":"Commandes du mode visuel (Reference only) ⎯  >","arg":["keystroke \">\"","muta textul la dreapta",">"],"icon":{"type":"file","path":"img/visualCommands.png"},"match":"shift text right Commandes du mode visuel >"},{"title":"Muta textul la stanga","subtitle":"Commandes du mode visuel (Reference only) ⎯  <","arg":["keystroke \"<\"","muta textul la stanga","<"],"icon":{"type":"file","path":"img/visualCommands.png"},"match":"shift text left Commandes du mode visuel <"},{"title":"Copie textul markat","subtitle":"Commandes du mode visuel (Reference only) ⎯  y","arg":["keystroke \"y\"","copie textul markat","y"],"icon":{"type":"file","path":"img/visualCommands.png"},"match":"yank  marked text Commandes du mode visuel y"},{"title":"Sterge textul marcat","subtitle":"Commandes du mode visuel (Reference only) ⎯  d","arg":["keystroke \"d\"","sterge textul marcat","d"],"icon":{"type":"file","path":"img/visualCommands.png"},"match":"delete marked text Commandes du mode visuel d"},{"title":"Schimba capitala caracterului ","subtitle":"Commandes du mode visuel (Reference only) ⎯  ~","arg":["keystroke \"~\"","schimba capitala caracterului ","~"],"icon":{"type":"file","path":"img/visualCommands.png"},"match":"switch case Commandes du mode visuel ~"},{"title":"Change marked text to lowercase","subtitle":"Commandes du mode visuel (Reference only) ⎯  u","arg":["keystroke \"u\"","change marked text to lowercase","u"],"icon":{"type":"file","path":"img/visualCommands.png"},"match":"change marked text to lowercase Commandes du mode visuel u"},{"title":"Change marked text to uppercase","subtitle":"Commandes du mode visuel (Reference only) ⎯  U","arg":["keystroke \"U\"","change marked text to uppercase","U"],"icon":{"type":"file","path":"img/visualCommands.png"},"match":"change marked text to uppercase Commandes du mode visuel U"},{"title":"Arata continutul registrelor","subtitle":"Registre ⎯  :reg[isters]","arg":["key code 53//keystroke \":reg\" & return","arata continutul registrelor",":reg[isters]"],"icon":{"type":"file","path":"img/registers.png"},"match":"show registers content Registre :reg[isters]"},{"title":"Copie in registrul x","subtitle":"Registre ⎯  xy","arg":["key code 53//keystroke \"xy\"","copie in registrul x","xy"],"icon":{"type":"file","path":"img/registers.png"},"match":"yank into register x Registre xy"},{"title":"Lipeste continutul registului x","subtitle":"Registre ⎯  xp","arg":["key code 53//keystroke \"xp\"","lipeste continutul registului x","xp"],"icon":{"type":"file","path":"img/registers.png"},"match":"paste contents of register x Registre xp"},{"title":"Yank into the system clipboard register","subtitle":"Registre ⎯  +y","arg":["key code 53//keystroke \"+y\"","yank into the system clipboard register","+y"],"icon":{"type":"file","path":"img/registers.png"},"match":"yank into the system clipboard register Registre +y"},{"title":"Paste from the system clipboard register","subtitle":"Registre ⎯  +p","arg":["key code 53//keystroke \"+p\"","paste from the system clipboard register","+p"],"icon":{"type":"file","path":"img/registers.png"},"match":"paste from the system clipboard register Registre +p"},{"title":"Seteaza pozitia curenta pentru insemnul a","subtitle":"Insemne ⎯  ma","arg":["key code 53//keystroke \"ma\"","seteaza pozitia curenta pentru insemnul A","ma"],"icon":{"type":"file","path":"img/marks.png"},"match":"set current position for mark A Insemne ma"},{"title":"Sari la pozitia insemnului a","subtitle":"Insemne ⎯  `a","arg":["key code 53//keystroke \"`a\"","sari la pozitia insemnului A","`a"],"icon":{"type":"file","path":"img/marks.png"},"match":"jump to position of mark A Insemne `a"},{"title":"Copie textul pana la pozitia insemnului a","subtitle":"Insemne ⎯  y`a","arg":["key code 53//keystroke \"y`a\"","copie textul pana la pozitia insemnului A","y`a"],"icon":{"type":"file","path":"img/marks.png"},"match":"yank text to position of mark A Insemne y`a"},{"title":"Go to the position where vim was previously exited","subtitle":"Insemne ⎯  `0","arg":["key code 53//keystroke \"`0\"","go to the position where Vim was previously exited","`0"],"icon":{"type":"file","path":"img/marks.png"},"match":"go to the position where Vim was previously exited Insemne `0"},{"title":"Go to the position when last editing this file","subtitle":"Insemne ⎯  `\"","arg":["key code 53//keystroke \"`\\\"\"","go to the position when last editing this file","`\""],"icon":{"type":"file","path":"img/marks.png"},"match":"go to the position when last editing this file Insemne `\""},{"title":"Go to the position of the last change in this file","subtitle":"Insemne ⎯  `.","arg":["key code 53//keystroke \"`.\"","go to the position of the last change in this file","`."],"icon":{"type":"file","path":"img/marks.png"},"match":"go to the position of the last change in this file Insemne `."},{"title":"Go to the position before the last jump","subtitle":"Insemne ⎯  ``","arg":["key code 53//keystroke \"``\"","go to the position before the last jump","``"],"icon":{"type":"file","path":"img/marks.png"},"match":"go to the position before the last jump Insemne ``"},{"title":"List of jumps","subtitle":"Insemne ⎯  :ju[mps]","arg":["key code 53//keystroke \":ju\" & return","list of jumps",":ju[mps]"],"icon":{"type":"file","path":"img/marks.png"},"match":"list of jumps Insemne :ju[mps]"},{"title":"Go to newer position in jump list","subtitle":"Insemne ⎯  Ctrl+i","arg":["key code 53//keystroke \"i\" using control down","go to newer position in jump list","Ctrl+i"],"icon":{"type":"file","path":"img/marks.png"},"match":"go to newer position in jump list Insemne Ctrl+i"},{"title":"Go to older position in jump list","subtitle":"Insemne ⎯  Ctrl+o","arg":["key code 53//keystroke \"o\" using control down","go to older position in jump list","Ctrl+o"],"icon":{"type":"file","path":"img/marks.png"},"match":"go to older position in jump list Insemne Ctrl+o"},{"title":"List of changes","subtitle":"Insemne ⎯  :changes","arg":["key code 53//keystroke \":changes\" & return","list of changes",":changes"],"icon":{"type":"file","path":"img/marks.png"},"match":"list of changes Insemne :changes"},{"title":"Go to newer position in change list","subtitle":"Insemne ⎯  g,","arg":["key code 53//keystroke \"g,\"","go to newer position in change list","g,"],"icon":{"type":"file","path":"img/marks.png"},"match":"go to newer position in change list Insemne g,"},{"title":"Go to older position in change list","subtitle":"Insemne ⎯  g;","arg":["key code 53//keystroke \"g;\"","go to older position in change list","g;"],"icon":{"type":"file","path":"img/marks.png"},"match":"go to older position in change list Insemne g;"},{"title":"Jump to the tag under cursor","subtitle":"Insemne ⎯  Ctrl+]","arg":["key code 53//keystroke \"]\" using control down","jump to the tag under cursor","Ctrl+]"],"icon":{"type":"file","path":"img/marks.png"},"match":"jump to the tag under cursor Insemne Ctrl+]"},{"title":"Go to file in cursor","subtitle":"Insemne ⎯  gf","arg":["key code 53//keystroke \"gf\"","Go to file in cursor","gf"],"icon":{"type":"file","path":"img/marks.png"},"match":"Go to file in cursor Insemne gf"},{"title":"Inregistreaza macro-ul a","subtitle":"Macros ⎯  qa","arg":["key code 53//keystroke \"qa\"","inregistreaza macro-ul a","qa"],"icon":{"type":"file","path":"img/macros.png"},"match":"record macro a Macros qa"},{"title":"Termina inregistrea macro-ului a","subtitle":"Macros ⎯  q","arg":["key code 53//keystroke \"q\"","termina inregistrea macro-ului a","q"],"icon":{"type":"file","path":"img/macros.png"},"match":"stop recording macro Macros q"},{"title":"Ruleaza macro a","subtitle":"Macros ⎯  @a","arg":["key code 53//keystroke \"@a\"","ruleaza macro a","@a"],"icon":{"type":"file","path":"img/macros.png"},"match":"run macro a Macros @a"},{"title":"Ruleaza ultimul macro","subtitle":"Macros ⎯  @@","arg":["key code 53//keystroke \"@@\"","ruleaza ultimul macro","@@"],"icon":{"type":"file","path":"img/macros.png"},"match":"rerun last run macro Macros @@"},{"title":"Copie o linie","subtitle":"Copiere/taiere si lipire ⎯  yy","arg":["key code 53//keystroke \"yy\"","copie o linie","yy"],"icon":{"type":"file","path":"img/cutAndPaste.png"},"match":"yank  a line Copiere/taiere si lipire yy"},{"title":"Copie 2 linii","subtitle":"Copiere/taiere si lipire ⎯  2yy","arg":["key code 53//keystroke \"2yy\"","copie 2 linii","2yy"],"icon":{"type":"file","path":"img/cutAndPaste.png"},"match":"yank  2 lines Copiere/taiere si lipire 2yy"},{"title":"Copie un cuvant","subtitle":"Copiere/taiere si lipire ⎯  yw","arg":["key code 53//keystroke \"yw\"","copie un cuvant","yw"],"icon":{"type":"file","path":"img/cutAndPaste.png"},"match":"yank  the characters of the word from the cursor position to the start of the next word Copiere/taiere si lipire yw"},{"title":"Copie cuvantul de sub cursor","subtitle":"Copiere/taiere si lipire ⎯  yiw","arg":["key code 53//keystroke \"yiw\"","copie cuvantul de sub cursor","yiw"],"icon":{"type":"file","path":"img/cutAndPaste.png"},"match":"yank  word under the cursor Copiere/taiere si lipire yiw"},{"title":"Copie cuvantul de sub cursor si spatiul dinaintea lui","subtitle":"Copiere/taiere si lipire ⎯  yaw","arg":["key code 53//keystroke \"yaw\"","copie cuvantul de sub cursor si spatiul dinaintea lui","yaw"],"icon":{"type":"file","path":"img/cutAndPaste.png"},"match":"yank  word under the cursor and the space after or before it Copiere/taiere si lipire yaw"},{"title":"Copie pana la sfarsitul liniei","subtitle":"Copiere/taiere si lipire ⎯  y$","arg":["key code 53//keystroke \"y$\"","copie pana la sfarsitul liniei","y$"],"icon":{"type":"file","path":"img/cutAndPaste.png"},"match":"yank  to end of line Copiere/taiere si lipire y$"},{"title":"Lipeste din clipboard dupa cursor","subtitle":"Copiere/taiere si lipire ⎯  p","arg":["key code 53//keystroke \"p\"","lipeste din clipboard dupa cursor","p"],"icon":{"type":"file","path":"img/cutAndPaste.png"},"match":"put  the clipboard after cursor Copiere/taiere si lipire p"},{"title":"Lipeste inainte de cursor","subtitle":"Copiere/taiere si lipire ⎯  P","arg":["key code 53//keystroke \"P\"","lipeste inainte de cursor","P"],"icon":{"type":"file","path":"img/cutAndPaste.png"},"match":"put  before cursor Copiere/taiere si lipire P"},{"title":"Put  the clipboard after cursor and leave cursor after the new text","subtitle":"Copiere/taiere si lipire ⎯  gp","arg":["key code 53//keystroke \"gp\"","put  the clipboard after cursor and leave cursor after the new text","gp"],"icon":{"type":"file","path":"img/cutAndPaste.png"},"match":"put  the clipboard after cursor and leave cursor after the new text Copiere/taiere si lipire gp"},{"title":"Put  before cursor and leave cursor after the new text","subtitle":"Copiere/taiere si lipire ⎯  gP","arg":["key code 53//keystroke \"gP\"","put  before cursor and leave cursor after the new text","gP"],"icon":{"type":"file","path":"img/cutAndPaste.png"},"match":"put  before cursor and leave cursor after the new text Copiere/taiere si lipire gP"},{"title":"Sterge  o linie","subtitle":"Copiere/taiere si lipire ⎯  dd","arg":["key code 53//keystroke \"dd\"","sterge  o linie","dd"],"icon":{"type":"file","path":"img/cutAndPaste.png"},"match":"delete  a line Copiere/taiere si lipire dd"},{"title":"Sterge  2 linii","subtitle":"Copiere/taiere si lipire ⎯  2dd","arg":["key code 53//keystroke \"2dd\"","sterge  2 linii","2dd"],"icon":{"type":"file","path":"img/cutAndPaste.png"},"match":"delete  2 lines Copiere/taiere si lipire 2dd"},{"title":"Sterge  un cuvant","subtitle":"Copiere/taiere si lipire ⎯  dw","arg":["key code 53//keystroke \"dw\"","sterge  un cuvant","dw"],"icon":{"type":"file","path":"img/cutAndPaste.png"},"match":"delete  the characters of the word from the cursor position to the start of the next word Copiere/taiere si lipire dw"},{"title":"Sterge  cuvantul de sub cursor","subtitle":"Copiere/taiere si lipire ⎯  diw","arg":["key code 53//keystroke \"diw\"","sterge  cuvantul de sub cursor","diw"],"icon":{"type":"file","path":"img/cutAndPaste.png"},"match":"delete  word under the cursor Copiere/taiere si lipire diw"},{"title":"Sterge  cuvantul de sub cursor si spatiul de dinainte si dupa el","subtitle":"Copiere/taiere si lipire ⎯  daw","arg":["key code 53//keystroke \"daw\"","sterge  cuvantul de sub cursor si spatiul de dinainte si dupa el","daw"],"icon":{"type":"file","path":"img/cutAndPaste.png"},"match":"delete  word under the cursor and the space after or before it Copiere/taiere si lipire daw"},{"title":"Sterge  pana la sfarsitul liniei","subtitle":"Copiere/taiere si lipire ⎯  d$ or D","arg":["key code 53//keystroke \"d$\"","sterge  pana la sfarsitul liniei","d$ or D"],"icon":{"type":"file","path":"img/cutAndPaste.png"},"match":"delete  to the end of the line Copiere/taiere si lipire d$ or D"},{"title":"Sterge  un caracter","subtitle":"Copiere/taiere si lipire ⎯  x","arg":["key code 53//keystroke \"x\"","sterge  un caracter","x"],"icon":{"type":"file","path":"img/cutAndPaste.png"},"match":"delete  character Copiere/taiere si lipire x"},{"title":"Indent  line one shiftwidth","subtitle":"Indent text ⎯  >>","arg":["key code 53//keystroke \">>\"","indent  line one shiftwidth",">>"],"icon":{"type":"file","path":"img/indentText.png"},"match":"indent  line one shiftwidth Indent text >>"},{"title":"De-indent  line one shiftwidth","subtitle":"Indent text ⎯  <<","arg":["key code 53//keystroke \"<<\"","de-indent  line one shiftwidth","<<"],"icon":{"type":"file","path":"img/indentText.png"},"match":"de-indent  line one shiftwidth Indent text <<"},{"title":"Indent a block with () or {} ","subtitle":"Indent text ⎯  >%","arg":["key code 53//keystroke \">%\"","indent a block with () or {} ",">%"],"icon":{"type":"file","path":"img/indentText.png"},"match":"indent a block with () or {}  Indent text >%"},{"title":"Indent inner block with ()","subtitle":"Indent text ⎯  >ib","arg":["key code 53//keystroke \">ib\"","indent inner block with ()",">ib"],"icon":{"type":"file","path":"img/indentText.png"},"match":"indent inner block with () Indent text >ib"},{"title":"Indent a block with <> tags","subtitle":"Indent text ⎯  >at","arg":["key code 53//keystroke \">at\"","indent a block with <> tags",">at"],"icon":{"type":"file","path":"img/indentText.png"},"match":"indent a block with <> tags Indent text >at"},{"title":"Re-indent 3 lines","subtitle":"Indent text ⎯  3==","arg":["key code 53//keystroke \"3==\"","re-indent 3 lines","3=="],"icon":{"type":"file","path":"img/indentText.png"},"match":"re-indent 3 lines Indent text 3=="},{"title":"Re-indent a block with () or {} ","subtitle":"Indent text ⎯  =%","arg":["key code 53//keystroke \"=%\"","re-indent a block with () or {} ","=%"],"icon":{"type":"file","path":"img/indentText.png"},"match":"re-indent a block with () or {}  Indent text =%"},{"title":"","subtitle":"Indent text ⎯  =iB","arg":["key code 53//keystroke \"iB\"",null,"=iB"],"icon":{"type":"file","path":"img/indentText.png"},"match":" Indent text =iB"},{"title":"Re-indent entire buffer","subtitle":"Indent text ⎯  gg=G","arg":["key code 53//keystroke \"gg=G\"","re-indent entire buffer","gg=G"],"icon":{"type":"file","path":"img/indentText.png"},"match":"re-indent entire buffer Indent text gg=G"},{"title":"Paste and adjust indent to current line","subtitle":"Indent text ⎯  ]p","arg":["key code 53//keystroke \"]p\"","paste and adjust indent to current line","]p"],"icon":{"type":"file","path":"img/indentText.png"},"match":"paste and adjust indent to current line Indent text ]p"},{"title":"Salveaza fisierul, dar nu iesi","subtitle":"Iesire ⎯  :w","arg":["key code 53//keystroke \":w\" & return","salveaza fisierul, dar nu iesi",":w"],"icon":{"type":"file","path":"img/exiting.png"},"match":"write  the file, but don't exit Iesire :w"},{"title":"Salveaza fisierul folosind sudo","subtitle":"Iesire ⎯  :w !sudo tee %","arg":["key code 53//keystroke \":w !sudo tee %\"","salveaza fisierul folosind sudo",":w !sudo tee %"],"icon":{"type":"file","path":"img/exiting.png"},"match":"write out the current file using sudo Iesire :w !sudo tee %"},{"title":"Salveaza fisierul si iesi din program","subtitle":"Iesire ⎯  :wq or :x or ZZ","arg":["key code 53//keystroke \":wq\" & return","salveaza fisierul si iesi din program",":wq or :x or ZZ"],"icon":{"type":"file","path":"img/exiting.png"},"match":"write  and quit Iesire :wq or :x or ZZ"},{"title":"Iesi din program ","subtitle":"Iesire ⎯  :q","arg":["key code 53//keystroke \":q\" & return","iesi din program ",":q"],"icon":{"type":"file","path":"img/exiting.png"},"match":"quit  Iesire :q"},{"title":"Iesi si sterge modificarile din fisier","subtitle":"Iesire ⎯  :q! or ZQ","arg":["key code 53//keystroke \":q!\" & return","iesi si sterge modificarile din fisier",":q! or ZQ"],"icon":{"type":"file","path":"img/exiting.png"},"match":"quit and throw away unsaved changes Iesire :q! or ZQ"},{"title":"Exiting.commands.colonwqa","subtitle":"Iesire ⎯  :wqa","arg":["key code 53//keystroke \":wqa\" & return","exiting.commands.colonwqa",":wqa"],"icon":{"type":"file","path":"img/exiting.png"},"match":"write  and quit on all tabs Iesire :wqa"},{"title":"Cauta dupa sablon","subtitle":"Cauta si inlocuieste ⎯  /pattern","arg":["key code 53//keystroke \"/pattern\"","cauta dupa sablon","/pattern"],"icon":{"type":"file","path":"img/searchAndReplace.png"},"match":"search for pattern Cauta si inlocuieste /pattern"},{"title":"Cauta inapoi dupa sablon","subtitle":"Cauta si inlocuieste ⎯  ?pattern","arg":["key code 53//keystroke \"?pattern\"","cauta inapoi dupa sablon","?pattern"],"icon":{"type":"file","path":"img/searchAndReplace.png"},"match":"search backward for pattern Cauta si inlocuieste ?pattern"},{"title":"Sablon 'foarte magic'","subtitle":"Cauta si inlocuieste ⎯  \\vpattern","arg":["key code 53//keystroke \"\\\\vpattern\"","sablon 'foarte magic'","\\vpattern"],"icon":{"type":"file","path":"img/searchAndReplace.png"},"match":"'very magic' pattern Cauta si inlocuieste \\vpattern"},{"title":"Repeta cautarea inainte","subtitle":"Cauta si inlocuieste ⎯  n","arg":["key code 53//keystroke \"n\"","repeta cautarea inainte","n"],"icon":{"type":"file","path":"img/searchAndReplace.png"},"match":"repeat search in same direction Cauta si inlocuieste n"},{"title":"Repeta cautarea inapoi","subtitle":"Cauta si inlocuieste ⎯  N","arg":["key code 53//keystroke \"N\"","repeta cautarea inapoi","N"],"icon":{"type":"file","path":"img/searchAndReplace.png"},"match":"repeat search in opposite direction Cauta si inlocuieste N"},{"title":"Inlocuieste peste tot old cu new in fisier","subtitle":"Cauta si inlocuieste ⎯  :%s/old/new/g","arg":["key code 53//keystroke \":%s/old/new/g\"","inlocuieste peste tot old cu new in fisier",":%s/old/new/g"],"icon":{"type":"file","path":"img/searchAndReplace.png"},"match":"replace all old with new throughout file Cauta si inlocuieste :%s/old/new/g"},{"title":"Inlocuieste peste tot old cu new in fisier cu confirmare","subtitle":"Cauta si inlocuieste ⎯  :%s/old/new/gc","arg":["key code 53//keystroke \":%s/old/new/gc\"","inlocuieste peste tot old cu new in fisier cu confirmare",":%s/old/new/gc"],"icon":{"type":"file","path":"img/searchAndReplace.png"},"match":"replace all old with new throughout file with confirmations Cauta si inlocuieste :%s/old/new/gc"},{"title":"Sterge highlightul cuvintelor potrivite","subtitle":"Cauta si inlocuieste ⎯  :noh[lsearch]","arg":["key code 53//keystroke \":noh[lsearch]\"","sterge highlightul cuvintelor potrivite",":noh[lsearch]"],"icon":{"type":"file","path":"img/searchAndReplace.png"},"match":"remove highlighting of search matches Cauta si inlocuieste :noh[lsearch]"},{"title":"Next whole word under cursor","subtitle":"Cauta si inlocuieste ⎯  *","arg":["key code 53//keystroke \"*\"","Next whole word under cursor","*"],"icon":{"type":"file","path":"img/searchAndReplace.png"},"match":"Next whole word under cursor Cauta si inlocuieste *"},{"title":"Previous whole word under cursor","subtitle":"Cauta si inlocuieste ⎯  #","arg":["key code 53//keystroke \"#\"","Previous whole word under cursor","#"],"icon":{"type":"file","path":"img/searchAndReplace.png"},"match":"Previous whole word under cursor Cauta si inlocuieste #"},{"title":"Cauta dupa sablon in fisiere multiple","subtitle":"Cauta in fisiere multiple ⎯  :vim[grep] /pattern/ file","arg":["key code 53//keystroke \":vim[grep]\"//key code 49//keystroke \"/pattern/\"//key code 49//keystroke \"file\"","cauta dupa sablon in fisiere multiple",":vim[grep] /pattern/ file"],"icon":{"type":"file","path":"img/searchMultipleFiles.png"},"match":"search for pattern in multiple files Cauta in fisiere multiple :vim[grep] /pattern/ file"},{"title":"Sari la urmatoarea potrivire","subtitle":"Cauta in fisiere multiple ⎯  :cn[ext]","arg":["key code 53//keystroke \":cn\" & return","sari la urmatoarea potrivire",":cn[ext]"],"icon":{"type":"file","path":"img/searchMultipleFiles.png"},"match":"jump to the next match Cauta in fisiere multiple :cn[ext]"},{"title":"Sari la potrivirea anterioara","subtitle":"Cauta in fisiere multiple ⎯  :cp[revious]","arg":["key code 53//keystroke \":cp\" & return","sari la potrivirea anterioara",":cp[revious]"],"icon":{"type":"file","path":"img/searchMultipleFiles.png"},"match":"jump to the previous match Cauta in fisiere multiple :cp[revious]"},{"title":"Deschide o fereastra care contine lista de potriviri","subtitle":"Cauta in fisiere multiple ⎯  :cope[n]","arg":["key code 53//keystroke \":cope\" & return","deschide o fereastra care contine lista de potriviri",":cope[n]"],"icon":{"type":"file","path":"img/searchMultipleFiles.png"},"match":"open a window containing the list of matches Cauta in fisiere multiple :cope[n]"},{"title":"Close the quickfix window","subtitle":"Cauta in fisiere multiple ⎯  :ccl[ose]","arg":["key code 53//keystroke \":ccl\" & return","close the quickfix window",":ccl[ose]"],"icon":{"type":"file","path":"img/searchMultipleFiles.png"},"match":"close the quickfix window Cauta in fisiere multiple :ccl[ose]"},{"title":"","subtitle":"Cauta in fisiere multiple ⎯  colonWa","arg":["key code 53//keystroke \":wa\" & return",null,"colonWa"],"icon":{"type":"file","path":"img/searchMultipleFiles.png"},"match":" Cauta in fisiere multiple colonWa"},{"title":"Close the quickfix window","subtitle":"Cauta in fisiere multiple ⎯  :ccl[ose]","arg":["key code 53//keystroke \":ccl\" & return","close the quickfix window",":ccl[ose]"],"icon":{"type":"file","path":"img/searchMultipleFiles.png"},"match":"close the quickfix window Cauta in fisiere multiple :ccl[ose]"},{"title":"Deschide fisierul intr-un tab nou","subtitle":"Taburi ⎯  :tabnew or :tabnew file","arg":["key code 53//keystroke \":tabnew\"//key code 49//keystroke \"file\" & return","deschide fisierul intr-un tab nou",":tabnew or :tabnew file"],"icon":{"type":"file","path":"img/tabs.png"},"match":"open a file in a new tab Taburi :tabnew or :tabnew file"},{"title":"Muta fereastra curenta in propriul tab","subtitle":"Taburi ⎯  Ctrl+wT","arg":["key code 53//keystroke \"w\" using control down//keystroke \"T\"","muta fereastra curenta in propriul tab","Ctrl+wT"],"icon":{"type":"file","path":"img/tabs.png"},"match":"move the current split window into its own tab Taburi Ctrl+wT"},{"title":"Dute la urmatorul tab","subtitle":"Taburi ⎯  gt or :tabn[ext]","arg":["key code 53//keystroke \"gt\"","dute la urmatorul tab","gt or :tabn[ext]"],"icon":{"type":"file","path":"img/tabs.png"},"match":"move to the next tab Taburi gt or :tabn[ext]"},{"title":"Dute la tabul anterior","subtitle":"Taburi ⎯  gT or :tabp[revious]","arg":["key code 53//keystroke \"gT\"","dute la tabul anterior","gT or :tabp[revious]"],"icon":{"type":"file","path":"img/tabs.png"},"match":"move to the previous tab Taburi gT or :tabp[revious]"},{"title":"Dute la tabul cu numarul #","subtitle":"Taburi ⎯  #gt","arg":["key code 53//keystroke \"#gt\"","dute la tabul cu numarul #","#gt"],"icon":{"type":"file","path":"img/tabs.png"},"match":"move to tab number # Taburi #gt"},{"title":"Dute la tabul din pozitia #","subtitle":"Taburi ⎯  :tabm[ove]","arg":["key code 53//keystroke \":tabm\" & return","dute la tabul din pozitia #",":tabm[ove]"],"icon":{"type":"file","path":"img/tabs.png"},"match":"move current tab to the #th position  Taburi :tabm[ove]"},{"title":"Inchide tabul curent si toate ferestrele lui","subtitle":"Taburi ⎯  :tabc[lose]","arg":["key code 53//keystroke \":tabc\" & return","inchide tabul curent si toate ferestrele lui",":tabc[lose]"],"icon":{"type":"file","path":"img/tabs.png"},"match":"close the current tab and all its windows Taburi :tabc[lose]"},{"title":"Inchide toate taburile in afara de cel curent","subtitle":"Taburi ⎯  :tabo[nly]","arg":["key code 53//keystroke \":tabo\" & return","inchide toate taburile in afara de cel curent",":tabo[nly]"],"icon":{"type":"file","path":"img/tabs.png"},"match":"close all tabs except for the current one Taburi :tabo[nly]"},{"title":"Ruleaza comanda in toate taburile ","subtitle":"Taburi ⎯  :tabdo command","arg":["key code 53//keystroke \":tabdo\"//key code 49//keystroke \"command\"","ruleaza comanda in toate taburile ",":tabdo command"],"icon":{"type":"file","path":"img/tabs.png"},"match":"run the command on all tabs  Taburi :tabdo command"},{"title":"Editeaza fisierul respectin intr-un nou buffer","subtitle":"Editarea fisierelor multiple ⎯  :e[dit] file","arg":["key code 53//keystroke \":e\"//key code 49//keystroke \"file\"","editeaza fisierul respectin intr-un nou buffer",":e[dit] file"],"icon":{"type":"file","path":"img/workingWithMultipleFiles.png"},"match":"edit a file in a new buffer Editarea fisierelor multiple :e[dit] file"},{"title":"Dute la urmatorul buffer","subtitle":"Editarea fisierelor multiple ⎯  :bn[ext]","arg":["key code 53//keystroke \":bn\" & return","dute la urmatorul buffer",":bn[ext]"],"icon":{"type":"file","path":"img/workingWithMultipleFiles.png"},"match":"go to the next buffer Editarea fisierelor multiple :bn[ext]"},{"title":"Dute la bufferul anterior","subtitle":"Editarea fisierelor multiple ⎯  :bp[revious]","arg":["key code 53//keystroke \":bp\" & return","dute la bufferul anterior",":bp[revious]"],"icon":{"type":"file","path":"img/workingWithMultipleFiles.png"},"match":"go to the previous buffer Editarea fisierelor multiple :bp[revious]"},{"title":"Sterge un buffer ","subtitle":"Editarea fisierelor multiple ⎯  :bd[elete]","arg":["key code 53//keystroke \":bd\" & return","sterge un buffer ",":bd[elete]"],"icon":{"type":"file","path":"img/workingWithMultipleFiles.png"},"match":"delete a buffer  Editarea fisierelor multiple :bd[elete]"},{"title":"Go to a buffer by #","subtitle":"Editarea fisierelor multiple ⎯  :b[uffer]#","arg":["key code 53//keystroke \":b#\"","go to a buffer by #",":b[uffer]#"],"icon":{"type":"file","path":"img/workingWithMultipleFiles.png"},"match":"go to a buffer by index # Editarea fisierelor multiple :b[uffer]#"},{"title":"Go to a buffer by file","subtitle":"Editarea fisierelor multiple ⎯  :b[uffer] file","arg":["key code 53//keystroke \":b\"//key code 49//keystroke \"file\"","go to a buffer by file",":b[uffer] file"],"icon":{"type":"file","path":"img/workingWithMultipleFiles.png"},"match":"go to a buffer by file Editarea fisierelor multiple :b[uffer] file"},{"title":"Arata o lista cu bufferele deschise","subtitle":"Editarea fisierelor multiple ⎯  :ls or :buffers","arg":["key code 53//keystroke \":ls\" & return","arata o lista cu bufferele deschise",":ls or :buffers"],"icon":{"type":"file","path":"img/workingWithMultipleFiles.png"},"match":"list all open buffers Editarea fisierelor multiple :ls or :buffers"},{"title":"Deschide fisierul intr-un buffer now si imparte fereastra","subtitle":"Editarea fisierelor multiple ⎯  :sp[lit] file","arg":["key code 53//keystroke \":sp\"//key code 49//keystroke \"file\"","deschide fisierul intr-un buffer now si imparte fereastra",":sp[lit] file"],"icon":{"type":"file","path":"img/workingWithMultipleFiles.png"},"match":"open a file in a new buffer and split window Editarea fisierelor multiple :sp[lit] file"},{"title":"Deschide fisierul intr-un buffer now si imparte fereastra vertical","subtitle":"Editarea fisierelor multiple ⎯  :vs[plit] file","arg":["key code 53//keystroke \":vs\"//key code 49//keystroke \"file\"","deschide fisierul intr-un buffer now si imparte fereastra vertical",":vs[plit] file"],"icon":{"type":"file","path":"img/workingWithMultipleFiles.png"},"match":"open a file in a new buffer and vertically split window Editarea fisierelor multiple :vs[plit] file"},{"title":"Edit all buffers as vertical windows","subtitle":"Editarea fisierelor multiple ⎯  :vert[ical] ba[ll]","arg":["key code 53//keystroke \":vert\"//key code 49//keystroke \"ba\" & return","edit all buffers as vertical windows",":vert[ical] ba[ll]"],"icon":{"type":"file","path":"img/workingWithMultipleFiles.png"},"match":"edit all buffers as vertical windows Editarea fisierelor multiple :vert[ical] ba[ll]"},{"title":"Edit all buffers as tabs","subtitle":"Editarea fisierelor multiple ⎯  :tab ba[ll]","arg":["key code 53//keystroke \":tab\"//key code 49//keystroke \"ba\" & return","edit all buffers as tabs",":tab ba[ll]"],"icon":{"type":"file","path":"img/workingWithMultipleFiles.png"},"match":"edit all buffers as tabs Editarea fisierelor multiple :tab ba[ll]"},{"title":"Imparte fereastra orizontal","subtitle":"Editarea fisierelor multiple ⎯  Ctrl+w s","arg":["key code 53//keystroke \"w\" using control down//keystroke \"s\"","imparte fereastra orizontal","Ctrl+w s"],"icon":{"type":"file","path":"img/workingWithMultipleFiles.png"},"match":"split window Editarea fisierelor multiple Ctrl+w s"},{"title":"Imparte fereastra vertical","subtitle":"Editarea fisierelor multiple ⎯  Ctrl+w v","arg":["key code 53//keystroke \"w\" using control down//keystroke \"v\"","imparte fereastra vertical","Ctrl+w v"],"icon":{"type":"file","path":"img/workingWithMultipleFiles.png"},"match":"split window vertically Editarea fisierelor multiple Ctrl+w v"},{"title":"Schimba fereastra","subtitle":"Editarea fisierelor multiple ⎯  Ctrl+w w","arg":["key code 53//keystroke \"w\" using control down//keystroke \"w\"","schimba fereastra","Ctrl+w w"],"icon":{"type":"file","path":"img/workingWithMultipleFiles.png"},"match":"switch windows Editarea fisierelor multiple Ctrl+w w"},{"title":"Iesi din fereastra","subtitle":"Editarea fisierelor multiple ⎯  Ctrl+w q","arg":["key code 53//keystroke \"w\" using control down//keystroke \"q\"","iesi din fereastra","Ctrl+w q"],"icon":{"type":"file","path":"img/workingWithMultipleFiles.png"},"match":"quit a window Editarea fisierelor multiple Ctrl+w q"},{"title":"Exchange current window with next one","subtitle":"Editarea fisierelor multiple ⎯  Ctrl+w x","arg":["key code 53//keystroke \"w\" using control down//keystroke \"x\"","exchange current window with next one","Ctrl+w x"],"icon":{"type":"file","path":"img/workingWithMultipleFiles.png"},"match":"exchange current window with next one Editarea fisierelor multiple Ctrl+w x"},{"title":"Make all windows equal height & width","subtitle":"Editarea fisierelor multiple ⎯  Ctrl+w =","arg":["key code 53//keystroke \"w\" using control down//keystroke \"=\"","make all windows equal height & width","Ctrl+w ="],"icon":{"type":"file","path":"img/workingWithMultipleFiles.png"},"match":"make all windows equal height & width Editarea fisierelor multiple Ctrl+w ="},{"title":"Muta cursorul in fereastra din stanga ","subtitle":"Editarea fisierelor multiple ⎯  Ctrl+w h","arg":["key code 53//keystroke \"w\" using control down//keystroke \"h\"","muta cursorul in fereastra din stanga ","Ctrl+w h"],"icon":{"type":"file","path":"img/workingWithMultipleFiles.png"},"match":"move cursor to the left window  Editarea fisierelor multiple Ctrl+w h"},{"title":"Muta cursorul in fereastra din dreapta ","subtitle":"Editarea fisierelor multiple ⎯  Ctrl+w l","arg":["key code 53//keystroke \"w\" using control down//keystroke \"l\"","muta cursorul in fereastra din dreapta ","Ctrl+w l"],"icon":{"type":"file","path":"img/workingWithMultipleFiles.png"},"match":"move cursor to the right window  Editarea fisierelor multiple Ctrl+w l"},{"title":"Muta cursorul in fereastra de sus ","subtitle":"Editarea fisierelor multiple ⎯  Ctrl+w j","arg":["key code 53//keystroke \"w\" using control down//keystroke \"j\"","muta cursorul in fereastra de sus ","Ctrl+w j"],"icon":{"type":"file","path":"img/workingWithMultipleFiles.png"},"match":"move cursor to the window below  Editarea fisierelor multiple Ctrl+w j"},{"title":"Muta cursorul in fereastra de jos ","subtitle":"Editarea fisierelor multiple ⎯  Ctrl+w k","arg":["key code 53//keystroke \"w\" using control down//keystroke \"k\"","muta cursorul in fereastra de jos ","Ctrl+w k"],"icon":{"type":"file","path":"img/workingWithMultipleFiles.png"},"match":"move cursor to the window above  Editarea fisierelor multiple Ctrl+w k"},{"title":"Make current window full height at far left ","subtitle":"Editarea fisierelor multiple ⎯  Ctrl+w H","arg":["key code 53//keystroke \"w\" using control down//keystroke \"H\"","make current window full height at far left ","Ctrl+w H"],"icon":{"type":"file","path":"img/workingWithMultipleFiles.png"},"match":"make current window full height at far left  Editarea fisierelor multiple Ctrl+w H"},{"title":"Make current window full height at far right ","subtitle":"Editarea fisierelor multiple ⎯  Ctrl+w L","arg":["key code 53//keystroke \"w\" using control down//keystroke \"L\"","make current window full height at far right ","Ctrl+w L"],"icon":{"type":"file","path":"img/workingWithMultipleFiles.png"},"match":"make current window full height at far right  Editarea fisierelor multiple Ctrl+w L"},{"title":"Make current window full width at the very bottom ","subtitle":"Editarea fisierelor multiple ⎯  Ctrl+w J","arg":["key code 53//keystroke \"w\" using control down//keystroke \"J\"","make current window full width at the very bottom ","Ctrl+w J"],"icon":{"type":"file","path":"img/workingWithMultipleFiles.png"},"match":"make current window full width at the very bottom  Editarea fisierelor multiple Ctrl+w J"},{"title":"Make current window full width at the very top ","subtitle":"Editarea fisierelor multiple ⎯  Ctrl+w K","arg":["key code 53//keystroke \"w\" using control down//keystroke \"K\"","make current window full width at the very top ","Ctrl+w K"],"icon":{"type":"file","path":"img/workingWithMultipleFiles.png"},"match":"make current window full width at the very top  Editarea fisierelor multiple Ctrl+w K"},{"title":"Manually define a fold up to motion","subtitle":"Diff ⎯  zf","arg":["key code 53//keystroke \"zf\"","manually define a fold up to motion","zf"],"icon":{"type":"file","path":"img/diff.png"},"match":"manually define a fold up to motion Diff zf"},{"title":"Delete fold under the cursor","subtitle":"Diff ⎯  zd","arg":["key code 53//keystroke \"zd\"","delete fold under the cursor","zd"],"icon":{"type":"file","path":"img/diff.png"},"match":"delete fold under the cursor Diff zd"},{"title":"Toggle fold under the cursor","subtitle":"Diff ⎯  za","arg":["key code 53//keystroke \"za\"","toggle fold under the cursor","za"],"icon":{"type":"file","path":"img/diff.png"},"match":"toggle fold under the cursor Diff za"},{"title":"Open fold under the cursor","subtitle":"Diff ⎯  zo","arg":["key code 53//keystroke \"zo\"","open fold under the cursor","zo"],"icon":{"type":"file","path":"img/diff.png"},"match":"open fold under the cursor Diff zo"},{"title":"Close fold under the cursor","subtitle":"Diff ⎯  zc","arg":["key code 53//keystroke \"zc\"","close fold under the cursor","zc"],"icon":{"type":"file","path":"img/diff.png"},"match":"close fold under the cursor Diff zc"},{"title":"Reduce  all folds by one level","subtitle":"Diff ⎯  zr","arg":["key code 53//keystroke \"zr\"","reduce  all folds by one level","zr"],"icon":{"type":"file","path":"img/diff.png"},"match":"reduce  all folds by one level Diff zr"},{"title":"Fold more  all folds by one level","subtitle":"Diff ⎯  zm","arg":["key code 53//keystroke \"zm\"","fold more  all folds by one level","zm"],"icon":{"type":"file","path":"img/diff.png"},"match":"fold more  all folds by one level Diff zm"},{"title":"Toggle folding functionality","subtitle":"Diff ⎯  zi","arg":["key code 53//keystroke \"zi\"","toggle folding functionality","zi"],"icon":{"type":"file","path":"img/diff.png"},"match":"toggle folding functionality Diff zi"},{"title":"Jump to start of next change","subtitle":"Diff ⎯  ]c","arg":["key code 53//keystroke \"]c\"","jump to start of next change","]c"],"icon":{"type":"file","path":"img/diff.png"},"match":"jump to start of next change Diff ]c"},{"title":"Jump to start of previous change","subtitle":"Diff ⎯  [c","arg":["key code 53//keystroke \"[c\"","jump to start of previous change","[c"],"icon":{"type":"file","path":"img/diff.png"},"match":"jump to start of previous change Diff [c"},{"title":"Obtain  difference ","subtitle":"Diff ⎯  do or :diffg[et]","arg":["key code 53//keystroke \"do\"","obtain  difference ","do or :diffg[et]"],"icon":{"type":"file","path":"img/diff.png"},"match":"obtain  difference  Diff do or :diffg[et]"},{"title":"Put difference ","subtitle":"Diff ⎯  dp or :diffpu[t]","arg":["key code 53//keystroke \"dp\"","put difference ","dp or :diffpu[t]"],"icon":{"type":"file","path":"img/diff.png"},"match":"put difference  Diff dp or :diffpu[t]"},{"title":"Make current window part of diff","subtitle":"Diff ⎯  :diffthis","arg":["key code 53//keystroke \":diffthis\" & return","make current window part of diff",":diffthis"],"icon":{"type":"file","path":"img/diff.png"},"match":"make current window part of diff Diff :diffthis"},{"title":"Update differences","subtitle":"Diff ⎯  :dif[fupdate]","arg":["key code 53//keystroke \":dif\" & return","update differences",":dif[fupdate]"],"icon":{"type":"file","path":"img/diff.png"},"match":"update differences Diff :dif[fupdate]"},{"title":"Switch off diff mode for current window","subtitle":"Diff ⎯  :diffo[ff]","arg":["key code 53//keystroke \":diffo\" & return","switch off diff mode for current window",":diffo[ff]"],"icon":{"type":"file","path":"img/diff.png"},"match":"switch off diff mode for current window Diff :diffo[ff]"},{"title":"Turn on us english spell checking","subtitle":"Spell checking ⎯  :set spell spelllang=en_us","arg":["key code 53//keystroke \":set\"//key code 49//keystroke \"spell\"//key code 49//keystroke \"spelllang=en_us\" & return","Turn on US English spell checking",":set spell spelllang=en_us"],"icon":{"type":"file","path":"img/spell.png"},"match":"Turn on US English spell checking Spell checking :set spell spelllang=en_us"},{"title":"Turn off spell checking","subtitle":"Spell checking ⎯  :set nospell","arg":["key code 53//keystroke \":set\"//key code 49//keystroke \"nospell\" & return","Turn off spell checking",":set nospell"],"icon":{"type":"file","path":"img/spell.png"},"match":"Turn off spell checking Spell checking :set nospell"},{"title":"Move to next misspelled word after the cursor","subtitle":"Spell checking ⎯  ]s","arg":["key code 53//keystroke \"]s\"","Move to next misspelled word after the cursor","]s"],"icon":{"type":"file","path":"img/spell.png"},"match":"Move to next misspelled word after the cursor Spell checking ]s"},{"title":"Move to previous misspelled word before the cursor","subtitle":"Spell checking ⎯  [s","arg":["key code 53//keystroke \"[s\"","Move to previous misspelled word before the cursor","[s"],"icon":{"type":"file","path":"img/spell.png"},"match":"Move to previous misspelled word before the cursor Spell checking [s"},{"title":"Suggest spellings for the word under/after the cursor","subtitle":"Spell checking ⎯  z=","arg":["key code 53//keystroke \"z=\"","Suggest spellings for the word under/after the cursor","z="],"icon":{"type":"file","path":"img/spell.png"},"match":"Suggest spellings for the word under/after the cursor Spell checking z="},{"title":"Add word to spell list","subtitle":"Spell checking ⎯  zg","arg":["key code 53//keystroke \"zg\"","Add word to spell list","zg"],"icon":{"type":"file","path":"img/spell.png"},"match":"Add word to spell list Spell checking zg"},{"title":"Mark word as bad/mispelling","subtitle":"Spell checking ⎯  zw","arg":["key code 53//keystroke \"zw\"","Mark word as bad/mispelling","zw"],"icon":{"type":"file","path":"img/spell.png"},"match":"Mark word as bad/mispelling Spell checking zw"},{"title":"Suggest words for bad word under cursor from spell file","subtitle":"Spell checking ⎯  zu","arg":["key code 53//keystroke \"zu\"","Suggest words for bad word under cursor from spell file","zu"],"icon":{"type":"file","path":"img/spell.png"},"match":"Suggest words for bad word under cursor from spell file Spell checking zu"},{"title":"Increment number","subtitle":"Miscellaneous ⎯  Ctrl+a","arg":["key code 53//keystroke \"a\" using control down","Increment number","Ctrl+a"],"icon":{"type":"file","path":"img/misc.png"},"match":"Increment number Miscellaneous Ctrl+a"},{"title":"Decrement number","subtitle":"Miscellaneous ⎯  Ctrl+x","arg":["key code 53//keystroke \"x\" using control down","Decrement number","Ctrl+x"],"icon":{"type":"file","path":"img/misc.png"},"match":"Decrement number Miscellaneous Ctrl+x"},{"title":"Re-select last selected block of text","subtitle":"Miscellaneous ⎯  gv","arg":["key code 53//keystroke \"gv\"","Re-select last selected block of text","gv"],"icon":{"type":"file","path":"img/misc.png"},"match":"Re-select last selected block of text Miscellaneous gv"},{"title":"Insert the result of an expression at the cursor","subtitle":"Miscellaneous ⎯  Ctrl+r =","arg":["key code 53//keystroke \"r\" using control down//keystroke \"=\"","Insert the result of an expression at the cursor","Ctrl+r ="],"icon":{"type":"file","path":"img/misc.png"},"match":"Insert the result of an expression at the cursor Miscellaneous Ctrl+r ="},{"title":"Change file encoding to utf-8","subtitle":"Miscellaneous ⎯  set fenc=UTF-8","arg":["key code 53//keystroke \"set\"//key code 49//keystroke \"fenc=UTF-8\"","Change file encoding to UTF-8","set fenc=UTF-8"],"icon":{"type":"file","path":"img/misc.png"},"match":"Change file encoding to UTF-8 Miscellaneous set fenc=UTF-8"},{"title":"Escape next character","subtitle":"Regex ⎯  \\","arg":["keystroke \"\\\\\"","Escape next character","\\"],"icon":{"type":"file","path":"img/regex.png"},"match":"Escape next character Regex \\"},{"title":"Start-of­-line","subtitle":"Regex ⎯  ^","arg":["keystroke \"^\"","Start-of­-line","^"],"icon":{"type":"file","path":"img/regex.png"},"match":"Start-of­-line Regex ^"},{"title":"End-of-­line","subtitle":"Regex ⎯  $","arg":["keystroke \"$\"","End-of-­line","$"],"icon":{"type":"file","path":"img/regex.png"},"match":"End-of-­line Regex $"},{"title":"Any char","subtitle":"Regex ⎯  .","arg":["keystroke \".\"","Any char","."],"icon":{"type":"file","path":"img/regex.png"},"match":"Any char Regex ."},{"title":"0 or more quantifier","subtitle":"Regex ⎯  *","arg":["keystroke \"*\"","0 or more quantifier","*"],"icon":{"type":"file","path":"img/regex.png"},"match":"0 or more quantifier Regex *"},{"title":"Match last given substitute string","subtitle":"Regex ⎯  ~","arg":["keystroke \"\"~","Match last given substitute string","~"],"icon":{"type":"file","path":"img/regex.png"},"match":"Match last given substitute string Regex ~"},{"title":"Match range","subtitle":"Regex ⎯  [...]","arg":["keystroke \"[...]\"","Match range","[...]"],"icon":{"type":"file","path":"img/regex.png"},"match":"Match range Regex [...]"},{"title":"Not range","subtitle":"Regex ⎯  [^...]","arg":["keystroke \"[^...]\"","Not range","[^...]"],"icon":{"type":"file","path":"img/regex.png"},"match":"Not range Regex [^...]"},{"title":"In replacement: insert <pattern>","subtitle":"Regex ⎯  &","arg":["keystroke \"&\"","In replacement: insert <pattern>","&"],"icon":{"type":"file","path":"img/regex.png"},"match":"In replacement: insert <pattern> Regex &"},{"title":"Beginning of a word","subtitle":"Regex ⎯  \\<","arg":["keystroke \"\\\\<\"","Beginning of a word","\\<"],"icon":{"type":"file","path":"img/regex.png"},"match":"Beginning of a word Regex \\<"},{"title":"End of word","subtitle":"Regex ⎯  \\>","arg":["keystroke \"\\\\>\"","End of word","\\>"],"icon":{"type":"file","path":"img/regex.png"},"match":"End of word Regex \\>"},{"title":"Group","subtitle":"Regex ⎯  \\(...\\)","arg":["keystroke \"\\\\(...\\\\)\"","Group","\\(...\\)"],"icon":{"type":"file","path":"img/regex.png"},"match":"Group Regex \\(...\\)"},{"title":"Separate alternative","subtitle":"Regex ⎯  \\|","arg":["keystroke \"\\\\|\"","Separate alternative","\\|"],"icon":{"type":"file","path":"img/regex.png"},"match":"Separate alternative Regex \\|"},{"title":"Any single char or end-of­line","subtitle":"Regex ⎯  \\_.","arg":["keystroke \"\\\\_.\"","Any single char or end-of­line","\\_."],"icon":{"type":"file","path":"img/regex.png"},"match":"Any single char or end-of­line Regex \\_."},{"title":"1 or more quantifier","subtitle":"Regex ⎯  \\+","arg":["keystroke \"\\\\+\"","1 or more quantifier","\\+"],"icon":{"type":"file","path":"img/regex.png"},"match":"1 or more quantifier Regex \\+"},{"title":"0 or 1 quantifier","subtitle":"Regex ⎯  \\=","arg":["keystroke \"\\\\=\"","0 or 1 quantifier","\\="],"icon":{"type":"file","path":"img/regex.png"},"match":"0 or 1 quantifier Regex \\="},{"title":"0 or 1 quantifier","subtitle":"Regex ⎯  \\?","arg":["keystroke \"\\\\?\"","0 or 1 quantifier","\\?"],"icon":{"type":"file","path":"img/regex.png"},"match":"0 or 1 quantifier Regex \\?"},{"title":"N to m quantifier","subtitle":"Regex ⎯  \\{n,m}","arg":["keystroke \"\\\\{n,m}\"","n to m quantifier","\\{n,m}"],"icon":{"type":"file","path":"img/regex.png"},"match":"n to m quantifier Regex \\{n,m}"},{"title":"N quantifier","subtitle":"Regex ⎯  \\{n}","arg":["keystroke \"\\\\{n}\"","n quantifier","\\{n}"],"icon":{"type":"file","path":"img/regex.png"},"match":"n quantifier Regex \\{n}"},{"title":"At least n quantifier","subtitle":"Regex ⎯  \\{n,}","arg":["keystroke \"\"\\\\{n,}","at least n quantifier","\\{n,}"],"icon":{"type":"file","path":"img/regex.png"},"match":"at least n quantifier Regex \\{n,}"},{"title":"0 to m quantifier","subtitle":"Regex ⎯  \\{,m}","arg":["keystroke \"\\\\{,}\"","0 to m quantifier","\\{,m}"],"icon":{"type":"file","path":"img/regex.png"},"match":"0 to m quantifier Regex \\{,m}"},{"title":"Delete all lines matching pattern","subtitle":"Regex ⎯  :%g/<pa­tte­rn>/d","arg":["key code 53//keystroke \":%g/<pa­tte­r/d\"","delete all lines matching pattern",":%g/<pa­tte­rn>/d"],"icon":{"type":"file","path":"img/regex.png"},"match":"delete all lines matching pattern Regex :%g/<pa­tte­rn>/d"},{"title":"Delete all lines not matching <pattern>","subtitle":"Regex ⎯  :%v/<pa­tte­rn>/d","arg":["key code 53//keystroke \":%v/<pa­tte­r/d\"","delete all lines NOT matching <pattern>",":%v/<pa­tte­rn>/d"],"icon":{"type":"file","path":"img/regex.png"},"match":"delete all lines NOT matching <pattern> Regex :%v/<pa­tte­rn>/d"},{"title":"Delete empty lines","subtitle":"Regex ⎯  :%s/^.*$\\n//","arg":["key code 53//keystroke \":%s/^.*$\\\\n//\"","delete empty lines",":%s/^.*$\\n//"],"icon":{"type":"file","path":"img/regex.png"},"match":"delete empty lines Regex :%s/^.*$\\n//"},{"title":"Replace <pattern> by 'new <pattern>'","subtitle":"Regex ⎯  :s/<pattern>/new &/","arg":["key code 53//keystroke \":%s/<pattern>/new &/\"","Replace <pattern> by 'new <pattern>'",":s/<pattern>/new &/"],"icon":{"type":"file","path":"img/regex.png"},"match":"Replace <pattern> by 'new <pattern>' Regex :s/<pattern>/new &/"},{"title":"Replace <pattern> by content of register","subtitle":"Regex ⎯  :s/<pattern>/\\=@a/","arg":["key code 53//keystroke \":%s/<pattern>/\\\\=@a/\"","Replace <pattern> by content of register",":s/<pattern>/\\=@a/"],"icon":{"type":"file","path":"img/regex.png"},"match":"Replace <pattern> by content of register Regex :s/<pattern>/\\=@a/"},{"title":"Count number of occurrence of <pattern>","subtitle":"Regex ⎯  :s/<pattern>//gn","arg":["key code 53//keystroke \":%s/<pattern>//gn\"","Count number of occurrence of <pattern>",":s/<pattern>//gn"],"icon":{"type":"file","path":"img/regex.png"},"match":"Count number of occurrence of <pattern> Regex :s/<pattern>//gn"},{"title":"Match start","subtitle":"Regex ⎯  \\zs","arg":["keystroke \"\\\\zs\"","Match start","\\zs"],"icon":{"type":"file","path":"img/regex.png"},"match":"Match start Regex \\zs"},{"title":"Match end","subtitle":"Regex ⎯  \\ze","arg":["keystroke \"\\\\ze\"","Match end","\\ze"],"icon":{"type":"file","path":"img/regex.png"},"match":"Match end Regex \\ze"},{"title":"Positive look behind to find <pattern>","subtitle":"Regex ⎯  <atom>\\@<=<pattern>","arg":["keystroke \"<atom>\\\\@<=<pattern>\"","Positive look behind to find <pattern>","<atom>\\@<=<pattern>"],"icon":{"type":"file","path":"img/regex.png"},"match":"Positive look behind to find <pattern> Regex <atom>\\@<=<pattern>"},{"title":"Positive look ahead to find <pattern>","subtitle":"Regex ⎯  <pattern><atom>\\@=","arg":["keystroke \"<pattern><atom>\\\\@=\"","Positive look ahead to find <pattern>","<pattern><atom>\\@="],"icon":{"type":"file","path":"img/regex.png"},"match":"Positive look ahead to find <pattern> Regex <pattern><atom>\\@="},{"title":"Negative look behind to find <pattern>","subtitle":"Regex ⎯  <atom>\\@<!<pattern>","arg":["keystroke \"<atom>\\\\@<!<pattern>\"","Negative look behind to find <pattern>","<atom>\\@<!<pattern>"],"icon":{"type":"file","path":"img/regex.png"},"match":"Negative look behind to find <pattern> Regex <atom>\\@<!<pattern>"},{"title":"Negative look ahead to find <pattern>","subtitle":"Regex ⎯  <pattern><atom>\\@!","arg":["keystroke \"<pattern><atom>\\\\@!\"","Negative look ahead to find <pattern>","<pattern><atom>\\@!"],"icon":{"type":"file","path":"img/regex.png"},"match":"Negative look ahead to find <pattern> Regex <pattern><atom>\\@!"},{"title":"Non-greedy 0 or more quantifier","subtitle":"Regex ⎯  \\{-}","arg":["keystroke \"\\\\{-}\"","Non-greedy 0 or more quantifier","\\{-}"],"icon":{"type":"file","path":"img/regex.png"},"match":"Non-greedy 0 or more quantifier Regex \\{-}"}]}