{"items":[{"title":"Otvorí pomoc pre kľúčové slovo","subtitle":"Globálne ⎯  :h[elp] kľúčové slovo","arg":["key code 53//keystroke \":h\"//key code 49//keystroke \"keyword\"","otvorí pomoc pre kľúčové slovo",":h[elp] kľúčové slovo"],"icon":{"type":"file","path":"img/global.png"},"match":"open help for keyword Globálne :h[elp] kľúčové slovo"},{"title":"Uloží súbor ako","subtitle":"Globálne ⎯  :sav[eas] súbor","arg":["key code 53//keystroke \":sav\"//key code 49//keystroke \"file\"","uloží súbor ako",":sav[eas] súbor"],"icon":{"type":"file","path":"img/global.png"},"match":"save file as Globálne :sav[eas] súbor"},{"title":"Zatvorí aktuálny panel","subtitle":"Globálne ⎯  :clo[se]","arg":["key code 53//keystroke \":clo\" & return","zatvorí aktuálny panel",":clo[se]"],"icon":{"type":"file","path":"img/global.png"},"match":"close current pane Globálne :clo[se]"},{"title":"Open a terminal window","subtitle":"Globálne ⎯  :ter[minal]","arg":["key code 53//keystroke \":ter\" & return","open a terminal window",":ter[minal]"],"icon":{"type":"file","path":"img/global.png"},"match":"open a terminal window Globálne :ter[minal]"},{"title":"Otvorí manuálovú stránku pre slovo pod kurzorom","subtitle":"Globálne ⎯  K","arg":["key code 53//keystroke \"K\"","otvorí manuálovú stránku pre slovo pod kurzorom","K"],"icon":{"type":"file","path":"img/global.png"},"match":"open man page for word under the cursor Globálne K"},{"title":"Presunie kurzor doľava","subtitle":"Presun kurzoru ⎯  h","arg":["key code 53//keystroke \"h\"","presunie kurzor doľava","h"],"icon":{"type":"file","path":"img/cursorMovement.png"},"match":"move cursor left Presun kurzoru h"},{"title":"Presunie kurzor nadol","subtitle":"Presun kurzoru ⎯  j","arg":["key code 53//keystroke \"j\"","presunie kurzor nadol","j"],"icon":{"type":"file","path":"img/cursorMovement.png"},"match":"move cursor down Presun kurzoru j"},{"title":"Presunie kurzor hore","subtitle":"Presun kurzoru ⎯  k","arg":["key code 53//keystroke \"k\"","presunie kurzor hore","k"],"icon":{"type":"file","path":"img/cursorMovement.png"},"match":"move cursor up Presun kurzoru k"},{"title":"Presunie kurzor doprava","subtitle":"Presun kurzoru ⎯  l","arg":["key code 53//keystroke \"l\"","presunie kurzor doprava","l"],"icon":{"type":"file","path":"img/cursorMovement.png"},"match":"move cursor right Presun kurzoru l"},{"title":"Move cursor down ","subtitle":"Presun kurzoru ⎯  gj","arg":["key code 53//keystroke \"gj\"","move cursor down ","gj"],"icon":{"type":"file","path":"img/cursorMovement.png"},"match":"move cursor down  Presun kurzoru gj"},{"title":"Move cursor up ","subtitle":"Presun kurzoru ⎯  gk","arg":["key code 53//keystroke \"gk\"","move cursor up ","gk"],"icon":{"type":"file","path":"img/cursorMovement.png"},"match":"move cursor up  Presun kurzoru gk"},{"title":"Presunie na hornú časť obrazovky","subtitle":"Presun kurzoru ⎯  H","arg":["key code 53//keystroke \"H\"","presunie na hornú časť obrazovky","H"],"icon":{"type":"file","path":"img/cursorMovement.png"},"match":"move to top of screen Presun kurzoru H"},{"title":"Presunie do stredu obrazovky","subtitle":"Presun kurzoru ⎯  M","arg":["key code 53//keystroke \"M\"","presunie do stredu obrazovky","M"],"icon":{"type":"file","path":"img/cursorMovement.png"},"match":"move to middle of screen Presun kurzoru M"},{"title":"Presunie na spodok obrazovky","subtitle":"Presun kurzoru ⎯  L","arg":["key code 53//keystroke \"L\"","presunie na spodok obrazovky","L"],"icon":{"type":"file","path":"img/cursorMovement.png"},"match":"move to bottom of screen Presun kurzoru L"},{"title":"Skočí na začiatok slova","subtitle":"Presun kurzoru ⎯  w","arg":["key code 53//keystroke \"w\"","skočí na začiatok slova","w"],"icon":{"type":"file","path":"img/cursorMovement.png"},"match":"jump forwards to the start of a word Presun kurzoru w"},{"title":"Skočí na začiatok slova ","subtitle":"Presun kurzoru ⎯  W","arg":["key code 53//keystroke \"W\"","skočí na začiatok slova ","W"],"icon":{"type":"file","path":"img/cursorMovement.png"},"match":"jump forwards to the start of a word  Presun kurzoru W"},{"title":"Skočí na koniec slova","subtitle":"Presun kurzoru ⎯  e","arg":["key code 53//keystroke \"e\"","skočí na koniec slova","e"],"icon":{"type":"file","path":"img/cursorMovement.png"},"match":"jump forwards to the end of a word Presun kurzoru e"},{"title":"Skočí na koniec slova ","subtitle":"Presun kurzoru ⎯  E","arg":["key code 53//keystroke \"E\"","skočí na koniec slova ","E"],"icon":{"type":"file","path":"img/cursorMovement.png"},"match":"jump forwards to the end of a word  Presun kurzoru E"},{"title":"Skočí späť na začiatok slova","subtitle":"Presun kurzoru ⎯  b","arg":["key code 53//keystroke \"b\"","skočí späť na začiatok slova","b"],"icon":{"type":"file","path":"img/cursorMovement.png"},"match":"jump backwards to the start of a word Presun kurzoru b"},{"title":"Skočí späť na začiatok slova ","subtitle":"Presun kurzoru ⎯  B","arg":["key code 53//keystroke \"B\"","skočí späť na začiatok slova ","B"],"icon":{"type":"file","path":"img/cursorMovement.png"},"match":"jump backwards to the start of a word  Presun kurzoru B"},{"title":"Jump backwards to the end of a word","subtitle":"Presun kurzoru ⎯  ge","arg":["key code 53//keystroke \"ge\"","jump backwards to the end of a word","ge"],"icon":{"type":"file","path":"img/cursorMovement.png"},"match":"jump backwards to the end of a word Presun kurzoru ge"},{"title":"Jump backwards to the end of a word ","subtitle":"Presun kurzoru ⎯  gE","arg":["key code 53//keystroke \"gE\"","jump backwards to the end of a word ","gE"],"icon":{"type":"file","path":"img/cursorMovement.png"},"match":"jump backwards to the end of a word  Presun kurzoru gE"},{"title":"Presunie sa na zodpovedajúci znak ","subtitle":"Presun kurzoru ⎯  %","arg":["key code 53//keystroke \"%\"","presunie sa na zodpovedajúci znak ","%"],"icon":{"type":"file","path":"img/cursorMovement.png"},"match":"move to matching character  Presun kurzoru %"},{"title":"Skočí na začiatok riadku","subtitle":"Presun kurzoru ⎯  0","arg":["key code 53//keystroke \"0\"","skočí na začiatok riadku","0"],"icon":{"type":"file","path":"img/cursorMovement.png"},"match":"jump to the start of the line Presun kurzoru 0"},{"title":"Skočí na prvý znak riadku, ktorý nie je prázdny","subtitle":"Presun kurzoru ⎯  ^","arg":["key code 53//keystroke \"^\"","skočí na prvý znak riadku, ktorý nie je prázdny","^"],"icon":{"type":"file","path":"img/cursorMovement.png"},"match":"jump to the first non-blank character of the line Presun kurzoru ^"},{"title":"Skočí na koniec riadku","subtitle":"Presun kurzoru ⎯  $","arg":["key code 53//keystroke \"$\"","skočí na koniec riadku","$"],"icon":{"type":"file","path":"img/cursorMovement.png"},"match":"jump to the end of the line Presun kurzoru $"},{"title":"Skočí na posledný znak riadku, ktorý nie je prázdny","subtitle":"Presun kurzoru ⎯  g_","arg":["key code 53//keystroke \"g_\"","skočí na posledný znak riadku, ktorý nie je prázdny","g_"],"icon":{"type":"file","path":"img/cursorMovement.png"},"match":"jump to the last non-blank character of the line Presun kurzoru g_"},{"title":"Prejde na prvý riadok dokumentu","subtitle":"Presun kurzoru ⎯  gg","arg":["key code 53//keystroke \"gg\"","prejde na prvý riadok dokumentu","gg"],"icon":{"type":"file","path":"img/cursorMovement.png"},"match":"go to the first line of the document Presun kurzoru gg"},{"title":"Prejde na posledný riadok dokumentu","subtitle":"Presun kurzoru ⎯  G","arg":["key code 53//keystroke \"G\"","prejde na posledný riadok dokumentu","G"],"icon":{"type":"file","path":"img/cursorMovement.png"},"match":"go to the last line of the document Presun kurzoru G"},{"title":"Prejde na riadok 5","subtitle":"Presun kurzoru ⎯  5gg or 5G","arg":["key code 53//keystroke \"5gg\"","prejde na riadok 5","5gg or 5G"],"icon":{"type":"file","path":"img/cursorMovement.png"},"match":"go to line 5 Presun kurzoru 5gg or 5G"},{"title":"Move to local declaration","subtitle":"Presun kurzoru ⎯  gd","arg":["key code 53//keystroke \"gd\"","move to local declaration","gd"],"icon":{"type":"file","path":"img/cursorMovement.png"},"match":"move to local declaration Presun kurzoru gd"},{"title":"Move to global declaration","subtitle":"Presun kurzoru ⎯  gD","arg":["key code 53//keystroke \"gD\"","move to global declaration","gD"],"icon":{"type":"file","path":"img/cursorMovement.png"},"match":"move to global declaration Presun kurzoru gD"},{"title":"Skočí na ďalší výskyt znaku x","subtitle":"Presun kurzoru ⎯  fx","arg":["key code 53//keystroke \"fx\"","skočí na ďalší výskyt znaku x","fx"],"icon":{"type":"file","path":"img/cursorMovement.png"},"match":"jump to next occurrence of character x Presun kurzoru fx"},{"title":"Skočí jeden znak pred ďalší výskyt znaku x","subtitle":"Presun kurzoru ⎯  tx","arg":["key code 53//keystroke \"tx\"","skočí jeden znak pred ďalší výskyt znaku x","tx"],"icon":{"type":"file","path":"img/cursorMovement.png"},"match":"jump to before next occurrence of character x Presun kurzoru tx"},{"title":"Skočí na predchádzajúci výskyt znaku x","subtitle":"Presun kurzoru ⎯  Fx","arg":["key code 53//keystroke \"Fx\"","skočí na predchádzajúci výskyt znaku x","Fx"],"icon":{"type":"file","path":"img/cursorMovement.png"},"match":"jump to the previous occurrence of character x Presun kurzoru Fx"},{"title":"Skočí jeden znak pred predchádzajúci výskyt znaku x","subtitle":"Presun kurzoru ⎯  Tx","arg":["key code 53//keystroke \"Tx\"","skočí jeden znak pred predchádzajúci výskyt znaku x","Tx"],"icon":{"type":"file","path":"img/cursorMovement.png"},"match":"jump to after previous occurrence of character x Presun kurzoru Tx"},{"title":"Zopakujte predchádzajúci pohyb f, t, f alebo t","subtitle":"Presun kurzoru ⎯  ;","arg":["key code 53//keystroke \";\"","zopakujte predchádzajúci pohyb f, t, F alebo T",";"],"icon":{"type":"file","path":"img/cursorMovement.png"},"match":"repeat previous f, t, F or T movement Presun kurzoru ;"},{"title":"Zopakujte predchádzajúci pohyb f, t, f alebo t, dozadu","subtitle":"Presun kurzoru ⎯  ,","arg":["key code 53//keystroke \",\"","zopakujte predchádzajúci pohyb f, t, F alebo T, dozadu",","],"icon":{"type":"file","path":"img/cursorMovement.png"},"match":"repeat previous f, t, F or T movement, backwards Presun kurzoru ,"},{"title":"Skočí na ďalší odsek ","subtitle":"Presun kurzoru ⎯  }","arg":["key code 53//keystroke \"}\"","skočí na ďalší odsek ","}"],"icon":{"type":"file","path":"img/cursorMovement.png"},"match":"jump to next paragraph  Presun kurzoru }"},{"title":"Skočí na predchádzajúci odsek ","subtitle":"Presun kurzoru ⎯  {","arg":["key code 53//keystroke \"{\"","skočí na predchádzajúci odsek ","{"],"icon":{"type":"file","path":"img/cursorMovement.png"},"match":"jump to previous paragraph  Presun kurzoru {"},{"title":"Centruje kurzor na stred obrazovky","subtitle":"Presun kurzoru ⎯  zz","arg":["key code 53//keystroke \"zz\"","centruje kurzor na stred obrazovky","zz"],"icon":{"type":"file","path":"img/cursorMovement.png"},"match":"center cursor on screen Presun kurzoru zz"},{"title":"Presunie obrazovku dole o jeden riadok ","subtitle":"Presun kurzoru ⎯  Ctrl+e","arg":["key code 53//keystroke \"e\" using control down","presunie obrazovku dole o jeden riadok ","Ctrl+e"],"icon":{"type":"file","path":"img/cursorMovement.png"},"match":"move screen down one line  Presun kurzoru Ctrl+e"},{"title":"Presunie obrazovku hore o jeden riadok ","subtitle":"Presun kurzoru ⎯  Ctrl+y","arg":["key code 53//keystroke \"y\" using control down","presunie obrazovku hore o jeden riadok ","Ctrl+y"],"icon":{"type":"file","path":"img/cursorMovement.png"},"match":"move screen up one line  Presun kurzoru Ctrl+y"},{"title":"Presunie späť jednu celú obrazovku","subtitle":"Presun kurzoru ⎯  Ctrl+b","arg":["key code 53//keystroke \"b\" using control down","presunie späť jednu celú obrazovku","Ctrl+b"],"icon":{"type":"file","path":"img/cursorMovement.png"},"match":"move back one full screen Presun kurzoru Ctrl+b"},{"title":"Presunie dopredu jednu celú obrazovku","subtitle":"Presun kurzoru ⎯  Ctrl+f","arg":["key code 53//keystroke \"f\" using control down","presunie dopredu jednu celú obrazovku","Ctrl+f"],"icon":{"type":"file","path":"img/cursorMovement.png"},"match":"move forward one full screen Presun kurzoru Ctrl+f"},{"title":"Presunie späť o 1/2 obrazovky","subtitle":"Presun kurzoru ⎯  Ctrl+u","arg":["key code 53//keystroke \"u\" using control down","presunie späť o 1/2 obrazovky","Ctrl+u"],"icon":{"type":"file","path":"img/cursorMovement.png"},"match":"move back 1/2 a screen Presun kurzoru Ctrl+u"},{"title":"Presunie dopredu o 1/2 obrazovky","subtitle":"Presun kurzoru ⎯  Ctrl+d","arg":["key code 53//keystroke \"d\" using control down","presunie dopredu o 1/2 obrazovky","Ctrl+d"],"icon":{"type":"file","path":"img/cursorMovement.png"},"match":"move forward 1/2 a screen Presun kurzoru Ctrl+d"},{"title":"Vlož pred kurzor","subtitle":"Režim vkladania - vkladanie/pridanie textu ⎯  i","arg":["key code 53//keystroke \"i\"","vlož pred kurzor","i"],"icon":{"type":"file","path":"img/insertMode.png"},"match":"insert before the cursor Režim vkladania - vkladanie/pridanie textu i"},{"title":"Vlož na začiatok riadku","subtitle":"Režim vkladania - vkladanie/pridanie textu ⎯  I","arg":["key code 53//keystroke \"I\"","vlož na začiatok riadku","I"],"icon":{"type":"file","path":"img/insertMode.png"},"match":"insert at the beginning of the line Režim vkladania - vkladanie/pridanie textu I"},{"title":"Vlož  za kurzor","subtitle":"Režim vkladania - vkladanie/pridanie textu ⎯  a","arg":["key code 53//keystroke \"a\"","vlož  za kurzor","a"],"icon":{"type":"file","path":"img/insertMode.png"},"match":"insert  after the cursor Režim vkladania - vkladanie/pridanie textu a"},{"title":"Vlož  na koniec riadku","subtitle":"Režim vkladania - vkladanie/pridanie textu ⎯  A","arg":["key code 53//keystroke \"A\"","vlož  na koniec riadku","A"],"icon":{"type":"file","path":"img/insertMode.png"},"match":"insert  at the end of the line Režim vkladania - vkladanie/pridanie textu A"},{"title":"Pripoj  nový riadok pod kurzorom","subtitle":"Režim vkladania - vkladanie/pridanie textu ⎯  o","arg":["key code 53//keystroke \"o\"","pripoj  nový riadok pod kurzorom","o"],"icon":{"type":"file","path":"img/insertMode.png"},"match":"append  a new line below the current line Režim vkladania - vkladanie/pridanie textu o"},{"title":"Pripoj  nový riadok nad kurzorom","subtitle":"Režim vkladania - vkladanie/pridanie textu ⎯  O","arg":["key code 53//keystroke \"O\"","pripoj  nový riadok nad kurzorom","O"],"icon":{"type":"file","path":"img/insertMode.png"},"match":"append  a new line above the current line Režim vkladania - vkladanie/pridanie textu O"},{"title":"Vlož  na koniec slova","subtitle":"Režim vkladania - vkladanie/pridanie textu ⎯  ea","arg":["key code 53//keystroke \"ea\"","vlož  na koniec slova","ea"],"icon":{"type":"file","path":"img/insertMode.png"},"match":"insert  at the end of the word Režim vkladania - vkladanie/pridanie textu ea"},{"title":"Delete the character before the cursor during insert mode","subtitle":"Režim vkladania - vkladanie/pridanie textu ⎯  Ctrl+h","arg":["keystroke \"h\" using control down","delete the character before the cursor during insert mode","Ctrl+h"],"icon":{"type":"file","path":"img/insertMode.png"},"match":"delete the character before the cursor during insert mode Režim vkladania - vkladanie/pridanie textu Ctrl+h"},{"title":"Delete word before the cursor during insert mode","subtitle":"Režim vkladania - vkladanie/pridanie textu ⎯  Ctrl+w","arg":["keystroke \"w\" using control down","delete word before the cursor during insert mode","Ctrl+w"],"icon":{"type":"file","path":"img/insertMode.png"},"match":"delete word before the cursor during insert mode Režim vkladania - vkladanie/pridanie textu Ctrl+w"},{"title":"Begin new line during insert mode","subtitle":"Režim vkladania - vkladanie/pridanie textu ⎯  Ctrl+j","arg":["keystroke \"j\" using control down","begin new line during insert mode","Ctrl+j"],"icon":{"type":"file","path":"img/insertMode.png"},"match":"begin new line during insert mode Režim vkladania - vkladanie/pridanie textu Ctrl+j"},{"title":"Indent  line one shiftwidth during insert mode","subtitle":"Režim vkladania - vkladanie/pridanie textu ⎯  Ctrl+t","arg":["keystroke \"t\" using control down","indent  line one shiftwidth during insert mode","Ctrl+t"],"icon":{"type":"file","path":"img/insertMode.png"},"match":"indent  line one shiftwidth during insert mode Režim vkladania - vkladanie/pridanie textu Ctrl+t"},{"title":"De-indent  line one shiftwidth during insert mode","subtitle":"Režim vkladania - vkladanie/pridanie textu ⎯  Ctrl+d","arg":["keystroke \"d\" using control down","de-indent  line one shiftwidth during insert mode","Ctrl+d"],"icon":{"type":"file","path":"img/insertMode.png"},"match":"de-indent  line one shiftwidth during insert mode Režim vkladania - vkladanie/pridanie textu Ctrl+d"},{"title":"Insert  next match before the cursor during insert mode","subtitle":"Režim vkladania - vkladanie/pridanie textu ⎯  Ctrl+n","arg":["keystroke \"n\" using control down","insert  next match before the cursor during insert mode","Ctrl+n"],"icon":{"type":"file","path":"img/insertMode.png"},"match":"insert  next match before the cursor during insert mode Režim vkladania - vkladanie/pridanie textu Ctrl+n"},{"title":"Insert  previous match before the cursor during insert mode","subtitle":"Režim vkladania - vkladanie/pridanie textu ⎯  Ctrl+p","arg":["keystroke \"p\" using control down","insert  previous match before the cursor during insert mode","Ctrl+p"],"icon":{"type":"file","path":"img/insertMode.png"},"match":"insert  previous match before the cursor during insert mode Režim vkladania - vkladanie/pridanie textu Ctrl+p"},{"title":"Insert the contents of register x","subtitle":"Režim vkladania - vkladanie/pridanie textu ⎯  Ctrl+r x","arg":["keystroke \"r\" using control down//keystroke \"x\"","insert the contents of register x","Ctrl+r x"],"icon":{"type":"file","path":"img/insertMode.png"},"match":"insert the contents of register x Režim vkladania - vkladanie/pridanie textu Ctrl+r x"},{"title":"Temporarily enter normal mode to issue one normal-mode command x.","subtitle":"Režim vkladania - vkladanie/pridanie textu ⎯  Ctrl+o x","arg":["keystroke \"o\" using control down//keystroke \"x\"","Temporarily enter normal mode to issue one normal-mode command x.","Ctrl+o x"],"icon":{"type":"file","path":"img/insertMode.png"},"match":"Temporarily enter normal mode to issue one normal-mode command x. Režim vkladania - vkladanie/pridanie textu Ctrl+o x"},{"title":"Ukonči režim vkladania","subtitle":"Režim vkladania - vkladanie/pridanie textu ⎯  Esc","arg":["key code 53","ukonči režim vkladania","Esc"],"icon":{"type":"file","path":"img/insertMode.png"},"match":"exit insert mode Režim vkladania - vkladanie/pridanie textu Esc"},{"title":"Nahradí jeden znak","subtitle":"Editovanie ⎯  r","arg":["key code 53//keystroke \"r\"","nahradí jeden znak","r"],"icon":{"type":"file","path":"img/editing.png"},"match":"replace a single character. Editovanie r"},{"title":"Replace more than one character, until esc is pressed.","subtitle":"Editovanie ⎯  R","arg":["key code 53//keystroke \"R\"","replace more than one character, until ESC is pressed.","R"],"icon":{"type":"file","path":"img/editing.png"},"match":"replace more than one character, until ESC is pressed. Editovanie R"},{"title":"Pripojí riadok nižšie k aktuálnemu s použitím medzery","subtitle":"Editovanie ⎯  J","arg":["key code 53//keystroke \"J\"","pripojí riadok nižšie k aktuálnemu s použitím medzery","J"],"icon":{"type":"file","path":"img/editing.png"},"match":"join line below to the current one with one space in between Editovanie J"},{"title":"Pripojí riadok nižšie k aktuálnemu bez použitia medzery","subtitle":"Editovanie ⎯  gJ","arg":["key code 53//keystroke \"gJ\"","pripojí riadok nižšie k aktuálnemu bez použitia medzery","gJ"],"icon":{"type":"file","path":"img/editing.png"},"match":"join line below to the current one without space in between Editovanie gJ"},{"title":"Zarovná paragraf","subtitle":"Editovanie ⎯  gwip","arg":["key code 53//keystroke \"gwip\"","zarovná paragraf","gwip"],"icon":{"type":"file","path":"img/editing.png"},"match":"reflow paragraph Editovanie gwip"},{"title":"Switch case up to motion","subtitle":"Editovanie ⎯  g~","arg":["key code 53//keystroke \"g~\"","switch case up to motion","g~"],"icon":{"type":"file","path":"img/editing.png"},"match":"switch case up to motion Editovanie g~"},{"title":"Change to lowercase up to motion","subtitle":"Editovanie ⎯  gu","arg":["key code 53//keystroke \"gu\"","change to lowercase up to motion","gu"],"icon":{"type":"file","path":"img/editing.png"},"match":"change to lowercase up to motion Editovanie gu"},{"title":"Change to uppercase up to motion","subtitle":"Editovanie ⎯  gU","arg":["key code 53//keystroke \"gU\"","change to uppercase up to motion","gU"],"icon":{"type":"file","path":"img/editing.png"},"match":"change to uppercase up to motion Editovanie gU"},{"title":"Zmení  celý riadok","subtitle":"Editovanie ⎯  cc","arg":["key code 53//keystroke \"cc\"","zmení  celý riadok","cc"],"icon":{"type":"file","path":"img/editing.png"},"match":"change  entire line Editovanie cc"},{"title":"Zmení  do konca riadku","subtitle":"Editovanie ⎯  c$ or C","arg":["key code 53//keystroke \"g$\"","zmení  do konca riadku","c$ or C"],"icon":{"type":"file","path":"img/editing.png"},"match":"change  to the end of the line Editovanie c$ or C"},{"title":"Zmení  celé slovo","subtitle":"Editovanie ⎯  ciw","arg":["key code 53//keystroke \"ciw\"","zmení  celé slovo","ciw"],"icon":{"type":"file","path":"img/editing.png"},"match":"change  entire word Editovanie ciw"},{"title":"Zmení  do konca slova","subtitle":"Editovanie ⎯  cw or ce","arg":["key code 53//keystroke \"cw\"","zmení  do konca slova","cw or ce"],"icon":{"type":"file","path":"img/editing.png"},"match":"change  to the end of the word Editovanie cw or ce"},{"title":"Odstráni znak a nahradí textom","subtitle":"Editovanie ⎯  s","arg":["key code 53//keystroke \"s\"","odstráni znak a nahradí textom","s"],"icon":{"type":"file","path":"img/editing.png"},"match":"delete character and substitute text Editovanie s"},{"title":"Odstráni riadok a nahradí textom ","subtitle":"Editovanie ⎯  S","arg":["key code 53//keystroke \"S\"","odstráni riadok a nahradí textom ","S"],"icon":{"type":"file","path":"img/editing.png"},"match":"delete line and substitute text  Editovanie S"},{"title":"Prehodí dve písmená ","subtitle":"Editovanie ⎯  xp","arg":["key code 53//keystroke \"xp\"","prehodí dve písmená ","xp"],"icon":{"type":"file","path":"img/editing.png"},"match":"transpose two letters  Editovanie xp"},{"title":"Krok späť","subtitle":"Editovanie ⎯  u","arg":["key code 53//keystroke \"u\"","krok späť","u"],"icon":{"type":"file","path":"img/editing.png"},"match":"undo Editovanie u"},{"title":"Restore  last changed line","subtitle":"Editovanie ⎯  U","arg":["key code 53//keystroke \"U\"","restore  last changed line","U"],"icon":{"type":"file","path":"img/editing.png"},"match":"restore  last changed line Editovanie U"},{"title":"Vráti krok späť","subtitle":"Editovanie ⎯  Ctrl+r","arg":["key code 53//keystroke \"r\" using control down","vráti krok späť","Ctrl+r"],"icon":{"type":"file","path":"img/editing.png"},"match":"redo Editovanie Ctrl+r"},{"title":"Opakuje posledný príkaz","subtitle":"Editovanie ⎯  .","arg":["key code 53//keystroke \".\"","opakuje posledný príkaz","."],"icon":{"type":"file","path":"img/editing.png"},"match":"repeat last command Editovanie ."},{"title":"Spusti vizuálny režim, označ riadky, potom urob príkaz ","subtitle":"Označenie textu  ⎯  v","arg":["key code 53//keystroke \"v\"","spusti vizuálny režim, označ riadky, potom urob príkaz ","v"],"icon":{"type":"file","path":"img/markingText.png"},"match":"start visual mode, mark lines, then do a command  Označenie textu  v"},{"title":"Spusti riadkový vizuálny režim","subtitle":"Označenie textu  ⎯  V","arg":["key code 53//keystroke \"V\"","spusti riadkový vizuálny režim","V"],"icon":{"type":"file","path":"img/markingText.png"},"match":"start linewise visual mode Označenie textu  V"},{"title":"Presuň sa na druhý koniec vyznačenej oblasti","subtitle":"Označenie textu  ⎯  o","arg":["key code 53//keystroke \"o\"","presuň sa na druhý koniec vyznačenej oblasti","o"],"icon":{"type":"file","path":"img/markingText.png"},"match":"move to other end of marked area Označenie textu  o"},{"title":"Spusti blokový vizuálny režim","subtitle":"Označenie textu  ⎯  Ctrl+v","arg":["key code 53//keystroke \"v\" using control down","spusti blokový vizuálny režim","Ctrl+v"],"icon":{"type":"file","path":"img/markingText.png"},"match":"start visual block mode Označenie textu  Ctrl+v"},{"title":"Presuň sa na druhý roh bloku","subtitle":"Označenie textu  ⎯  O","arg":["key code 53//keystroke \"O\"","presuň sa na druhý roh bloku","O"],"icon":{"type":"file","path":"img/markingText.png"},"match":"move to other corner of block Označenie textu  O"},{"title":"Označ slovo","subtitle":"Označenie textu  ⎯  aw","arg":["key code 53//keystroke \"aw\"","označ slovo","aw"],"icon":{"type":"file","path":"img/markingText.png"},"match":"mark a word Označenie textu  aw"},{"title":"Blok s ()","subtitle":"Označenie textu  ⎯  ab","arg":["key code 53//keystroke \"ab\"","blok s ()","ab"],"icon":{"type":"file","path":"img/markingText.png"},"match":"a block with () Označenie textu  ab"},{"title":"Blok s {}","subtitle":"Označenie textu  ⎯  aB","arg":["key code 53//keystroke \"aB\"","blok s {}","aB"],"icon":{"type":"file","path":"img/markingText.png"},"match":"a block with {} Označenie textu  aB"},{"title":"A block with <> tags","subtitle":"Označenie textu  ⎯  at","arg":["key code 53//keystroke \"at\"","a block with <> tags","at"],"icon":{"type":"file","path":"img/markingText.png"},"match":"a block with <> tags Označenie textu  at"},{"title":"Vnútorný blok s ()","subtitle":"Označenie textu  ⎯  ib","arg":["key code 53//keystroke \"ib\"","vnútorný blok s ()","ib"],"icon":{"type":"file","path":"img/markingText.png"},"match":"inner block with () Označenie textu  ib"},{"title":"Vnútorný blok s {}","subtitle":"Označenie textu  ⎯  iB","arg":["key code 53//keystroke \"iB\"","vnútorný blok s {}","iB"],"icon":{"type":"file","path":"img/markingText.png"},"match":"inner block with {} Označenie textu  iB"},{"title":"Inner block with <> tags","subtitle":"Označenie textu  ⎯  it","arg":["key code 53//keystroke \"it\"","inner block with <> tags","it"],"icon":{"type":"file","path":"img/markingText.png"},"match":"inner block with <> tags Označenie textu  it"},{"title":"Ukonči vizuálny režim","subtitle":"Označenie textu  ⎯  Esc","arg":["key code 53//key code 53","ukonči vizuálny režim","Esc"],"icon":{"type":"file","path":"img/markingText.png"},"match":"exit visual mode Označenie textu  Esc"},{"title":"Posunie text doprava","subtitle":"Vizuálne príkazy (Reference only) ⎯  >","arg":["keystroke \">\"","posunie text doprava",">"],"icon":{"type":"file","path":"img/visualCommands.png"},"match":"shift text right Vizuálne príkazy >"},{"title":"Posunie text doľava","subtitle":"Vizuálne príkazy (Reference only) ⎯  <","arg":["keystroke \"<\"","posunie text doľava","<"],"icon":{"type":"file","path":"img/visualCommands.png"},"match":"shift text left Vizuálne príkazy <"},{"title":"Vystrihne  označený text","subtitle":"Vizuálne príkazy (Reference only) ⎯  y","arg":["keystroke \"y\"","vystrihne  označený text","y"],"icon":{"type":"file","path":"img/visualCommands.png"},"match":"yank  marked text Vizuálne príkazy y"},{"title":"Zmaže označený text","subtitle":"Vizuálne príkazy (Reference only) ⎯  d","arg":["keystroke \"d\"","zmaže označený text","d"],"icon":{"type":"file","path":"img/visualCommands.png"},"match":"delete marked text Vizuálne príkazy d"},{"title":"Zmení veľkosť textu","subtitle":"Vizuálne príkazy (Reference only) ⎯  ~","arg":["keystroke \"~\"","zmení veľkosť textu","~"],"icon":{"type":"file","path":"img/visualCommands.png"},"match":"switch case Vizuálne príkazy ~"},{"title":"Change marked text to lowercase","subtitle":"Vizuálne príkazy (Reference only) ⎯  u","arg":["keystroke \"u\"","change marked text to lowercase","u"],"icon":{"type":"file","path":"img/visualCommands.png"},"match":"change marked text to lowercase Vizuálne príkazy u"},{"title":"Change marked text to uppercase","subtitle":"Vizuálne príkazy (Reference only) ⎯  U","arg":["keystroke \"U\"","change marked text to uppercase","U"],"icon":{"type":"file","path":"img/visualCommands.png"},"match":"change marked text to uppercase Vizuálne príkazy U"},{"title":"Zobrazí obsah registra","subtitle":"Registre ⎯  :reg[isters]","arg":["key code 53//keystroke \":reg\" & return","zobrazí obsah registra",":reg[isters]"],"icon":{"type":"file","path":"img/registers.png"},"match":"show registers content Registre :reg[isters]"},{"title":"Skopíruje do registra x","subtitle":"Registre ⎯  xy","arg":["key code 53//keystroke \"xy\"","skopíruje do registra x","xy"],"icon":{"type":"file","path":"img/registers.png"},"match":"yank into register x Registre xy"},{"title":"Prilepí obsah registra x","subtitle":"Registre ⎯  xp","arg":["key code 53//keystroke \"xp\"","prilepí obsah registra x","xp"],"icon":{"type":"file","path":"img/registers.png"},"match":"paste contents of register x Registre xp"},{"title":"Yank into the system clipboard register","subtitle":"Registre ⎯  +y","arg":["key code 53//keystroke \"+y\"","yank into the system clipboard register","+y"],"icon":{"type":"file","path":"img/registers.png"},"match":"yank into the system clipboard register Registre +y"},{"title":"Paste from the system clipboard register","subtitle":"Registre ⎯  +p","arg":["key code 53//keystroke \"+p\"","paste from the system clipboard register","+p"],"icon":{"type":"file","path":"img/registers.png"},"match":"paste from the system clipboard register Registre +p"},{"title":"Nastaví aktuálnu polohu pre značku a","subtitle":"Značky ⎯  ma","arg":["key code 53//keystroke \"ma\"","nastaví aktuálnu polohu pre značku A","ma"],"icon":{"type":"file","path":"img/marks.png"},"match":"set current position for mark A Značky ma"},{"title":"Skočí na polohu značky a","subtitle":"Značky ⎯  `a","arg":["key code 53//keystroke \"`a\"","skočí na polohu značky A","`a"],"icon":{"type":"file","path":"img/marks.png"},"match":"jump to position of mark A Značky `a"},{"title":"Skopíruje text do polohy značky a","subtitle":"Značky ⎯  y`a","arg":["key code 53//keystroke \"y`a\"","skopíruje text do polohy značky A","y`a"],"icon":{"type":"file","path":"img/marks.png"},"match":"yank text to position of mark A Značky y`a"},{"title":"Go to the position where vim was previously exited","subtitle":"Značky ⎯  `0","arg":["key code 53//keystroke \"`0\"","go to the position where Vim was previously exited","`0"],"icon":{"type":"file","path":"img/marks.png"},"match":"go to the position where Vim was previously exited Značky `0"},{"title":"Go to the position when last editing this file","subtitle":"Značky ⎯  `\"","arg":["key code 53//keystroke \"`\\\"\"","go to the position when last editing this file","`\""],"icon":{"type":"file","path":"img/marks.png"},"match":"go to the position when last editing this file Značky `\""},{"title":"Go to the position of the last change in this file","subtitle":"Značky ⎯  `.","arg":["key code 53//keystroke \"`.\"","go to the position of the last change in this file","`."],"icon":{"type":"file","path":"img/marks.png"},"match":"go to the position of the last change in this file Značky `."},{"title":"Go to the position before the last jump","subtitle":"Značky ⎯  ``","arg":["key code 53//keystroke \"``\"","go to the position before the last jump","``"],"icon":{"type":"file","path":"img/marks.png"},"match":"go to the position before the last jump Značky ``"},{"title":"List of jumps","subtitle":"Značky ⎯  :ju[mps]","arg":["key code 53//keystroke \":ju\" & return","list of jumps",":ju[mps]"],"icon":{"type":"file","path":"img/marks.png"},"match":"list of jumps Značky :ju[mps]"},{"title":"Go to newer position in jump list","subtitle":"Značky ⎯  Ctrl+i","arg":["key code 53//keystroke \"i\" using control down","go to newer position in jump list","Ctrl+i"],"icon":{"type":"file","path":"img/marks.png"},"match":"go to newer position in jump list Značky Ctrl+i"},{"title":"Go to older position in jump list","subtitle":"Značky ⎯  Ctrl+o","arg":["key code 53//keystroke \"o\" using control down","go to older position in jump list","Ctrl+o"],"icon":{"type":"file","path":"img/marks.png"},"match":"go to older position in jump list Značky Ctrl+o"},{"title":"List of changes","subtitle":"Značky ⎯  :changes","arg":["key code 53//keystroke \":changes\" & return","list of changes",":changes"],"icon":{"type":"file","path":"img/marks.png"},"match":"list of changes Značky :changes"},{"title":"Go to newer position in change list","subtitle":"Značky ⎯  g,","arg":["key code 53//keystroke \"g,\"","go to newer position in change list","g,"],"icon":{"type":"file","path":"img/marks.png"},"match":"go to newer position in change list Značky g,"},{"title":"Go to older position in change list","subtitle":"Značky ⎯  g;","arg":["key code 53//keystroke \"g;\"","go to older position in change list","g;"],"icon":{"type":"file","path":"img/marks.png"},"match":"go to older position in change list Značky g;"},{"title":"Jump to the tag under cursor","subtitle":"Značky ⎯  Ctrl+]","arg":["key code 53//keystroke \"]\" using control down","jump to the tag under cursor","Ctrl+]"],"icon":{"type":"file","path":"img/marks.png"},"match":"jump to the tag under cursor Značky Ctrl+]"},{"title":"Go to file in cursor","subtitle":"Značky ⎯  gf","arg":["key code 53//keystroke \"gf\"","Go to file in cursor","gf"],"icon":{"type":"file","path":"img/marks.png"},"match":"Go to file in cursor Značky gf"},{"title":"Nahraje makro a","subtitle":"Makrá ⎯  qa","arg":["key code 53//keystroke \"qa\"","nahraje makro a","qa"],"icon":{"type":"file","path":"img/macros.png"},"match":"record macro a Makrá qa"},{"title":"Zastaví nahrávanie makra","subtitle":"Makrá ⎯  q","arg":["key code 53//keystroke \"q\"","zastaví nahrávanie makra","q"],"icon":{"type":"file","path":"img/macros.png"},"match":"stop recording macro Makrá q"},{"title":"Spusti makro a","subtitle":"Makrá ⎯  @a","arg":["key code 53//keystroke \"@a\"","spusti makro a","@a"],"icon":{"type":"file","path":"img/macros.png"},"match":"run macro a Makrá @a"},{"title":"Opätovné spustenie posledného spusteného makra","subtitle":"Makrá ⎯  @@","arg":["key code 53//keystroke \"@@\"","opätovné spustenie posledného spusteného makra","@@"],"icon":{"type":"file","path":"img/macros.png"},"match":"rerun last run macro Makrá @@"},{"title":"Skopíruje riadok","subtitle":"Vystrihni a prilep ⎯  yy","arg":["key code 53//keystroke \"yy\"","skopíruje riadok","yy"],"icon":{"type":"file","path":"img/cutAndPaste.png"},"match":"yank  a line Vystrihni a prilep yy"},{"title":"Skopíruje 2 riadky","subtitle":"Vystrihni a prilep ⎯  2yy","arg":["key code 53//keystroke \"2yy\"","skopíruje 2 riadky","2yy"],"icon":{"type":"file","path":"img/cutAndPaste.png"},"match":"yank  2 lines Vystrihni a prilep 2yy"},{"title":"Skopíruje znaky slova z polohy kurzora na začiatok ďalšieho slova","subtitle":"Vystrihni a prilep ⎯  yw","arg":["key code 53//keystroke \"yw\"","skopíruje znaky slova z polohy kurzora na začiatok ďalšieho slova","yw"],"icon":{"type":"file","path":"img/cutAndPaste.png"},"match":"yank  the characters of the word from the cursor position to the start of the next word Vystrihni a prilep yw"},{"title":"Skopíruje slovo pod kurzorom","subtitle":"Vystrihni a prilep ⎯  yiw","arg":["key code 53//keystroke \"yiw\"","skopíruje slovo pod kurzorom","yiw"],"icon":{"type":"file","path":"img/cutAndPaste.png"},"match":"yank  word under the cursor Vystrihni a prilep yiw"},{"title":"Skopíruje slovo pod kurzorom a miesto pred alebo za ním","subtitle":"Vystrihni a prilep ⎯  yaw","arg":["key code 53//keystroke \"yaw\"","skopíruje slovo pod kurzorom a miesto pred alebo za ním","yaw"],"icon":{"type":"file","path":"img/cutAndPaste.png"},"match":"yank  word under the cursor and the space after or before it Vystrihni a prilep yaw"},{"title":"Skopíruje do konca riadku","subtitle":"Vystrihni a prilep ⎯  y$","arg":["key code 53//keystroke \"y$\"","skopíruje do konca riadku","y$"],"icon":{"type":"file","path":"img/cutAndPaste.png"},"match":"yank  to end of line Vystrihni a prilep y$"},{"title":"Vloží  schránku za kurzor","subtitle":"Vystrihni a prilep ⎯  p","arg":["key code 53//keystroke \"p\"","vloží  schránku za kurzor","p"],"icon":{"type":"file","path":"img/cutAndPaste.png"},"match":"put  the clipboard after cursor Vystrihni a prilep p"},{"title":"Vloží  schránku pred kurzor","subtitle":"Vystrihni a prilep ⎯  P","arg":["key code 53//keystroke \"P\"","vloží  schránku pred kurzor","P"],"icon":{"type":"file","path":"img/cutAndPaste.png"},"match":"put  before cursor Vystrihni a prilep P"},{"title":"Put  the clipboard after cursor and leave cursor after the new text","subtitle":"Vystrihni a prilep ⎯  gp","arg":["key code 53//keystroke \"gp\"","put  the clipboard after cursor and leave cursor after the new text","gp"],"icon":{"type":"file","path":"img/cutAndPaste.png"},"match":"put  the clipboard after cursor and leave cursor after the new text Vystrihni a prilep gp"},{"title":"Put  before cursor and leave cursor after the new text","subtitle":"Vystrihni a prilep ⎯  gP","arg":["key code 53//keystroke \"gP\"","put  before cursor and leave cursor after the new text","gP"],"icon":{"type":"file","path":"img/cutAndPaste.png"},"match":"put  before cursor and leave cursor after the new text Vystrihni a prilep gP"},{"title":"Zmaže  riadok","subtitle":"Vystrihni a prilep ⎯  dd","arg":["key code 53//keystroke \"dd\"","zmaže  riadok","dd"],"icon":{"type":"file","path":"img/cutAndPaste.png"},"match":"delete  a line Vystrihni a prilep dd"},{"title":"Zmaže  2 riadky","subtitle":"Vystrihni a prilep ⎯  2dd","arg":["key code 53//keystroke \"2dd\"","zmaže  2 riadky","2dd"],"icon":{"type":"file","path":"img/cutAndPaste.png"},"match":"delete  2 lines Vystrihni a prilep 2dd"},{"title":"Zmaže  znaky slova z polohy kurzora na začiatok ďalšieho slova","subtitle":"Vystrihni a prilep ⎯  dw","arg":["key code 53//keystroke \"dw\"","zmaže  znaky slova z polohy kurzora na začiatok ďalšieho slova","dw"],"icon":{"type":"file","path":"img/cutAndPaste.png"},"match":"delete  the characters of the word from the cursor position to the start of the next word Vystrihni a prilep dw"},{"title":"Zmaže  slovo pod kurzorom","subtitle":"Vystrihni a prilep ⎯  diw","arg":["key code 53//keystroke \"diw\"","zmaže  slovo pod kurzorom","diw"],"icon":{"type":"file","path":"img/cutAndPaste.png"},"match":"delete  word under the cursor Vystrihni a prilep diw"},{"title":"Zmaže  slovo pod kurzorom a miesto pred alebo za ním","subtitle":"Vystrihni a prilep ⎯  daw","arg":["key code 53//keystroke \"daw\"","zmaže  slovo pod kurzorom a miesto pred alebo za ním","daw"],"icon":{"type":"file","path":"img/cutAndPaste.png"},"match":"delete  word under the cursor and the space after or before it Vystrihni a prilep daw"},{"title":"Zmaže  do konca riadku","subtitle":"Vystrihni a prilep ⎯  d$ or D","arg":["key code 53//keystroke \"d$\"","zmaže  do konca riadku","d$ or D"],"icon":{"type":"file","path":"img/cutAndPaste.png"},"match":"delete  to the end of the line Vystrihni a prilep d$ or D"},{"title":"Zmaže  znak","subtitle":"Vystrihni a prilep ⎯  x","arg":["key code 53//keystroke \"x\"","zmaže  znak","x"],"icon":{"type":"file","path":"img/cutAndPaste.png"},"match":"delete  character Vystrihni a prilep x"},{"title":"Indent  line one shiftwidth","subtitle":"Indent text ⎯  >>","arg":["key code 53//keystroke \">>\"","indent  line one shiftwidth",">>"],"icon":{"type":"file","path":"img/indentText.png"},"match":"indent  line one shiftwidth Indent text >>"},{"title":"De-indent  line one shiftwidth","subtitle":"Indent text ⎯  <<","arg":["key code 53//keystroke \"<<\"","de-indent  line one shiftwidth","<<"],"icon":{"type":"file","path":"img/indentText.png"},"match":"de-indent  line one shiftwidth Indent text <<"},{"title":"Indent a block with () or {} ","subtitle":"Indent text ⎯  >%","arg":["key code 53//keystroke \">%\"","indent a block with () or {} ",">%"],"icon":{"type":"file","path":"img/indentText.png"},"match":"indent a block with () or {}  Indent text >%"},{"title":"Indent inner block with ()","subtitle":"Indent text ⎯  >ib","arg":["key code 53//keystroke \">ib\"","indent inner block with ()",">ib"],"icon":{"type":"file","path":"img/indentText.png"},"match":"indent inner block with () Indent text >ib"},{"title":"Indent a block with <> tags","subtitle":"Indent text ⎯  >at","arg":["key code 53//keystroke \">at\"","indent a block with <> tags",">at"],"icon":{"type":"file","path":"img/indentText.png"},"match":"indent a block with <> tags Indent text >at"},{"title":"Re-indent 3 lines","subtitle":"Indent text ⎯  3==","arg":["key code 53//keystroke \"3==\"","re-indent 3 lines","3=="],"icon":{"type":"file","path":"img/indentText.png"},"match":"re-indent 3 lines Indent text 3=="},{"title":"Re-indent a block with () or {} ","subtitle":"Indent text ⎯  =%","arg":["key code 53//keystroke \"=%\"","re-indent a block with () or {} ","=%"],"icon":{"type":"file","path":"img/indentText.png"},"match":"re-indent a block with () or {}  Indent text =%"},{"title":"","subtitle":"Indent text ⎯  =iB","arg":["key code 53//keystroke \"iB\"",null,"=iB"],"icon":{"type":"file","path":"img/indentText.png"},"match":" Indent text =iB"},{"title":"Re-indent entire buffer","subtitle":"Indent text ⎯  gg=G","arg":["key code 53//keystroke \"gg=G\"","re-indent entire buffer","gg=G"],"icon":{"type":"file","path":"img/indentText.png"},"match":"re-indent entire buffer Indent text gg=G"},{"title":"Paste and adjust indent to current line","subtitle":"Indent text ⎯  ]p","arg":["key code 53//keystroke \"]p\"","paste and adjust indent to current line","]p"],"icon":{"type":"file","path":"img/indentText.png"},"match":"paste and adjust indent to current line Indent text ]p"},{"title":"Zapíše  súbor, ale neukončí","subtitle":"Ukončenie ⎯  :w","arg":["key code 53//keystroke \":w\" & return","zapíše  súbor, ale neukončí",":w"],"icon":{"type":"file","path":"img/exiting.png"},"match":"write  the file, but don't exit Ukončenie :w"},{"title":"Zapíše aktuálny súbor pomocou sudo","subtitle":"Ukončenie ⎯  :w !sudo tee %","arg":["key code 53//keystroke \":w !sudo tee %\"","zapíše aktuálny súbor pomocou sudo",":w !sudo tee %"],"icon":{"type":"file","path":"img/exiting.png"},"match":"write out the current file using sudo Ukončenie :w !sudo tee %"},{"title":"Zapíše  a ukončí","subtitle":"Ukončenie ⎯  :wq or :x or ZZ","arg":["key code 53//keystroke \":wq\" & return","zapíše  a ukončí",":wq or :x or ZZ"],"icon":{"type":"file","path":"img/exiting.png"},"match":"write  and quit Ukončenie :wq or :x or ZZ"},{"title":"Ukončí ","subtitle":"Ukončenie ⎯  :q","arg":["key code 53//keystroke \":q\" & return","ukončí ",":q"],"icon":{"type":"file","path":"img/exiting.png"},"match":"quit  Ukončenie :q"},{"title":"Ukončí a zahodí neuložené zmeny","subtitle":"Ukončenie ⎯  :q! or ZQ","arg":["key code 53//keystroke \":q!\" & return","ukončí a zahodí neuložené zmeny",":q! or ZQ"],"icon":{"type":"file","path":"img/exiting.png"},"match":"quit and throw away unsaved changes Ukončenie :q! or ZQ"},{"title":"Zapíše  a ukončí všetky karty","subtitle":"Ukončenie ⎯  :wqa","arg":["key code 53//keystroke \":wqa\" & return","zapíše  a ukončí všetky karty",":wqa"],"icon":{"type":"file","path":"img/exiting.png"},"match":"write  and quit on all tabs Ukončenie :wqa"},{"title":"Hľadaj vzor","subtitle":"Vyhľadaj a nahraď ⎯  /pattern","arg":["key code 53//keystroke \"/pattern\"","hľadaj vzor","/pattern"],"icon":{"type":"file","path":"img/searchAndReplace.png"},"match":"search for pattern Vyhľadaj a nahraď /pattern"},{"title":"Hľadaj vzor pozadu","subtitle":"Vyhľadaj a nahraď ⎯  ?pattern","arg":["key code 53//keystroke \"?pattern\"","hľadaj vzor pozadu","?pattern"],"icon":{"type":"file","path":"img/searchAndReplace.png"},"match":"search backward for pattern Vyhľadaj a nahraď ?pattern"},{"title":"'very magic' pattern","subtitle":"Vyhľadaj a nahraď ⎯  \\vpattern","arg":["key code 53//keystroke \"\\\\vpattern\"","'very magic' pattern","\\vpattern"],"icon":{"type":"file","path":"img/searchAndReplace.png"},"match":"'very magic' pattern Vyhľadaj a nahraď \\vpattern"},{"title":"Zopakuje vyhľadávanie rovnakým smerom","subtitle":"Vyhľadaj a nahraď ⎯  n","arg":["key code 53//keystroke \"n\"","zopakuje vyhľadávanie rovnakým smerom","n"],"icon":{"type":"file","path":"img/searchAndReplace.png"},"match":"repeat search in same direction Vyhľadaj a nahraď n"},{"title":"Zopakuje vyhľadávanie opačným smerom","subtitle":"Vyhľadaj a nahraď ⎯  N","arg":["key code 53//keystroke \"N\"","zopakuje vyhľadávanie opačným smerom","N"],"icon":{"type":"file","path":"img/searchAndReplace.png"},"match":"repeat search in opposite direction Vyhľadaj a nahraď N"},{"title":"Nahradí všetky 'old' s 'new' v celom súbore","subtitle":"Vyhľadaj a nahraď ⎯  :%s/old/new/g","arg":["key code 53//keystroke \":%s/old/new/g\"","nahradí všetky 'old' s 'new' v celom súbore",":%s/old/new/g"],"icon":{"type":"file","path":"img/searchAndReplace.png"},"match":"replace all old with new throughout file Vyhľadaj a nahraď :%s/old/new/g"},{"title":" nahradí všetko 'old' s 'new' v celom súbore s potvrdením","subtitle":"Vyhľadaj a nahraď ⎯  :%s/old/new/gc","arg":["key code 53//keystroke \":%s/old/new/gc\""," nahradí všetko 'old' s 'new' v celom súbore s potvrdením",":%s/old/new/gc"],"icon":{"type":"file","path":"img/searchAndReplace.png"},"match":"replace all old with new throughout file with confirmations Vyhľadaj a nahraď :%s/old/new/gc"},{"title":"Odstráni zvýraznenie vyhľadanej zhody","subtitle":"Vyhľadaj a nahraď ⎯  :noh[lsearch]","arg":["key code 53//keystroke \":noh[lsearch]\"","odstráni zvýraznenie vyhľadanej zhody",":noh[lsearch]"],"icon":{"type":"file","path":"img/searchAndReplace.png"},"match":"remove highlighting of search matches Vyhľadaj a nahraď :noh[lsearch]"},{"title":"Next whole word under cursor","subtitle":"Vyhľadaj a nahraď ⎯  *","arg":["key code 53//keystroke \"*\"","Next whole word under cursor","*"],"icon":{"type":"file","path":"img/searchAndReplace.png"},"match":"Next whole word under cursor Vyhľadaj a nahraď *"},{"title":"Previous whole word under cursor","subtitle":"Vyhľadaj a nahraď ⎯  #","arg":["key code 53//keystroke \"#\"","Previous whole word under cursor","#"],"icon":{"type":"file","path":"img/searchAndReplace.png"},"match":"Previous whole word under cursor Vyhľadaj a nahraď #"},{"title":"Vyhľadávanie vzoru vo viacerých súboroch","subtitle":"Vyhľadávanie vo viacerých súboroch ⎯  :vim[grep] /pattern/ file","arg":["key code 53//keystroke \":vim[grep]\"//key code 49//keystroke \"/pattern/\"//key code 49//keystroke \"file\"","vyhľadávanie vzoru vo viacerých súboroch",":vim[grep] /pattern/ file"],"icon":{"type":"file","path":"img/searchMultipleFiles.png"},"match":"search for pattern in multiple files Vyhľadávanie vo viacerých súboroch :vim[grep] /pattern/ file"},{"title":"Skočí na nasledujúcu zhodu","subtitle":"Vyhľadávanie vo viacerých súboroch ⎯  :cn[ext]","arg":["key code 53//keystroke \":cn\" & return","skočí na nasledujúcu zhodu",":cn[ext]"],"icon":{"type":"file","path":"img/searchMultipleFiles.png"},"match":"jump to the next match Vyhľadávanie vo viacerých súboroch :cn[ext]"},{"title":"Skočí na predchodziu zhodu","subtitle":"Vyhľadávanie vo viacerých súboroch ⎯  :cp[revious]","arg":["key code 53//keystroke \":cp\" & return","skočí na predchodziu zhodu",":cp[revious]"],"icon":{"type":"file","path":"img/searchMultipleFiles.png"},"match":"jump to the previous match Vyhľadávanie vo viacerých súboroch :cp[revious]"},{"title":"Otvorí okno obsahujúce zoznam zhôd","subtitle":"Vyhľadávanie vo viacerých súboroch ⎯  :cope[n]","arg":["key code 53//keystroke \":cope\" & return","otvorí okno obsahujúce zoznam zhôd",":cope[n]"],"icon":{"type":"file","path":"img/searchMultipleFiles.png"},"match":"open a window containing the list of matches Vyhľadávanie vo viacerých súboroch :cope[n]"},{"title":"Close the quickfix window","subtitle":"Vyhľadávanie vo viacerých súboroch ⎯  :ccl[ose]","arg":["key code 53//keystroke \":ccl\" & return","close the quickfix window",":ccl[ose]"],"icon":{"type":"file","path":"img/searchMultipleFiles.png"},"match":"close the quickfix window Vyhľadávanie vo viacerých súboroch :ccl[ose]"},{"title":"","subtitle":"Vyhľadávanie vo viacerých súboroch ⎯  colonWa","arg":["key code 53//keystroke \":wa\" & return",null,"colonWa"],"icon":{"type":"file","path":"img/searchMultipleFiles.png"},"match":" Vyhľadávanie vo viacerých súboroch colonWa"},{"title":"Close the quickfix window","subtitle":"Vyhľadávanie vo viacerých súboroch ⎯  :ccl[ose]","arg":["key code 53//keystroke \":ccl\" & return","close the quickfix window",":ccl[ose]"],"icon":{"type":"file","path":"img/searchMultipleFiles.png"},"match":"close the quickfix window Vyhľadávanie vo viacerých súboroch :ccl[ose]"},{"title":"Otvorí súbor v novej záložke","subtitle":"Záložky ⎯  :tabnew or :tabnew file","arg":["key code 53//keystroke \":tabnew\"//key code 49//keystroke \"file\" & return","otvorí súbor v novej záložke",":tabnew or :tabnew file"],"icon":{"type":"file","path":"img/tabs.png"},"match":"open a file in a new tab Záložky :tabnew or :tabnew file"},{"title":"Presunie aktuálne rozdelené okno na vlastnú záložku","subtitle":"Záložky ⎯  Ctrl+wT","arg":["key code 53//keystroke \"w\" using control down//keystroke \"T\"","presunie aktuálne rozdelené okno na vlastnú záložku","Ctrl+wT"],"icon":{"type":"file","path":"img/tabs.png"},"match":"move the current split window into its own tab Záložky Ctrl+wT"},{"title":"Presunie na ďalšiu záložku","subtitle":"Záložky ⎯  gt or :tabn[ext]","arg":["key code 53//keystroke \"gt\"","presunie na ďalšiu záložku","gt or :tabn[ext]"],"icon":{"type":"file","path":"img/tabs.png"},"match":"move to the next tab Záložky gt or :tabn[ext]"},{"title":"Presunie na predchádzajúcu záložku","subtitle":"Záložky ⎯  gT or :tabp[revious]","arg":["key code 53//keystroke \"gT\"","presunie na predchádzajúcu záložku","gT or :tabp[revious]"],"icon":{"type":"file","path":"img/tabs.png"},"match":"move to the previous tab Záložky gT or :tabp[revious]"},{"title":"Prejde na záložku číslo #","subtitle":"Záložky ⎯  #gt","arg":["key code 53//keystroke \"#gt\"","prejde na záložku číslo #","#gt"],"icon":{"type":"file","path":"img/tabs.png"},"match":"move to tab number # Záložky #gt"},{"title":"Presunie aktuálnu záložku na # polohu ","subtitle":"Záložky ⎯  :tabm[ove]","arg":["key code 53//keystroke \":tabm\" & return","presunie aktuálnu záložku na # polohu ",":tabm[ove]"],"icon":{"type":"file","path":"img/tabs.png"},"match":"move current tab to the #th position  Záložky :tabm[ove]"},{"title":"Zatvorí aktuálnu záložku a všetky jej okná","subtitle":"Záložky ⎯  :tabc[lose]","arg":["key code 53//keystroke \":tabc\" & return","zatvorí aktuálnu záložku a všetky jej okná",":tabc[lose]"],"icon":{"type":"file","path":"img/tabs.png"},"match":"close the current tab and all its windows Záložky :tabc[lose]"},{"title":"Zatvorí všetky záložky okrem aktuálnej","subtitle":"Záložky ⎯  :tabo[nly]","arg":["key code 53//keystroke \":tabo\" & return","zatvorí všetky záložky okrem aktuálnej",":tabo[nly]"],"icon":{"type":"file","path":"img/tabs.png"},"match":"close all tabs except for the current one Záložky :tabo[nly]"},{"title":"Spusti command na všetkých záložkach ","subtitle":"Záložky ⎯  :tabdo command","arg":["key code 53//keystroke \":tabdo\"//key code 49//keystroke \"command\"","spusti command na všetkých záložkach ",":tabdo command"],"icon":{"type":"file","path":"img/tabs.png"},"match":"run the command on all tabs  Záložky :tabdo command"},{"title":"Edituje súbor v novom buffri","subtitle":"Práca s viacerými súbormi ⎯  :e[dit] file","arg":["key code 53//keystroke \":e\"//key code 49//keystroke \"file\"","edituje súbor v novom buffri",":e[dit] file"],"icon":{"type":"file","path":"img/workingWithMultipleFiles.png"},"match":"edit a file in a new buffer Práca s viacerými súbormi :e[dit] file"},{"title":"Prejde na nasledujúci buffer","subtitle":"Práca s viacerými súbormi ⎯  :bn[ext]","arg":["key code 53//keystroke \":bn\" & return","prejde na nasledujúci buffer",":bn[ext]"],"icon":{"type":"file","path":"img/workingWithMultipleFiles.png"},"match":"go to the next buffer Práca s viacerými súbormi :bn[ext]"},{"title":"Prejde na predchádzajúci buffer","subtitle":"Práca s viacerými súbormi ⎯  :bp[revious]","arg":["key code 53//keystroke \":bp\" & return","prejde na predchádzajúci buffer",":bp[revious]"],"icon":{"type":"file","path":"img/workingWithMultipleFiles.png"},"match":"go to the previous buffer Práca s viacerými súbormi :bp[revious]"},{"title":"Vymaže buffer ","subtitle":"Práca s viacerými súbormi ⎯  :bd[elete]","arg":["key code 53//keystroke \":bd\" & return","vymaže buffer ",":bd[elete]"],"icon":{"type":"file","path":"img/workingWithMultipleFiles.png"},"match":"delete a buffer  Práca s viacerými súbormi :bd[elete]"},{"title":"Go to a buffer by #","subtitle":"Práca s viacerými súbormi ⎯  :b[uffer]#","arg":["key code 53//keystroke \":b#\"","go to a buffer by #",":b[uffer]#"],"icon":{"type":"file","path":"img/workingWithMultipleFiles.png"},"match":"go to a buffer by index # Práca s viacerými súbormi :b[uffer]#"},{"title":"Go to a buffer by file","subtitle":"Práca s viacerými súbormi ⎯  :b[uffer] file","arg":["key code 53//keystroke \":b\"//key code 49//keystroke \"file\"","go to a buffer by file",":b[uffer] file"],"icon":{"type":"file","path":"img/workingWithMultipleFiles.png"},"match":"go to a buffer by file Práca s viacerými súbormi :b[uffer] file"},{"title":"Zoznam všetkých otvorených buffrov","subtitle":"Práca s viacerými súbormi ⎯  :ls or :buffers","arg":["key code 53//keystroke \":ls\" & return","zoznam všetkých otvorených buffrov",":ls or :buffers"],"icon":{"type":"file","path":"img/workingWithMultipleFiles.png"},"match":"list all open buffers Práca s viacerými súbormi :ls or :buffers"},{"title":"Otvorí súbor v novom buffri a rozdelí okno","subtitle":"Práca s viacerými súbormi ⎯  :sp[lit] file","arg":["key code 53//keystroke \":sp\"//key code 49//keystroke \"file\"","otvorí súbor v novom buffri a rozdelí okno",":sp[lit] file"],"icon":{"type":"file","path":"img/workingWithMultipleFiles.png"},"match":"open a file in a new buffer and split window Práca s viacerými súbormi :sp[lit] file"},{"title":"Otvorí súbor v novom buffri a vertikálne rozdelí okno","subtitle":"Práca s viacerými súbormi ⎯  :vs[plit] file","arg":["key code 53//keystroke \":vs\"//key code 49//keystroke \"file\"","otvorí súbor v novom buffri a vertikálne rozdelí okno",":vs[plit] file"],"icon":{"type":"file","path":"img/workingWithMultipleFiles.png"},"match":"open a file in a new buffer and vertically split window Práca s viacerými súbormi :vs[plit] file"},{"title":"Edit all buffers as vertical windows","subtitle":"Práca s viacerými súbormi ⎯  :vert[ical] ba[ll]","arg":["key code 53//keystroke \":vert\"//key code 49//keystroke \"ba\" & return","edit all buffers as vertical windows",":vert[ical] ba[ll]"],"icon":{"type":"file","path":"img/workingWithMultipleFiles.png"},"match":"edit all buffers as vertical windows Práca s viacerými súbormi :vert[ical] ba[ll]"},{"title":"Edit all buffers as tabs","subtitle":"Práca s viacerými súbormi ⎯  :tab ba[ll]","arg":["key code 53//keystroke \":tab\"//key code 49//keystroke \"ba\" & return","edit all buffers as tabs",":tab ba[ll]"],"icon":{"type":"file","path":"img/workingWithMultipleFiles.png"},"match":"edit all buffers as tabs Práca s viacerými súbormi :tab ba[ll]"},{"title":"Rozdelí okno","subtitle":"Práca s viacerými súbormi ⎯  Ctrl+w s","arg":["key code 53//keystroke \"w\" using control down//keystroke \"s\"","rozdelí okno","Ctrl+w s"],"icon":{"type":"file","path":"img/workingWithMultipleFiles.png"},"match":"split window Práca s viacerými súbormi Ctrl+w s"},{"title":"Rozdelí okno vertikálne","subtitle":"Práca s viacerými súbormi ⎯  Ctrl+w v","arg":["key code 53//keystroke \"w\" using control down//keystroke \"v\"","rozdelí okno vertikálne","Ctrl+w v"],"icon":{"type":"file","path":"img/workingWithMultipleFiles.png"},"match":"split window vertically Práca s viacerými súbormi Ctrl+w v"},{"title":"Prepína medzi oknami","subtitle":"Práca s viacerými súbormi ⎯  Ctrl+w w","arg":["key code 53//keystroke \"w\" using control down//keystroke \"w\"","prepína medzi oknami","Ctrl+w w"],"icon":{"type":"file","path":"img/workingWithMultipleFiles.png"},"match":"switch windows Práca s viacerými súbormi Ctrl+w w"},{"title":"Zavrie okno","subtitle":"Práca s viacerými súbormi ⎯  Ctrl+w q","arg":["key code 53//keystroke \"w\" using control down//keystroke \"q\"","zavrie okno","Ctrl+w q"],"icon":{"type":"file","path":"img/workingWithMultipleFiles.png"},"match":"quit a window Práca s viacerými súbormi Ctrl+w q"},{"title":"Exchange current window with next one","subtitle":"Práca s viacerými súbormi ⎯  Ctrl+w x","arg":["key code 53//keystroke \"w\" using control down//keystroke \"x\"","exchange current window with next one","Ctrl+w x"],"icon":{"type":"file","path":"img/workingWithMultipleFiles.png"},"match":"exchange current window with next one Práca s viacerými súbormi Ctrl+w x"},{"title":"Make all windows equal height & width","subtitle":"Práca s viacerými súbormi ⎯  Ctrl+w =","arg":["key code 53//keystroke \"w\" using control down//keystroke \"=\"","make all windows equal height & width","Ctrl+w ="],"icon":{"type":"file","path":"img/workingWithMultipleFiles.png"},"match":"make all windows equal height & width Práca s viacerými súbormi Ctrl+w ="},{"title":"Presunie kurzor do ľavého okna ","subtitle":"Práca s viacerými súbormi ⎯  Ctrl+w h","arg":["key code 53//keystroke \"w\" using control down//keystroke \"h\"","presunie kurzor do ľavého okna ","Ctrl+w h"],"icon":{"type":"file","path":"img/workingWithMultipleFiles.png"},"match":"move cursor to the left window  Práca s viacerými súbormi Ctrl+w h"},{"title":"Presunie kurzor do pravého okna ","subtitle":"Práca s viacerými súbormi ⎯  Ctrl+w l","arg":["key code 53//keystroke \"w\" using control down//keystroke \"l\"","presunie kurzor do pravého okna ","Ctrl+w l"],"icon":{"type":"file","path":"img/workingWithMultipleFiles.png"},"match":"move cursor to the right window  Práca s viacerými súbormi Ctrl+w l"},{"title":"Presunie kurzor do okna pod ","subtitle":"Práca s viacerými súbormi ⎯  Ctrl+w j","arg":["key code 53//keystroke \"w\" using control down//keystroke \"j\"","presunie kurzor do okna pod ","Ctrl+w j"],"icon":{"type":"file","path":"img/workingWithMultipleFiles.png"},"match":"move cursor to the window below  Práca s viacerými súbormi Ctrl+w j"},{"title":"Presunie kurzor do okna nad ","subtitle":"Práca s viacerými súbormi ⎯  Ctrl+w k","arg":["key code 53//keystroke \"w\" using control down//keystroke \"k\"","presunie kurzor do okna nad ","Ctrl+w k"],"icon":{"type":"file","path":"img/workingWithMultipleFiles.png"},"match":"move cursor to the window above  Práca s viacerými súbormi Ctrl+w k"},{"title":"Make current window full height at far left ","subtitle":"Práca s viacerými súbormi ⎯  Ctrl+w H","arg":["key code 53//keystroke \"w\" using control down//keystroke \"H\"","make current window full height at far left ","Ctrl+w H"],"icon":{"type":"file","path":"img/workingWithMultipleFiles.png"},"match":"make current window full height at far left  Práca s viacerými súbormi Ctrl+w H"},{"title":"Make current window full height at far right ","subtitle":"Práca s viacerými súbormi ⎯  Ctrl+w L","arg":["key code 53//keystroke \"w\" using control down//keystroke \"L\"","make current window full height at far right ","Ctrl+w L"],"icon":{"type":"file","path":"img/workingWithMultipleFiles.png"},"match":"make current window full height at far right  Práca s viacerými súbormi Ctrl+w L"},{"title":"Make current window full width at the very bottom ","subtitle":"Práca s viacerými súbormi ⎯  Ctrl+w J","arg":["key code 53//keystroke \"w\" using control down//keystroke \"J\"","make current window full width at the very bottom ","Ctrl+w J"],"icon":{"type":"file","path":"img/workingWithMultipleFiles.png"},"match":"make current window full width at the very bottom  Práca s viacerými súbormi Ctrl+w J"},{"title":"Make current window full width at the very top ","subtitle":"Práca s viacerými súbormi ⎯  Ctrl+w K","arg":["key code 53//keystroke \"w\" using control down//keystroke \"K\"","make current window full width at the very top ","Ctrl+w K"],"icon":{"type":"file","path":"img/workingWithMultipleFiles.png"},"match":"make current window full width at the very top  Práca s viacerými súbormi Ctrl+w K"},{"title":"Manually define a fold up to motion","subtitle":"Diff ⎯  zf","arg":["key code 53//keystroke \"zf\"","manually define a fold up to motion","zf"],"icon":{"type":"file","path":"img/diff.png"},"match":"manually define a fold up to motion Diff zf"},{"title":"Delete fold under the cursor","subtitle":"Diff ⎯  zd","arg":["key code 53//keystroke \"zd\"","delete fold under the cursor","zd"],"icon":{"type":"file","path":"img/diff.png"},"match":"delete fold under the cursor Diff zd"},{"title":"Toggle fold under the cursor","subtitle":"Diff ⎯  za","arg":["key code 53//keystroke \"za\"","toggle fold under the cursor","za"],"icon":{"type":"file","path":"img/diff.png"},"match":"toggle fold under the cursor Diff za"},{"title":"Open fold under the cursor","subtitle":"Diff ⎯  zo","arg":["key code 53//keystroke \"zo\"","open fold under the cursor","zo"],"icon":{"type":"file","path":"img/diff.png"},"match":"open fold under the cursor Diff zo"},{"title":"Close fold under the cursor","subtitle":"Diff ⎯  zc","arg":["key code 53//keystroke \"zc\"","close fold under the cursor","zc"],"icon":{"type":"file","path":"img/diff.png"},"match":"close fold under the cursor Diff zc"},{"title":"Reduce  all folds by one level","subtitle":"Diff ⎯  zr","arg":["key code 53//keystroke \"zr\"","reduce  all folds by one level","zr"],"icon":{"type":"file","path":"img/diff.png"},"match":"reduce  all folds by one level Diff zr"},{"title":"Fold more  all folds by one level","subtitle":"Diff ⎯  zm","arg":["key code 53//keystroke \"zm\"","fold more  all folds by one level","zm"],"icon":{"type":"file","path":"img/diff.png"},"match":"fold more  all folds by one level Diff zm"},{"title":"Toggle folding functionality","subtitle":"Diff ⎯  zi","arg":["key code 53//keystroke \"zi\"","toggle folding functionality","zi"],"icon":{"type":"file","path":"img/diff.png"},"match":"toggle folding functionality Diff zi"},{"title":"Jump to start of next change","subtitle":"Diff ⎯  ]c","arg":["key code 53//keystroke \"]c\"","jump to start of next change","]c"],"icon":{"type":"file","path":"img/diff.png"},"match":"jump to start of next change Diff ]c"},{"title":"Jump to start of previous change","subtitle":"Diff ⎯  [c","arg":["key code 53//keystroke \"[c\"","jump to start of previous change","[c"],"icon":{"type":"file","path":"img/diff.png"},"match":"jump to start of previous change Diff [c"},{"title":"Obtain  difference ","subtitle":"Diff ⎯  do or :diffg[et]","arg":["key code 53//keystroke \"do\"","obtain  difference ","do or :diffg[et]"],"icon":{"type":"file","path":"img/diff.png"},"match":"obtain  difference  Diff do or :diffg[et]"},{"title":"Put difference ","subtitle":"Diff ⎯  dp or :diffpu[t]","arg":["key code 53//keystroke \"dp\"","put difference ","dp or :diffpu[t]"],"icon":{"type":"file","path":"img/diff.png"},"match":"put difference  Diff dp or :diffpu[t]"},{"title":"Make current window part of diff","subtitle":"Diff ⎯  :diffthis","arg":["key code 53//keystroke \":diffthis\" & return","make current window part of diff",":diffthis"],"icon":{"type":"file","path":"img/diff.png"},"match":"make current window part of diff Diff :diffthis"},{"title":"Update differences","subtitle":"Diff ⎯  :dif[fupdate]","arg":["key code 53//keystroke \":dif\" & return","update differences",":dif[fupdate]"],"icon":{"type":"file","path":"img/diff.png"},"match":"update differences Diff :dif[fupdate]"},{"title":"Switch off diff mode for current window","subtitle":"Diff ⎯  :diffo[ff]","arg":["key code 53//keystroke \":diffo\" & return","switch off diff mode for current window",":diffo[ff]"],"icon":{"type":"file","path":"img/diff.png"},"match":"switch off diff mode for current window Diff :diffo[ff]"},{"title":"Turn on us english spell checking","subtitle":"Spell checking ⎯  :set spell spelllang=en_us","arg":["key code 53//keystroke \":set\"//key code 49//keystroke \"spell\"//key code 49//keystroke \"spelllang=en_us\" & return","Turn on US English spell checking",":set spell spelllang=en_us"],"icon":{"type":"file","path":"img/spell.png"},"match":"Turn on US English spell checking Spell checking :set spell spelllang=en_us"},{"title":"Turn off spell checking","subtitle":"Spell checking ⎯  :set nospell","arg":["key code 53//keystroke \":set\"//key code 49//keystroke \"nospell\" & return","Turn off spell checking",":set nospell"],"icon":{"type":"file","path":"img/spell.png"},"match":"Turn off spell checking Spell checking :set nospell"},{"title":"Move to next misspelled word after the cursor","subtitle":"Spell checking ⎯  ]s","arg":["key code 53//keystroke \"]s\"","Move to next misspelled word after the cursor","]s"],"icon":{"type":"file","path":"img/spell.png"},"match":"Move to next misspelled word after the cursor Spell checking ]s"},{"title":"Move to previous misspelled word before the cursor","subtitle":"Spell checking ⎯  [s","arg":["key code 53//keystroke \"[s\"","Move to previous misspelled word before the cursor","[s"],"icon":{"type":"file","path":"img/spell.png"},"match":"Move to previous misspelled word before the cursor Spell checking [s"},{"title":"Suggest spellings for the word under/after the cursor","subtitle":"Spell checking ⎯  z=","arg":["key code 53//keystroke \"z=\"","Suggest spellings for the word under/after the cursor","z="],"icon":{"type":"file","path":"img/spell.png"},"match":"Suggest spellings for the word under/after the cursor Spell checking z="},{"title":"Add word to spell list","subtitle":"Spell checking ⎯  zg","arg":["key code 53//keystroke \"zg\"","Add word to spell list","zg"],"icon":{"type":"file","path":"img/spell.png"},"match":"Add word to spell list Spell checking zg"},{"title":"Mark word as bad/mispelling","subtitle":"Spell checking ⎯  zw","arg":["key code 53//keystroke \"zw\"","Mark word as bad/mispelling","zw"],"icon":{"type":"file","path":"img/spell.png"},"match":"Mark word as bad/mispelling Spell checking zw"},{"title":"Suggest words for bad word under cursor from spell file","subtitle":"Spell checking ⎯  zu","arg":["key code 53//keystroke \"zu\"","Suggest words for bad word under cursor from spell file","zu"],"icon":{"type":"file","path":"img/spell.png"},"match":"Suggest words for bad word under cursor from spell file Spell checking zu"},{"title":"Increment number","subtitle":"Miscellaneous ⎯  Ctrl+a","arg":["key code 53//keystroke \"a\" using control down","Increment number","Ctrl+a"],"icon":{"type":"file","path":"img/misc.png"},"match":"Increment number Miscellaneous Ctrl+a"},{"title":"Decrement number","subtitle":"Miscellaneous ⎯  Ctrl+x","arg":["key code 53//keystroke \"x\" using control down","Decrement number","Ctrl+x"],"icon":{"type":"file","path":"img/misc.png"},"match":"Decrement number Miscellaneous Ctrl+x"},{"title":"Re-select last selected block of text","subtitle":"Miscellaneous ⎯  gv","arg":["key code 53//keystroke \"gv\"","Re-select last selected block of text","gv"],"icon":{"type":"file","path":"img/misc.png"},"match":"Re-select last selected block of text Miscellaneous gv"},{"title":"Insert the result of an expression at the cursor","subtitle":"Miscellaneous ⎯  Ctrl+r =","arg":["key code 53//keystroke \"r\" using control down//keystroke \"=\"","Insert the result of an expression at the cursor","Ctrl+r ="],"icon":{"type":"file","path":"img/misc.png"},"match":"Insert the result of an expression at the cursor Miscellaneous Ctrl+r ="},{"title":"Change file encoding to utf-8","subtitle":"Miscellaneous ⎯  set fenc=UTF-8","arg":["key code 53//keystroke \"set\"//key code 49//keystroke \"fenc=UTF-8\"","Change file encoding to UTF-8","set fenc=UTF-8"],"icon":{"type":"file","path":"img/misc.png"},"match":"Change file encoding to UTF-8 Miscellaneous set fenc=UTF-8"},{"title":"Escape next character","subtitle":"Regex ⎯  \\","arg":["keystroke \"\\\\\"","Escape next character","\\"],"icon":{"type":"file","path":"img/regex.png"},"match":"Escape next character Regex \\"},{"title":"Start-of­-line","subtitle":"Regex ⎯  ^","arg":["keystroke \"^\"","Start-of­-line","^"],"icon":{"type":"file","path":"img/regex.png"},"match":"Start-of­-line Regex ^"},{"title":"End-of-­line","subtitle":"Regex ⎯  $","arg":["keystroke \"$\"","End-of-­line","$"],"icon":{"type":"file","path":"img/regex.png"},"match":"End-of-­line Regex $"},{"title":"Any char","subtitle":"Regex ⎯  .","arg":["keystroke \".\"","Any char","."],"icon":{"type":"file","path":"img/regex.png"},"match":"Any char Regex ."},{"title":"0 or more quantifier","subtitle":"Regex ⎯  *","arg":["keystroke \"*\"","0 or more quantifier","*"],"icon":{"type":"file","path":"img/regex.png"},"match":"0 or more quantifier Regex *"},{"title":"Match last given substitute string","subtitle":"Regex ⎯  ~","arg":["keystroke \"\"~","Match last given substitute string","~"],"icon":{"type":"file","path":"img/regex.png"},"match":"Match last given substitute string Regex ~"},{"title":"Match range","subtitle":"Regex ⎯  [...]","arg":["keystroke \"[...]\"","Match range","[...]"],"icon":{"type":"file","path":"img/regex.png"},"match":"Match range Regex [...]"},{"title":"Not range","subtitle":"Regex ⎯  [^...]","arg":["keystroke \"[^...]\"","Not range","[^...]"],"icon":{"type":"file","path":"img/regex.png"},"match":"Not range Regex [^...]"},{"title":"In replacement: insert <pattern>","subtitle":"Regex ⎯  &","arg":["keystroke \"&\"","In replacement: insert <pattern>","&"],"icon":{"type":"file","path":"img/regex.png"},"match":"In replacement: insert <pattern> Regex &"},{"title":"Beginning of a word","subtitle":"Regex ⎯  \\<","arg":["keystroke \"\\\\<\"","Beginning of a word","\\<"],"icon":{"type":"file","path":"img/regex.png"},"match":"Beginning of a word Regex \\<"},{"title":"End of word","subtitle":"Regex ⎯  \\>","arg":["keystroke \"\\\\>\"","End of word","\\>"],"icon":{"type":"file","path":"img/regex.png"},"match":"End of word Regex \\>"},{"title":"Group","subtitle":"Regex ⎯  \\(...\\)","arg":["keystroke \"\\\\(...\\\\)\"","Group","\\(...\\)"],"icon":{"type":"file","path":"img/regex.png"},"match":"Group Regex \\(...\\)"},{"title":"Separate alternative","subtitle":"Regex ⎯  \\|","arg":["keystroke \"\\\\|\"","Separate alternative","\\|"],"icon":{"type":"file","path":"img/regex.png"},"match":"Separate alternative Regex \\|"},{"title":"Any single char or end-of­line","subtitle":"Regex ⎯  \\_.","arg":["keystroke \"\\\\_.\"","Any single char or end-of­line","\\_."],"icon":{"type":"file","path":"img/regex.png"},"match":"Any single char or end-of­line Regex \\_."},{"title":"1 or more quantifier","subtitle":"Regex ⎯  \\+","arg":["keystroke \"\\\\+\"","1 or more quantifier","\\+"],"icon":{"type":"file","path":"img/regex.png"},"match":"1 or more quantifier Regex \\+"},{"title":"0 or 1 quantifier","subtitle":"Regex ⎯  \\=","arg":["keystroke \"\\\\=\"","0 or 1 quantifier","\\="],"icon":{"type":"file","path":"img/regex.png"},"match":"0 or 1 quantifier Regex \\="},{"title":"0 or 1 quantifier","subtitle":"Regex ⎯  \\?","arg":["keystroke \"\\\\?\"","0 or 1 quantifier","\\?"],"icon":{"type":"file","path":"img/regex.png"},"match":"0 or 1 quantifier Regex \\?"},{"title":"N to m quantifier","subtitle":"Regex ⎯  \\{n,m}","arg":["keystroke \"\\\\{n,m}\"","n to m quantifier","\\{n,m}"],"icon":{"type":"file","path":"img/regex.png"},"match":"n to m quantifier Regex \\{n,m}"},{"title":"N quantifier","subtitle":"Regex ⎯  \\{n}","arg":["keystroke \"\\\\{n}\"","n quantifier","\\{n}"],"icon":{"type":"file","path":"img/regex.png"},"match":"n quantifier Regex \\{n}"},{"title":"At least n quantifier","subtitle":"Regex ⎯  \\{n,}","arg":["keystroke \"\"\\\\{n,}","at least n quantifier","\\{n,}"],"icon":{"type":"file","path":"img/regex.png"},"match":"at least n quantifier Regex \\{n,}"},{"title":"0 to m quantifier","subtitle":"Regex ⎯  \\{,m}","arg":["keystroke \"\\\\{,}\"","0 to m quantifier","\\{,m}"],"icon":{"type":"file","path":"img/regex.png"},"match":"0 to m quantifier Regex \\{,m}"},{"title":"Delete all lines matching pattern","subtitle":"Regex ⎯  :%g/<pa­tte­rn>/d","arg":["key code 53//keystroke \":%g/<pa­tte­r/d\"","delete all lines matching pattern",":%g/<pa­tte­rn>/d"],"icon":{"type":"file","path":"img/regex.png"},"match":"delete all lines matching pattern Regex :%g/<pa­tte­rn>/d"},{"title":"Delete all lines not matching <pattern>","subtitle":"Regex ⎯  :%v/<pa­tte­rn>/d","arg":["key code 53//keystroke \":%v/<pa­tte­r/d\"","delete all lines NOT matching <pattern>",":%v/<pa­tte­rn>/d"],"icon":{"type":"file","path":"img/regex.png"},"match":"delete all lines NOT matching <pattern> Regex :%v/<pa­tte­rn>/d"},{"title":"Delete empty lines","subtitle":"Regex ⎯  :%s/^.*$\\n//","arg":["key code 53//keystroke \":%s/^.*$\\\\n//\"","delete empty lines",":%s/^.*$\\n//"],"icon":{"type":"file","path":"img/regex.png"},"match":"delete empty lines Regex :%s/^.*$\\n//"},{"title":"Replace <pattern> by 'new <pattern>'","subtitle":"Regex ⎯  :s/<pattern>/new &/","arg":["key code 53//keystroke \":%s/<pattern>/new &/\"","Replace <pattern> by 'new <pattern>'",":s/<pattern>/new &/"],"icon":{"type":"file","path":"img/regex.png"},"match":"Replace <pattern> by 'new <pattern>' Regex :s/<pattern>/new &/"},{"title":"Replace <pattern> by content of register","subtitle":"Regex ⎯  :s/<pattern>/\\=@a/","arg":["key code 53//keystroke \":%s/<pattern>/\\\\=@a/\"","Replace <pattern> by content of register",":s/<pattern>/\\=@a/"],"icon":{"type":"file","path":"img/regex.png"},"match":"Replace <pattern> by content of register Regex :s/<pattern>/\\=@a/"},{"title":"Count number of occurrence of <pattern>","subtitle":"Regex ⎯  :s/<pattern>//gn","arg":["key code 53//keystroke \":%s/<pattern>//gn\"","Count number of occurrence of <pattern>",":s/<pattern>//gn"],"icon":{"type":"file","path":"img/regex.png"},"match":"Count number of occurrence of <pattern> Regex :s/<pattern>//gn"},{"title":"Match start","subtitle":"Regex ⎯  \\zs","arg":["keystroke \"\\\\zs\"","Match start","\\zs"],"icon":{"type":"file","path":"img/regex.png"},"match":"Match start Regex \\zs"},{"title":"Match end","subtitle":"Regex ⎯  \\ze","arg":["keystroke \"\\\\ze\"","Match end","\\ze"],"icon":{"type":"file","path":"img/regex.png"},"match":"Match end Regex \\ze"},{"title":"Positive look behind to find <pattern>","subtitle":"Regex ⎯  <atom>\\@<=<pattern>","arg":["keystroke \"<atom>\\\\@<=<pattern>\"","Positive look behind to find <pattern>","<atom>\\@<=<pattern>"],"icon":{"type":"file","path":"img/regex.png"},"match":"Positive look behind to find <pattern> Regex <atom>\\@<=<pattern>"},{"title":"Positive look ahead to find <pattern>","subtitle":"Regex ⎯  <pattern><atom>\\@=","arg":["keystroke \"<pattern><atom>\\\\@=\"","Positive look ahead to find <pattern>","<pattern><atom>\\@="],"icon":{"type":"file","path":"img/regex.png"},"match":"Positive look ahead to find <pattern> Regex <pattern><atom>\\@="},{"title":"Negative look behind to find <pattern>","subtitle":"Regex ⎯  <atom>\\@<!<pattern>","arg":["keystroke \"<atom>\\\\@<!<pattern>\"","Negative look behind to find <pattern>","<atom>\\@<!<pattern>"],"icon":{"type":"file","path":"img/regex.png"},"match":"Negative look behind to find <pattern> Regex <atom>\\@<!<pattern>"},{"title":"Negative look ahead to find <pattern>","subtitle":"Regex ⎯  <pattern><atom>\\@!","arg":["keystroke \"<pattern><atom>\\\\@!\"","Negative look ahead to find <pattern>","<pattern><atom>\\@!"],"icon":{"type":"file","path":"img/regex.png"},"match":"Negative look ahead to find <pattern> Regex <pattern><atom>\\@!"},{"title":"Non-greedy 0 or more quantifier","subtitle":"Regex ⎯  \\{-}","arg":["keystroke \"\\\\{-}\"","Non-greedy 0 or more quantifier","\\{-}"],"icon":{"type":"file","path":"img/regex.png"},"match":"Non-greedy 0 or more quantifier Regex \\{-}"}]}