{"items":[{"title":"Visa hjälp för kommando \"nyckelord\"","subtitle":"Globala kommandon ⎯  :h[elp] nyckelord","arg":["key code 53//keystroke \":h\"//key code 49//keystroke \"keyword\"","visa hjälp för kommando \"nyckelord\"",":h[elp] nyckelord"],"icon":{"type":"file","path":"img/global.png"},"match":"open help for keyword Globala kommandon :h[elp] nyckelord"},{"title":"Spara fil som","subtitle":"Globala kommandon ⎯  :sav[eas] fil","arg":["key code 53//keystroke \":sav\"//key code 49//keystroke \"file\"","spara fil som",":sav[eas] fil"],"icon":{"type":"file","path":"img/global.png"},"match":"save file as Globala kommandon :sav[eas] fil"},{"title":"Stäng nuvarande ruta","subtitle":"Globala kommandon ⎯  :clo[se]","arg":["key code 53//keystroke \":clo\" & return","stäng nuvarande ruta",":clo[se]"],"icon":{"type":"file","path":"img/global.png"},"match":"close current pane Globala kommandon :clo[se]"},{"title":"Open a terminal window","subtitle":"Globala kommandon ⎯  :ter[minal]","arg":["key code 53//keystroke \":ter\" & return","open a terminal window",":ter[minal]"],"icon":{"type":"file","path":"img/global.png"},"match":"open a terminal window Globala kommandon :ter[minal]"},{"title":"Öppna man page för ordet under markören","subtitle":"Globala kommandon ⎯  K","arg":["key code 53//keystroke \"K\"","öppna man page för ordet under markören","K"],"icon":{"type":"file","path":"img/global.png"},"match":"open man page for word under the cursor Globala kommandon K"},{"title":"Flytta markören åt vänster","subtitle":"Markörkontroller ⎯  h","arg":["key code 53//keystroke \"h\"","flytta markören åt vänster","h"],"icon":{"type":"file","path":"img/cursorMovement.png"},"match":"move cursor left Markörkontroller h"},{"title":"Flytta markören åt höger","subtitle":"Markörkontroller ⎯  j","arg":["key code 53//keystroke \"j\"","flytta markören åt höger","j"],"icon":{"type":"file","path":"img/cursorMovement.png"},"match":"move cursor down Markörkontroller j"},{"title":"Flytta markören uppåt","subtitle":"Markörkontroller ⎯  k","arg":["key code 53//keystroke \"k\"","flytta markören uppåt","k"],"icon":{"type":"file","path":"img/cursorMovement.png"},"match":"move cursor up Markörkontroller k"},{"title":"Flytta markören neråt","subtitle":"Markörkontroller ⎯  l","arg":["key code 53//keystroke \"l\"","flytta markören neråt","l"],"icon":{"type":"file","path":"img/cursorMovement.png"},"match":"move cursor right Markörkontroller l"},{"title":"Move cursor down ","subtitle":"Markörkontroller ⎯  gj","arg":["key code 53//keystroke \"gj\"","move cursor down ","gj"],"icon":{"type":"file","path":"img/cursorMovement.png"},"match":"move cursor down  Markörkontroller gj"},{"title":"Move cursor up ","subtitle":"Markörkontroller ⎯  gk","arg":["key code 53//keystroke \"gk\"","move cursor up ","gk"],"icon":{"type":"file","path":"img/cursorMovement.png"},"match":"move cursor up  Markörkontroller gk"},{"title":"Flytta till toppen av skärmen","subtitle":"Markörkontroller ⎯  H","arg":["key code 53//keystroke \"H\"","flytta till toppen av skärmen","H"],"icon":{"type":"file","path":"img/cursorMovement.png"},"match":"move to top of screen Markörkontroller H"},{"title":"Flytta till mitten av skärmen","subtitle":"Markörkontroller ⎯  M","arg":["key code 53//keystroke \"M\"","flytta till mitten av skärmen","M"],"icon":{"type":"file","path":"img/cursorMovement.png"},"match":"move to middle of screen Markörkontroller M"},{"title":"Flytta till botten av skärmen","subtitle":"Markörkontroller ⎯  L","arg":["key code 53//keystroke \"L\"","flytta till botten av skärmen","L"],"icon":{"type":"file","path":"img/cursorMovement.png"},"match":"move to bottom of screen Markörkontroller L"},{"title":"Hoppa framåt till starten av nästa ord","subtitle":"Markörkontroller ⎯  w","arg":["key code 53//keystroke \"w\"","hoppa framåt till starten av nästa ord","w"],"icon":{"type":"file","path":"img/cursorMovement.png"},"match":"jump forwards to the start of a word Markörkontroller w"},{"title":"Hoppa framåt till starten av nästa ord ","subtitle":"Markörkontroller ⎯  W","arg":["key code 53//keystroke \"W\"","hoppa framåt till starten av nästa ord ","W"],"icon":{"type":"file","path":"img/cursorMovement.png"},"match":"jump forwards to the start of a word  Markörkontroller W"},{"title":"Hoppa framåt till slutet av nästa ord","subtitle":"Markörkontroller ⎯  e","arg":["key code 53//keystroke \"e\"","hoppa framåt till slutet av nästa ord","e"],"icon":{"type":"file","path":"img/cursorMovement.png"},"match":"jump forwards to the end of a word Markörkontroller e"},{"title":"Hoppa framåt till slutet av nästa ord ","subtitle":"Markörkontroller ⎯  E","arg":["key code 53//keystroke \"E\"","hoppa framåt till slutet av nästa ord ","E"],"icon":{"type":"file","path":"img/cursorMovement.png"},"match":"jump forwards to the end of a word  Markörkontroller E"},{"title":"Hoppa bakåt till starten av föregående ord","subtitle":"Markörkontroller ⎯  b","arg":["key code 53//keystroke \"b\"","hoppa bakåt till starten av föregående ord","b"],"icon":{"type":"file","path":"img/cursorMovement.png"},"match":"jump backwards to the start of a word Markörkontroller b"},{"title":"Hoppa bakåt till starten av föregående ord ","subtitle":"Markörkontroller ⎯  B","arg":["key code 53//keystroke \"B\"","hoppa bakåt till starten av föregående ord ","B"],"icon":{"type":"file","path":"img/cursorMovement.png"},"match":"jump backwards to the start of a word  Markörkontroller B"},{"title":"Jump backwards to the end of a word","subtitle":"Markörkontroller ⎯  ge","arg":["key code 53//keystroke \"ge\"","jump backwards to the end of a word","ge"],"icon":{"type":"file","path":"img/cursorMovement.png"},"match":"jump backwards to the end of a word Markörkontroller ge"},{"title":"Jump backwards to the end of a word ","subtitle":"Markörkontroller ⎯  gE","arg":["key code 53//keystroke \"gE\"","jump backwards to the end of a word ","gE"],"icon":{"type":"file","path":"img/cursorMovement.png"},"match":"jump backwards to the end of a word  Markörkontroller gE"},{"title":"Flytta till matchande tecken ","subtitle":"Markörkontroller ⎯  %","arg":["key code 53//keystroke \"%\"","flytta till matchande tecken ","%"],"icon":{"type":"file","path":"img/cursorMovement.png"},"match":"move to matching character  Markörkontroller %"},{"title":"Hoppa till början av raden","subtitle":"Markörkontroller ⎯  0","arg":["key code 53//keystroke \"0\"","hoppa till början av raden","0"],"icon":{"type":"file","path":"img/cursorMovement.png"},"match":"jump to the start of the line Markörkontroller 0"},{"title":"Hoppa till första icke-blanka tecknet på raden","subtitle":"Markörkontroller ⎯  ^","arg":["key code 53//keystroke \"^\"","hoppa till första icke-blanka tecknet på raden","^"],"icon":{"type":"file","path":"img/cursorMovement.png"},"match":"jump to the first non-blank character of the line Markörkontroller ^"},{"title":"Hoppa till slutet av raden","subtitle":"Markörkontroller ⎯  $","arg":["key code 53//keystroke \"$\"","hoppa till slutet av raden","$"],"icon":{"type":"file","path":"img/cursorMovement.png"},"match":"jump to the end of the line Markörkontroller $"},{"title":"Hoppa till sista icke-blanka tecknet på raden","subtitle":"Markörkontroller ⎯  g_","arg":["key code 53//keystroke \"g_\"","hoppa till sista icke-blanka tecknet på raden","g_"],"icon":{"type":"file","path":"img/cursorMovement.png"},"match":"jump to the last non-blank character of the line Markörkontroller g_"},{"title":"Gå till första raden i dokumentet","subtitle":"Markörkontroller ⎯  gg","arg":["key code 53//keystroke \"gg\"","gå till första raden i dokumentet","gg"],"icon":{"type":"file","path":"img/cursorMovement.png"},"match":"go to the first line of the document Markörkontroller gg"},{"title":"Gå till sista raden i dokumentet","subtitle":"Markörkontroller ⎯  G","arg":["key code 53//keystroke \"G\"","gå till sista raden i dokumentet","G"],"icon":{"type":"file","path":"img/cursorMovement.png"},"match":"go to the last line of the document Markörkontroller G"},{"title":"Gå till rad 5","subtitle":"Markörkontroller ⎯  5gg or 5G","arg":["key code 53//keystroke \"5gg\"","gå till rad 5","5gg or 5G"],"icon":{"type":"file","path":"img/cursorMovement.png"},"match":"go to line 5 Markörkontroller 5gg or 5G"},{"title":"Move to local declaration","subtitle":"Markörkontroller ⎯  gd","arg":["key code 53//keystroke \"gd\"","move to local declaration","gd"],"icon":{"type":"file","path":"img/cursorMovement.png"},"match":"move to local declaration Markörkontroller gd"},{"title":"Move to global declaration","subtitle":"Markörkontroller ⎯  gD","arg":["key code 53//keystroke \"gD\"","move to global declaration","gD"],"icon":{"type":"file","path":"img/cursorMovement.png"},"match":"move to global declaration Markörkontroller gD"},{"title":"Hoppa till nästa förekomst av tecknet x","subtitle":"Markörkontroller ⎯  fx","arg":["key code 53//keystroke \"fx\"","hoppa till nästa förekomst av tecknet x","fx"],"icon":{"type":"file","path":"img/cursorMovement.png"},"match":"jump to next occurrence of character x Markörkontroller fx"},{"title":"Hoppa till tecknet före nästa förekomst av tecknet x","subtitle":"Markörkontroller ⎯  tx","arg":["key code 53//keystroke \"tx\"","hoppa till tecknet före nästa förekomst av tecknet x","tx"],"icon":{"type":"file","path":"img/cursorMovement.png"},"match":"jump to before next occurrence of character x Markörkontroller tx"},{"title":"Hoppa till föregående förekomst av tecknet x","subtitle":"Markörkontroller ⎯  Fx","arg":["key code 53//keystroke \"Fx\"","hoppa till föregående förekomst av tecknet x","Fx"],"icon":{"type":"file","path":"img/cursorMovement.png"},"match":"jump to the previous occurrence of character x Markörkontroller Fx"},{"title":"Hoppa till tecknet efter föregående förekomst av tecknet x","subtitle":"Markörkontroller ⎯  Tx","arg":["key code 53//keystroke \"Tx\"","hoppa till tecknet efter föregående förekomst av tecknet x","Tx"],"icon":{"type":"file","path":"img/cursorMovement.png"},"match":"jump to after previous occurrence of character x Markörkontroller Tx"},{"title":"Upprepa föregående kommando av typ f, t, f eller t","subtitle":"Markörkontroller ⎯  ;","arg":["key code 53//keystroke \";\"","upprepa föregående kommando av typ f, t, F eller T",";"],"icon":{"type":"file","path":"img/cursorMovement.png"},"match":"repeat previous f, t, F or T movement Markörkontroller ;"},{"title":"Upprepa föregående kommando av typ f, t, f eller t, baklänges","subtitle":"Markörkontroller ⎯  ,","arg":["key code 53//keystroke \",\"","upprepa föregående kommando av typ f, t, F eller T, baklänges",","],"icon":{"type":"file","path":"img/cursorMovement.png"},"match":"repeat previous f, t, F or T movement, backwards Markörkontroller ,"},{"title":"Hoppa till nästa paragraf ","subtitle":"Markörkontroller ⎯  }","arg":["key code 53//keystroke \"}\"","hoppa till nästa paragraf ","}"],"icon":{"type":"file","path":"img/cursorMovement.png"},"match":"jump to next paragraph  Markörkontroller }"},{"title":"Hoppa till föregående paragraf ","subtitle":"Markörkontroller ⎯  {","arg":["key code 53//keystroke \"{\"","hoppa till föregående paragraf ","{"],"icon":{"type":"file","path":"img/cursorMovement.png"},"match":"jump to previous paragraph  Markörkontroller {"},{"title":"Centrera markören på skärmen","subtitle":"Markörkontroller ⎯  zz","arg":["key code 53//keystroke \"zz\"","centrera markören på skärmen","zz"],"icon":{"type":"file","path":"img/cursorMovement.png"},"match":"center cursor on screen Markörkontroller zz"},{"title":"Flytta ner skärmen en rad ","subtitle":"Markörkontroller ⎯  Ctrl+e","arg":["key code 53//keystroke \"e\" using control down","flytta ner skärmen en rad ","Ctrl+e"],"icon":{"type":"file","path":"img/cursorMovement.png"},"match":"move screen down one line  Markörkontroller Ctrl+e"},{"title":"Flytta upp skärmen en rad ","subtitle":"Markörkontroller ⎯  Ctrl+y","arg":["key code 53//keystroke \"y\" using control down","flytta upp skärmen en rad ","Ctrl+y"],"icon":{"type":"file","path":"img/cursorMovement.png"},"match":"move screen up one line  Markörkontroller Ctrl+y"},{"title":"Flytta bakåt en hel skärm","subtitle":"Markörkontroller ⎯  Ctrl+b","arg":["key code 53//keystroke \"b\" using control down","flytta bakåt en hel skärm","Ctrl+b"],"icon":{"type":"file","path":"img/cursorMovement.png"},"match":"move back one full screen Markörkontroller Ctrl+b"},{"title":"Flytta framåt en hel skärm","subtitle":"Markörkontroller ⎯  Ctrl+f","arg":["key code 53//keystroke \"f\" using control down","flytta framåt en hel skärm","Ctrl+f"],"icon":{"type":"file","path":"img/cursorMovement.png"},"match":"move forward one full screen Markörkontroller Ctrl+f"},{"title":"Flytta bakåt en halv skärm","subtitle":"Markörkontroller ⎯  Ctrl+u","arg":["key code 53//keystroke \"u\" using control down","flytta bakåt en halv skärm","Ctrl+u"],"icon":{"type":"file","path":"img/cursorMovement.png"},"match":"move back 1/2 a screen Markörkontroller Ctrl+u"},{"title":"Flytta framåt en halv skärm","subtitle":"Markörkontroller ⎯  Ctrl+d","arg":["key code 53//keystroke \"d\" using control down","flytta framåt en halv skärm","Ctrl+d"],"icon":{"type":"file","path":"img/cursorMovement.png"},"match":"move forward 1/2 a screen Markörkontroller Ctrl+d"},{"title":"Sätt in efter markören","subtitle":"Insättning - sätta in/lägga till text ⎯  i","arg":["key code 53//keystroke \"i\"","sätt in efter markören","i"],"icon":{"type":"file","path":"img/insertMode.png"},"match":"insert before the cursor Insättning - sätta in/lägga till text i"},{"title":"Sätt in på början av raden","subtitle":"Insättning - sätta in/lägga till text ⎯  I","arg":["key code 53//keystroke \"I\"","sätt in på början av raden","I"],"icon":{"type":"file","path":"img/insertMode.png"},"match":"insert at the beginning of the line Insättning - sätta in/lägga till text I"},{"title":"Sätt in  efter markören","subtitle":"Insättning - sätta in/lägga till text ⎯  a","arg":["key code 53//keystroke \"a\"","sätt in  efter markören","a"],"icon":{"type":"file","path":"img/insertMode.png"},"match":"insert  after the cursor Insättning - sätta in/lägga till text a"},{"title":"Sätt in  på slutet av raden","subtitle":"Insättning - sätta in/lägga till text ⎯  A","arg":["key code 53//keystroke \"A\"","sätt in  på slutet av raden","A"],"icon":{"type":"file","path":"img/insertMode.png"},"match":"insert  at the end of the line Insättning - sätta in/lägga till text A"},{"title":"Lägg till  en ny rad under nuvarande rad","subtitle":"Insättning - sätta in/lägga till text ⎯  o","arg":["key code 53//keystroke \"o\"","lägg till  en ny rad under nuvarande rad","o"],"icon":{"type":"file","path":"img/insertMode.png"},"match":"append  a new line below the current line Insättning - sätta in/lägga till text o"},{"title":"Lägg till  enny rad över nuvarande rad","subtitle":"Insättning - sätta in/lägga till text ⎯  O","arg":["key code 53//keystroke \"O\"","lägg till  enny rad över nuvarande rad","O"],"icon":{"type":"file","path":"img/insertMode.png"},"match":"append  a new line above the current line Insättning - sätta in/lägga till text O"},{"title":"Sätt in  efter slutet av ordet","subtitle":"Insättning - sätta in/lägga till text ⎯  ea","arg":["key code 53//keystroke \"ea\"","sätt in  efter slutet av ordet","ea"],"icon":{"type":"file","path":"img/insertMode.png"},"match":"insert  at the end of the word Insättning - sätta in/lägga till text ea"},{"title":"Delete the character before the cursor during insert mode","subtitle":"Insättning - sätta in/lägga till text ⎯  Ctrl+h","arg":["keystroke \"h\" using control down","delete the character before the cursor during insert mode","Ctrl+h"],"icon":{"type":"file","path":"img/insertMode.png"},"match":"delete the character before the cursor during insert mode Insättning - sätta in/lägga till text Ctrl+h"},{"title":"Delete word before the cursor during insert mode","subtitle":"Insättning - sätta in/lägga till text ⎯  Ctrl+w","arg":["keystroke \"w\" using control down","delete word before the cursor during insert mode","Ctrl+w"],"icon":{"type":"file","path":"img/insertMode.png"},"match":"delete word before the cursor during insert mode Insättning - sätta in/lägga till text Ctrl+w"},{"title":"Begin new line during insert mode","subtitle":"Insättning - sätta in/lägga till text ⎯  Ctrl+j","arg":["keystroke \"j\" using control down","begin new line during insert mode","Ctrl+j"],"icon":{"type":"file","path":"img/insertMode.png"},"match":"begin new line during insert mode Insättning - sätta in/lägga till text Ctrl+j"},{"title":"Indent  line one shiftwidth during insert mode","subtitle":"Insättning - sätta in/lägga till text ⎯  Ctrl+t","arg":["keystroke \"t\" using control down","indent  line one shiftwidth during insert mode","Ctrl+t"],"icon":{"type":"file","path":"img/insertMode.png"},"match":"indent  line one shiftwidth during insert mode Insättning - sätta in/lägga till text Ctrl+t"},{"title":"De-indent  line one shiftwidth during insert mode","subtitle":"Insättning - sätta in/lägga till text ⎯  Ctrl+d","arg":["keystroke \"d\" using control down","de-indent  line one shiftwidth during insert mode","Ctrl+d"],"icon":{"type":"file","path":"img/insertMode.png"},"match":"de-indent  line one shiftwidth during insert mode Insättning - sätta in/lägga till text Ctrl+d"},{"title":"Insert  next match before the cursor during insert mode","subtitle":"Insättning - sätta in/lägga till text ⎯  Ctrl+n","arg":["keystroke \"n\" using control down","insert  next match before the cursor during insert mode","Ctrl+n"],"icon":{"type":"file","path":"img/insertMode.png"},"match":"insert  next match before the cursor during insert mode Insättning - sätta in/lägga till text Ctrl+n"},{"title":"Insert  previous match before the cursor during insert mode","subtitle":"Insättning - sätta in/lägga till text ⎯  Ctrl+p","arg":["keystroke \"p\" using control down","insert  previous match before the cursor during insert mode","Ctrl+p"],"icon":{"type":"file","path":"img/insertMode.png"},"match":"insert  previous match before the cursor during insert mode Insättning - sätta in/lägga till text Ctrl+p"},{"title":"Insert the contents of register x","subtitle":"Insättning - sätta in/lägga till text ⎯  Ctrl+r x","arg":["keystroke \"r\" using control down//keystroke \"x\"","insert the contents of register x","Ctrl+r x"],"icon":{"type":"file","path":"img/insertMode.png"},"match":"insert the contents of register x Insättning - sätta in/lägga till text Ctrl+r x"},{"title":"Temporärt byt till normal-mode  för att kunna ange ett normel-mode kommando x.","subtitle":"Insättning - sätta in/lägga till text ⎯  Ctrl+o x","arg":["keystroke \"o\" using control down//keystroke \"x\"","Temporärt byt till normal-mode  för att kunna ange ett normel-mode kommando x.","Ctrl+o x"],"icon":{"type":"file","path":"img/insertMode.png"},"match":"Temporarily enter normal mode to issue one normal-mode command x. Insättning - sätta in/lägga till text Ctrl+o x"},{"title":"Lämna insättningsläget","subtitle":"Insättning - sätta in/lägga till text ⎯  Esc","arg":["key code 53","lämna insättningsläget","Esc"],"icon":{"type":"file","path":"img/insertMode.png"},"match":"exit insert mode Insättning - sätta in/lägga till text Esc"},{"title":"Byt ut ett tecken","subtitle":"Redigering ⎯  r","arg":["key code 53//keystroke \"r\"","byt ut ett tecken","r"],"icon":{"type":"file","path":"img/editing.png"},"match":"replace a single character. Redigering r"},{"title":"Replace more than one character, until esc is pressed.","subtitle":"Redigering ⎯  R","arg":["key code 53//keystroke \"R\"","replace more than one character, until ESC is pressed.","R"],"icon":{"type":"file","path":"img/editing.png"},"match":"replace more than one character, until ESC is pressed. Redigering R"},{"title":"Sammanfoga raden under med nuvarande rad med mellanslag mellan","subtitle":"Redigering ⎯  J","arg":["key code 53//keystroke \"J\"","sammanfoga raden under med nuvarande rad med mellanslag mellan","J"],"icon":{"type":"file","path":"img/editing.png"},"match":"join line below to the current one with one space in between Redigering J"},{"title":"Sammanfoga raden under med nuvarande rad utan mellanslag mellan","subtitle":"Redigering ⎯  gJ","arg":["key code 53//keystroke \"gJ\"","sammanfoga raden under med nuvarande rad utan mellanslag mellan","gJ"],"icon":{"type":"file","path":"img/editing.png"},"match":"join line below to the current one without space in between Redigering gJ"},{"title":"Flyt ihop paragrafen","subtitle":"Redigering ⎯  gwip","arg":["key code 53//keystroke \"gwip\"","flyt ihop paragrafen","gwip"],"icon":{"type":"file","path":"img/editing.png"},"match":"reflow paragraph Redigering gwip"},{"title":"Switch case up to motion","subtitle":"Redigering ⎯  g~","arg":["key code 53//keystroke \"g~\"","switch case up to motion","g~"],"icon":{"type":"file","path":"img/editing.png"},"match":"switch case up to motion Redigering g~"},{"title":"Change to lowercase up to motion","subtitle":"Redigering ⎯  gu","arg":["key code 53//keystroke \"gu\"","change to lowercase up to motion","gu"],"icon":{"type":"file","path":"img/editing.png"},"match":"change to lowercase up to motion Redigering gu"},{"title":"Change to uppercase up to motion","subtitle":"Redigering ⎯  gU","arg":["key code 53//keystroke \"gU\"","change to uppercase up to motion","gU"],"icon":{"type":"file","path":"img/editing.png"},"match":"change to uppercase up to motion Redigering gU"},{"title":"Byt  hela raden","subtitle":"Redigering ⎯  cc","arg":["key code 53//keystroke \"cc\"","byt  hela raden","cc"],"icon":{"type":"file","path":"img/editing.png"},"match":"change  entire line Redigering cc"},{"title":"Byt  till slutet av raden","subtitle":"Redigering ⎯  c$ or C","arg":["key code 53//keystroke \"g$\"","byt  till slutet av raden","c$ or C"],"icon":{"type":"file","path":"img/editing.png"},"match":"change  to the end of the line Redigering c$ or C"},{"title":"Byt  ett helt ord","subtitle":"Redigering ⎯  ciw","arg":["key code 53//keystroke \"ciw\"","byt  ett helt ord","ciw"],"icon":{"type":"file","path":"img/editing.png"},"match":"change  entire word Redigering ciw"},{"title":"Byt  till slutet av ordet","subtitle":"Redigering ⎯  cw or ce","arg":["key code 53//keystroke \"cw\"","byt  till slutet av ordet","cw or ce"],"icon":{"type":"file","path":"img/editing.png"},"match":"change  to the end of the word Redigering cw or ce"},{"title":"Tag bort tecken och ersätt med text","subtitle":"Redigering ⎯  s","arg":["key code 53//keystroke \"s\"","tag bort tecken och ersätt med text","s"],"icon":{"type":"file","path":"img/editing.png"},"match":"delete character and substitute text Redigering s"},{"title":"Tag bort rad och ersätt med text ","subtitle":"Redigering ⎯  S","arg":["key code 53//keystroke \"S\"","tag bort rad och ersätt med text ","S"],"icon":{"type":"file","path":"img/editing.png"},"match":"delete line and substitute text  Redigering S"},{"title":"Byt ut två tecken ","subtitle":"Redigering ⎯  xp","arg":["key code 53//keystroke \"xp\"","byt ut två tecken ","xp"],"icon":{"type":"file","path":"img/editing.png"},"match":"transpose two letters  Redigering xp"},{"title":"Ångra","subtitle":"Redigering ⎯  u","arg":["key code 53//keystroke \"u\"","ångra","u"],"icon":{"type":"file","path":"img/editing.png"},"match":"undo Redigering u"},{"title":"Restore  last changed line","subtitle":"Redigering ⎯  U","arg":["key code 53//keystroke \"U\"","restore  last changed line","U"],"icon":{"type":"file","path":"img/editing.png"},"match":"restore  last changed line Redigering U"},{"title":"Gör om","subtitle":"Redigering ⎯  Ctrl+r","arg":["key code 53//keystroke \"r\" using control down","gör om","Ctrl+r"],"icon":{"type":"file","path":"img/editing.png"},"match":"redo Redigering Ctrl+r"},{"title":"Upprepa föregående kommando","subtitle":"Redigering ⎯  .","arg":["key code 53//keystroke \".\"","upprepa föregående kommando","."],"icon":{"type":"file","path":"img/editing.png"},"match":"repeat last command Redigering ."},{"title":"Starta visuellt läge, markera rader, utför sedan kommando ","subtitle":"Markera text  ⎯  v","arg":["key code 53//keystroke \"v\"","starta visuellt läge, markera rader, utför sedan kommando ","v"],"icon":{"type":"file","path":"img/markingText.png"},"match":"start visual mode, mark lines, then do a command  Markera text  v"},{"title":"Starta radvist visuellt läge","subtitle":"Markera text  ⎯  V","arg":["key code 53//keystroke \"V\"","starta radvist visuellt läge","V"],"icon":{"type":"file","path":"img/markingText.png"},"match":"start linewise visual mode Markera text  V"},{"title":"Flytta till andra änden av redan markerat område","subtitle":"Markera text  ⎯  o","arg":["key code 53//keystroke \"o\"","flytta till andra änden av redan markerat område","o"],"icon":{"type":"file","path":"img/markingText.png"},"match":"move to other end of marked area Markera text  o"},{"title":"Starta visuellt blockläge","subtitle":"Markera text  ⎯  Ctrl+v","arg":["key code 53//keystroke \"v\" using control down","starta visuellt blockläge","Ctrl+v"],"icon":{"type":"file","path":"img/markingText.png"},"match":"start visual block mode Markera text  Ctrl+v"},{"title":"Flytta till ett annat hörn av redan markerat block","subtitle":"Markera text  ⎯  O","arg":["key code 53//keystroke \"O\"","flytta till ett annat hörn av redan markerat block","O"],"icon":{"type":"file","path":"img/markingText.png"},"match":"move to other corner of block Markera text  O"},{"title":"Markera ett ord","subtitle":"Markera text  ⎯  aw","arg":["key code 53//keystroke \"aw\"","markera ett ord","aw"],"icon":{"type":"file","path":"img/markingText.png"},"match":"mark a word Markera text  aw"},{"title":"Markera ett block med ()","subtitle":"Markera text  ⎯  ab","arg":["key code 53//keystroke \"ab\"","markera ett block med ()","ab"],"icon":{"type":"file","path":"img/markingText.png"},"match":"a block with () Markera text  ab"},{"title":"Markera ett block med {}","subtitle":"Markera text  ⎯  aB","arg":["key code 53//keystroke \"aB\"","markera ett block med {}","aB"],"icon":{"type":"file","path":"img/markingText.png"},"match":"a block with {} Markera text  aB"},{"title":"A block with <> tags","subtitle":"Markera text  ⎯  at","arg":["key code 53//keystroke \"at\"","a block with <> tags","at"],"icon":{"type":"file","path":"img/markingText.png"},"match":"a block with <> tags Markera text  at"},{"title":"Markera inre block med ()","subtitle":"Markera text  ⎯  ib","arg":["key code 53//keystroke \"ib\"","markera inre block med ()","ib"],"icon":{"type":"file","path":"img/markingText.png"},"match":"inner block with () Markera text  ib"},{"title":"Markera inre block med {}","subtitle":"Markera text  ⎯  iB","arg":["key code 53//keystroke \"iB\"","markera inre block med {}","iB"],"icon":{"type":"file","path":"img/markingText.png"},"match":"inner block with {} Markera text  iB"},{"title":"Inner block with <> tags","subtitle":"Markera text  ⎯  it","arg":["key code 53//keystroke \"it\"","inner block with <> tags","it"],"icon":{"type":"file","path":"img/markingText.png"},"match":"inner block with <> tags Markera text  it"},{"title":"Avsluta visuellt läge","subtitle":"Markera text  ⎯  Esc","arg":["key code 53//key code 53","avsluta visuellt läge","Esc"],"icon":{"type":"file","path":"img/markingText.png"},"match":"exit visual mode Markera text  Esc"},{"title":"Flytta texten åt höger","subtitle":"Visuella kommandon (Reference only) ⎯  >","arg":["keystroke \">\"","flytta texten åt höger",">"],"icon":{"type":"file","path":"img/visualCommands.png"},"match":"shift text right Visuella kommandon >"},{"title":"Flytta texten åt vänster","subtitle":"Visuella kommandon (Reference only) ⎯  <","arg":["keystroke \"<\"","flytta texten åt vänster","<"],"icon":{"type":"file","path":"img/visualCommands.png"},"match":"shift text left Visuella kommandon <"},{"title":"Yank  marked text","subtitle":"Visuella kommandon (Reference only) ⎯  y","arg":["keystroke \"y\"","yank  marked text","y"],"icon":{"type":"file","path":"img/visualCommands.png"},"match":"yank  marked text Visuella kommandon y"},{"title":"Tag bort markerad text","subtitle":"Visuella kommandon (Reference only) ⎯  d","arg":["keystroke \"d\"","tag bort markerad text","d"],"icon":{"type":"file","path":"img/visualCommands.png"},"match":"delete marked text Visuella kommandon d"},{"title":"Byt till stora/små bokstäver","subtitle":"Visuella kommandon (Reference only) ⎯  ~","arg":["keystroke \"~\"","byt till stora/små bokstäver","~"],"icon":{"type":"file","path":"img/visualCommands.png"},"match":"switch case Visuella kommandon ~"},{"title":"Change marked text to lowercase","subtitle":"Visuella kommandon (Reference only) ⎯  u","arg":["keystroke \"u\"","change marked text to lowercase","u"],"icon":{"type":"file","path":"img/visualCommands.png"},"match":"change marked text to lowercase Visuella kommandon u"},{"title":"Change marked text to uppercase","subtitle":"Visuella kommandon (Reference only) ⎯  U","arg":["keystroke \"U\"","change marked text to uppercase","U"],"icon":{"type":"file","path":"img/visualCommands.png"},"match":"change marked text to uppercase Visuella kommandon U"},{"title":"Visa alla registers innehåll","subtitle":"Register ⎯  :reg[isters]","arg":["key code 53//keystroke \":reg\" & return","visa alla registers innehåll",":reg[isters]"],"icon":{"type":"file","path":"img/registers.png"},"match":"show registers content Register :reg[isters]"},{"title":"Kopiera till register x","subtitle":"Register ⎯  xy","arg":["key code 53//keystroke \"xy\"","kopiera till register x","xy"],"icon":{"type":"file","path":"img/registers.png"},"match":"yank into register x Register xy"},{"title":"Klistra in innehållet av register x","subtitle":"Register ⎯  xp","arg":["key code 53//keystroke \"xp\"","klistra in innehållet av register x","xp"],"icon":{"type":"file","path":"img/registers.png"},"match":"paste contents of register x Register xp"},{"title":"Yank into the system clipboard register","subtitle":"Register ⎯  +y","arg":["key code 53//keystroke \"+y\"","yank into the system clipboard register","+y"],"icon":{"type":"file","path":"img/registers.png"},"match":"yank into the system clipboard register Register +y"},{"title":"Paste from the system clipboard register","subtitle":"Register ⎯  +p","arg":["key code 53//keystroke \"+p\"","paste from the system clipboard register","+p"],"icon":{"type":"file","path":"img/registers.png"},"match":"paste from the system clipboard register Register +p"},{"title":"Spara nuvarande position i märke a","subtitle":"Märken ⎯  ma","arg":["key code 53//keystroke \"ma\"","spara nuvarande position i märke A","ma"],"icon":{"type":"file","path":"img/marks.png"},"match":"set current position for mark A Märken ma"},{"title":"Hoppa till märke a","subtitle":"Märken ⎯  `a","arg":["key code 53//keystroke \"`a\"","hoppa till märke A","`a"],"icon":{"type":"file","path":"img/marks.png"},"match":"jump to position of mark A Märken `a"},{"title":"Klistra in text vid märke a","subtitle":"Märken ⎯  y`a","arg":["key code 53//keystroke \"y`a\"","klistra in text vid märke A","y`a"],"icon":{"type":"file","path":"img/marks.png"},"match":"yank text to position of mark A Märken y`a"},{"title":"Go to the position where vim was previously exited","subtitle":"Märken ⎯  `0","arg":["key code 53//keystroke \"`0\"","go to the position where Vim was previously exited","`0"],"icon":{"type":"file","path":"img/marks.png"},"match":"go to the position where Vim was previously exited Märken `0"},{"title":"Go to the position when last editing this file","subtitle":"Märken ⎯  `\"","arg":["key code 53//keystroke \"`\\\"\"","go to the position when last editing this file","`\""],"icon":{"type":"file","path":"img/marks.png"},"match":"go to the position when last editing this file Märken `\""},{"title":"Go to the position of the last change in this file","subtitle":"Märken ⎯  `.","arg":["key code 53//keystroke \"`.\"","go to the position of the last change in this file","`."],"icon":{"type":"file","path":"img/marks.png"},"match":"go to the position of the last change in this file Märken `."},{"title":"Go to the position before the last jump","subtitle":"Märken ⎯  ``","arg":["key code 53//keystroke \"``\"","go to the position before the last jump","``"],"icon":{"type":"file","path":"img/marks.png"},"match":"go to the position before the last jump Märken ``"},{"title":"List of jumps","subtitle":"Märken ⎯  :ju[mps]","arg":["key code 53//keystroke \":ju\" & return","list of jumps",":ju[mps]"],"icon":{"type":"file","path":"img/marks.png"},"match":"list of jumps Märken :ju[mps]"},{"title":"Go to newer position in jump list","subtitle":"Märken ⎯  Ctrl+i","arg":["key code 53//keystroke \"i\" using control down","go to newer position in jump list","Ctrl+i"],"icon":{"type":"file","path":"img/marks.png"},"match":"go to newer position in jump list Märken Ctrl+i"},{"title":"Go to older position in jump list","subtitle":"Märken ⎯  Ctrl+o","arg":["key code 53//keystroke \"o\" using control down","go to older position in jump list","Ctrl+o"],"icon":{"type":"file","path":"img/marks.png"},"match":"go to older position in jump list Märken Ctrl+o"},{"title":"List of changes","subtitle":"Märken ⎯  :changes","arg":["key code 53//keystroke \":changes\" & return","list of changes",":changes"],"icon":{"type":"file","path":"img/marks.png"},"match":"list of changes Märken :changes"},{"title":"Go to newer position in change list","subtitle":"Märken ⎯  g,","arg":["key code 53//keystroke \"g,\"","go to newer position in change list","g,"],"icon":{"type":"file","path":"img/marks.png"},"match":"go to newer position in change list Märken g,"},{"title":"Go to older position in change list","subtitle":"Märken ⎯  g;","arg":["key code 53//keystroke \"g;\"","go to older position in change list","g;"],"icon":{"type":"file","path":"img/marks.png"},"match":"go to older position in change list Märken g;"},{"title":"Jump to the tag under cursor","subtitle":"Märken ⎯  Ctrl+]","arg":["key code 53//keystroke \"]\" using control down","jump to the tag under cursor","Ctrl+]"],"icon":{"type":"file","path":"img/marks.png"},"match":"jump to the tag under cursor Märken Ctrl+]"},{"title":"Go to file in cursor","subtitle":"Märken ⎯  gf","arg":["key code 53//keystroke \"gf\"","Go to file in cursor","gf"],"icon":{"type":"file","path":"img/marks.png"},"match":"Go to file in cursor Märken gf"},{"title":"Record macro a","subtitle":"Macros ⎯  qa","arg":["key code 53//keystroke \"qa\"","record macro a","qa"],"icon":{"type":"file","path":"img/macros.png"},"match":"record macro a Macros qa"},{"title":"Stop recording macro","subtitle":"Macros ⎯  q","arg":["key code 53//keystroke \"q\"","stop recording macro","q"],"icon":{"type":"file","path":"img/macros.png"},"match":"stop recording macro Macros q"},{"title":"Run macro a","subtitle":"Macros ⎯  @a","arg":["key code 53//keystroke \"@a\"","run macro a","@a"],"icon":{"type":"file","path":"img/macros.png"},"match":"run macro a Macros @a"},{"title":"Rerun last run macro","subtitle":"Macros ⎯  @@","arg":["key code 53//keystroke \"@@\"","rerun last run macro","@@"],"icon":{"type":"file","path":"img/macros.png"},"match":"rerun last run macro Macros @@"},{"title":"Kopiera en rad","subtitle":"Klipp och klistra ⎯  yy","arg":["key code 53//keystroke \"yy\"","kopiera en rad","yy"],"icon":{"type":"file","path":"img/cutAndPaste.png"},"match":"yank  a line Klipp och klistra yy"},{"title":"Kopiera två rader","subtitle":"Klipp och klistra ⎯  2yy","arg":["key code 53//keystroke \"2yy\"","kopiera två rader","2yy"],"icon":{"type":"file","path":"img/cutAndPaste.png"},"match":"yank  2 lines Klipp och klistra 2yy"},{"title":"Kopiera tecken från nuvarande position till starten av nästa ord","subtitle":"Klipp och klistra ⎯  yw","arg":["key code 53//keystroke \"yw\"","kopiera tecken från nuvarande position till starten av nästa ord","yw"],"icon":{"type":"file","path":"img/cutAndPaste.png"},"match":"yank  the characters of the word from the cursor position to the start of the next word Klipp och klistra yw"},{"title":"Kopiera till slutet av raden","subtitle":"Klipp och klistra ⎯  yiw","arg":["key code 53//keystroke \"yiw\"","kopiera till slutet av raden","yiw"],"icon":{"type":"file","path":"img/cutAndPaste.png"},"match":"yank  word under the cursor Klipp och klistra yiw"},{"title":"Kopiera ordet under markören och mellanslag före eller efter ordet","subtitle":"Klipp och klistra ⎯  yaw","arg":["key code 53//keystroke \"yaw\"","kopiera ordet under markören och mellanslag före eller efter ordet","yaw"],"icon":{"type":"file","path":"img/cutAndPaste.png"},"match":"yank  word under the cursor and the space after or before it Klipp och klistra yaw"},{"title":"Kopiera till slutet av raden","subtitle":"Klipp och klistra ⎯  y$","arg":["key code 53//keystroke \"y$\"","kopiera till slutet av raden","y$"],"icon":{"type":"file","path":"img/cutAndPaste.png"},"match":"yank  to end of line Klipp och klistra y$"},{"title":"Klistra in urklippet efter markören","subtitle":"Klipp och klistra ⎯  p","arg":["key code 53//keystroke \"p\"","klistra in urklippet efter markören","p"],"icon":{"type":"file","path":"img/cutAndPaste.png"},"match":"put  the clipboard after cursor Klipp och klistra p"},{"title":"Klistra in före markören","subtitle":"Klipp och klistra ⎯  P","arg":["key code 53//keystroke \"P\"","klistra in före markören","P"],"icon":{"type":"file","path":"img/cutAndPaste.png"},"match":"put  before cursor Klipp och klistra P"},{"title":"Put  the clipboard after cursor and leave cursor after the new text","subtitle":"Klipp och klistra ⎯  gp","arg":["key code 53//keystroke \"gp\"","put  the clipboard after cursor and leave cursor after the new text","gp"],"icon":{"type":"file","path":"img/cutAndPaste.png"},"match":"put  the clipboard after cursor and leave cursor after the new text Klipp och klistra gp"},{"title":"Put  before cursor and leave cursor after the new text","subtitle":"Klipp och klistra ⎯  gP","arg":["key code 53//keystroke \"gP\"","put  before cursor and leave cursor after the new text","gP"],"icon":{"type":"file","path":"img/cutAndPaste.png"},"match":"put  before cursor and leave cursor after the new text Klipp och klistra gP"},{"title":"Tag bort en rad","subtitle":"Klipp och klistra ⎯  dd","arg":["key code 53//keystroke \"dd\"","tag bort en rad","dd"],"icon":{"type":"file","path":"img/cutAndPaste.png"},"match":"delete  a line Klipp och klistra dd"},{"title":"Tag bort två rader","subtitle":"Klipp och klistra ⎯  2dd","arg":["key code 53//keystroke \"2dd\"","tag bort två rader","2dd"],"icon":{"type":"file","path":"img/cutAndPaste.png"},"match":"delete  2 lines Klipp och klistra 2dd"},{"title":"Tag bort tecken från markören till början av nästa ord","subtitle":"Klipp och klistra ⎯  dw","arg":["key code 53//keystroke \"dw\"","tag bort tecken från markören till början av nästa ord","dw"],"icon":{"type":"file","path":"img/cutAndPaste.png"},"match":"delete  the characters of the word from the cursor position to the start of the next word Klipp och klistra dw"},{"title":"Tag bort ordet under markören","subtitle":"Klipp och klistra ⎯  diw","arg":["key code 53//keystroke \"diw\"","tag bort ordet under markören","diw"],"icon":{"type":"file","path":"img/cutAndPaste.png"},"match":"delete  word under the cursor Klipp och klistra diw"},{"title":"Tag bort ordet under markören och mellanslag före eller efter ordet","subtitle":"Klipp och klistra ⎯  daw","arg":["key code 53//keystroke \"daw\"","tag bort ordet under markören och mellanslag före eller efter ordet","daw"],"icon":{"type":"file","path":"img/cutAndPaste.png"},"match":"delete  word under the cursor and the space after or before it Klipp och klistra daw"},{"title":"Tag bort till slutet av raden","subtitle":"Klipp och klistra ⎯  d$ or D","arg":["key code 53//keystroke \"d$\"","tag bort till slutet av raden","d$ or D"],"icon":{"type":"file","path":"img/cutAndPaste.png"},"match":"delete  to the end of the line Klipp och klistra d$ or D"},{"title":"Tag bort tecken","subtitle":"Klipp och klistra ⎯  x","arg":["key code 53//keystroke \"x\"","tag bort tecken","x"],"icon":{"type":"file","path":"img/cutAndPaste.png"},"match":"delete  character Klipp och klistra x"},{"title":"Indent  line one shiftwidth","subtitle":"Indent text ⎯  >>","arg":["key code 53//keystroke \">>\"","indent  line one shiftwidth",">>"],"icon":{"type":"file","path":"img/indentText.png"},"match":"indent  line one shiftwidth Indent text >>"},{"title":"De-indent  line one shiftwidth","subtitle":"Indent text ⎯  <<","arg":["key code 53//keystroke \"<<\"","de-indent  line one shiftwidth","<<"],"icon":{"type":"file","path":"img/indentText.png"},"match":"de-indent  line one shiftwidth Indent text <<"},{"title":"Indent a block with () or {} ","subtitle":"Indent text ⎯  >%","arg":["key code 53//keystroke \">%\"","indent a block with () or {} ",">%"],"icon":{"type":"file","path":"img/indentText.png"},"match":"indent a block with () or {}  Indent text >%"},{"title":"Indent inner block with ()","subtitle":"Indent text ⎯  >ib","arg":["key code 53//keystroke \">ib\"","indent inner block with ()",">ib"],"icon":{"type":"file","path":"img/indentText.png"},"match":"indent inner block with () Indent text >ib"},{"title":"Indent a block with <> tags","subtitle":"Indent text ⎯  >at","arg":["key code 53//keystroke \">at\"","indent a block with <> tags",">at"],"icon":{"type":"file","path":"img/indentText.png"},"match":"indent a block with <> tags Indent text >at"},{"title":"Re-indent 3 lines","subtitle":"Indent text ⎯  3==","arg":["key code 53//keystroke \"3==\"","re-indent 3 lines","3=="],"icon":{"type":"file","path":"img/indentText.png"},"match":"re-indent 3 lines Indent text 3=="},{"title":"Re-indent a block with () or {} ","subtitle":"Indent text ⎯  =%","arg":["key code 53//keystroke \"=%\"","re-indent a block with () or {} ","=%"],"icon":{"type":"file","path":"img/indentText.png"},"match":"re-indent a block with () or {}  Indent text =%"},{"title":"","subtitle":"Indent text ⎯  =iB","arg":["key code 53//keystroke \"iB\"",null,"=iB"],"icon":{"type":"file","path":"img/indentText.png"},"match":" Indent text =iB"},{"title":"Re-indent entire buffer","subtitle":"Indent text ⎯  gg=G","arg":["key code 53//keystroke \"gg=G\"","re-indent entire buffer","gg=G"],"icon":{"type":"file","path":"img/indentText.png"},"match":"re-indent entire buffer Indent text gg=G"},{"title":"Paste and adjust indent to current line","subtitle":"Indent text ⎯  ]p","arg":["key code 53//keystroke \"]p\"","paste and adjust indent to current line","]p"],"icon":{"type":"file","path":"img/indentText.png"},"match":"paste and adjust indent to current line Indent text ]p"},{"title":"Skriv  filen, men avsluta inte","subtitle":"Avslutning ⎯  :w","arg":["key code 53//keystroke \":w\" & return","skriv  filen, men avsluta inte",":w"],"icon":{"type":"file","path":"img/exiting.png"},"match":"write  the file, but don't exit Avslutning :w"},{"title":"Skriv nuvarande fil med sudo","subtitle":"Avslutning ⎯  :w !sudo tee %","arg":["key code 53//keystroke \":w !sudo tee %\"","skriv nuvarande fil med sudo",":w !sudo tee %"],"icon":{"type":"file","path":"img/exiting.png"},"match":"write out the current file using sudo Avslutning :w !sudo tee %"},{"title":"Skriv  och avsluta","subtitle":"Avslutning ⎯  :wq or :x or ZZ","arg":["key code 53//keystroke \":wq\" & return","skriv  och avsluta",":wq or :x or ZZ"],"icon":{"type":"file","path":"img/exiting.png"},"match":"write  and quit Avslutning :wq or :x or ZZ"},{"title":"Avsluta ","subtitle":"Avslutning ⎯  :q","arg":["key code 53//keystroke \":q\" & return","avsluta ",":q"],"icon":{"type":"file","path":"img/exiting.png"},"match":"quit  Avslutning :q"},{"title":"Avsluta och kassera alla ändringar","subtitle":"Avslutning ⎯  :q! or ZQ","arg":["key code 53//keystroke \":q!\" & return","avsluta och kassera alla ändringar",":q! or ZQ"],"icon":{"type":"file","path":"img/exiting.png"},"match":"quit and throw away unsaved changes Avslutning :q! or ZQ"},{"title":"Skriv  och avsluta i alla tabbar","subtitle":"Avslutning ⎯  :wqa","arg":["key code 53//keystroke \":wqa\" & return","skriv  och avsluta i alla tabbar",":wqa"],"icon":{"type":"file","path":"img/exiting.png"},"match":"write  and quit on all tabs Avslutning :wqa"},{"title":"Sök efter mönster","subtitle":"Sök och ersätt ⎯  /pattern","arg":["key code 53//keystroke \"/pattern\"","sök efter mönster","/pattern"],"icon":{"type":"file","path":"img/searchAndReplace.png"},"match":"search for pattern Sök och ersätt /pattern"},{"title":"Sök baklänges efter mönster","subtitle":"Sök och ersätt ⎯  ?pattern","arg":["key code 53//keystroke \"?pattern\"","sök baklänges efter mönster","?pattern"],"icon":{"type":"file","path":"img/searchAndReplace.png"},"match":"search backward for pattern Sök och ersätt ?pattern"},{"title":"'väldigt magiskt' mönster","subtitle":"Sök och ersätt ⎯  \\vpattern","arg":["key code 53//keystroke \"\\\\vpattern\"","'väldigt magiskt' mönster","\\vpattern"],"icon":{"type":"file","path":"img/searchAndReplace.png"},"match":"'very magic' pattern Sök och ersätt \\vpattern"},{"title":"Upprepa sökning i samma riktning","subtitle":"Sök och ersätt ⎯  n","arg":["key code 53//keystroke \"n\"","upprepa sökning i samma riktning","n"],"icon":{"type":"file","path":"img/searchAndReplace.png"},"match":"repeat search in same direction Sök och ersätt n"},{"title":"Upprepa sökning i motsatt riktning","subtitle":"Sök och ersätt ⎯  N","arg":["key code 53//keystroke \"N\"","upprepa sökning i motsatt riktning","N"],"icon":{"type":"file","path":"img/searchAndReplace.png"},"match":"repeat search in opposite direction Sök och ersätt N"},{"title":"Ersätt alla \"old\" med \"new\" i hela filen","subtitle":"Sök och ersätt ⎯  :%s/old/new/g","arg":["key code 53//keystroke \":%s/old/new/g\"","ersätt alla \"old\" med \"new\" i hela filen",":%s/old/new/g"],"icon":{"type":"file","path":"img/searchAndReplace.png"},"match":"replace all old with new throughout file Sök och ersätt :%s/old/new/g"},{"title":"Ersätt alla \"old\" med \"new\" i hela filen, med konfirmering för varje ord","subtitle":"Sök och ersätt ⎯  :%s/old/new/gc","arg":["key code 53//keystroke \":%s/old/new/gc\"","ersätt alla \"old\" med \"new\" i hela filen, med konfirmering för varje ord",":%s/old/new/gc"],"icon":{"type":"file","path":"img/searchAndReplace.png"},"match":"replace all old with new throughout file with confirmations Sök och ersätt :%s/old/new/gc"},{"title":"Stäng av färgmarkering av sökresultat","subtitle":"Sök och ersätt ⎯  :noh[lsearch]","arg":["key code 53//keystroke \":noh[lsearch]\"","stäng av färgmarkering av sökresultat",":noh[lsearch]"],"icon":{"type":"file","path":"img/searchAndReplace.png"},"match":"remove highlighting of search matches Sök och ersätt :noh[lsearch]"},{"title":"Next whole word under cursor","subtitle":"Sök och ersätt ⎯  *","arg":["key code 53//keystroke \"*\"","Next whole word under cursor","*"],"icon":{"type":"file","path":"img/searchAndReplace.png"},"match":"Next whole word under cursor Sök och ersätt *"},{"title":"Previous whole word under cursor","subtitle":"Sök och ersätt ⎯  #","arg":["key code 53//keystroke \"#\"","Previous whole word under cursor","#"],"icon":{"type":"file","path":"img/searchAndReplace.png"},"match":"Previous whole word under cursor Sök och ersätt #"},{"title":"Search for pattern in multiple files","subtitle":"Sök i flera filer ⎯  :vim[grep] /pattern/ file","arg":["key code 53//keystroke \":vim[grep]\"//key code 49//keystroke \"/pattern/\"//key code 49//keystroke \"file\"","search for pattern in multiple files",":vim[grep] /pattern/ file"],"icon":{"type":"file","path":"img/searchMultipleFiles.png"},"match":"search for pattern in multiple files Sök i flera filer :vim[grep] /pattern/ file"},{"title":"Jump to the next match","subtitle":"Sök i flera filer ⎯  :cn[ext]","arg":["key code 53//keystroke \":cn\" & return","jump to the next match",":cn[ext]"],"icon":{"type":"file","path":"img/searchMultipleFiles.png"},"match":"jump to the next match Sök i flera filer :cn[ext]"},{"title":"Jump to the previous match","subtitle":"Sök i flera filer ⎯  :cp[revious]","arg":["key code 53//keystroke \":cp\" & return","jump to the previous match",":cp[revious]"],"icon":{"type":"file","path":"img/searchMultipleFiles.png"},"match":"jump to the previous match Sök i flera filer :cp[revious]"},{"title":"Open a window containing the list of matches","subtitle":"Sök i flera filer ⎯  :cope[n]","arg":["key code 53//keystroke \":cope\" & return","open a window containing the list of matches",":cope[n]"],"icon":{"type":"file","path":"img/searchMultipleFiles.png"},"match":"open a window containing the list of matches Sök i flera filer :cope[n]"},{"title":"Close the quickfix window","subtitle":"Sök i flera filer ⎯  :ccl[ose]","arg":["key code 53//keystroke \":ccl\" & return","close the quickfix window",":ccl[ose]"],"icon":{"type":"file","path":"img/searchMultipleFiles.png"},"match":"close the quickfix window Sök i flera filer :ccl[ose]"},{"title":"","subtitle":"Sök i flera filer ⎯  colonWa","arg":["key code 53//keystroke \":wa\" & return",null,"colonWa"],"icon":{"type":"file","path":"img/searchMultipleFiles.png"},"match":" Sök i flera filer colonWa"},{"title":"Close the quickfix window","subtitle":"Sök i flera filer ⎯  :ccl[ose]","arg":["key code 53//keystroke \":ccl\" & return","close the quickfix window",":ccl[ose]"],"icon":{"type":"file","path":"img/searchMultipleFiles.png"},"match":"close the quickfix window Sök i flera filer :ccl[ose]"},{"title":"Öppna en fil i en ny tabb","subtitle":"Tabbar ⎯  :tabnew or :tabnew file","arg":["key code 53//keystroke \":tabnew\"//key code 49//keystroke \"file\" & return","öppna en fil i en ny tabb",":tabnew or :tabnew file"],"icon":{"type":"file","path":"img/tabs.png"},"match":"open a file in a new tab Tabbar :tabnew or :tabnew file"},{"title":"Flytta nuvarande fönster till en egen tabb","subtitle":"Tabbar ⎯  Ctrl+wT","arg":["key code 53//keystroke \"w\" using control down//keystroke \"T\"","flytta nuvarande fönster till en egen tabb","Ctrl+wT"],"icon":{"type":"file","path":"img/tabs.png"},"match":"move the current split window into its own tab Tabbar Ctrl+wT"},{"title":"Flytta till nästa tabb","subtitle":"Tabbar ⎯  gt or :tabn[ext]","arg":["key code 53//keystroke \"gt\"","flytta till nästa tabb","gt or :tabn[ext]"],"icon":{"type":"file","path":"img/tabs.png"},"match":"move to the next tab Tabbar gt or :tabn[ext]"},{"title":"Flytta till föregåendetabb","subtitle":"Tabbar ⎯  gT or :tabp[revious]","arg":["key code 53//keystroke \"gT\"","flytta till föregåendetabb","gT or :tabp[revious]"],"icon":{"type":"file","path":"img/tabs.png"},"match":"move to the previous tab Tabbar gT or :tabp[revious]"},{"title":"Flytta till tabb nummer #","subtitle":"Tabbar ⎯  #gt","arg":["key code 53//keystroke \"#gt\"","flytta till tabb nummer #","#gt"],"icon":{"type":"file","path":"img/tabs.png"},"match":"move to tab number # Tabbar #gt"},{"title":"Flytta nuvarande tabb till den #e positionen ","subtitle":"Tabbar ⎯  :tabm[ove]","arg":["key code 53//keystroke \":tabm\" & return","flytta nuvarande tabb till den #e positionen ",":tabm[ove]"],"icon":{"type":"file","path":"img/tabs.png"},"match":"move current tab to the #th position  Tabbar :tabm[ove]"},{"title":"Stäng nuvarande tabb och alla dess fönster","subtitle":"Tabbar ⎯  :tabc[lose]","arg":["key code 53//keystroke \":tabc\" & return","stäng nuvarande tabb och alla dess fönster",":tabc[lose]"],"icon":{"type":"file","path":"img/tabs.png"},"match":"close the current tab and all its windows Tabbar :tabc[lose]"},{"title":"Stäng alla tabbar förutom nuvarande","subtitle":"Tabbar ⎯  :tabo[nly]","arg":["key code 53//keystroke \":tabo\" & return","stäng alla tabbar förutom nuvarande",":tabo[nly]"],"icon":{"type":"file","path":"img/tabs.png"},"match":"close all tabs except for the current one Tabbar :tabo[nly]"},{"title":"Kör kommando på alla tabbar ","subtitle":"Tabbar ⎯  :tabdo command","arg":["key code 53//keystroke \":tabdo\"//key code 49//keystroke \"command\"","kör kommando på alla tabbar ",":tabdo command"],"icon":{"type":"file","path":"img/tabs.png"},"match":"run the command on all tabs  Tabbar :tabdo command"},{"title":"Öppna en fil i en ny buffer","subtitle":"Working with multiple files ⎯  :e[dit] file","arg":["key code 53//keystroke \":e\"//key code 49//keystroke \"file\"","öppna en fil i en ny buffer",":e[dit] file"],"icon":{"type":"file","path":"img/workingWithMultipleFiles.png"},"match":"edit a file in a new buffer Working with multiple files :e[dit] file"},{"title":"Gå till nästa buffer","subtitle":"Working with multiple files ⎯  :bn[ext]","arg":["key code 53//keystroke \":bn\" & return","gå till nästa buffer",":bn[ext]"],"icon":{"type":"file","path":"img/workingWithMultipleFiles.png"},"match":"go to the next buffer Working with multiple files :bn[ext]"},{"title":"Gå till föregående buffer","subtitle":"Working with multiple files ⎯  :bp[revious]","arg":["key code 53//keystroke \":bp\" & return","gå till föregående buffer",":bp[revious]"],"icon":{"type":"file","path":"img/workingWithMultipleFiles.png"},"match":"go to the previous buffer Working with multiple files :bp[revious]"},{"title":"Tag bort buffer ","subtitle":"Working with multiple files ⎯  :bd[elete]","arg":["key code 53//keystroke \":bd\" & return","tag bort buffer ",":bd[elete]"],"icon":{"type":"file","path":"img/workingWithMultipleFiles.png"},"match":"delete a buffer  Working with multiple files :bd[elete]"},{"title":"Go to a buffer by #","subtitle":"Working with multiple files ⎯  :b[uffer]#","arg":["key code 53//keystroke \":b#\"","go to a buffer by #",":b[uffer]#"],"icon":{"type":"file","path":"img/workingWithMultipleFiles.png"},"match":"go to a buffer by index # Working with multiple files :b[uffer]#"},{"title":"Go to a buffer by file","subtitle":"Working with multiple files ⎯  :b[uffer] file","arg":["key code 53//keystroke \":b\"//key code 49//keystroke \"file\"","go to a buffer by file",":b[uffer] file"],"icon":{"type":"file","path":"img/workingWithMultipleFiles.png"},"match":"go to a buffer by file Working with multiple files :b[uffer] file"},{"title":"Visa lista över alla öppna buffrar","subtitle":"Working with multiple files ⎯  :ls or :buffers","arg":["key code 53//keystroke \":ls\" & return","visa lista över alla öppna buffrar",":ls or :buffers"],"icon":{"type":"file","path":"img/workingWithMultipleFiles.png"},"match":"list all open buffers Working with multiple files :ls or :buffers"},{"title":"Öppna en fil i en ny buffer och dela fönstret horisontellt","subtitle":"Working with multiple files ⎯  :sp[lit] file","arg":["key code 53//keystroke \":sp\"//key code 49//keystroke \"file\"","öppna en fil i en ny buffer och dela fönstret horisontellt",":sp[lit] file"],"icon":{"type":"file","path":"img/workingWithMultipleFiles.png"},"match":"open a file in a new buffer and split window Working with multiple files :sp[lit] file"},{"title":"Öppna en fil i en ny buffer och dela fönstret vertikalt","subtitle":"Working with multiple files ⎯  :vs[plit] file","arg":["key code 53//keystroke \":vs\"//key code 49//keystroke \"file\"","öppna en fil i en ny buffer och dela fönstret vertikalt",":vs[plit] file"],"icon":{"type":"file","path":"img/workingWithMultipleFiles.png"},"match":"open a file in a new buffer and vertically split window Working with multiple files :vs[plit] file"},{"title":"Edit all buffers as vertical windows","subtitle":"Working with multiple files ⎯  :vert[ical] ba[ll]","arg":["key code 53//keystroke \":vert\"//key code 49//keystroke \"ba\" & return","edit all buffers as vertical windows",":vert[ical] ba[ll]"],"icon":{"type":"file","path":"img/workingWithMultipleFiles.png"},"match":"edit all buffers as vertical windows Working with multiple files :vert[ical] ba[ll]"},{"title":"Edit all buffers as tabs","subtitle":"Working with multiple files ⎯  :tab ba[ll]","arg":["key code 53//keystroke \":tab\"//key code 49//keystroke \"ba\" & return","edit all buffers as tabs",":tab ba[ll]"],"icon":{"type":"file","path":"img/workingWithMultipleFiles.png"},"match":"edit all buffers as tabs Working with multiple files :tab ba[ll]"},{"title":"Splitta fönster","subtitle":"Working with multiple files ⎯  Ctrl+w s","arg":["key code 53//keystroke \"w\" using control down//keystroke \"s\"","splitta fönster","Ctrl+w s"],"icon":{"type":"file","path":"img/workingWithMultipleFiles.png"},"match":"split window Working with multiple files Ctrl+w s"},{"title":"Dela ett fönster vertikalt","subtitle":"Working with multiple files ⎯  Ctrl+w v","arg":["key code 53//keystroke \"w\" using control down//keystroke \"v\"","dela ett fönster vertikalt","Ctrl+w v"],"icon":{"type":"file","path":"img/workingWithMultipleFiles.png"},"match":"split window vertically Working with multiple files Ctrl+w v"},{"title":"Byt fönster","subtitle":"Working with multiple files ⎯  Ctrl+w w","arg":["key code 53//keystroke \"w\" using control down//keystroke \"w\"","byt fönster","Ctrl+w w"],"icon":{"type":"file","path":"img/workingWithMultipleFiles.png"},"match":"switch windows Working with multiple files Ctrl+w w"},{"title":"Stäng ett fönster","subtitle":"Working with multiple files ⎯  Ctrl+w q","arg":["key code 53//keystroke \"w\" using control down//keystroke \"q\"","stäng ett fönster","Ctrl+w q"],"icon":{"type":"file","path":"img/workingWithMultipleFiles.png"},"match":"quit a window Working with multiple files Ctrl+w q"},{"title":"Exchange current window with next one","subtitle":"Working with multiple files ⎯  Ctrl+w x","arg":["key code 53//keystroke \"w\" using control down//keystroke \"x\"","exchange current window with next one","Ctrl+w x"],"icon":{"type":"file","path":"img/workingWithMultipleFiles.png"},"match":"exchange current window with next one Working with multiple files Ctrl+w x"},{"title":"Make all windows equal height & width","subtitle":"Working with multiple files ⎯  Ctrl+w =","arg":["key code 53//keystroke \"w\" using control down//keystroke \"=\"","make all windows equal height & width","Ctrl+w ="],"icon":{"type":"file","path":"img/workingWithMultipleFiles.png"},"match":"make all windows equal height & width Working with multiple files Ctrl+w ="},{"title":"Flytta till fönstret åt vänster ","subtitle":"Working with multiple files ⎯  Ctrl+w h","arg":["key code 53//keystroke \"w\" using control down//keystroke \"h\"","flytta till fönstret åt vänster ","Ctrl+w h"],"icon":{"type":"file","path":"img/workingWithMultipleFiles.png"},"match":"move cursor to the left window  Working with multiple files Ctrl+w h"},{"title":"Flytta till fönstret åt höger ","subtitle":"Working with multiple files ⎯  Ctrl+w l","arg":["key code 53//keystroke \"w\" using control down//keystroke \"l\"","flytta till fönstret åt höger ","Ctrl+w l"],"icon":{"type":"file","path":"img/workingWithMultipleFiles.png"},"match":"move cursor to the right window  Working with multiple files Ctrl+w l"},{"title":"Flytta till fönstret nedanför ","subtitle":"Working with multiple files ⎯  Ctrl+w j","arg":["key code 53//keystroke \"w\" using control down//keystroke \"j\"","flytta till fönstret nedanför ","Ctrl+w j"],"icon":{"type":"file","path":"img/workingWithMultipleFiles.png"},"match":"move cursor to the window below  Working with multiple files Ctrl+w j"},{"title":"Flytta till fönstret ovanför ","subtitle":"Working with multiple files ⎯  Ctrl+w k","arg":["key code 53//keystroke \"w\" using control down//keystroke \"k\"","flytta till fönstret ovanför ","Ctrl+w k"],"icon":{"type":"file","path":"img/workingWithMultipleFiles.png"},"match":"move cursor to the window above  Working with multiple files Ctrl+w k"},{"title":"Make current window full height at far left ","subtitle":"Working with multiple files ⎯  Ctrl+w H","arg":["key code 53//keystroke \"w\" using control down//keystroke \"H\"","make current window full height at far left ","Ctrl+w H"],"icon":{"type":"file","path":"img/workingWithMultipleFiles.png"},"match":"make current window full height at far left  Working with multiple files Ctrl+w H"},{"title":"Make current window full height at far right ","subtitle":"Working with multiple files ⎯  Ctrl+w L","arg":["key code 53//keystroke \"w\" using control down//keystroke \"L\"","make current window full height at far right ","Ctrl+w L"],"icon":{"type":"file","path":"img/workingWithMultipleFiles.png"},"match":"make current window full height at far right  Working with multiple files Ctrl+w L"},{"title":"Make current window full width at the very bottom ","subtitle":"Working with multiple files ⎯  Ctrl+w J","arg":["key code 53//keystroke \"w\" using control down//keystroke \"J\"","make current window full width at the very bottom ","Ctrl+w J"],"icon":{"type":"file","path":"img/workingWithMultipleFiles.png"},"match":"make current window full width at the very bottom  Working with multiple files Ctrl+w J"},{"title":"Make current window full width at the very top ","subtitle":"Working with multiple files ⎯  Ctrl+w K","arg":["key code 53//keystroke \"w\" using control down//keystroke \"K\"","make current window full width at the very top ","Ctrl+w K"],"icon":{"type":"file","path":"img/workingWithMultipleFiles.png"},"match":"make current window full width at the very top  Working with multiple files Ctrl+w K"},{"title":"Manually define a fold up to motion","subtitle":"Diff ⎯  zf","arg":["key code 53//keystroke \"zf\"","manually define a fold up to motion","zf"],"icon":{"type":"file","path":"img/diff.png"},"match":"manually define a fold up to motion Diff zf"},{"title":"Delete fold under the cursor","subtitle":"Diff ⎯  zd","arg":["key code 53//keystroke \"zd\"","delete fold under the cursor","zd"],"icon":{"type":"file","path":"img/diff.png"},"match":"delete fold under the cursor Diff zd"},{"title":"Toggle fold under the cursor","subtitle":"Diff ⎯  za","arg":["key code 53//keystroke \"za\"","toggle fold under the cursor","za"],"icon":{"type":"file","path":"img/diff.png"},"match":"toggle fold under the cursor Diff za"},{"title":"Open fold under the cursor","subtitle":"Diff ⎯  zo","arg":["key code 53//keystroke \"zo\"","open fold under the cursor","zo"],"icon":{"type":"file","path":"img/diff.png"},"match":"open fold under the cursor Diff zo"},{"title":"Close fold under the cursor","subtitle":"Diff ⎯  zc","arg":["key code 53//keystroke \"zc\"","close fold under the cursor","zc"],"icon":{"type":"file","path":"img/diff.png"},"match":"close fold under the cursor Diff zc"},{"title":"Reduce  all folds by one level","subtitle":"Diff ⎯  zr","arg":["key code 53//keystroke \"zr\"","reduce  all folds by one level","zr"],"icon":{"type":"file","path":"img/diff.png"},"match":"reduce  all folds by one level Diff zr"},{"title":"Fold more  all folds by one level","subtitle":"Diff ⎯  zm","arg":["key code 53//keystroke \"zm\"","fold more  all folds by one level","zm"],"icon":{"type":"file","path":"img/diff.png"},"match":"fold more  all folds by one level Diff zm"},{"title":"Toggle folding functionality","subtitle":"Diff ⎯  zi","arg":["key code 53//keystroke \"zi\"","toggle folding functionality","zi"],"icon":{"type":"file","path":"img/diff.png"},"match":"toggle folding functionality Diff zi"},{"title":"Jump to start of next change","subtitle":"Diff ⎯  ]c","arg":["key code 53//keystroke \"]c\"","jump to start of next change","]c"],"icon":{"type":"file","path":"img/diff.png"},"match":"jump to start of next change Diff ]c"},{"title":"Jump to start of previous change","subtitle":"Diff ⎯  [c","arg":["key code 53//keystroke \"[c\"","jump to start of previous change","[c"],"icon":{"type":"file","path":"img/diff.png"},"match":"jump to start of previous change Diff [c"},{"title":"Obtain  difference ","subtitle":"Diff ⎯  do or :diffg[et]","arg":["key code 53//keystroke \"do\"","obtain  difference ","do or :diffg[et]"],"icon":{"type":"file","path":"img/diff.png"},"match":"obtain  difference  Diff do or :diffg[et]"},{"title":"Put difference ","subtitle":"Diff ⎯  dp or :diffpu[t]","arg":["key code 53//keystroke \"dp\"","put difference ","dp or :diffpu[t]"],"icon":{"type":"file","path":"img/diff.png"},"match":"put difference  Diff dp or :diffpu[t]"},{"title":"Make current window part of diff","subtitle":"Diff ⎯  :diffthis","arg":["key code 53//keystroke \":diffthis\" & return","make current window part of diff",":diffthis"],"icon":{"type":"file","path":"img/diff.png"},"match":"make current window part of diff Diff :diffthis"},{"title":"Update differences","subtitle":"Diff ⎯  :dif[fupdate]","arg":["key code 53//keystroke \":dif\" & return","update differences",":dif[fupdate]"],"icon":{"type":"file","path":"img/diff.png"},"match":"update differences Diff :dif[fupdate]"},{"title":"Switch off diff mode for current window","subtitle":"Diff ⎯  :diffo[ff]","arg":["key code 53//keystroke \":diffo\" & return","switch off diff mode for current window",":diffo[ff]"],"icon":{"type":"file","path":"img/diff.png"},"match":"switch off diff mode for current window Diff :diffo[ff]"},{"title":"Turn on us english spell checking","subtitle":"Spell checking ⎯  :set spell spelllang=en_us","arg":["key code 53//keystroke \":set\"//key code 49//keystroke \"spell\"//key code 49//keystroke \"spelllang=en_us\" & return","Turn on US English spell checking",":set spell spelllang=en_us"],"icon":{"type":"file","path":"img/spell.png"},"match":"Turn on US English spell checking Spell checking :set spell spelllang=en_us"},{"title":"Turn off spell checking","subtitle":"Spell checking ⎯  :set nospell","arg":["key code 53//keystroke \":set\"//key code 49//keystroke \"nospell\" & return","Turn off spell checking",":set nospell"],"icon":{"type":"file","path":"img/spell.png"},"match":"Turn off spell checking Spell checking :set nospell"},{"title":"Move to next misspelled word after the cursor","subtitle":"Spell checking ⎯  ]s","arg":["key code 53//keystroke \"]s\"","Move to next misspelled word after the cursor","]s"],"icon":{"type":"file","path":"img/spell.png"},"match":"Move to next misspelled word after the cursor Spell checking ]s"},{"title":"Move to previous misspelled word before the cursor","subtitle":"Spell checking ⎯  [s","arg":["key code 53//keystroke \"[s\"","Move to previous misspelled word before the cursor","[s"],"icon":{"type":"file","path":"img/spell.png"},"match":"Move to previous misspelled word before the cursor Spell checking [s"},{"title":"Suggest spellings for the word under/after the cursor","subtitle":"Spell checking ⎯  z=","arg":["key code 53//keystroke \"z=\"","Suggest spellings for the word under/after the cursor","z="],"icon":{"type":"file","path":"img/spell.png"},"match":"Suggest spellings for the word under/after the cursor Spell checking z="},{"title":"Add word to spell list","subtitle":"Spell checking ⎯  zg","arg":["key code 53//keystroke \"zg\"","Add word to spell list","zg"],"icon":{"type":"file","path":"img/spell.png"},"match":"Add word to spell list Spell checking zg"},{"title":"Mark word as bad/mispelling","subtitle":"Spell checking ⎯  zw","arg":["key code 53//keystroke \"zw\"","Mark word as bad/mispelling","zw"],"icon":{"type":"file","path":"img/spell.png"},"match":"Mark word as bad/mispelling Spell checking zw"},{"title":"Suggest words for bad word under cursor from spell file","subtitle":"Spell checking ⎯  zu","arg":["key code 53//keystroke \"zu\"","Suggest words for bad word under cursor from spell file","zu"],"icon":{"type":"file","path":"img/spell.png"},"match":"Suggest words for bad word under cursor from spell file Spell checking zu"},{"title":"Increment number","subtitle":"Miscellaneous ⎯  Ctrl+a","arg":["key code 53//keystroke \"a\" using control down","Increment number","Ctrl+a"],"icon":{"type":"file","path":"img/misc.png"},"match":"Increment number Miscellaneous Ctrl+a"},{"title":"Decrement number","subtitle":"Miscellaneous ⎯  Ctrl+x","arg":["key code 53//keystroke \"x\" using control down","Decrement number","Ctrl+x"],"icon":{"type":"file","path":"img/misc.png"},"match":"Decrement number Miscellaneous Ctrl+x"},{"title":"Re-select last selected block of text","subtitle":"Miscellaneous ⎯  gv","arg":["key code 53//keystroke \"gv\"","Re-select last selected block of text","gv"],"icon":{"type":"file","path":"img/misc.png"},"match":"Re-select last selected block of text Miscellaneous gv"},{"title":"Insert the result of an expression at the cursor","subtitle":"Miscellaneous ⎯  Ctrl+r =","arg":["key code 53//keystroke \"r\" using control down//keystroke \"=\"","Insert the result of an expression at the cursor","Ctrl+r ="],"icon":{"type":"file","path":"img/misc.png"},"match":"Insert the result of an expression at the cursor Miscellaneous Ctrl+r ="},{"title":"Change file encoding to utf-8","subtitle":"Miscellaneous ⎯  set fenc=UTF-8","arg":["key code 53//keystroke \"set\"//key code 49//keystroke \"fenc=UTF-8\"","Change file encoding to UTF-8","set fenc=UTF-8"],"icon":{"type":"file","path":"img/misc.png"},"match":"Change file encoding to UTF-8 Miscellaneous set fenc=UTF-8"},{"title":"Escape next character","subtitle":"Regex ⎯  \\","arg":["keystroke \"\\\\\"","Escape next character","\\"],"icon":{"type":"file","path":"img/regex.png"},"match":"Escape next character Regex \\"},{"title":"Start-of­-line","subtitle":"Regex ⎯  ^","arg":["keystroke \"^\"","Start-of­-line","^"],"icon":{"type":"file","path":"img/regex.png"},"match":"Start-of­-line Regex ^"},{"title":"End-of-­line","subtitle":"Regex ⎯  $","arg":["keystroke \"$\"","End-of-­line","$"],"icon":{"type":"file","path":"img/regex.png"},"match":"End-of-­line Regex $"},{"title":"Any char","subtitle":"Regex ⎯  .","arg":["keystroke \".\"","Any char","."],"icon":{"type":"file","path":"img/regex.png"},"match":"Any char Regex ."},{"title":"0 or more quantifier","subtitle":"Regex ⎯  *","arg":["keystroke \"*\"","0 or more quantifier","*"],"icon":{"type":"file","path":"img/regex.png"},"match":"0 or more quantifier Regex *"},{"title":"Match last given substitute string","subtitle":"Regex ⎯  ~","arg":["keystroke \"\"~","Match last given substitute string","~"],"icon":{"type":"file","path":"img/regex.png"},"match":"Match last given substitute string Regex ~"},{"title":"Match range","subtitle":"Regex ⎯  [...]","arg":["keystroke \"[...]\"","Match range","[...]"],"icon":{"type":"file","path":"img/regex.png"},"match":"Match range Regex [...]"},{"title":"Not range","subtitle":"Regex ⎯  [^...]","arg":["keystroke \"[^...]\"","Not range","[^...]"],"icon":{"type":"file","path":"img/regex.png"},"match":"Not range Regex [^...]"},{"title":"In replacement: insert <pattern>","subtitle":"Regex ⎯  &","arg":["keystroke \"&\"","In replacement: insert <pattern>","&"],"icon":{"type":"file","path":"img/regex.png"},"match":"In replacement: insert <pattern> Regex &"},{"title":"Beginning of a word","subtitle":"Regex ⎯  \\<","arg":["keystroke \"\\\\<\"","Beginning of a word","\\<"],"icon":{"type":"file","path":"img/regex.png"},"match":"Beginning of a word Regex \\<"},{"title":"End of word","subtitle":"Regex ⎯  \\>","arg":["keystroke \"\\\\>\"","End of word","\\>"],"icon":{"type":"file","path":"img/regex.png"},"match":"End of word Regex \\>"},{"title":"Group","subtitle":"Regex ⎯  \\(...\\)","arg":["keystroke \"\\\\(...\\\\)\"","Group","\\(...\\)"],"icon":{"type":"file","path":"img/regex.png"},"match":"Group Regex \\(...\\)"},{"title":"Separate alternative","subtitle":"Regex ⎯  \\|","arg":["keystroke \"\\\\|\"","Separate alternative","\\|"],"icon":{"type":"file","path":"img/regex.png"},"match":"Separate alternative Regex \\|"},{"title":"Any single char or end-of­line","subtitle":"Regex ⎯  \\_.","arg":["keystroke \"\\\\_.\"","Any single char or end-of­line","\\_."],"icon":{"type":"file","path":"img/regex.png"},"match":"Any single char or end-of­line Regex \\_."},{"title":"1 or more quantifier","subtitle":"Regex ⎯  \\+","arg":["keystroke \"\\\\+\"","1 or more quantifier","\\+"],"icon":{"type":"file","path":"img/regex.png"},"match":"1 or more quantifier Regex \\+"},{"title":"0 or 1 quantifier","subtitle":"Regex ⎯  \\=","arg":["keystroke \"\\\\=\"","0 or 1 quantifier","\\="],"icon":{"type":"file","path":"img/regex.png"},"match":"0 or 1 quantifier Regex \\="},{"title":"0 or 1 quantifier","subtitle":"Regex ⎯  \\?","arg":["keystroke \"\\\\?\"","0 or 1 quantifier","\\?"],"icon":{"type":"file","path":"img/regex.png"},"match":"0 or 1 quantifier Regex \\?"},{"title":"N to m quantifier","subtitle":"Regex ⎯  \\{n,m}","arg":["keystroke \"\\\\{n,m}\"","n to m quantifier","\\{n,m}"],"icon":{"type":"file","path":"img/regex.png"},"match":"n to m quantifier Regex \\{n,m}"},{"title":"N quantifier","subtitle":"Regex ⎯  \\{n}","arg":["keystroke \"\\\\{n}\"","n quantifier","\\{n}"],"icon":{"type":"file","path":"img/regex.png"},"match":"n quantifier Regex \\{n}"},{"title":"At least n quantifier","subtitle":"Regex ⎯  \\{n,}","arg":["keystroke \"\"\\\\{n,}","at least n quantifier","\\{n,}"],"icon":{"type":"file","path":"img/regex.png"},"match":"at least n quantifier Regex \\{n,}"},{"title":"0 to m quantifier","subtitle":"Regex ⎯  \\{,m}","arg":["keystroke \"\\\\{,}\"","0 to m quantifier","\\{,m}"],"icon":{"type":"file","path":"img/regex.png"},"match":"0 to m quantifier Regex \\{,m}"},{"title":"Delete all lines matching pattern","subtitle":"Regex ⎯  :%g/<pa­tte­rn>/d","arg":["key code 53//keystroke \":%g/<pa­tte­r/d\"","delete all lines matching pattern",":%g/<pa­tte­rn>/d"],"icon":{"type":"file","path":"img/regex.png"},"match":"delete all lines matching pattern Regex :%g/<pa­tte­rn>/d"},{"title":"Delete all lines not matching <pattern>","subtitle":"Regex ⎯  :%v/<pa­tte­rn>/d","arg":["key code 53//keystroke \":%v/<pa­tte­r/d\"","delete all lines NOT matching <pattern>",":%v/<pa­tte­rn>/d"],"icon":{"type":"file","path":"img/regex.png"},"match":"delete all lines NOT matching <pattern> Regex :%v/<pa­tte­rn>/d"},{"title":"Delete empty lines","subtitle":"Regex ⎯  :%s/^.*$\\n//","arg":["key code 53//keystroke \":%s/^.*$\\\\n//\"","delete empty lines",":%s/^.*$\\n//"],"icon":{"type":"file","path":"img/regex.png"},"match":"delete empty lines Regex :%s/^.*$\\n//"},{"title":"Replace <pattern> by 'new <pattern>'","subtitle":"Regex ⎯  :s/<pattern>/new &/","arg":["key code 53//keystroke \":%s/<pattern>/new &/\"","Replace <pattern> by 'new <pattern>'",":s/<pattern>/new &/"],"icon":{"type":"file","path":"img/regex.png"},"match":"Replace <pattern> by 'new <pattern>' Regex :s/<pattern>/new &/"},{"title":"Replace <pattern> by content of register","subtitle":"Regex ⎯  :s/<pattern>/\\=@a/","arg":["key code 53//keystroke \":%s/<pattern>/\\\\=@a/\"","Replace <pattern> by content of register",":s/<pattern>/\\=@a/"],"icon":{"type":"file","path":"img/regex.png"},"match":"Replace <pattern> by content of register Regex :s/<pattern>/\\=@a/"},{"title":"Count number of occurrence of <pattern>","subtitle":"Regex ⎯  :s/<pattern>//gn","arg":["key code 53//keystroke \":%s/<pattern>//gn\"","Count number of occurrence of <pattern>",":s/<pattern>//gn"],"icon":{"type":"file","path":"img/regex.png"},"match":"Count number of occurrence of <pattern> Regex :s/<pattern>//gn"},{"title":"Match start","subtitle":"Regex ⎯  \\zs","arg":["keystroke \"\\\\zs\"","Match start","\\zs"],"icon":{"type":"file","path":"img/regex.png"},"match":"Match start Regex \\zs"},{"title":"Match end","subtitle":"Regex ⎯  \\ze","arg":["keystroke \"\\\\ze\"","Match end","\\ze"],"icon":{"type":"file","path":"img/regex.png"},"match":"Match end Regex \\ze"},{"title":"Positive look behind to find <pattern>","subtitle":"Regex ⎯  <atom>\\@<=<pattern>","arg":["keystroke \"<atom>\\\\@<=<pattern>\"","Positive look behind to find <pattern>","<atom>\\@<=<pattern>"],"icon":{"type":"file","path":"img/regex.png"},"match":"Positive look behind to find <pattern> Regex <atom>\\@<=<pattern>"},{"title":"Positive look ahead to find <pattern>","subtitle":"Regex ⎯  <pattern><atom>\\@=","arg":["keystroke \"<pattern><atom>\\\\@=\"","Positive look ahead to find <pattern>","<pattern><atom>\\@="],"icon":{"type":"file","path":"img/regex.png"},"match":"Positive look ahead to find <pattern> Regex <pattern><atom>\\@="},{"title":"Negative look behind to find <pattern>","subtitle":"Regex ⎯  <atom>\\@<!<pattern>","arg":["keystroke \"<atom>\\\\@<!<pattern>\"","Negative look behind to find <pattern>","<atom>\\@<!<pattern>"],"icon":{"type":"file","path":"img/regex.png"},"match":"Negative look behind to find <pattern> Regex <atom>\\@<!<pattern>"},{"title":"Negative look ahead to find <pattern>","subtitle":"Regex ⎯  <pattern><atom>\\@!","arg":["keystroke \"<pattern><atom>\\\\@!\"","Negative look ahead to find <pattern>","<pattern><atom>\\@!"],"icon":{"type":"file","path":"img/regex.png"},"match":"Negative look ahead to find <pattern> Regex <pattern><atom>\\@!"},{"title":"Non-greedy 0 or more quantifier","subtitle":"Regex ⎯  \\{-}","arg":["keystroke \"\\\\{-}\"","Non-greedy 0 or more quantifier","\\{-}"],"icon":{"type":"file","path":"img/regex.png"},"match":"Non-greedy 0 or more quantifier Regex \\{-}"}]}