{"items":[{"title":"Kelime için yardımı aç","subtitle":"Genel ⎯  :h[elp] keyword","arg":["key code 53//keystroke \":h\"//key code 49//keystroke \"keyword\"","kelime için yardımı aç",":h[elp] keyword"],"icon":{"type":"file","path":"img/global.png"},"match":"open help for keyword Genel :h[elp] keyword"},{"title":"Dosyayı farklı kaydet","subtitle":"Genel ⎯  :sav[eas] file","arg":["key code 53//keystroke \":sav\"//key code 49//keystroke \"file\"","dosyayı farklı kaydet",":sav[eas] file"],"icon":{"type":"file","path":"img/global.png"},"match":"save file as Genel :sav[eas] file"},{"title":"Bölümü kapat ","subtitle":"Genel ⎯  :clo[se]","arg":["key code 53//keystroke \":clo\" & return","bölümü kapat ",":clo[se]"],"icon":{"type":"file","path":"img/global.png"},"match":"close current pane Genel :clo[se]"},{"title":"Open a terminal window","subtitle":"Genel ⎯  :ter[minal]","arg":["key code 53//keystroke \":ter\" & return","open a terminal window",":ter[minal]"],"icon":{"type":"file","path":"img/global.png"},"match":"open a terminal window Genel :ter[minal]"},{"title":"Imleç altındaki kelime için kılavuzu aç","subtitle":"Genel ⎯  K","arg":["key code 53//keystroke \"K\"","imleç altındaki kelime için kılavuzu aç","K"],"icon":{"type":"file","path":"img/global.png"},"match":"open man page for word under the cursor Genel K"},{"title":"Imleci sola kaydır","subtitle":"İmleç hareketleri ⎯  h","arg":["key code 53//keystroke \"h\"","imleci sola kaydır","h"],"icon":{"type":"file","path":"img/cursorMovement.png"},"match":"move cursor left İmleç hareketleri h"},{"title":"Imleci aşağı kaydır","subtitle":"İmleç hareketleri ⎯  j","arg":["key code 53//keystroke \"j\"","imleci aşağı kaydır","j"],"icon":{"type":"file","path":"img/cursorMovement.png"},"match":"move cursor down İmleç hareketleri j"},{"title":"Imleci yukarı kaydır","subtitle":"İmleç hareketleri ⎯  k","arg":["key code 53//keystroke \"k\"","imleci yukarı kaydır","k"],"icon":{"type":"file","path":"img/cursorMovement.png"},"match":"move cursor up İmleç hareketleri k"},{"title":"Imleci sağa kaydır","subtitle":"İmleç hareketleri ⎯  l","arg":["key code 53//keystroke \"l\"","imleci sağa kaydır","l"],"icon":{"type":"file","path":"img/cursorMovement.png"},"match":"move cursor right İmleç hareketleri l"},{"title":"Move cursor down ","subtitle":"İmleç hareketleri ⎯  gj","arg":["key code 53//keystroke \"gj\"","move cursor down ","gj"],"icon":{"type":"file","path":"img/cursorMovement.png"},"match":"move cursor down  İmleç hareketleri gj"},{"title":"Move cursor up ","subtitle":"İmleç hareketleri ⎯  gk","arg":["key code 53//keystroke \"gk\"","move cursor up ","gk"],"icon":{"type":"file","path":"img/cursorMovement.png"},"match":"move cursor up  İmleç hareketleri gk"},{"title":"Ekranın en üstüne kaydır","subtitle":"İmleç hareketleri ⎯  H","arg":["key code 53//keystroke \"H\"","ekranın en üstüne kaydır","H"],"icon":{"type":"file","path":"img/cursorMovement.png"},"match":"move to top of screen İmleç hareketleri H"},{"title":"Ekranın ortasına kaydır","subtitle":"İmleç hareketleri ⎯  M","arg":["key code 53//keystroke \"M\"","ekranın ortasına kaydır","M"],"icon":{"type":"file","path":"img/cursorMovement.png"},"match":"move to middle of screen İmleç hareketleri M"},{"title":"Ekranın en altına kaydır","subtitle":"İmleç hareketleri ⎯  L","arg":["key code 53//keystroke \"L\"","ekranın en altına kaydır","L"],"icon":{"type":"file","path":"img/cursorMovement.png"},"match":"move to bottom of screen İmleç hareketleri L"},{"title":"Bir sonraki kelimenin başlangıcına atla","subtitle":"İmleç hareketleri ⎯  w","arg":["key code 53//keystroke \"w\"","bir sonraki kelimenin başlangıcına atla","w"],"icon":{"type":"file","path":"img/cursorMovement.png"},"match":"jump forwards to the start of a word İmleç hareketleri w"},{"title":"Bir sonraki kelimenin başlangıcına atla ","subtitle":"İmleç hareketleri ⎯  W","arg":["key code 53//keystroke \"W\"","bir sonraki kelimenin başlangıcına atla ","W"],"icon":{"type":"file","path":"img/cursorMovement.png"},"match":"jump forwards to the start of a word  İmleç hareketleri W"},{"title":"Bir sonraki kelimenin sonuna atla","subtitle":"İmleç hareketleri ⎯  e","arg":["key code 53//keystroke \"e\"","bir sonraki kelimenin sonuna atla","e"],"icon":{"type":"file","path":"img/cursorMovement.png"},"match":"jump forwards to the end of a word İmleç hareketleri e"},{"title":"Bir sonraki kelimenin sonuna atla ","subtitle":"İmleç hareketleri ⎯  E","arg":["key code 53//keystroke \"E\"","bir sonraki kelimenin sonuna atla ","E"],"icon":{"type":"file","path":"img/cursorMovement.png"},"match":"jump forwards to the end of a word  İmleç hareketleri E"},{"title":"Bir önceki kelimenin başlangıcına atla","subtitle":"İmleç hareketleri ⎯  b","arg":["key code 53//keystroke \"b\"","bir önceki kelimenin başlangıcına atla","b"],"icon":{"type":"file","path":"img/cursorMovement.png"},"match":"jump backwards to the start of a word İmleç hareketleri b"},{"title":"Bir önceki kelimenin başlangıcına atla ","subtitle":"İmleç hareketleri ⎯  B","arg":["key code 53//keystroke \"B\"","bir önceki kelimenin başlangıcına atla ","B"],"icon":{"type":"file","path":"img/cursorMovement.png"},"match":"jump backwards to the start of a word  İmleç hareketleri B"},{"title":"Bir önceki kelimenin sonuna atla","subtitle":"İmleç hareketleri ⎯  ge","arg":["key code 53//keystroke \"ge\"","bir önceki kelimenin sonuna atla","ge"],"icon":{"type":"file","path":"img/cursorMovement.png"},"match":"jump backwards to the end of a word İmleç hareketleri ge"},{"title":"Bir önceki kelimenin sonuna atla ","subtitle":"İmleç hareketleri ⎯  gE","arg":["key code 53//keystroke \"gE\"","bir önceki kelimenin sonuna atla ","gE"],"icon":{"type":"file","path":"img/cursorMovement.png"},"match":"jump backwards to the end of a word  İmleç hareketleri gE"},{"title":"Eşleşen karakterlere kaydır ","subtitle":"İmleç hareketleri ⎯  %","arg":["key code 53//keystroke \"%\"","eşleşen karakterlere kaydır ","%"],"icon":{"type":"file","path":"img/cursorMovement.png"},"match":"move to matching character  İmleç hareketleri %"},{"title":"Satır başına atla","subtitle":"İmleç hareketleri ⎯  0","arg":["key code 53//keystroke \"0\"","satır başına atla","0"],"icon":{"type":"file","path":"img/cursorMovement.png"},"match":"jump to the start of the line İmleç hareketleri 0"},{"title":"Satır üzerindeki ilk boşluk olmayan karaktere atla","subtitle":"İmleç hareketleri ⎯  ^","arg":["key code 53//keystroke \"^\"","satır üzerindeki ilk boşluk olmayan karaktere atla","^"],"icon":{"type":"file","path":"img/cursorMovement.png"},"match":"jump to the first non-blank character of the line İmleç hareketleri ^"},{"title":"Satır sonuna atla","subtitle":"İmleç hareketleri ⎯  $","arg":["key code 53//keystroke \"$\"","satır sonuna atla","$"],"icon":{"type":"file","path":"img/cursorMovement.png"},"match":"jump to the end of the line İmleç hareketleri $"},{"title":"Satırın boş olmayan son karakterine atla","subtitle":"İmleç hareketleri ⎯  g_","arg":["key code 53//keystroke \"g_\"","satırın boş olmayan son karakterine atla","g_"],"icon":{"type":"file","path":"img/cursorMovement.png"},"match":"jump to the last non-blank character of the line İmleç hareketleri g_"},{"title":"Dokümanın ilk satırına git","subtitle":"İmleç hareketleri ⎯  gg","arg":["key code 53//keystroke \"gg\"","dokümanın ilk satırına git","gg"],"icon":{"type":"file","path":"img/cursorMovement.png"},"match":"go to the first line of the document İmleç hareketleri gg"},{"title":"Dokümanın son satırına git","subtitle":"İmleç hareketleri ⎯  G","arg":["key code 53//keystroke \"G\"","dokümanın son satırına git","G"],"icon":{"type":"file","path":"img/cursorMovement.png"},"match":"go to the last line of the document İmleç hareketleri G"},{"title":"5. satıra git","subtitle":"İmleç hareketleri ⎯  5gg or 5G","arg":["key code 53//keystroke \"5gg\"","5. satıra git","5gg or 5G"],"icon":{"type":"file","path":"img/cursorMovement.png"},"match":"go to line 5 İmleç hareketleri 5gg or 5G"},{"title":"Move to local declaration","subtitle":"İmleç hareketleri ⎯  gd","arg":["key code 53//keystroke \"gd\"","move to local declaration","gd"],"icon":{"type":"file","path":"img/cursorMovement.png"},"match":"move to local declaration İmleç hareketleri gd"},{"title":"Move to global declaration","subtitle":"İmleç hareketleri ⎯  gD","arg":["key code 53//keystroke \"gD\"","move to global declaration","gD"],"icon":{"type":"file","path":"img/cursorMovement.png"},"match":"move to global declaration İmleç hareketleri gD"},{"title":"Sonraki x karakter konumuna atla","subtitle":"İmleç hareketleri ⎯  fx","arg":["key code 53//keystroke \"fx\"","sonraki x karakter konumuna atla","fx"],"icon":{"type":"file","path":"img/cursorMovement.png"},"match":"jump to next occurrence of character x İmleç hareketleri fx"},{"title":"Sonraki x karakter konumunun yanına atla","subtitle":"İmleç hareketleri ⎯  tx","arg":["key code 53//keystroke \"tx\"","sonraki x karakter konumunun yanına atla","tx"],"icon":{"type":"file","path":"img/cursorMovement.png"},"match":"jump to before next occurrence of character x İmleç hareketleri tx"},{"title":"Önceki x karakter konumuna atla","subtitle":"İmleç hareketleri ⎯  Fx","arg":["key code 53//keystroke \"Fx\"","önceki x karakter konumuna atla","Fx"],"icon":{"type":"file","path":"img/cursorMovement.png"},"match":"jump to the previous occurrence of character x İmleç hareketleri Fx"},{"title":"Önceki x karakter konumunun yanına atla","subtitle":"İmleç hareketleri ⎯  Tx","arg":["key code 53//keystroke \"Tx\"","önceki x karakter konumunun yanına atla","Tx"],"icon":{"type":"file","path":"img/cursorMovement.png"},"match":"jump to after previous occurrence of character x İmleç hareketleri Tx"},{"title":"F, t, f veya t hareketlerini tekrar et","subtitle":"İmleç hareketleri ⎯  ;","arg":["key code 53//keystroke \";\"","f, t, F veya T hareketlerini tekrar et",";"],"icon":{"type":"file","path":"img/cursorMovement.png"},"match":"repeat previous f, t, F or T movement İmleç hareketleri ;"},{"title":"F, t, f veya t hareketlerini geriye doğru tekrar et","subtitle":"İmleç hareketleri ⎯  ,","arg":["key code 53//keystroke \",\"","f, t, F veya T hareketlerini geriye doğru tekrar et",","],"icon":{"type":"file","path":"img/cursorMovement.png"},"match":"repeat previous f, t, F or T movement, backwards İmleç hareketleri ,"},{"title":"Sonraki paragrafa atla ","subtitle":"İmleç hareketleri ⎯  }","arg":["key code 53//keystroke \"}\"","sonraki paragrafa atla ","}"],"icon":{"type":"file","path":"img/cursorMovement.png"},"match":"jump to next paragraph  İmleç hareketleri }"},{"title":"Önceki paragrafa atla ","subtitle":"İmleç hareketleri ⎯  {","arg":["key code 53//keystroke \"{\"","önceki paragrafa atla ","{"],"icon":{"type":"file","path":"img/cursorMovement.png"},"match":"jump to previous paragraph  İmleç hareketleri {"},{"title":"Imleci ekranda ortala","subtitle":"İmleç hareketleri ⎯  zz","arg":["key code 53//keystroke \"zz\"","imleci ekranda ortala","zz"],"icon":{"type":"file","path":"img/cursorMovement.png"},"match":"center cursor on screen İmleç hareketleri zz"},{"title":"Ekranı bir satır aşağı kaydır ","subtitle":"İmleç hareketleri ⎯  Ctrl+e","arg":["key code 53//keystroke \"e\" using control down","ekranı bir satır aşağı kaydır ","Ctrl+e"],"icon":{"type":"file","path":"img/cursorMovement.png"},"match":"move screen down one line  İmleç hareketleri Ctrl+e"},{"title":"Ekranı bir satır yukarı kaydır ","subtitle":"İmleç hareketleri ⎯  Ctrl+y","arg":["key code 53//keystroke \"y\" using control down","ekranı bir satır yukarı kaydır ","Ctrl+y"],"icon":{"type":"file","path":"img/cursorMovement.png"},"match":"move screen up one line  İmleç hareketleri Ctrl+y"},{"title":"Tam ekran geri kaydır","subtitle":"İmleç hareketleri ⎯  Ctrl+b","arg":["key code 53//keystroke \"b\" using control down","tam ekran geri kaydır","Ctrl+b"],"icon":{"type":"file","path":"img/cursorMovement.png"},"match":"move back one full screen İmleç hareketleri Ctrl+b"},{"title":"Tam ekran ileri kaydır","subtitle":"İmleç hareketleri ⎯  Ctrl+f","arg":["key code 53//keystroke \"f\" using control down","tam ekran ileri kaydır","Ctrl+f"],"icon":{"type":"file","path":"img/cursorMovement.png"},"match":"move forward one full screen İmleç hareketleri Ctrl+f"},{"title":"Yarım ekran geri kaydır","subtitle":"İmleç hareketleri ⎯  Ctrl+u","arg":["key code 53//keystroke \"u\" using control down","yarım ekran geri kaydır","Ctrl+u"],"icon":{"type":"file","path":"img/cursorMovement.png"},"match":"move back 1/2 a screen İmleç hareketleri Ctrl+u"},{"title":"Yarım ekran ileri kaydır","subtitle":"İmleç hareketleri ⎯  Ctrl+d","arg":["key code 53//keystroke \"d\" using control down","yarım ekran ileri kaydır","Ctrl+d"],"icon":{"type":"file","path":"img/cursorMovement.png"},"match":"move forward 1/2 a screen İmleç hareketleri Ctrl+d"},{"title":"Imleçden önce ekler","subtitle":"Ekleme modu - yazma/ekleme modu ⎯  i","arg":["key code 53//keystroke \"i\"","imleçden önce ekler","i"],"icon":{"type":"file","path":"img/insertMode.png"},"match":"insert before the cursor Ekleme modu - yazma/ekleme modu i"},{"title":"Satır başına ekler","subtitle":"Ekleme modu - yazma/ekleme modu ⎯  I","arg":["key code 53//keystroke \"I\"","satır başına ekler","I"],"icon":{"type":"file","path":"img/insertMode.png"},"match":"insert at the beginning of the line Ekleme modu - yazma/ekleme modu I"},{"title":"Imleç sonrasına ekler","subtitle":"Ekleme modu - yazma/ekleme modu ⎯  a","arg":["key code 53//keystroke \"a\"","imleç sonrasına ekler","a"],"icon":{"type":"file","path":"img/insertMode.png"},"match":"insert  after the cursor Ekleme modu - yazma/ekleme modu a"},{"title":"Satır sonuna ekler","subtitle":"Ekleme modu - yazma/ekleme modu ⎯  A","arg":["key code 53//keystroke \"A\"","satır sonuna ekler","A"],"icon":{"type":"file","path":"img/insertMode.png"},"match":"insert  at the end of the line Ekleme modu - yazma/ekleme modu A"},{"title":"Şu anki satırın altına yeni satır ekler ekler","subtitle":"Ekleme modu - yazma/ekleme modu ⎯  o","arg":["key code 53//keystroke \"o\"","şu anki satırın altına yeni satır ekler ekler","o"],"icon":{"type":"file","path":"img/insertMode.png"},"match":"append  a new line below the current line Ekleme modu - yazma/ekleme modu o"},{"title":"Şu anki satırın üstüne yeni satır ekler ekler","subtitle":"Ekleme modu - yazma/ekleme modu ⎯  O","arg":["key code 53//keystroke \"O\"","şu anki satırın üstüne yeni satır ekler ekler","O"],"icon":{"type":"file","path":"img/insertMode.png"},"match":"append  a new line above the current line Ekleme modu - yazma/ekleme modu O"},{"title":"Kelimenin sonuna ekler","subtitle":"Ekleme modu - yazma/ekleme modu ⎯  ea","arg":["key code 53//keystroke \"ea\"","kelimenin sonuna ekler","ea"],"icon":{"type":"file","path":"img/insertMode.png"},"match":"insert  at the end of the word Ekleme modu - yazma/ekleme modu ea"},{"title":"Ekleme modunda imleçden önceki karakteri siler","subtitle":"Ekleme modu - yazma/ekleme modu ⎯  Ctrl+h","arg":["keystroke \"h\" using control down","ekleme modunda imleçden önceki karakteri siler","Ctrl+h"],"icon":{"type":"file","path":"img/insertMode.png"},"match":"delete the character before the cursor during insert mode Ekleme modu - yazma/ekleme modu Ctrl+h"},{"title":"Ekleme modunda imleçden önceki kelimeyi siler","subtitle":"Ekleme modu - yazma/ekleme modu ⎯  Ctrl+w","arg":["keystroke \"w\" using control down","ekleme modunda imleçden önceki kelimeyi siler","Ctrl+w"],"icon":{"type":"file","path":"img/insertMode.png"},"match":"delete word before the cursor during insert mode Ekleme modu - yazma/ekleme modu Ctrl+w"},{"title":"Ekleme modunda yeni bir satır ekler","subtitle":"Ekleme modu - yazma/ekleme modu ⎯  Ctrl+j","arg":["keystroke \"j\" using control down","ekleme modunda yeni bir satır ekler","Ctrl+j"],"icon":{"type":"file","path":"img/insertMode.png"},"match":"begin new line during insert mode Ekleme modu - yazma/ekleme modu Ctrl+j"},{"title":"Ekleme modunda sağa doğru yeni bir girinti ekler","subtitle":"Ekleme modu - yazma/ekleme modu ⎯  Ctrl+t","arg":["keystroke \"t\" using control down","ekleme modunda sağa doğru yeni bir girinti ekler","Ctrl+t"],"icon":{"type":"file","path":"img/insertMode.png"},"match":"indent  line one shiftwidth during insert mode Ekleme modu - yazma/ekleme modu Ctrl+t"},{"title":"Ekleme modunda bir girinti siler","subtitle":"Ekleme modu - yazma/ekleme modu ⎯  Ctrl+d","arg":["keystroke \"d\" using control down","ekleme modunda bir girinti siler","Ctrl+d"],"icon":{"type":"file","path":"img/insertMode.png"},"match":"de-indent  line one shiftwidth during insert mode Ekleme modu - yazma/ekleme modu Ctrl+d"},{"title":"Insert  next match before the cursor during insert mode","subtitle":"Ekleme modu - yazma/ekleme modu ⎯  Ctrl+n","arg":["keystroke \"n\" using control down","insert  next match before the cursor during insert mode","Ctrl+n"],"icon":{"type":"file","path":"img/insertMode.png"},"match":"insert  next match before the cursor during insert mode Ekleme modu - yazma/ekleme modu Ctrl+n"},{"title":"Insert  previous match before the cursor during insert mode","subtitle":"Ekleme modu - yazma/ekleme modu ⎯  Ctrl+p","arg":["keystroke \"p\" using control down","insert  previous match before the cursor during insert mode","Ctrl+p"],"icon":{"type":"file","path":"img/insertMode.png"},"match":"insert  previous match before the cursor during insert mode Ekleme modu - yazma/ekleme modu Ctrl+p"},{"title":"Insert the contents of register x","subtitle":"Ekleme modu - yazma/ekleme modu ⎯  Ctrl+r x","arg":["keystroke \"r\" using control down//keystroke \"x\"","insert the contents of register x","Ctrl+r x"],"icon":{"type":"file","path":"img/insertMode.png"},"match":"insert the contents of register x Ekleme modu - yazma/ekleme modu Ctrl+r x"},{"title":"Temporarily enter normal mode to issue one normal-mode command x.","subtitle":"Ekleme modu - yazma/ekleme modu ⎯  Ctrl+o x","arg":["keystroke \"o\" using control down//keystroke \"x\"","Temporarily enter normal mode to issue one normal-mode command x.","Ctrl+o x"],"icon":{"type":"file","path":"img/insertMode.png"},"match":"Temporarily enter normal mode to issue one normal-mode command x. Ekleme modu - yazma/ekleme modu Ctrl+o x"},{"title":"Ekleme modundan çıkar","subtitle":"Ekleme modu - yazma/ekleme modu ⎯  Esc","arg":["key code 53","ekleme modundan çıkar","Esc"],"icon":{"type":"file","path":"img/insertMode.png"},"match":"exit insert mode Ekleme modu - yazma/ekleme modu Esc"},{"title":"Tek karakterin yerine koyar","subtitle":"Düzenleme ⎯  r","arg":["key code 53//keystroke \"r\"","tek karakterin yerine koyar","r"],"icon":{"type":"file","path":"img/editing.png"},"match":"replace a single character. Düzenleme r"},{"title":"Replace more than one character, until esc is pressed.","subtitle":"Düzenleme ⎯  R","arg":["key code 53//keystroke \"R\"","replace more than one character, until ESC is pressed.","R"],"icon":{"type":"file","path":"img/editing.png"},"match":"replace more than one character, until ESC is pressed. Düzenleme R"},{"title":"Şu anki satırın altına ekler","subtitle":"Düzenleme ⎯  J","arg":["key code 53//keystroke \"J\"","şu anki satırın altına ekler","J"],"icon":{"type":"file","path":"img/editing.png"},"match":"join line below to the current one with one space in between Düzenleme J"},{"title":"Join line below to the current one without space in between","subtitle":"Düzenleme ⎯  gJ","arg":["key code 53//keystroke \"gJ\"","join line below to the current one without space in between","gJ"],"icon":{"type":"file","path":"img/editing.png"},"match":"join line below to the current one without space in between Düzenleme gJ"},{"title":"Reflow paragraph","subtitle":"Düzenleme ⎯  gwip","arg":["key code 53//keystroke \"gwip\"","reflow paragraph","gwip"],"icon":{"type":"file","path":"img/editing.png"},"match":"reflow paragraph Düzenleme gwip"},{"title":"Switch case up to motion","subtitle":"Düzenleme ⎯  g~","arg":["key code 53//keystroke \"g~\"","switch case up to motion","g~"],"icon":{"type":"file","path":"img/editing.png"},"match":"switch case up to motion Düzenleme g~"},{"title":"Change to lowercase up to motion","subtitle":"Düzenleme ⎯  gu","arg":["key code 53//keystroke \"gu\"","change to lowercase up to motion","gu"],"icon":{"type":"file","path":"img/editing.png"},"match":"change to lowercase up to motion Düzenleme gu"},{"title":"Change to uppercase up to motion","subtitle":"Düzenleme ⎯  gU","arg":["key code 53//keystroke \"gU\"","change to uppercase up to motion","gU"],"icon":{"type":"file","path":"img/editing.png"},"match":"change to uppercase up to motion Düzenleme gU"},{"title":"Tüm satırı değiştirir ","subtitle":"Düzenleme ⎯  cc","arg":["key code 53//keystroke \"cc\"","tüm satırı değiştirir ","cc"],"icon":{"type":"file","path":"img/editing.png"},"match":"change  entire line Düzenleme cc"},{"title":"Satır sonuna kadar değiştirir ","subtitle":"Düzenleme ⎯  c$ or C","arg":["key code 53//keystroke \"g$\"","satır sonuna kadar değiştirir ","c$ or C"],"icon":{"type":"file","path":"img/editing.png"},"match":"change  to the end of the line Düzenleme c$ or C"},{"title":"Change  entire word","subtitle":"Düzenleme ⎯  ciw","arg":["key code 53//keystroke \"ciw\"","change  entire word","ciw"],"icon":{"type":"file","path":"img/editing.png"},"match":"change  entire word Düzenleme ciw"},{"title":"Kelimenin sonuna kadar değiştirir ","subtitle":"Düzenleme ⎯  cw or ce","arg":["key code 53//keystroke \"cw\"","kelimenin sonuna kadar değiştirir ","cw or ce"],"icon":{"type":"file","path":"img/editing.png"},"match":"change  to the end of the word Düzenleme cw or ce"},{"title":"Karakteri siler ve metin ile değiştirir","subtitle":"Düzenleme ⎯  s","arg":["key code 53//keystroke \"s\"","karakteri siler ve metin ile değiştirir","s"],"icon":{"type":"file","path":"img/editing.png"},"match":"delete character and substitute text Düzenleme s"},{"title":"Satırı siler ve metin ile değiştirir ","subtitle":"Düzenleme ⎯  S","arg":["key code 53//keystroke \"S\"","satırı siler ve metin ile değiştirir ","S"],"icon":{"type":"file","path":"img/editing.png"},"match":"delete line and substitute text  Düzenleme S"},{"title":"Iki harfi transpoze eder ","subtitle":"Düzenleme ⎯  xp","arg":["key code 53//keystroke \"xp\"","iki harfi transpoze eder ","xp"],"icon":{"type":"file","path":"img/editing.png"},"match":"transpose two letters  Düzenleme xp"},{"title":"Geri al","subtitle":"Düzenleme ⎯  u","arg":["key code 53//keystroke \"u\"","geri al","u"],"icon":{"type":"file","path":"img/editing.png"},"match":"undo Düzenleme u"},{"title":"Restore  last changed line","subtitle":"Düzenleme ⎯  U","arg":["key code 53//keystroke \"U\"","restore  last changed line","U"],"icon":{"type":"file","path":"img/editing.png"},"match":"restore  last changed line Düzenleme U"},{"title":"Ileri al","subtitle":"Düzenleme ⎯  Ctrl+r","arg":["key code 53//keystroke \"r\" using control down","ileri al","Ctrl+r"],"icon":{"type":"file","path":"img/editing.png"},"match":"redo Düzenleme Ctrl+r"},{"title":"Son komutu tekrarla","subtitle":"Düzenleme ⎯  .","arg":["key code 53//keystroke \".\"","son komutu tekrarla","."],"icon":{"type":"file","path":"img/editing.png"},"match":"repeat last command Düzenleme ."},{"title":"Görsel modu başlat, satırları işaretle, bir komut gir ","subtitle":"Metin işaretleme  ⎯  v","arg":["key code 53//keystroke \"v\"","görsel modu başlat, satırları işaretle, bir komut gir ","v"],"icon":{"type":"file","path":"img/markingText.png"},"match":"start visual mode, mark lines, then do a command  Metin işaretleme  v"},{"title":"Görsel modu tüm satırı işaretleyerek başlatır","subtitle":"Metin işaretleme  ⎯  V","arg":["key code 53//keystroke \"V\"","görsel modu tüm satırı işaretleyerek başlatır","V"],"icon":{"type":"file","path":"img/markingText.png"},"match":"start linewise visual mode Metin işaretleme  V"},{"title":"Diğer işaretlenmiş alanın sonuna gider","subtitle":"Metin işaretleme  ⎯  o","arg":["key code 53//keystroke \"o\"","diğer işaretlenmiş alanın sonuna gider","o"],"icon":{"type":"file","path":"img/markingText.png"},"match":"move to other end of marked area Metin işaretleme  o"},{"title":"Görsel blok moduna başlar","subtitle":"Metin işaretleme  ⎯  Ctrl+v","arg":["key code 53//keystroke \"v\" using control down","görsel blok moduna başlar","Ctrl+v"],"icon":{"type":"file","path":"img/markingText.png"},"match":"start visual block mode Metin işaretleme  Ctrl+v"},{"title":"Bloğun diğer köşesine gider","subtitle":"Metin işaretleme  ⎯  O","arg":["key code 53//keystroke \"O\"","bloğun diğer köşesine gider","O"],"icon":{"type":"file","path":"img/markingText.png"},"match":"move to other corner of block Metin işaretleme  O"},{"title":"Kelimeyi işaretle","subtitle":"Metin işaretleme  ⎯  aw","arg":["key code 53//keystroke \"aw\"","kelimeyi işaretle","aw"],"icon":{"type":"file","path":"img/markingText.png"},"match":"mark a word Metin işaretleme  aw"},{"title":"() ile bloklar","subtitle":"Metin işaretleme  ⎯  ab","arg":["key code 53//keystroke \"ab\"","() ile bloklar","ab"],"icon":{"type":"file","path":"img/markingText.png"},"match":"a block with () Metin işaretleme  ab"},{"title":"{} ile bloklar","subtitle":"Metin işaretleme  ⎯  aB","arg":["key code 53//keystroke \"aB\"","{} ile bloklar","aB"],"icon":{"type":"file","path":"img/markingText.png"},"match":"a block with {} Metin işaretleme  aB"},{"title":"A block with <> tags","subtitle":"Metin işaretleme  ⎯  at","arg":["key code 53//keystroke \"at\"","a block with <> tags","at"],"icon":{"type":"file","path":"img/markingText.png"},"match":"a block with <> tags Metin işaretleme  at"},{"title":"() içerisini bloklar","subtitle":"Metin işaretleme  ⎯  ib","arg":["key code 53//keystroke \"ib\"","() içerisini bloklar","ib"],"icon":{"type":"file","path":"img/markingText.png"},"match":"inner block with () Metin işaretleme  ib"},{"title":"{} içerisini bloklar","subtitle":"Metin işaretleme  ⎯  iB","arg":["key code 53//keystroke \"iB\"","{} içerisini bloklar","iB"],"icon":{"type":"file","path":"img/markingText.png"},"match":"inner block with {} Metin işaretleme  iB"},{"title":"Inner block with <> tags","subtitle":"Metin işaretleme  ⎯  it","arg":["key code 53//keystroke \"it\"","inner block with <> tags","it"],"icon":{"type":"file","path":"img/markingText.png"},"match":"inner block with <> tags Metin işaretleme  it"},{"title":"Görsel moddan çık","subtitle":"Metin işaretleme  ⎯  Esc","arg":["key code 53//key code 53","görsel moddan çık","Esc"],"icon":{"type":"file","path":"img/markingText.png"},"match":"exit visual mode Metin işaretleme  Esc"},{"title":"Metni sağa kaydır","subtitle":"Görsel komutlar (Reference only) ⎯  >","arg":["keystroke \">\"","metni sağa kaydır",">"],"icon":{"type":"file","path":"img/visualCommands.png"},"match":"shift text right Görsel komutlar >"},{"title":"Metni sola kaydır","subtitle":"Görsel komutlar (Reference only) ⎯  <","arg":["keystroke \"<\"","metni sola kaydır","<"],"icon":{"type":"file","path":"img/visualCommands.png"},"match":"shift text left Görsel komutlar <"},{"title":"Işaretlenmiş metni kopyala","subtitle":"Görsel komutlar (Reference only) ⎯  y","arg":["keystroke \"y\"","işaretlenmiş metni kopyala","y"],"icon":{"type":"file","path":"img/visualCommands.png"},"match":"yank  marked text Görsel komutlar y"},{"title":"Işaretlenmiş metni sil","subtitle":"Görsel komutlar (Reference only) ⎯  d","arg":["keystroke \"d\"","işaretlenmiş metni sil","d"],"icon":{"type":"file","path":"img/visualCommands.png"},"match":"delete marked text Görsel komutlar d"},{"title":"Harfleri büyükse küçük, küçükse büyük yap","subtitle":"Görsel komutlar (Reference only) ⎯  ~","arg":["keystroke \"~\"","harfleri büyükse küçük, küçükse büyük yap","~"],"icon":{"type":"file","path":"img/visualCommands.png"},"match":"switch case Görsel komutlar ~"},{"title":"Change marked text to lowercase","subtitle":"Görsel komutlar (Reference only) ⎯  u","arg":["keystroke \"u\"","change marked text to lowercase","u"],"icon":{"type":"file","path":"img/visualCommands.png"},"match":"change marked text to lowercase Görsel komutlar u"},{"title":"Change marked text to uppercase","subtitle":"Görsel komutlar (Reference only) ⎯  U","arg":["keystroke \"U\"","change marked text to uppercase","U"],"icon":{"type":"file","path":"img/visualCommands.png"},"match":"change marked text to uppercase Görsel komutlar U"},{"title":"Register içeriğini göster","subtitle":"Registerlar ⎯  :reg[isters]","arg":["key code 53//keystroke \":reg\" & return","register içeriğini göster",":reg[isters]"],"icon":{"type":"file","path":"img/registers.png"},"match":"show registers content Registerlar :reg[isters]"},{"title":"Register x içerisini kopyalar","subtitle":"Registerlar ⎯  xy","arg":["key code 53//keystroke \"xy\"","register x içerisini kopyalar","xy"],"icon":{"type":"file","path":"img/registers.png"},"match":"yank into register x Registerlar xy"},{"title":"Register x'in içeriğini yapıştırır","subtitle":"Registerlar ⎯  xp","arg":["key code 53//keystroke \"xp\"","register x'in içeriğini yapıştırır","xp"],"icon":{"type":"file","path":"img/registers.png"},"match":"paste contents of register x Registerlar xp"},{"title":"Yank into the system clipboard register","subtitle":"Registerlar ⎯  +y","arg":["key code 53//keystroke \"+y\"","yank into the system clipboard register","+y"],"icon":{"type":"file","path":"img/registers.png"},"match":"yank into the system clipboard register Registerlar +y"},{"title":"Paste from the system clipboard register","subtitle":"Registerlar ⎯  +p","arg":["key code 53//keystroke \"+p\"","paste from the system clipboard register","+p"],"icon":{"type":"file","path":"img/registers.png"},"match":"paste from the system clipboard register Registerlar +p"},{"title":"A işareti için konum belirle","subtitle":"İşaretler ⎯  ma","arg":["key code 53//keystroke \"ma\"","A işareti için konum belirle","ma"],"icon":{"type":"file","path":"img/marks.png"},"match":"set current position for mark A İşaretler ma"},{"title":"A işaretinin konumuna atla","subtitle":"İşaretler ⎯  `a","arg":["key code 53//keystroke \"`a\"","A işaretinin konumuna atla","`a"],"icon":{"type":"file","path":"img/marks.png"},"match":"jump to position of mark A İşaretler `a"},{"title":"A işaretinin konumundaki yazıyı kopyala","subtitle":"İşaretler ⎯  y`a","arg":["key code 53//keystroke \"y`a\"","A işaretinin konumundaki yazıyı kopyala","y`a"],"icon":{"type":"file","path":"img/marks.png"},"match":"yank text to position of mark A İşaretler y`a"},{"title":"Go to the position where vim was previously exited","subtitle":"İşaretler ⎯  `0","arg":["key code 53//keystroke \"`0\"","go to the position where Vim was previously exited","`0"],"icon":{"type":"file","path":"img/marks.png"},"match":"go to the position where Vim was previously exited İşaretler `0"},{"title":"Go to the position when last editing this file","subtitle":"İşaretler ⎯  `\"","arg":["key code 53//keystroke \"`\\\"\"","go to the position when last editing this file","`\""],"icon":{"type":"file","path":"img/marks.png"},"match":"go to the position when last editing this file İşaretler `\""},{"title":"Go to the position of the last change in this file","subtitle":"İşaretler ⎯  `.","arg":["key code 53//keystroke \"`.\"","go to the position of the last change in this file","`."],"icon":{"type":"file","path":"img/marks.png"},"match":"go to the position of the last change in this file İşaretler `."},{"title":"Go to the position before the last jump","subtitle":"İşaretler ⎯  ``","arg":["key code 53//keystroke \"``\"","go to the position before the last jump","``"],"icon":{"type":"file","path":"img/marks.png"},"match":"go to the position before the last jump İşaretler ``"},{"title":"List of jumps","subtitle":"İşaretler ⎯  :ju[mps]","arg":["key code 53//keystroke \":ju\" & return","list of jumps",":ju[mps]"],"icon":{"type":"file","path":"img/marks.png"},"match":"list of jumps İşaretler :ju[mps]"},{"title":"Go to newer position in jump list","subtitle":"İşaretler ⎯  Ctrl+i","arg":["key code 53//keystroke \"i\" using control down","go to newer position in jump list","Ctrl+i"],"icon":{"type":"file","path":"img/marks.png"},"match":"go to newer position in jump list İşaretler Ctrl+i"},{"title":"Go to older position in jump list","subtitle":"İşaretler ⎯  Ctrl+o","arg":["key code 53//keystroke \"o\" using control down","go to older position in jump list","Ctrl+o"],"icon":{"type":"file","path":"img/marks.png"},"match":"go to older position in jump list İşaretler Ctrl+o"},{"title":"List of changes","subtitle":"İşaretler ⎯  :changes","arg":["key code 53//keystroke \":changes\" & return","list of changes",":changes"],"icon":{"type":"file","path":"img/marks.png"},"match":"list of changes İşaretler :changes"},{"title":"Go to newer position in change list","subtitle":"İşaretler ⎯  g,","arg":["key code 53//keystroke \"g,\"","go to newer position in change list","g,"],"icon":{"type":"file","path":"img/marks.png"},"match":"go to newer position in change list İşaretler g,"},{"title":"Go to older position in change list","subtitle":"İşaretler ⎯  g;","arg":["key code 53//keystroke \"g;\"","go to older position in change list","g;"],"icon":{"type":"file","path":"img/marks.png"},"match":"go to older position in change list İşaretler g;"},{"title":"Jump to the tag under cursor","subtitle":"İşaretler ⎯  Ctrl+]","arg":["key code 53//keystroke \"]\" using control down","jump to the tag under cursor","Ctrl+]"],"icon":{"type":"file","path":"img/marks.png"},"match":"jump to the tag under cursor İşaretler Ctrl+]"},{"title":"Go to file in cursor","subtitle":"İşaretler ⎯  gf","arg":["key code 53//keystroke \"gf\"","Go to file in cursor","gf"],"icon":{"type":"file","path":"img/marks.png"},"match":"Go to file in cursor İşaretler gf"},{"title":"Bir makro kaydet","subtitle":"Macros ⎯  qa","arg":["key code 53//keystroke \"qa\"","bir makro kaydet","qa"],"icon":{"type":"file","path":"img/macros.png"},"match":"record macro a Macros qa"},{"title":"Makro kaydetmeyi durdur","subtitle":"Macros ⎯  q","arg":["key code 53//keystroke \"q\"","makro kaydetmeyi durdur","q"],"icon":{"type":"file","path":"img/macros.png"},"match":"stop recording macro Macros q"},{"title":"Bir makro çalıştır","subtitle":"Macros ⎯  @a","arg":["key code 53//keystroke \"@a\"","bir makro çalıştır","@a"],"icon":{"type":"file","path":"img/macros.png"},"match":"run macro a Macros @a"},{"title":"Son çalıştırılan makroyu yeniden çalıştır","subtitle":"Macros ⎯  @@","arg":["key code 53//keystroke \"@@\"","son çalıştırılan makroyu yeniden çalıştır","@@"],"icon":{"type":"file","path":"img/macros.png"},"match":"rerun last run macro Macros @@"},{"title":"Tek satır kopyalar","subtitle":"Kes ve yapıştır ⎯  yy","arg":["key code 53//keystroke \"yy\"","tek satır kopyalar","yy"],"icon":{"type":"file","path":"img/cutAndPaste.png"},"match":"yank  a line Kes ve yapıştır yy"},{"title":"2 satır kopyalar","subtitle":"Kes ve yapıştır ⎯  2yy","arg":["key code 53//keystroke \"2yy\"","2 satır kopyalar","2yy"],"icon":{"type":"file","path":"img/cutAndPaste.png"},"match":"yank  2 lines Kes ve yapıştır 2yy"},{"title":"Kelime kopyalar","subtitle":"Kes ve yapıştır ⎯  yw","arg":["key code 53//keystroke \"yw\"","kelime kopyalar","yw"],"icon":{"type":"file","path":"img/cutAndPaste.png"},"match":"yank  the characters of the word from the cursor position to the start of the next word Kes ve yapıştır yw"},{"title":"Yank  word under the cursor","subtitle":"Kes ve yapıştır ⎯  yiw","arg":["key code 53//keystroke \"yiw\"","yank  word under the cursor","yiw"],"icon":{"type":"file","path":"img/cutAndPaste.png"},"match":"yank  word under the cursor Kes ve yapıştır yiw"},{"title":"Yank  word under the cursor and the space after or before it","subtitle":"Kes ve yapıştır ⎯  yaw","arg":["key code 53//keystroke \"yaw\"","yank  word under the cursor and the space after or before it","yaw"],"icon":{"type":"file","path":"img/cutAndPaste.png"},"match":"yank  word under the cursor and the space after or before it Kes ve yapıştır yaw"},{"title":"Satır sonuna kadar kopyalar","subtitle":"Kes ve yapıştır ⎯  y$","arg":["key code 53//keystroke \"y$\"","satır sonuna kadar kopyalar","y$"],"icon":{"type":"file","path":"img/cutAndPaste.png"},"match":"yank  to end of line Kes ve yapıştır y$"},{"title":"Imleç sonrasına yapıştırır","subtitle":"Kes ve yapıştır ⎯  p","arg":["key code 53//keystroke \"p\"","imleç sonrasına yapıştırır","p"],"icon":{"type":"file","path":"img/cutAndPaste.png"},"match":"put  the clipboard after cursor Kes ve yapıştır p"},{"title":"Imleç öncesine yapıştırır","subtitle":"Kes ve yapıştır ⎯  P","arg":["key code 53//keystroke \"P\"","imleç öncesine yapıştırır","P"],"icon":{"type":"file","path":"img/cutAndPaste.png"},"match":"put  before cursor Kes ve yapıştır P"},{"title":"Put  the clipboard after cursor and leave cursor after the new text","subtitle":"Kes ve yapıştır ⎯  gp","arg":["key code 53//keystroke \"gp\"","put  the clipboard after cursor and leave cursor after the new text","gp"],"icon":{"type":"file","path":"img/cutAndPaste.png"},"match":"put  the clipboard after cursor and leave cursor after the new text Kes ve yapıştır gp"},{"title":"Put  before cursor and leave cursor after the new text","subtitle":"Kes ve yapıştır ⎯  gP","arg":["key code 53//keystroke \"gP\"","put  before cursor and leave cursor after the new text","gP"],"icon":{"type":"file","path":"img/cutAndPaste.png"},"match":"put  before cursor and leave cursor after the new text Kes ve yapıştır gP"},{"title":"Satırı  siler","subtitle":"Kes ve yapıştır ⎯  dd","arg":["key code 53//keystroke \"dd\"","satırı  siler","dd"],"icon":{"type":"file","path":"img/cutAndPaste.png"},"match":"delete  a line Kes ve yapıştır dd"},{"title":"2 satırı  siler","subtitle":"Kes ve yapıştır ⎯  2dd","arg":["key code 53//keystroke \"2dd\"","2 satırı  siler","2dd"],"icon":{"type":"file","path":"img/cutAndPaste.png"},"match":"delete  2 lines Kes ve yapıştır 2dd"},{"title":"Kelime  siler","subtitle":"Kes ve yapıştır ⎯  dw","arg":["key code 53//keystroke \"dw\"","kelime  siler","dw"],"icon":{"type":"file","path":"img/cutAndPaste.png"},"match":"delete  the characters of the word from the cursor position to the start of the next word Kes ve yapıştır dw"},{"title":"Delete  word under the cursor","subtitle":"Kes ve yapıştır ⎯  diw","arg":["key code 53//keystroke \"diw\"","delete  word under the cursor","diw"],"icon":{"type":"file","path":"img/cutAndPaste.png"},"match":"delete  word under the cursor Kes ve yapıştır diw"},{"title":"Delete  word under the cursor and the space after or before it","subtitle":"Kes ve yapıştır ⎯  daw","arg":["key code 53//keystroke \"daw\"","delete  word under the cursor and the space after or before it","daw"],"icon":{"type":"file","path":"img/cutAndPaste.png"},"match":"delete  word under the cursor and the space after or before it Kes ve yapıştır daw"},{"title":"Satır sonuna kadar  siler","subtitle":"Kes ve yapıştır ⎯  d$ or D","arg":["key code 53//keystroke \"d$\"","satır sonuna kadar  siler","d$ or D"],"icon":{"type":"file","path":"img/cutAndPaste.png"},"match":"delete  to the end of the line Kes ve yapıştır d$ or D"},{"title":"Karakter  siler","subtitle":"Kes ve yapıştır ⎯  x","arg":["key code 53//keystroke \"x\"","karakter  siler","x"],"icon":{"type":"file","path":"img/cutAndPaste.png"},"match":"delete  character Kes ve yapıştır x"},{"title":"Indent  line one shiftwidth","subtitle":"Indent text ⎯  >>","arg":["key code 53//keystroke \">>\"","indent  line one shiftwidth",">>"],"icon":{"type":"file","path":"img/indentText.png"},"match":"indent  line one shiftwidth Indent text >>"},{"title":"De-indent  line one shiftwidth","subtitle":"Indent text ⎯  <<","arg":["key code 53//keystroke \"<<\"","de-indent  line one shiftwidth","<<"],"icon":{"type":"file","path":"img/indentText.png"},"match":"de-indent  line one shiftwidth Indent text <<"},{"title":"Indent a block with () or {} ","subtitle":"Indent text ⎯  >%","arg":["key code 53//keystroke \">%\"","indent a block with () or {} ",">%"],"icon":{"type":"file","path":"img/indentText.png"},"match":"indent a block with () or {}  Indent text >%"},{"title":"Indent inner block with ()","subtitle":"Indent text ⎯  >ib","arg":["key code 53//keystroke \">ib\"","indent inner block with ()",">ib"],"icon":{"type":"file","path":"img/indentText.png"},"match":"indent inner block with () Indent text >ib"},{"title":"Indent a block with <> tags","subtitle":"Indent text ⎯  >at","arg":["key code 53//keystroke \">at\"","indent a block with <> tags",">at"],"icon":{"type":"file","path":"img/indentText.png"},"match":"indent a block with <> tags Indent text >at"},{"title":"Re-indent 3 lines","subtitle":"Indent text ⎯  3==","arg":["key code 53//keystroke \"3==\"","re-indent 3 lines","3=="],"icon":{"type":"file","path":"img/indentText.png"},"match":"re-indent 3 lines Indent text 3=="},{"title":"Re-indent a block with () or {} ","subtitle":"Indent text ⎯  =%","arg":["key code 53//keystroke \"=%\"","re-indent a block with () or {} ","=%"],"icon":{"type":"file","path":"img/indentText.png"},"match":"re-indent a block with () or {}  Indent text =%"},{"title":"","subtitle":"Indent text ⎯  =iB","arg":["key code 53//keystroke \"iB\"",null,"=iB"],"icon":{"type":"file","path":"img/indentText.png"},"match":" Indent text =iB"},{"title":"Re-indent entire buffer","subtitle":"Indent text ⎯  gg=G","arg":["key code 53//keystroke \"gg=G\"","re-indent entire buffer","gg=G"],"icon":{"type":"file","path":"img/indentText.png"},"match":"re-indent entire buffer Indent text gg=G"},{"title":"Paste and adjust indent to current line","subtitle":"Indent text ⎯  ]p","arg":["key code 53//keystroke \"]p\"","paste and adjust indent to current line","]p"],"icon":{"type":"file","path":"img/indentText.png"},"match":"paste and adjust indent to current line Indent text ]p"},{"title":"Dosyayı kaydet, ama kapatma","subtitle":"Çıkış ⎯  :w","arg":["key code 53//keystroke \":w\" & return","dosyayı kaydet, ama kapatma",":w"],"icon":{"type":"file","path":"img/exiting.png"},"match":"write  the file, but don't exit Çıkış :w"},{"title":"Dosyayı sudo kullanarak kaydet","subtitle":"Çıkış ⎯  :w !sudo tee %","arg":["key code 53//keystroke \":w !sudo tee %\"","dosyayı sudo kullanarak kaydet",":w !sudo tee %"],"icon":{"type":"file","path":"img/exiting.png"},"match":"write out the current file using sudo Çıkış :w !sudo tee %"},{"title":"Dosyayı kaydet ve kapat","subtitle":"Çıkış ⎯  :wq or :x or ZZ","arg":["key code 53//keystroke \":wq\" & return","dosyayı kaydet ve kapat",":wq or :x or ZZ"],"icon":{"type":"file","path":"img/exiting.png"},"match":"write  and quit Çıkış :wq or :x or ZZ"},{"title":" kapat","subtitle":"Çıkış ⎯  :q","arg":["key code 53//keystroke \":q\" & return"," kapat",":q"],"icon":{"type":"file","path":"img/exiting.png"},"match":"quit  Çıkış :q"},{"title":"Kaydedilmemiş değişiklikleri at ve kapat","subtitle":"Çıkış ⎯  :q! or ZQ","arg":["key code 53//keystroke \":q!\" & return","kaydedilmemiş değişiklikleri at ve kapat",":q! or ZQ"],"icon":{"type":"file","path":"img/exiting.png"},"match":"quit and throw away unsaved changes Çıkış :q! or ZQ"},{"title":"Write  and quit on all tabs","subtitle":"Çıkış ⎯  :wqa","arg":["key code 53//keystroke \":wqa\" & return","write  and quit on all tabs",":wqa"],"icon":{"type":"file","path":"img/exiting.png"},"match":"write  and quit on all tabs Çıkış :wqa"},{"title":"Kalıbı ara","subtitle":"Ara ve değiştir ⎯  /pattern","arg":["key code 53//keystroke \"/pattern\"","kalıbı ara","/pattern"],"icon":{"type":"file","path":"img/searchAndReplace.png"},"match":"search for pattern Ara ve değiştir /pattern"},{"title":"Geriye doğru kalıbı ara","subtitle":"Ara ve değiştir ⎯  ?pattern","arg":["key code 53//keystroke \"?pattern\"","geriye doğru kalıbı ara","?pattern"],"icon":{"type":"file","path":"img/searchAndReplace.png"},"match":"search backward for pattern Ara ve değiştir ?pattern"},{"title":"'çok sihirli' kalıp","subtitle":"Ara ve değiştir ⎯  \\vpattern","arg":["key code 53//keystroke \"\\\\vpattern\"","'çok sihirli' kalıp","\\vpattern"],"icon":{"type":"file","path":"img/searchAndReplace.png"},"match":"'very magic' pattern Ara ve değiştir \\vpattern"},{"title":"Aynı yönde aramaya devam et","subtitle":"Ara ve değiştir ⎯  n","arg":["key code 53//keystroke \"n\"","aynı yönde aramaya devam et","n"],"icon":{"type":"file","path":"img/searchAndReplace.png"},"match":"repeat search in same direction Ara ve değiştir n"},{"title":"Ters yönde aramaya devam et","subtitle":"Ara ve değiştir ⎯  N","arg":["key code 53//keystroke \"N\"","ters yönde aramaya devam et","N"],"icon":{"type":"file","path":"img/searchAndReplace.png"},"match":"repeat search in opposite direction Ara ve değiştir N"},{"title":"Dosya boyunca tüm eskileri yenileriyle değiştirir","subtitle":"Ara ve değiştir ⎯  :%s/old/new/g","arg":["key code 53//keystroke \":%s/old/new/g\"","dosya boyunca tüm eskileri yenileriyle değiştirir",":%s/old/new/g"],"icon":{"type":"file","path":"img/searchAndReplace.png"},"match":"replace all old with new throughout file Ara ve değiştir :%s/old/new/g"},{"title":"Dosya boyunca tüm eskileri yenileriyle onaylayarak değiştirir","subtitle":"Ara ve değiştir ⎯  :%s/old/new/gc","arg":["key code 53//keystroke \":%s/old/new/gc\"","dosya boyunca tüm eskileri yenileriyle onaylayarak değiştirir",":%s/old/new/gc"],"icon":{"type":"file","path":"img/searchAndReplace.png"},"match":"replace all old with new throughout file with confirmations Ara ve değiştir :%s/old/new/gc"},{"title":"Eşleşen sonuçların vurgusunu kaldır","subtitle":"Ara ve değiştir ⎯  :noh[lsearch]","arg":["key code 53//keystroke \":noh[lsearch]\"","eşleşen sonuçların vurgusunu kaldır",":noh[lsearch]"],"icon":{"type":"file","path":"img/searchAndReplace.png"},"match":"remove highlighting of search matches Ara ve değiştir :noh[lsearch]"},{"title":"Next whole word under cursor","subtitle":"Ara ve değiştir ⎯  *","arg":["key code 53//keystroke \"*\"","Next whole word under cursor","*"],"icon":{"type":"file","path":"img/searchAndReplace.png"},"match":"Next whole word under cursor Ara ve değiştir *"},{"title":"Previous whole word under cursor","subtitle":"Ara ve değiştir ⎯  #","arg":["key code 53//keystroke \"#\"","Previous whole word under cursor","#"],"icon":{"type":"file","path":"img/searchAndReplace.png"},"match":"Previous whole word under cursor Ara ve değiştir #"},{"title":"Kalıbı birden fazla dosyada ara","subtitle":"Birden fazla dosyada ara ⎯  :vim[grep] /pattern/ file","arg":["key code 53//keystroke \":vim[grep]\"//key code 49//keystroke \"/pattern/\"//key code 49//keystroke \"file\"","kalıbı birden fazla dosyada ara",":vim[grep] /pattern/ file"],"icon":{"type":"file","path":"img/searchMultipleFiles.png"},"match":"search for pattern in multiple files Birden fazla dosyada ara :vim[grep] /pattern/ file"},{"title":"Sonraki eşleşmeye atla","subtitle":"Birden fazla dosyada ara ⎯  :cn[ext]","arg":["key code 53//keystroke \":cn\" & return","sonraki eşleşmeye atla",":cn[ext]"],"icon":{"type":"file","path":"img/searchMultipleFiles.png"},"match":"jump to the next match Birden fazla dosyada ara :cn[ext]"},{"title":"Önceki eşleşmeye atla","subtitle":"Birden fazla dosyada ara ⎯  :cp[revious]","arg":["key code 53//keystroke \":cp\" & return","önceki eşleşmeye atla",":cp[revious]"],"icon":{"type":"file","path":"img/searchMultipleFiles.png"},"match":"jump to the previous match Birden fazla dosyada ara :cp[revious]"},{"title":"Eşleşmeleri bir pencerede göster","subtitle":"Birden fazla dosyada ara ⎯  :cope[n]","arg":["key code 53//keystroke \":cope\" & return","eşleşmeleri bir pencerede göster",":cope[n]"],"icon":{"type":"file","path":"img/searchMultipleFiles.png"},"match":"open a window containing the list of matches Birden fazla dosyada ara :cope[n]"},{"title":"Close the quickfix window","subtitle":"Birden fazla dosyada ara ⎯  :ccl[ose]","arg":["key code 53//keystroke \":ccl\" & return","close the quickfix window",":ccl[ose]"],"icon":{"type":"file","path":"img/searchMultipleFiles.png"},"match":"close the quickfix window Birden fazla dosyada ara :ccl[ose]"},{"title":"","subtitle":"Birden fazla dosyada ara ⎯  colonWa","arg":["key code 53//keystroke \":wa\" & return",null,"colonWa"],"icon":{"type":"file","path":"img/searchMultipleFiles.png"},"match":" Birden fazla dosyada ara colonWa"},{"title":"Close the quickfix window","subtitle":"Birden fazla dosyada ara ⎯  :ccl[ose]","arg":["key code 53//keystroke \":ccl\" & return","close the quickfix window",":ccl[ose]"],"icon":{"type":"file","path":"img/searchMultipleFiles.png"},"match":"close the quickfix window Birden fazla dosyada ara :ccl[ose]"},{"title":"Yeni sekmede dosya aç","subtitle":"Sekmeler ⎯  :tabnew or :tabnew file","arg":["key code 53//keystroke \":tabnew\"//key code 49//keystroke \"file\" & return","yeni sekmede dosya aç",":tabnew or :tabnew file"],"icon":{"type":"file","path":"img/tabs.png"},"match":"open a file in a new tab Sekmeler :tabnew or :tabnew file"},{"title":"Kendi sekmeleri içerisinde şu anki bölünmüş pencereye geçer","subtitle":"Sekmeler ⎯  Ctrl+wT","arg":["key code 53//keystroke \"w\" using control down//keystroke \"T\"","kendi sekmeleri içerisinde şu anki bölünmüş pencereye geçer","Ctrl+wT"],"icon":{"type":"file","path":"img/tabs.png"},"match":"move the current split window into its own tab Sekmeler Ctrl+wT"},{"title":"Bir sonraki sekmeye geçer","subtitle":"Sekmeler ⎯  gt or :tabn[ext]","arg":["key code 53//keystroke \"gt\"","bir sonraki sekmeye geçer","gt or :tabn[ext]"],"icon":{"type":"file","path":"img/tabs.png"},"match":"move to the next tab Sekmeler gt or :tabn[ext]"},{"title":"Bir önceki sekmeye geçer","subtitle":"Sekmeler ⎯  gT or :tabp[revious]","arg":["key code 53//keystroke \"gT\"","bir önceki sekmeye geçer","gT or :tabp[revious]"],"icon":{"type":"file","path":"img/tabs.png"},"match":"move to the previous tab Sekmeler gT or :tabp[revious]"},{"title":"#. sekmeye geçer","subtitle":"Sekmeler ⎯  #gt","arg":["key code 53//keystroke \"#gt\"","#. sekmeye geçer","#gt"],"icon":{"type":"file","path":"img/tabs.png"},"match":"move to tab number # Sekmeler #gt"},{"title":"Şu anki sekmeyi #. pozisyona taşır ","subtitle":"Sekmeler ⎯  :tabm[ove]","arg":["key code 53//keystroke \":tabm\" & return","şu anki sekmeyi #. pozisyona taşır ",":tabm[ove]"],"icon":{"type":"file","path":"img/tabs.png"},"match":"move current tab to the #th position  Sekmeler :tabm[ove]"},{"title":"Şu anki sekmeyi ve tüm pencereleri kapat","subtitle":"Sekmeler ⎯  :tabc[lose]","arg":["key code 53//keystroke \":tabc\" & return","şu anki sekmeyi ve tüm pencereleri kapat",":tabc[lose]"],"icon":{"type":"file","path":"img/tabs.png"},"match":"close the current tab and all its windows Sekmeler :tabc[lose]"},{"title":"Şu anki sekme dışında hepsini kapat","subtitle":"Sekmeler ⎯  :tabo[nly]","arg":["key code 53//keystroke \":tabo\" & return","şu anki sekme dışında hepsini kapat",":tabo[nly]"],"icon":{"type":"file","path":"img/tabs.png"},"match":"close all tabs except for the current one Sekmeler :tabo[nly]"},{"title":"Tüm sekmelerde komut çalıştır ","subtitle":"Sekmeler ⎯  :tabdo command","arg":["key code 53//keystroke \":tabdo\"//key code 49//keystroke \"command\"","tüm sekmelerde komut çalıştır ",":tabdo command"],"icon":{"type":"file","path":"img/tabs.png"},"match":"run the command on all tabs  Sekmeler :tabdo command"},{"title":"Yeni tamponda dosyayı düzenle","subtitle":"Birden çok dosya ile çalışma ⎯  :e[dit] file","arg":["key code 53//keystroke \":e\"//key code 49//keystroke \"file\"","yeni tamponda dosyayı düzenle",":e[dit] file"],"icon":{"type":"file","path":"img/workingWithMultipleFiles.png"},"match":"edit a file in a new buffer Birden çok dosya ile çalışma :e[dit] file"},{"title":"Bir sonraki tampona geçer","subtitle":"Birden çok dosya ile çalışma ⎯  :bn[ext]","arg":["key code 53//keystroke \":bn\" & return","bir sonraki tampona geçer",":bn[ext]"],"icon":{"type":"file","path":"img/workingWithMultipleFiles.png"},"match":"go to the next buffer Birden çok dosya ile çalışma :bn[ext]"},{"title":"Bir önceki tampona geçer","subtitle":"Birden çok dosya ile çalışma ⎯  :bp[revious]","arg":["key code 53//keystroke \":bp\" & return","bir önceki tampona geçer",":bp[revious]"],"icon":{"type":"file","path":"img/workingWithMultipleFiles.png"},"match":"go to the previous buffer Birden çok dosya ile çalışma :bp[revious]"},{"title":"Tamponu siler ve dosyayı kapatır","subtitle":"Birden çok dosya ile çalışma ⎯  :bd[elete]","arg":["key code 53//keystroke \":bd\" & return","tamponu siler ve dosyayı kapatır",":bd[elete]"],"icon":{"type":"file","path":"img/workingWithMultipleFiles.png"},"match":"delete a buffer  Birden çok dosya ile çalışma :bd[elete]"},{"title":"Go to a buffer by #","subtitle":"Birden çok dosya ile çalışma ⎯  :b[uffer]#","arg":["key code 53//keystroke \":b#\"","go to a buffer by #",":b[uffer]#"],"icon":{"type":"file","path":"img/workingWithMultipleFiles.png"},"match":"go to a buffer by index # Birden çok dosya ile çalışma :b[uffer]#"},{"title":"Go to a buffer by file","subtitle":"Birden çok dosya ile çalışma ⎯  :b[uffer] file","arg":["key code 53//keystroke \":b\"//key code 49//keystroke \"file\"","go to a buffer by file",":b[uffer] file"],"icon":{"type":"file","path":"img/workingWithMultipleFiles.png"},"match":"go to a buffer by file Birden çok dosya ile çalışma :b[uffer] file"},{"title":"Tüm açık tamponları listeler","subtitle":"Birden çok dosya ile çalışma ⎯  :ls or :buffers","arg":["key code 53//keystroke \":ls\" & return","tüm açık tamponları listeler",":ls or :buffers"],"icon":{"type":"file","path":"img/workingWithMultipleFiles.png"},"match":"list all open buffers Birden çok dosya ile çalışma :ls or :buffers"},{"title":"Yeni tamponda dosya açar ve pencereyi böler","subtitle":"Birden çok dosya ile çalışma ⎯  :sp[lit] file","arg":["key code 53//keystroke \":sp\"//key code 49//keystroke \"file\"","yeni tamponda dosya açar ve pencereyi böler",":sp[lit] file"],"icon":{"type":"file","path":"img/workingWithMultipleFiles.png"},"match":"open a file in a new buffer and split window Birden çok dosya ile çalışma :sp[lit] file"},{"title":"Yeni tamponda dosya açar ve dikey olarak pencereyi böler","subtitle":"Birden çok dosya ile çalışma ⎯  :vs[plit] file","arg":["key code 53//keystroke \":vs\"//key code 49//keystroke \"file\"","yeni tamponda dosya açar ve dikey olarak pencereyi böler",":vs[plit] file"],"icon":{"type":"file","path":"img/workingWithMultipleFiles.png"},"match":"open a file in a new buffer and vertically split window Birden çok dosya ile çalışma :vs[plit] file"},{"title":"Edit all buffers as vertical windows","subtitle":"Birden çok dosya ile çalışma ⎯  :vert[ical] ba[ll]","arg":["key code 53//keystroke \":vert\"//key code 49//keystroke \"ba\" & return","edit all buffers as vertical windows",":vert[ical] ba[ll]"],"icon":{"type":"file","path":"img/workingWithMultipleFiles.png"},"match":"edit all buffers as vertical windows Birden çok dosya ile çalışma :vert[ical] ba[ll]"},{"title":"Edit all buffers as tabs","subtitle":"Birden çok dosya ile çalışma ⎯  :tab ba[ll]","arg":["key code 53//keystroke \":tab\"//key code 49//keystroke \"ba\" & return","edit all buffers as tabs",":tab ba[ll]"],"icon":{"type":"file","path":"img/workingWithMultipleFiles.png"},"match":"edit all buffers as tabs Birden çok dosya ile çalışma :tab ba[ll]"},{"title":"Pencereyi böler","subtitle":"Birden çok dosya ile çalışma ⎯  Ctrl+w s","arg":["key code 53//keystroke \"w\" using control down//keystroke \"s\"","pencereyi böler","Ctrl+w s"],"icon":{"type":"file","path":"img/workingWithMultipleFiles.png"},"match":"split window Birden çok dosya ile çalışma Ctrl+w s"},{"title":"Pencereyi dikey böler","subtitle":"Birden çok dosya ile çalışma ⎯  Ctrl+w v","arg":["key code 53//keystroke \"w\" using control down//keystroke \"v\"","pencereyi dikey böler","Ctrl+w v"],"icon":{"type":"file","path":"img/workingWithMultipleFiles.png"},"match":"split window vertically Birden çok dosya ile çalışma Ctrl+w v"},{"title":"Pencereyi değiştirir","subtitle":"Birden çok dosya ile çalışma ⎯  Ctrl+w w","arg":["key code 53//keystroke \"w\" using control down//keystroke \"w\"","pencereyi değiştirir","Ctrl+w w"],"icon":{"type":"file","path":"img/workingWithMultipleFiles.png"},"match":"switch windows Birden çok dosya ile çalışma Ctrl+w w"},{"title":"Pencereyi kapatır","subtitle":"Birden çok dosya ile çalışma ⎯  Ctrl+w q","arg":["key code 53//keystroke \"w\" using control down//keystroke \"q\"","pencereyi kapatır","Ctrl+w q"],"icon":{"type":"file","path":"img/workingWithMultipleFiles.png"},"match":"quit a window Birden çok dosya ile çalışma Ctrl+w q"},{"title":"Exchange current window with next one","subtitle":"Birden çok dosya ile çalışma ⎯  Ctrl+w x","arg":["key code 53//keystroke \"w\" using control down//keystroke \"x\"","exchange current window with next one","Ctrl+w x"],"icon":{"type":"file","path":"img/workingWithMultipleFiles.png"},"match":"exchange current window with next one Birden çok dosya ile çalışma Ctrl+w x"},{"title":"Make all windows equal height & width","subtitle":"Birden çok dosya ile çalışma ⎯  Ctrl+w =","arg":["key code 53//keystroke \"w\" using control down//keystroke \"=\"","make all windows equal height & width","Ctrl+w ="],"icon":{"type":"file","path":"img/workingWithMultipleFiles.png"},"match":"make all windows equal height & width Birden çok dosya ile çalışma Ctrl+w ="},{"title":"Imleci sol pencereye taşır ","subtitle":"Birden çok dosya ile çalışma ⎯  Ctrl+w h","arg":["key code 53//keystroke \"w\" using control down//keystroke \"h\"","imleci sol pencereye taşır ","Ctrl+w h"],"icon":{"type":"file","path":"img/workingWithMultipleFiles.png"},"match":"move cursor to the left window  Birden çok dosya ile çalışma Ctrl+w h"},{"title":"Imleci sağ pencereye taşır ","subtitle":"Birden çok dosya ile çalışma ⎯  Ctrl+w l","arg":["key code 53//keystroke \"w\" using control down//keystroke \"l\"","imleci sağ pencereye taşır ","Ctrl+w l"],"icon":{"type":"file","path":"img/workingWithMultipleFiles.png"},"match":"move cursor to the right window  Birden çok dosya ile çalışma Ctrl+w l"},{"title":"Imleci aşağı pencereye taşır ","subtitle":"Birden çok dosya ile çalışma ⎯  Ctrl+w j","arg":["key code 53//keystroke \"w\" using control down//keystroke \"j\"","imleci aşağı pencereye taşır ","Ctrl+w j"],"icon":{"type":"file","path":"img/workingWithMultipleFiles.png"},"match":"move cursor to the window below  Birden çok dosya ile çalışma Ctrl+w j"},{"title":"Imleci yukarı pencereye taşır ","subtitle":"Birden çok dosya ile çalışma ⎯  Ctrl+w k","arg":["key code 53//keystroke \"w\" using control down//keystroke \"k\"","imleci yukarı pencereye taşır ","Ctrl+w k"],"icon":{"type":"file","path":"img/workingWithMultipleFiles.png"},"match":"move cursor to the window above  Birden çok dosya ile çalışma Ctrl+w k"},{"title":"Make current window full height at far left ","subtitle":"Birden çok dosya ile çalışma ⎯  Ctrl+w H","arg":["key code 53//keystroke \"w\" using control down//keystroke \"H\"","make current window full height at far left ","Ctrl+w H"],"icon":{"type":"file","path":"img/workingWithMultipleFiles.png"},"match":"make current window full height at far left  Birden çok dosya ile çalışma Ctrl+w H"},{"title":"Make current window full height at far right ","subtitle":"Birden çok dosya ile çalışma ⎯  Ctrl+w L","arg":["key code 53//keystroke \"w\" using control down//keystroke \"L\"","make current window full height at far right ","Ctrl+w L"],"icon":{"type":"file","path":"img/workingWithMultipleFiles.png"},"match":"make current window full height at far right  Birden çok dosya ile çalışma Ctrl+w L"},{"title":"Make current window full width at the very bottom ","subtitle":"Birden çok dosya ile çalışma ⎯  Ctrl+w J","arg":["key code 53//keystroke \"w\" using control down//keystroke \"J\"","make current window full width at the very bottom ","Ctrl+w J"],"icon":{"type":"file","path":"img/workingWithMultipleFiles.png"},"match":"make current window full width at the very bottom  Birden çok dosya ile çalışma Ctrl+w J"},{"title":"Make current window full width at the very top ","subtitle":"Birden çok dosya ile çalışma ⎯  Ctrl+w K","arg":["key code 53//keystroke \"w\" using control down//keystroke \"K\"","make current window full width at the very top ","Ctrl+w K"],"icon":{"type":"file","path":"img/workingWithMultipleFiles.png"},"match":"make current window full width at the very top  Birden çok dosya ile çalışma Ctrl+w K"},{"title":"Manually define a fold up to motion","subtitle":"Diff ⎯  zf","arg":["key code 53//keystroke \"zf\"","manually define a fold up to motion","zf"],"icon":{"type":"file","path":"img/diff.png"},"match":"manually define a fold up to motion Diff zf"},{"title":"Delete fold under the cursor","subtitle":"Diff ⎯  zd","arg":["key code 53//keystroke \"zd\"","delete fold under the cursor","zd"],"icon":{"type":"file","path":"img/diff.png"},"match":"delete fold under the cursor Diff zd"},{"title":"Toggle fold under the cursor","subtitle":"Diff ⎯  za","arg":["key code 53//keystroke \"za\"","toggle fold under the cursor","za"],"icon":{"type":"file","path":"img/diff.png"},"match":"toggle fold under the cursor Diff za"},{"title":"Open fold under the cursor","subtitle":"Diff ⎯  zo","arg":["key code 53//keystroke \"zo\"","open fold under the cursor","zo"],"icon":{"type":"file","path":"img/diff.png"},"match":"open fold under the cursor Diff zo"},{"title":"Close fold under the cursor","subtitle":"Diff ⎯  zc","arg":["key code 53//keystroke \"zc\"","close fold under the cursor","zc"],"icon":{"type":"file","path":"img/diff.png"},"match":"close fold under the cursor Diff zc"},{"title":"Reduce  all folds by one level","subtitle":"Diff ⎯  zr","arg":["key code 53//keystroke \"zr\"","reduce  all folds by one level","zr"],"icon":{"type":"file","path":"img/diff.png"},"match":"reduce  all folds by one level Diff zr"},{"title":"Fold more  all folds by one level","subtitle":"Diff ⎯  zm","arg":["key code 53//keystroke \"zm\"","fold more  all folds by one level","zm"],"icon":{"type":"file","path":"img/diff.png"},"match":"fold more  all folds by one level Diff zm"},{"title":"Toggle folding functionality","subtitle":"Diff ⎯  zi","arg":["key code 53//keystroke \"zi\"","toggle folding functionality","zi"],"icon":{"type":"file","path":"img/diff.png"},"match":"toggle folding functionality Diff zi"},{"title":"Jump to start of next change","subtitle":"Diff ⎯  ]c","arg":["key code 53//keystroke \"]c\"","jump to start of next change","]c"],"icon":{"type":"file","path":"img/diff.png"},"match":"jump to start of next change Diff ]c"},{"title":"Jump to start of previous change","subtitle":"Diff ⎯  [c","arg":["key code 53//keystroke \"[c\"","jump to start of previous change","[c"],"icon":{"type":"file","path":"img/diff.png"},"match":"jump to start of previous change Diff [c"},{"title":"Obtain  difference ","subtitle":"Diff ⎯  do or :diffg[et]","arg":["key code 53//keystroke \"do\"","obtain  difference ","do or :diffg[et]"],"icon":{"type":"file","path":"img/diff.png"},"match":"obtain  difference  Diff do or :diffg[et]"},{"title":"Put difference ","subtitle":"Diff ⎯  dp or :diffpu[t]","arg":["key code 53//keystroke \"dp\"","put difference ","dp or :diffpu[t]"],"icon":{"type":"file","path":"img/diff.png"},"match":"put difference  Diff dp or :diffpu[t]"},{"title":"Make current window part of diff","subtitle":"Diff ⎯  :diffthis","arg":["key code 53//keystroke \":diffthis\" & return","make current window part of diff",":diffthis"],"icon":{"type":"file","path":"img/diff.png"},"match":"make current window part of diff Diff :diffthis"},{"title":"Update differences","subtitle":"Diff ⎯  :dif[fupdate]","arg":["key code 53//keystroke \":dif\" & return","update differences",":dif[fupdate]"],"icon":{"type":"file","path":"img/diff.png"},"match":"update differences Diff :dif[fupdate]"},{"title":"Switch off diff mode for current window","subtitle":"Diff ⎯  :diffo[ff]","arg":["key code 53//keystroke \":diffo\" & return","switch off diff mode for current window",":diffo[ff]"],"icon":{"type":"file","path":"img/diff.png"},"match":"switch off diff mode for current window Diff :diffo[ff]"},{"title":"Turn on us english spell checking","subtitle":"Spell checking ⎯  :set spell spelllang=en_us","arg":["key code 53//keystroke \":set\"//key code 49//keystroke \"spell\"//key code 49//keystroke \"spelllang=en_us\" & return","Turn on US English spell checking",":set spell spelllang=en_us"],"icon":{"type":"file","path":"img/spell.png"},"match":"Turn on US English spell checking Spell checking :set spell spelllang=en_us"},{"title":"Turn off spell checking","subtitle":"Spell checking ⎯  :set nospell","arg":["key code 53//keystroke \":set\"//key code 49//keystroke \"nospell\" & return","Turn off spell checking",":set nospell"],"icon":{"type":"file","path":"img/spell.png"},"match":"Turn off spell checking Spell checking :set nospell"},{"title":"Move to next misspelled word after the cursor","subtitle":"Spell checking ⎯  ]s","arg":["key code 53//keystroke \"]s\"","Move to next misspelled word after the cursor","]s"],"icon":{"type":"file","path":"img/spell.png"},"match":"Move to next misspelled word after the cursor Spell checking ]s"},{"title":"Move to previous misspelled word before the cursor","subtitle":"Spell checking ⎯  [s","arg":["key code 53//keystroke \"[s\"","Move to previous misspelled word before the cursor","[s"],"icon":{"type":"file","path":"img/spell.png"},"match":"Move to previous misspelled word before the cursor Spell checking [s"},{"title":"Suggest spellings for the word under/after the cursor","subtitle":"Spell checking ⎯  z=","arg":["key code 53//keystroke \"z=\"","Suggest spellings for the word under/after the cursor","z="],"icon":{"type":"file","path":"img/spell.png"},"match":"Suggest spellings for the word under/after the cursor Spell checking z="},{"title":"Add word to spell list","subtitle":"Spell checking ⎯  zg","arg":["key code 53//keystroke \"zg\"","Add word to spell list","zg"],"icon":{"type":"file","path":"img/spell.png"},"match":"Add word to spell list Spell checking zg"},{"title":"Mark word as bad/mispelling","subtitle":"Spell checking ⎯  zw","arg":["key code 53//keystroke \"zw\"","Mark word as bad/mispelling","zw"],"icon":{"type":"file","path":"img/spell.png"},"match":"Mark word as bad/mispelling Spell checking zw"},{"title":"Suggest words for bad word under cursor from spell file","subtitle":"Spell checking ⎯  zu","arg":["key code 53//keystroke \"zu\"","Suggest words for bad word under cursor from spell file","zu"],"icon":{"type":"file","path":"img/spell.png"},"match":"Suggest words for bad word under cursor from spell file Spell checking zu"},{"title":"Increment number","subtitle":"Miscellaneous ⎯  Ctrl+a","arg":["key code 53//keystroke \"a\" using control down","Increment number","Ctrl+a"],"icon":{"type":"file","path":"img/misc.png"},"match":"Increment number Miscellaneous Ctrl+a"},{"title":"Decrement number","subtitle":"Miscellaneous ⎯  Ctrl+x","arg":["key code 53//keystroke \"x\" using control down","Decrement number","Ctrl+x"],"icon":{"type":"file","path":"img/misc.png"},"match":"Decrement number Miscellaneous Ctrl+x"},{"title":"Re-select last selected block of text","subtitle":"Miscellaneous ⎯  gv","arg":["key code 53//keystroke \"gv\"","Re-select last selected block of text","gv"],"icon":{"type":"file","path":"img/misc.png"},"match":"Re-select last selected block of text Miscellaneous gv"},{"title":"Insert the result of an expression at the cursor","subtitle":"Miscellaneous ⎯  Ctrl+r =","arg":["key code 53//keystroke \"r\" using control down//keystroke \"=\"","Insert the result of an expression at the cursor","Ctrl+r ="],"icon":{"type":"file","path":"img/misc.png"},"match":"Insert the result of an expression at the cursor Miscellaneous Ctrl+r ="},{"title":"Change file encoding to utf-8","subtitle":"Miscellaneous ⎯  set fenc=UTF-8","arg":["key code 53//keystroke \"set\"//key code 49//keystroke \"fenc=UTF-8\"","Change file encoding to UTF-8","set fenc=UTF-8"],"icon":{"type":"file","path":"img/misc.png"},"match":"Change file encoding to UTF-8 Miscellaneous set fenc=UTF-8"},{"title":"Escape next character","subtitle":"Regex ⎯  \\","arg":["keystroke \"\\\\\"","Escape next character","\\"],"icon":{"type":"file","path":"img/regex.png"},"match":"Escape next character Regex \\"},{"title":"Start-of­-line","subtitle":"Regex ⎯  ^","arg":["keystroke \"^\"","Start-of­-line","^"],"icon":{"type":"file","path":"img/regex.png"},"match":"Start-of­-line Regex ^"},{"title":"End-of-­line","subtitle":"Regex ⎯  $","arg":["keystroke \"$\"","End-of-­line","$"],"icon":{"type":"file","path":"img/regex.png"},"match":"End-of-­line Regex $"},{"title":"Any char","subtitle":"Regex ⎯  .","arg":["keystroke \".\"","Any char","."],"icon":{"type":"file","path":"img/regex.png"},"match":"Any char Regex ."},{"title":"0 or more quantifier","subtitle":"Regex ⎯  *","arg":["keystroke \"*\"","0 or more quantifier","*"],"icon":{"type":"file","path":"img/regex.png"},"match":"0 or more quantifier Regex *"},{"title":"Match last given substitute string","subtitle":"Regex ⎯  ~","arg":["keystroke \"\"~","Match last given substitute string","~"],"icon":{"type":"file","path":"img/regex.png"},"match":"Match last given substitute string Regex ~"},{"title":"Match range","subtitle":"Regex ⎯  [...]","arg":["keystroke \"[...]\"","Match range","[...]"],"icon":{"type":"file","path":"img/regex.png"},"match":"Match range Regex [...]"},{"title":"Not range","subtitle":"Regex ⎯  [^...]","arg":["keystroke \"[^...]\"","Not range","[^...]"],"icon":{"type":"file","path":"img/regex.png"},"match":"Not range Regex [^...]"},{"title":"In replacement: insert <pattern>","subtitle":"Regex ⎯  &","arg":["keystroke \"&\"","In replacement: insert <pattern>","&"],"icon":{"type":"file","path":"img/regex.png"},"match":"In replacement: insert <pattern> Regex &"},{"title":"Beginning of a word","subtitle":"Regex ⎯  \\<","arg":["keystroke \"\\\\<\"","Beginning of a word","\\<"],"icon":{"type":"file","path":"img/regex.png"},"match":"Beginning of a word Regex \\<"},{"title":"End of word","subtitle":"Regex ⎯  \\>","arg":["keystroke \"\\\\>\"","End of word","\\>"],"icon":{"type":"file","path":"img/regex.png"},"match":"End of word Regex \\>"},{"title":"Group","subtitle":"Regex ⎯  \\(...\\)","arg":["keystroke \"\\\\(...\\\\)\"","Group","\\(...\\)"],"icon":{"type":"file","path":"img/regex.png"},"match":"Group Regex \\(...\\)"},{"title":"Separate alternative","subtitle":"Regex ⎯  \\|","arg":["keystroke \"\\\\|\"","Separate alternative","\\|"],"icon":{"type":"file","path":"img/regex.png"},"match":"Separate alternative Regex \\|"},{"title":"Any single char or end-of­line","subtitle":"Regex ⎯  \\_.","arg":["keystroke \"\\\\_.\"","Any single char or end-of­line","\\_."],"icon":{"type":"file","path":"img/regex.png"},"match":"Any single char or end-of­line Regex \\_."},{"title":"1 or more quantifier","subtitle":"Regex ⎯  \\+","arg":["keystroke \"\\\\+\"","1 or more quantifier","\\+"],"icon":{"type":"file","path":"img/regex.png"},"match":"1 or more quantifier Regex \\+"},{"title":"0 or 1 quantifier","subtitle":"Regex ⎯  \\=","arg":["keystroke \"\\\\=\"","0 or 1 quantifier","\\="],"icon":{"type":"file","path":"img/regex.png"},"match":"0 or 1 quantifier Regex \\="},{"title":"0 or 1 quantifier","subtitle":"Regex ⎯  \\?","arg":["keystroke \"\\\\?\"","0 or 1 quantifier","\\?"],"icon":{"type":"file","path":"img/regex.png"},"match":"0 or 1 quantifier Regex \\?"},{"title":"N to m quantifier","subtitle":"Regex ⎯  \\{n,m}","arg":["keystroke \"\\\\{n,m}\"","n to m quantifier","\\{n,m}"],"icon":{"type":"file","path":"img/regex.png"},"match":"n to m quantifier Regex \\{n,m}"},{"title":"N quantifier","subtitle":"Regex ⎯  \\{n}","arg":["keystroke \"\\\\{n}\"","n quantifier","\\{n}"],"icon":{"type":"file","path":"img/regex.png"},"match":"n quantifier Regex \\{n}"},{"title":"At least n quantifier","subtitle":"Regex ⎯  \\{n,}","arg":["keystroke \"\"\\\\{n,}","at least n quantifier","\\{n,}"],"icon":{"type":"file","path":"img/regex.png"},"match":"at least n quantifier Regex \\{n,}"},{"title":"0 to m quantifier","subtitle":"Regex ⎯  \\{,m}","arg":["keystroke \"\\\\{,}\"","0 to m quantifier","\\{,m}"],"icon":{"type":"file","path":"img/regex.png"},"match":"0 to m quantifier Regex \\{,m}"},{"title":"Delete all lines matching pattern","subtitle":"Regex ⎯  :%g/<pa­tte­rn>/d","arg":["key code 53//keystroke \":%g/<pa­tte­r/d\"","delete all lines matching pattern",":%g/<pa­tte­rn>/d"],"icon":{"type":"file","path":"img/regex.png"},"match":"delete all lines matching pattern Regex :%g/<pa­tte­rn>/d"},{"title":"Delete all lines not matching <pattern>","subtitle":"Regex ⎯  :%v/<pa­tte­rn>/d","arg":["key code 53//keystroke \":%v/<pa­tte­r/d\"","delete all lines NOT matching <pattern>",":%v/<pa­tte­rn>/d"],"icon":{"type":"file","path":"img/regex.png"},"match":"delete all lines NOT matching <pattern> Regex :%v/<pa­tte­rn>/d"},{"title":"Delete empty lines","subtitle":"Regex ⎯  :%s/^.*$\\n//","arg":["key code 53//keystroke \":%s/^.*$\\\\n//\"","delete empty lines",":%s/^.*$\\n//"],"icon":{"type":"file","path":"img/regex.png"},"match":"delete empty lines Regex :%s/^.*$\\n//"},{"title":"Replace <pattern> by 'new <pattern>'","subtitle":"Regex ⎯  :s/<pattern>/new &/","arg":["key code 53//keystroke \":%s/<pattern>/new &/\"","Replace <pattern> by 'new <pattern>'",":s/<pattern>/new &/"],"icon":{"type":"file","path":"img/regex.png"},"match":"Replace <pattern> by 'new <pattern>' Regex :s/<pattern>/new &/"},{"title":"Replace <pattern> by content of register","subtitle":"Regex ⎯  :s/<pattern>/\\=@a/","arg":["key code 53//keystroke \":%s/<pattern>/\\\\=@a/\"","Replace <pattern> by content of register",":s/<pattern>/\\=@a/"],"icon":{"type":"file","path":"img/regex.png"},"match":"Replace <pattern> by content of register Regex :s/<pattern>/\\=@a/"},{"title":"Count number of occurrence of <pattern>","subtitle":"Regex ⎯  :s/<pattern>//gn","arg":["key code 53//keystroke \":%s/<pattern>//gn\"","Count number of occurrence of <pattern>",":s/<pattern>//gn"],"icon":{"type":"file","path":"img/regex.png"},"match":"Count number of occurrence of <pattern> Regex :s/<pattern>//gn"},{"title":"Match start","subtitle":"Regex ⎯  \\zs","arg":["keystroke \"\\\\zs\"","Match start","\\zs"],"icon":{"type":"file","path":"img/regex.png"},"match":"Match start Regex \\zs"},{"title":"Match end","subtitle":"Regex ⎯  \\ze","arg":["keystroke \"\\\\ze\"","Match end","\\ze"],"icon":{"type":"file","path":"img/regex.png"},"match":"Match end Regex \\ze"},{"title":"Positive look behind to find <pattern>","subtitle":"Regex ⎯  <atom>\\@<=<pattern>","arg":["keystroke \"<atom>\\\\@<=<pattern>\"","Positive look behind to find <pattern>","<atom>\\@<=<pattern>"],"icon":{"type":"file","path":"img/regex.png"},"match":"Positive look behind to find <pattern> Regex <atom>\\@<=<pattern>"},{"title":"Positive look ahead to find <pattern>","subtitle":"Regex ⎯  <pattern><atom>\\@=","arg":["keystroke \"<pattern><atom>\\\\@=\"","Positive look ahead to find <pattern>","<pattern><atom>\\@="],"icon":{"type":"file","path":"img/regex.png"},"match":"Positive look ahead to find <pattern> Regex <pattern><atom>\\@="},{"title":"Negative look behind to find <pattern>","subtitle":"Regex ⎯  <atom>\\@<!<pattern>","arg":["keystroke \"<atom>\\\\@<!<pattern>\"","Negative look behind to find <pattern>","<atom>\\@<!<pattern>"],"icon":{"type":"file","path":"img/regex.png"},"match":"Negative look behind to find <pattern> Regex <atom>\\@<!<pattern>"},{"title":"Negative look ahead to find <pattern>","subtitle":"Regex ⎯  <pattern><atom>\\@!","arg":["keystroke \"<pattern><atom>\\\\@!\"","Negative look ahead to find <pattern>","<pattern><atom>\\@!"],"icon":{"type":"file","path":"img/regex.png"},"match":"Negative look ahead to find <pattern> Regex <pattern><atom>\\@!"},{"title":"Non-greedy 0 or more quantifier","subtitle":"Regex ⎯  \\{-}","arg":["keystroke \"\\\\{-}\"","Non-greedy 0 or more quantifier","\\{-}"],"icon":{"type":"file","path":"img/regex.png"},"match":"Non-greedy 0 or more quantifier Regex \\{-}"}]}