{"items":[{"title":"Open help for keyword","subtitle":"Global ⎯  :h[elp] keyword","arg":["key code 53//keystroke \":h\"//key code 49//keystroke \"keyword\"","open help for keyword",":h[elp] keyword"],"icon":{"type":"file","path":"img/global.png"},"match":"open help for keyword Global :h[elp] keyword"},{"title":"Save file as","subtitle":"Global ⎯  :sav[eas] file","arg":["key code 53//keystroke \":sav\"//key code 49//keystroke \"file\"","save file as",":sav[eas] file"],"icon":{"type":"file","path":"img/global.png"},"match":"save file as Global :sav[eas] file"},{"title":"Close current pane","subtitle":"Global ⎯  :clo[se]","arg":["key code 53//keystroke \":clo\" & return","close current pane",":clo[se]"],"icon":{"type":"file","path":"img/global.png"},"match":"close current pane Global :clo[se]"},{"title":"Open a terminal window","subtitle":"Global ⎯  :ter[minal]","arg":["key code 53//keystroke \":ter\" & return","open a terminal window",":ter[minal]"],"icon":{"type":"file","path":"img/global.png"},"match":"open a terminal window Global :ter[minal]"},{"title":"Open man page for word under the cursor","subtitle":"Global ⎯  K","arg":["key code 53//keystroke \"K\"","open man page for word under the cursor","K"],"icon":{"type":"file","path":"img/global.png"},"match":"open man page for word under the cursor Global K"},{"title":"Перемістити курсор ліворуч","subtitle":"Переміщення курсору ⎯  h","arg":["key code 53//keystroke \"h\"","перемістити курсор ліворуч","h"],"icon":{"type":"file","path":"img/cursorMovement.png"},"match":"move cursor left Переміщення курсору h"},{"title":"Перемістити курсор вниз","subtitle":"Переміщення курсору ⎯  j","arg":["key code 53//keystroke \"j\"","перемістити курсор вниз","j"],"icon":{"type":"file","path":"img/cursorMovement.png"},"match":"move cursor down Переміщення курсору j"},{"title":"Перемістити курсор вгору","subtitle":"Переміщення курсору ⎯  k","arg":["key code 53//keystroke \"k\"","перемістити курсор вгору","k"],"icon":{"type":"file","path":"img/cursorMovement.png"},"match":"move cursor up Переміщення курсору k"},{"title":"Перемістити курсор праворуч","subtitle":"Переміщення курсору ⎯  l","arg":["key code 53//keystroke \"l\"","перемістити курсор праворуч","l"],"icon":{"type":"file","path":"img/cursorMovement.png"},"match":"move cursor right Переміщення курсору l"},{"title":"Move cursor down ","subtitle":"Переміщення курсору ⎯  gj","arg":["key code 53//keystroke \"gj\"","move cursor down ","gj"],"icon":{"type":"file","path":"img/cursorMovement.png"},"match":"move cursor down  Переміщення курсору gj"},{"title":"Move cursor up ","subtitle":"Переміщення курсору ⎯  gk","arg":["key code 53//keystroke \"gk\"","move cursor up ","gk"],"icon":{"type":"file","path":"img/cursorMovement.png"},"match":"move cursor up  Переміщення курсору gk"},{"title":"Переміститись на початок екрану","subtitle":"Переміщення курсору ⎯  H","arg":["key code 53//keystroke \"H\"","переміститись на початок екрану","H"],"icon":{"type":"file","path":"img/cursorMovement.png"},"match":"move to top of screen Переміщення курсору H"},{"title":"Переміститись на середину екрану","subtitle":"Переміщення курсору ⎯  M","arg":["key code 53//keystroke \"M\"","переміститись на середину екрану","M"],"icon":{"type":"file","path":"img/cursorMovement.png"},"match":"move to middle of screen Переміщення курсору M"},{"title":"Переміститись на кінець екрану","subtitle":"Переміщення курсору ⎯  L","arg":["key code 53//keystroke \"L\"","переміститись на кінець екрану","L"],"icon":{"type":"file","path":"img/cursorMovement.png"},"match":"move to bottom of screen Переміщення курсору L"},{"title":"Переміститись вперед на початок слова","subtitle":"Переміщення курсору ⎯  w","arg":["key code 53//keystroke \"w\"","переміститись вперед на початок слова","w"],"icon":{"type":"file","path":"img/cursorMovement.png"},"match":"jump forwards to the start of a word Переміщення курсору w"},{"title":"Переміститись вперед на початок слова ","subtitle":"Переміщення курсору ⎯  W","arg":["key code 53//keystroke \"W\"","переміститись вперед на початок слова ","W"],"icon":{"type":"file","path":"img/cursorMovement.png"},"match":"jump forwards to the start of a word  Переміщення курсору W"},{"title":"Переміститись вперед на кінець слова","subtitle":"Переміщення курсору ⎯  e","arg":["key code 53//keystroke \"e\"","переміститись вперед на кінець слова","e"],"icon":{"type":"file","path":"img/cursorMovement.png"},"match":"jump forwards to the end of a word Переміщення курсору e"},{"title":"Переміститись вперед на кінець слова ","subtitle":"Переміщення курсору ⎯  E","arg":["key code 53//keystroke \"E\"","переміститись вперед на кінець слова ","E"],"icon":{"type":"file","path":"img/cursorMovement.png"},"match":"jump forwards to the end of a word  Переміщення курсору E"},{"title":"Переміститись назад на початок слова","subtitle":"Переміщення курсору ⎯  b","arg":["key code 53//keystroke \"b\"","переміститись назад на початок слова","b"],"icon":{"type":"file","path":"img/cursorMovement.png"},"match":"jump backwards to the start of a word Переміщення курсору b"},{"title":"Переміститись назад на початок слова ","subtitle":"Переміщення курсору ⎯  B","arg":["key code 53//keystroke \"B\"","переміститись назад на початок слова ","B"],"icon":{"type":"file","path":"img/cursorMovement.png"},"match":"jump backwards to the start of a word  Переміщення курсору B"},{"title":"Jump backwards to the end of a word","subtitle":"Переміщення курсору ⎯  ge","arg":["key code 53//keystroke \"ge\"","jump backwards to the end of a word","ge"],"icon":{"type":"file","path":"img/cursorMovement.png"},"match":"jump backwards to the end of a word Переміщення курсору ge"},{"title":"Jump backwards to the end of a word ","subtitle":"Переміщення курсору ⎯  gE","arg":["key code 53//keystroke \"gE\"","jump backwards to the end of a word ","gE"],"icon":{"type":"file","path":"img/cursorMovement.png"},"match":"jump backwards to the end of a word  Переміщення курсору gE"},{"title":"Переміститись до відповідного символа ","subtitle":"Переміщення курсору ⎯  %","arg":["key code 53//keystroke \"%\"","переміститись до відповідного символа ","%"],"icon":{"type":"file","path":"img/cursorMovement.png"},"match":"move to matching character  Переміщення курсору %"},{"title":"Переміститись на початок рядка","subtitle":"Переміщення курсору ⎯  0","arg":["key code 53//keystroke \"0\"","переміститись на початок рядка","0"],"icon":{"type":"file","path":"img/cursorMovement.png"},"match":"jump to the start of the line Переміщення курсору 0"},{"title":"Переміститись на перший непробільний символ рядка","subtitle":"Переміщення курсору ⎯  ^","arg":["key code 53//keystroke \"^\"","переміститись на перший непробільний символ рядка","^"],"icon":{"type":"file","path":"img/cursorMovement.png"},"match":"jump to the first non-blank character of the line Переміщення курсору ^"},{"title":"Переміститись в кінець рядка","subtitle":"Переміщення курсору ⎯  $","arg":["key code 53//keystroke \"$\"","переміститись в кінець рядка","$"],"icon":{"type":"file","path":"img/cursorMovement.png"},"match":"jump to the end of the line Переміщення курсору $"},{"title":"Переміститись на останній не пробільний символ рядка","subtitle":"Переміщення курсору ⎯  g_","arg":["key code 53//keystroke \"g_\"","переміститись на останній не пробільний символ рядка","g_"],"icon":{"type":"file","path":"img/cursorMovement.png"},"match":"jump to the last non-blank character of the line Переміщення курсору g_"},{"title":"Переміститись на перший рядок документа","subtitle":"Переміщення курсору ⎯  gg","arg":["key code 53//keystroke \"gg\"","переміститись на перший рядок документа","gg"],"icon":{"type":"file","path":"img/cursorMovement.png"},"match":"go to the first line of the document Переміщення курсору gg"},{"title":"Переміститись на останній рядок документа","subtitle":"Переміщення курсору ⎯  G","arg":["key code 53//keystroke \"G\"","переміститись на останній рядок документа","G"],"icon":{"type":"file","path":"img/cursorMovement.png"},"match":"go to the last line of the document Переміщення курсору G"},{"title":"Перемістити на п'ятий рядок","subtitle":"Переміщення курсору ⎯  5gg or 5G","arg":["key code 53//keystroke \"5gg\"","перемістити на п'ятий рядок","5gg or 5G"],"icon":{"type":"file","path":"img/cursorMovement.png"},"match":"go to line 5 Переміщення курсору 5gg or 5G"},{"title":"Move to local declaration","subtitle":"Переміщення курсору ⎯  gd","arg":["key code 53//keystroke \"gd\"","move to local declaration","gd"],"icon":{"type":"file","path":"img/cursorMovement.png"},"match":"move to local declaration Переміщення курсору gd"},{"title":"Move to global declaration","subtitle":"Переміщення курсору ⎯  gD","arg":["key code 53//keystroke \"gD\"","move to global declaration","gD"],"icon":{"type":"file","path":"img/cursorMovement.png"},"match":"move to global declaration Переміщення курсору gD"},{"title":"Перемістись на наступний символ x","subtitle":"Переміщення курсору ⎯  fx","arg":["key code 53//keystroke \"fx\"","перемістись на наступний символ x","fx"],"icon":{"type":"file","path":"img/cursorMovement.png"},"match":"jump to next occurrence of character x Переміщення курсору fx"},{"title":"Перемітистись до наступного символа x","subtitle":"Переміщення курсору ⎯  tx","arg":["key code 53//keystroke \"tx\"","перемітистись до наступного символа x","tx"],"icon":{"type":"file","path":"img/cursorMovement.png"},"match":"jump to before next occurrence of character x Переміщення курсору tx"},{"title":"Переміститись на попередній символ x","subtitle":"Переміщення курсору ⎯  Fx","arg":["key code 53//keystroke \"Fx\"","переміститись на попередній символ x","Fx"],"icon":{"type":"file","path":"img/cursorMovement.png"},"match":"jump to the previous occurrence of character x Переміщення курсору Fx"},{"title":"Переміститись на наступний символ, що за поперднім символом х","subtitle":"Переміщення курсору ⎯  Tx","arg":["key code 53//keystroke \"Tx\"","переміститись на наступний символ, що за поперднім символом х","Tx"],"icon":{"type":"file","path":"img/cursorMovement.png"},"match":"jump to after previous occurrence of character x Переміщення курсору Tx"},{"title":"Повторити попердні f, t, f чи t переміщення","subtitle":"Переміщення курсору ⎯  ;","arg":["key code 53//keystroke \";\"","повторити попердні f, t, F чи T переміщення",";"],"icon":{"type":"file","path":"img/cursorMovement.png"},"match":"repeat previous f, t, F or T movement Переміщення курсору ;"},{"title":"Поавторити попередні f, t, f чи t переміщення, в зворотньому порядку","subtitle":"Переміщення курсору ⎯  ,","arg":["key code 53//keystroke \",\"","поавторити попередні f, t, F чи T переміщення, в зворотньому порядку",","],"icon":{"type":"file","path":"img/cursorMovement.png"},"match":"repeat previous f, t, F or T movement, backwards Переміщення курсору ,"},{"title":"Переміститись до наступного параграфа ","subtitle":"Переміщення курсору ⎯  }","arg":["key code 53//keystroke \"}\"","переміститись до наступного параграфа ","}"],"icon":{"type":"file","path":"img/cursorMovement.png"},"match":"jump to next paragraph  Переміщення курсору }"},{"title":"Переміститись до попереднього параграфа ","subtitle":"Переміщення курсору ⎯  {","arg":["key code 53//keystroke \"{\"","переміститись до попереднього параграфа ","{"],"icon":{"type":"file","path":"img/cursorMovement.png"},"match":"jump to previous paragraph  Переміщення курсору {"},{"title":"Центрувати курсор на екрані","subtitle":"Переміщення курсору ⎯  zz","arg":["key code 53//keystroke \"zz\"","центрувати курсор на екрані","zz"],"icon":{"type":"file","path":"img/cursorMovement.png"},"match":"center cursor on screen Переміщення курсору zz"},{"title":"Підняти видимий вміст екрану на один рядок ","subtitle":"Переміщення курсору ⎯  Ctrl+e","arg":["key code 53//keystroke \"e\" using control down","підняти видимий вміст екрану на один рядок ","Ctrl+e"],"icon":{"type":"file","path":"img/cursorMovement.png"},"match":"move screen down one line  Переміщення курсору Ctrl+e"},{"title":"Опустити видивий вміст екрану на один рядок ","subtitle":"Переміщення курсору ⎯  Ctrl+y","arg":["key code 53//keystroke \"y\" using control down","опустити видивий вміст екрану на один рядок ","Ctrl+y"],"icon":{"type":"file","path":"img/cursorMovement.png"},"match":"move screen up one line  Переміщення курсору Ctrl+y"},{"title":"Переміститись назад на один екрана","subtitle":"Переміщення курсору ⎯  Ctrl+b","arg":["key code 53//keystroke \"b\" using control down","переміститись назад на один екрана","Ctrl+b"],"icon":{"type":"file","path":"img/cursorMovement.png"},"match":"move back one full screen Переміщення курсору Ctrl+b"},{"title":"Переміститись на один екран вперед","subtitle":"Переміщення курсору ⎯  Ctrl+f","arg":["key code 53//keystroke \"f\" using control down","переміститись на один екран вперед","Ctrl+f"],"icon":{"type":"file","path":"img/cursorMovement.png"},"match":"move forward one full screen Переміщення курсору Ctrl+f"},{"title":"Переміститись надаз на пів екрана","subtitle":"Переміщення курсору ⎯  Ctrl+u","arg":["key code 53//keystroke \"u\" using control down","переміститись надаз на пів екрана","Ctrl+u"],"icon":{"type":"file","path":"img/cursorMovement.png"},"match":"move back 1/2 a screen Переміщення курсору Ctrl+u"},{"title":"Переміститись вперед на пів екрана","subtitle":"Переміщення курсору ⎯  Ctrl+d","arg":["key code 53//keystroke \"d\" using control down","переміститись вперед на пів екрана","Ctrl+d"],"icon":{"type":"file","path":"img/cursorMovement.png"},"match":"move forward 1/2 a screen Переміщення курсору Ctrl+d"},{"title":"Вставка перед курсором","subtitle":"Режим вставки - вставка/додавання тексту ⎯  i","arg":["key code 53//keystroke \"i\"","вставка перед курсором","i"],"icon":{"type":"file","path":"img/insertMode.png"},"match":"insert before the cursor Режим вставки - вставка/додавання тексту i"},{"title":"Вставка на початку рядка","subtitle":"Режим вставки - вставка/додавання тексту ⎯  I","arg":["key code 53//keystroke \"I\"","вставка на початку рядка","I"],"icon":{"type":"file","path":"img/insertMode.png"},"match":"insert at the beginning of the line Режим вставки - вставка/додавання тексту I"},{"title":"Вставка  після курсору","subtitle":"Режим вставки - вставка/додавання тексту ⎯  a","arg":["key code 53//keystroke \"a\"","вставка  після курсору","a"],"icon":{"type":"file","path":"img/insertMode.png"},"match":"insert  after the cursor Режим вставки - вставка/додавання тексту a"},{"title":"Вставка  у кінець рядка","subtitle":"Режим вставки - вставка/додавання тексту ⎯  A","arg":["key code 53//keystroke \"A\"","вставка  у кінець рядка","A"],"icon":{"type":"file","path":"img/insertMode.png"},"match":"insert  at the end of the line Режим вставки - вставка/додавання тексту A"},{"title":"Додавання нового рядка під поточним","subtitle":"Режим вставки - вставка/додавання тексту ⎯  o","arg":["key code 53//keystroke \"o\"","додавання нового рядка під поточним","o"],"icon":{"type":"file","path":"img/insertMode.png"},"match":"append  a new line below the current line Режим вставки - вставка/додавання тексту o"},{"title":"Додавання нового рядка над поточним","subtitle":"Режим вставки - вставка/додавання тексту ⎯  O","arg":["key code 53//keystroke \"O\"","додавання нового рядка над поточним","O"],"icon":{"type":"file","path":"img/insertMode.png"},"match":"append  a new line above the current line Режим вставки - вставка/додавання тексту O"},{"title":"Вставка  в кінці слова","subtitle":"Режим вставки - вставка/додавання тексту ⎯  ea","arg":["key code 53//keystroke \"ea\"","вставка  в кінці слова","ea"],"icon":{"type":"file","path":"img/insertMode.png"},"match":"insert  at the end of the word Режим вставки - вставка/додавання тексту ea"},{"title":"Видалення символа перед курсором в режимі введення тексту","subtitle":"Режим вставки - вставка/додавання тексту ⎯  Ctrl+h","arg":["keystroke \"h\" using control down","видалення символа перед курсором в режимі введення тексту","Ctrl+h"],"icon":{"type":"file","path":"img/insertMode.png"},"match":"delete the character before the cursor during insert mode Режим вставки - вставка/додавання тексту Ctrl+h"},{"title":"Видалення слова перед курсором в режимі введення тексту","subtitle":"Режим вставки - вставка/додавання тексту ⎯  Ctrl+w","arg":["keystroke \"w\" using control down","видалення слова перед курсором в режимі введення тексту","Ctrl+w"],"icon":{"type":"file","path":"img/insertMode.png"},"match":"delete word before the cursor during insert mode Режим вставки - вставка/додавання тексту Ctrl+w"},{"title":"Перехід на новий рядок в режимі введення тексту","subtitle":"Режим вставки - вставка/додавання тексту ⎯  Ctrl+j","arg":["keystroke \"j\" using control down","перехід на новий рядок в режимі введення тексту","Ctrl+j"],"icon":{"type":"file","path":"img/insertMode.png"},"match":"begin new line during insert mode Режим вставки - вставка/додавання тексту Ctrl+j"},{"title":"Indent  line one shiftwidth during insert mode","subtitle":"Режим вставки - вставка/додавання тексту ⎯  Ctrl+t","arg":["keystroke \"t\" using control down","indent  line one shiftwidth during insert mode","Ctrl+t"],"icon":{"type":"file","path":"img/insertMode.png"},"match":"indent  line one shiftwidth during insert mode Режим вставки - вставка/додавання тексту Ctrl+t"},{"title":"De-indent  line one shiftwidth during insert mode","subtitle":"Режим вставки - вставка/додавання тексту ⎯  Ctrl+d","arg":["keystroke \"d\" using control down","de-indent  line one shiftwidth during insert mode","Ctrl+d"],"icon":{"type":"file","path":"img/insertMode.png"},"match":"de-indent  line one shiftwidth during insert mode Режим вставки - вставка/додавання тексту Ctrl+d"},{"title":"Insert  next match before the cursor during insert mode","subtitle":"Режим вставки - вставка/додавання тексту ⎯  Ctrl+n","arg":["keystroke \"n\" using control down","insert  next match before the cursor during insert mode","Ctrl+n"],"icon":{"type":"file","path":"img/insertMode.png"},"match":"insert  next match before the cursor during insert mode Режим вставки - вставка/додавання тексту Ctrl+n"},{"title":"Insert  previous match before the cursor during insert mode","subtitle":"Режим вставки - вставка/додавання тексту ⎯  Ctrl+p","arg":["keystroke \"p\" using control down","insert  previous match before the cursor during insert mode","Ctrl+p"],"icon":{"type":"file","path":"img/insertMode.png"},"match":"insert  previous match before the cursor during insert mode Режим вставки - вставка/додавання тексту Ctrl+p"},{"title":"Insert the contents of register x","subtitle":"Режим вставки - вставка/додавання тексту ⎯  Ctrl+r x","arg":["keystroke \"r\" using control down//keystroke \"x\"","insert the contents of register x","Ctrl+r x"],"icon":{"type":"file","path":"img/insertMode.png"},"match":"insert the contents of register x Режим вставки - вставка/додавання тексту Ctrl+r x"},{"title":"Temporarily enter normal mode to issue one normal-mode command x.","subtitle":"Режим вставки - вставка/додавання тексту ⎯  Ctrl+o x","arg":["keystroke \"o\" using control down//keystroke \"x\"","Temporarily enter normal mode to issue one normal-mode command x.","Ctrl+o x"],"icon":{"type":"file","path":"img/insertMode.png"},"match":"Temporarily enter normal mode to issue one normal-mode command x. Режим вставки - вставка/додавання тексту Ctrl+o x"},{"title":"Вихід з режиму вставки","subtitle":"Режим вставки - вставка/додавання тексту ⎯  Esc","arg":["key code 53","вихід з режиму вставки","Esc"],"icon":{"type":"file","path":"img/insertMode.png"},"match":"exit insert mode Режим вставки - вставка/додавання тексту Esc"},{"title":"Замінити один символ","subtitle":"Редагування ⎯  r","arg":["key code 53//keystroke \"r\"","замінити один символ","r"],"icon":{"type":"file","path":"img/editing.png"},"match":"replace a single character. Редагування r"},{"title":"Replace more than one character, until esc is pressed.","subtitle":"Редагування ⎯  R","arg":["key code 53//keystroke \"R\"","replace more than one character, until ESC is pressed.","R"],"icon":{"type":"file","path":"img/editing.png"},"match":"replace more than one character, until ESC is pressed. Редагування R"},{"title":"Приєднати нижню строчку до поточної","subtitle":"Редагування ⎯  J","arg":["key code 53//keystroke \"J\"","приєднати нижню строчку до поточної","J"],"icon":{"type":"file","path":"img/editing.png"},"match":"join line below to the current one with one space in between Редагування J"},{"title":"Join line below to the current one without space in between","subtitle":"Редагування ⎯  gJ","arg":["key code 53//keystroke \"gJ\"","join line below to the current one without space in between","gJ"],"icon":{"type":"file","path":"img/editing.png"},"match":"join line below to the current one without space in between Редагування gJ"},{"title":"Reflow paragraph","subtitle":"Редагування ⎯  gwip","arg":["key code 53//keystroke \"gwip\"","reflow paragraph","gwip"],"icon":{"type":"file","path":"img/editing.png"},"match":"reflow paragraph Редагування gwip"},{"title":"Switch case up to motion","subtitle":"Редагування ⎯  g~","arg":["key code 53//keystroke \"g~\"","switch case up to motion","g~"],"icon":{"type":"file","path":"img/editing.png"},"match":"switch case up to motion Редагування g~"},{"title":"Change to lowercase up to motion","subtitle":"Редагування ⎯  gu","arg":["key code 53//keystroke \"gu\"","change to lowercase up to motion","gu"],"icon":{"type":"file","path":"img/editing.png"},"match":"change to lowercase up to motion Редагування gu"},{"title":"Change to uppercase up to motion","subtitle":"Редагування ⎯  gU","arg":["key code 53//keystroke \"gU\"","change to uppercase up to motion","gU"],"icon":{"type":"file","path":"img/editing.png"},"match":"change to uppercase up to motion Редагування gU"},{"title":"Замінити усю строчку","subtitle":"Редагування ⎯  cc","arg":["key code 53//keystroke \"cc\"","замінити усю строчку","cc"],"icon":{"type":"file","path":"img/editing.png"},"match":"change  entire line Редагування cc"},{"title":"Замінити до кінця строчки","subtitle":"Редагування ⎯  c$ or C","arg":["key code 53//keystroke \"g$\"","замінити до кінця строчки","c$ or C"],"icon":{"type":"file","path":"img/editing.png"},"match":"change  to the end of the line Редагування c$ or C"},{"title":"Change  entire word","subtitle":"Редагування ⎯  ciw","arg":["key code 53//keystroke \"ciw\"","change  entire word","ciw"],"icon":{"type":"file","path":"img/editing.png"},"match":"change  entire word Редагування ciw"},{"title":"Замінити до кінця слова","subtitle":"Редагування ⎯  cw or ce","arg":["key code 53//keystroke \"cw\"","замінити до кінця слова","cw or ce"],"icon":{"type":"file","path":"img/editing.png"},"match":"change  to the end of the word Редагування cw or ce"},{"title":"Видалити символ та замінити текст","subtitle":"Редагування ⎯  s","arg":["key code 53//keystroke \"s\"","видалити символ та замінити текст","s"],"icon":{"type":"file","path":"img/editing.png"},"match":"delete character and substitute text Редагування s"},{"title":"Видалити строчку та замінити текст ","subtitle":"Редагування ⎯  S","arg":["key code 53//keystroke \"S\"","видалити строчку та замінити текст ","S"],"icon":{"type":"file","path":"img/editing.png"},"match":"delete line and substitute text  Редагування S"},{"title":"Переставити дві букви ","subtitle":"Редагування ⎯  xp","arg":["key code 53//keystroke \"xp\"","переставити дві букви ","xp"],"icon":{"type":"file","path":"img/editing.png"},"match":"transpose two letters  Редагування xp"},{"title":"Скасувати","subtitle":"Редагування ⎯  u","arg":["key code 53//keystroke \"u\"","скасувати","u"],"icon":{"type":"file","path":"img/editing.png"},"match":"undo Редагування u"},{"title":"Restore  last changed line","subtitle":"Редагування ⎯  U","arg":["key code 53//keystroke \"U\"","restore  last changed line","U"],"icon":{"type":"file","path":"img/editing.png"},"match":"restore  last changed line Редагування U"},{"title":"Повторити","subtitle":"Редагування ⎯  Ctrl+r","arg":["key code 53//keystroke \"r\" using control down","повторити","Ctrl+r"],"icon":{"type":"file","path":"img/editing.png"},"match":"redo Редагування Ctrl+r"},{"title":"Повторити останню команду","subtitle":"Редагування ⎯  .","arg":["key code 53//keystroke \".\"","повторити останню команду","."],"icon":{"type":"file","path":"img/editing.png"},"match":"repeat last command Редагування ."},{"title":"Увімкнути режим виділення тексту, виділити строчки, потім виконати команду ","subtitle":"Виділення тексту  ⎯  v","arg":["key code 53//keystroke \"v\"","увімкнути режим виділення тексту, виділити строчки, потім виконати команду ","v"],"icon":{"type":"file","path":"img/markingText.png"},"match":"start visual mode, mark lines, then do a command  Виділення тексту  v"},{"title":"Увімкнути построчний режим виділення","subtitle":"Виділення тексту  ⎯  V","arg":["key code 53//keystroke \"V\"","увімкнути построчний режим виділення","V"],"icon":{"type":"file","path":"img/markingText.png"},"match":"start linewise visual mode Виділення тексту  V"},{"title":"Переміститись на інший кінець виділеної частини","subtitle":"Виділення тексту  ⎯  o","arg":["key code 53//keystroke \"o\"","переміститись на інший кінець виділеної частини","o"],"icon":{"type":"file","path":"img/markingText.png"},"match":"move to other end of marked area Виділення тексту  o"},{"title":"Увімкнути режим виділення блоків","subtitle":"Виділення тексту  ⎯  Ctrl+v","arg":["key code 53//keystroke \"v\" using control down","увімкнути режим виділення блоків","Ctrl+v"],"icon":{"type":"file","path":"img/markingText.png"},"match":"start visual block mode Виділення тексту  Ctrl+v"},{"title":"Перемістити на інший кут блоку","subtitle":"Виділення тексту  ⎯  O","arg":["key code 53//keystroke \"O\"","перемістити на інший кут блоку","O"],"icon":{"type":"file","path":"img/markingText.png"},"match":"move to other corner of block Виділення тексту  O"},{"title":"Виділити слово","subtitle":"Виділення тексту  ⎯  aw","arg":["key code 53//keystroke \"aw\"","виділити слово","aw"],"icon":{"type":"file","path":"img/markingText.png"},"match":"mark a word Виділення тексту  aw"},{"title":"Блок у ()","subtitle":"Виділення тексту  ⎯  ab","arg":["key code 53//keystroke \"ab\"","блок у ()","ab"],"icon":{"type":"file","path":"img/markingText.png"},"match":"a block with () Виділення тексту  ab"},{"title":"Блок у {}","subtitle":"Виділення тексту  ⎯  aB","arg":["key code 53//keystroke \"aB\"","блок у {}","aB"],"icon":{"type":"file","path":"img/markingText.png"},"match":"a block with {} Виділення тексту  aB"},{"title":"A block with <> tags","subtitle":"Виділення тексту  ⎯  at","arg":["key code 53//keystroke \"at\"","a block with <> tags","at"],"icon":{"type":"file","path":"img/markingText.png"},"match":"a block with <> tags Виділення тексту  at"},{"title":"Внутрішній блок у ()","subtitle":"Виділення тексту  ⎯  ib","arg":["key code 53//keystroke \"ib\"","внутрішній блок у ()","ib"],"icon":{"type":"file","path":"img/markingText.png"},"match":"inner block with () Виділення тексту  ib"},{"title":"Внутрішній блок у {}","subtitle":"Виділення тексту  ⎯  iB","arg":["key code 53//keystroke \"iB\"","внутрішній блок у {}","iB"],"icon":{"type":"file","path":"img/markingText.png"},"match":"inner block with {} Виділення тексту  iB"},{"title":"Inner block with <> tags","subtitle":"Виділення тексту  ⎯  it","arg":["key code 53//keystroke \"it\"","inner block with <> tags","it"],"icon":{"type":"file","path":"img/markingText.png"},"match":"inner block with <> tags Виділення тексту  it"},{"title":"Вийти з режиму виділення тексту","subtitle":"Виділення тексту  ⎯  Esc","arg":["key code 53//key code 53","вийти з режиму виділення тексту","Esc"],"icon":{"type":"file","path":"img/markingText.png"},"match":"exit visual mode Виділення тексту  Esc"},{"title":"Змістити текст праворуч","subtitle":"Візуальні команди (Reference only) ⎯  >","arg":["keystroke \">\"","змістити текст праворуч",">"],"icon":{"type":"file","path":"img/visualCommands.png"},"match":"shift text right Візуальні команди >"},{"title":"Змістити текст ліворуч","subtitle":"Візуальні команди (Reference only) ⎯  <","arg":["keystroke \"<\"","змістити текст ліворуч","<"],"icon":{"type":"file","path":"img/visualCommands.png"},"match":"shift text left Візуальні команди <"},{"title":"Скопіювати виділений текст","subtitle":"Візуальні команди (Reference only) ⎯  y","arg":["keystroke \"y\"","скопіювати виділений текст","y"],"icon":{"type":"file","path":"img/visualCommands.png"},"match":"yank  marked text Візуальні команди y"},{"title":"Видалити виділений текст","subtitle":"Візуальні команди (Reference only) ⎯  d","arg":["keystroke \"d\"","видалити виділений текст","d"],"icon":{"type":"file","path":"img/visualCommands.png"},"match":"delete marked text Візуальні команди d"},{"title":"Переключити регістр","subtitle":"Візуальні команди (Reference only) ⎯  ~","arg":["keystroke \"~\"","переключити регістр","~"],"icon":{"type":"file","path":"img/visualCommands.png"},"match":"switch case Візуальні команди ~"},{"title":"Change marked text to lowercase","subtitle":"Візуальні команди (Reference only) ⎯  u","arg":["keystroke \"u\"","change marked text to lowercase","u"],"icon":{"type":"file","path":"img/visualCommands.png"},"match":"change marked text to lowercase Візуальні команди u"},{"title":"Change marked text to uppercase","subtitle":"Візуальні команди (Reference only) ⎯  U","arg":["keystroke \"U\"","change marked text to uppercase","U"],"icon":{"type":"file","path":"img/visualCommands.png"},"match":"change marked text to uppercase Візуальні команди U"},{"title":"Show registers content","subtitle":"Registers ⎯  :reg[isters]","arg":["key code 53//keystroke \":reg\" & return","show registers content",":reg[isters]"],"icon":{"type":"file","path":"img/registers.png"},"match":"show registers content Registers :reg[isters]"},{"title":"Yank into register x","subtitle":"Registers ⎯  xy","arg":["key code 53//keystroke \"xy\"","yank into register x","xy"],"icon":{"type":"file","path":"img/registers.png"},"match":"yank into register x Registers xy"},{"title":"Paste contents of register x","subtitle":"Registers ⎯  xp","arg":["key code 53//keystroke \"xp\"","paste contents of register x","xp"],"icon":{"type":"file","path":"img/registers.png"},"match":"paste contents of register x Registers xp"},{"title":"Yank into the system clipboard register","subtitle":"Registers ⎯  +y","arg":["key code 53//keystroke \"+y\"","yank into the system clipboard register","+y"],"icon":{"type":"file","path":"img/registers.png"},"match":"yank into the system clipboard register Registers +y"},{"title":"Paste from the system clipboard register","subtitle":"Registers ⎯  +p","arg":["key code 53//keystroke \"+p\"","paste from the system clipboard register","+p"],"icon":{"type":"file","path":"img/registers.png"},"match":"paste from the system clipboard register Registers +p"},{"title":"Set current position for mark a","subtitle":"Marks ⎯  ma","arg":["key code 53//keystroke \"ma\"","set current position for mark A","ma"],"icon":{"type":"file","path":"img/marks.png"},"match":"set current position for mark A Marks ma"},{"title":"Jump to position of mark a","subtitle":"Marks ⎯  `a","arg":["key code 53//keystroke \"`a\"","jump to position of mark A","`a"],"icon":{"type":"file","path":"img/marks.png"},"match":"jump to position of mark A Marks `a"},{"title":"Yank text to position of mark a","subtitle":"Marks ⎯  y`a","arg":["key code 53//keystroke \"y`a\"","yank text to position of mark A","y`a"],"icon":{"type":"file","path":"img/marks.png"},"match":"yank text to position of mark A Marks y`a"},{"title":"Go to the position where vim was previously exited","subtitle":"Marks ⎯  `0","arg":["key code 53//keystroke \"`0\"","go to the position where Vim was previously exited","`0"],"icon":{"type":"file","path":"img/marks.png"},"match":"go to the position where Vim was previously exited Marks `0"},{"title":"Go to the position when last editing this file","subtitle":"Marks ⎯  `\"","arg":["key code 53//keystroke \"`\\\"\"","go to the position when last editing this file","`\""],"icon":{"type":"file","path":"img/marks.png"},"match":"go to the position when last editing this file Marks `\""},{"title":"Go to the position of the last change in this file","subtitle":"Marks ⎯  `.","arg":["key code 53//keystroke \"`.\"","go to the position of the last change in this file","`."],"icon":{"type":"file","path":"img/marks.png"},"match":"go to the position of the last change in this file Marks `."},{"title":"Go to the position before the last jump","subtitle":"Marks ⎯  ``","arg":["key code 53//keystroke \"``\"","go to the position before the last jump","``"],"icon":{"type":"file","path":"img/marks.png"},"match":"go to the position before the last jump Marks ``"},{"title":"List of jumps","subtitle":"Marks ⎯  :ju[mps]","arg":["key code 53//keystroke \":ju\" & return","list of jumps",":ju[mps]"],"icon":{"type":"file","path":"img/marks.png"},"match":"list of jumps Marks :ju[mps]"},{"title":"Go to newer position in jump list","subtitle":"Marks ⎯  Ctrl+i","arg":["key code 53//keystroke \"i\" using control down","go to newer position in jump list","Ctrl+i"],"icon":{"type":"file","path":"img/marks.png"},"match":"go to newer position in jump list Marks Ctrl+i"},{"title":"Go to older position in jump list","subtitle":"Marks ⎯  Ctrl+o","arg":["key code 53//keystroke \"o\" using control down","go to older position in jump list","Ctrl+o"],"icon":{"type":"file","path":"img/marks.png"},"match":"go to older position in jump list Marks Ctrl+o"},{"title":"List of changes","subtitle":"Marks ⎯  :changes","arg":["key code 53//keystroke \":changes\" & return","list of changes",":changes"],"icon":{"type":"file","path":"img/marks.png"},"match":"list of changes Marks :changes"},{"title":"Go to newer position in change list","subtitle":"Marks ⎯  g,","arg":["key code 53//keystroke \"g,\"","go to newer position in change list","g,"],"icon":{"type":"file","path":"img/marks.png"},"match":"go to newer position in change list Marks g,"},{"title":"Go to older position in change list","subtitle":"Marks ⎯  g;","arg":["key code 53//keystroke \"g;\"","go to older position in change list","g;"],"icon":{"type":"file","path":"img/marks.png"},"match":"go to older position in change list Marks g;"},{"title":"Jump to the tag under cursor","subtitle":"Marks ⎯  Ctrl+]","arg":["key code 53//keystroke \"]\" using control down","jump to the tag under cursor","Ctrl+]"],"icon":{"type":"file","path":"img/marks.png"},"match":"jump to the tag under cursor Marks Ctrl+]"},{"title":"Go to file in cursor","subtitle":"Marks ⎯  gf","arg":["key code 53//keystroke \"gf\"","Go to file in cursor","gf"],"icon":{"type":"file","path":"img/marks.png"},"match":"Go to file in cursor Marks gf"},{"title":"Record macro a","subtitle":"Macros ⎯  qa","arg":["key code 53//keystroke \"qa\"","record macro a","qa"],"icon":{"type":"file","path":"img/macros.png"},"match":"record macro a Macros qa"},{"title":"Stop recording macro","subtitle":"Macros ⎯  q","arg":["key code 53//keystroke \"q\"","stop recording macro","q"],"icon":{"type":"file","path":"img/macros.png"},"match":"stop recording macro Macros q"},{"title":"Run macro a","subtitle":"Macros ⎯  @a","arg":["key code 53//keystroke \"@a\"","run macro a","@a"],"icon":{"type":"file","path":"img/macros.png"},"match":"run macro a Macros @a"},{"title":"Rerun last run macro","subtitle":"Macros ⎯  @@","arg":["key code 53//keystroke \"@@\"","rerun last run macro","@@"],"icon":{"type":"file","path":"img/macros.png"},"match":"rerun last run macro Macros @@"},{"title":"Скопіювати строчку","subtitle":"Вирізати й вставити ⎯  yy","arg":["key code 53//keystroke \"yy\"","скопіювати строчку","yy"],"icon":{"type":"file","path":"img/cutAndPaste.png"},"match":"yank  a line Вирізати й вставити yy"},{"title":"Скопіювати 2 строчки","subtitle":"Вирізати й вставити ⎯  2yy","arg":["key code 53//keystroke \"2yy\"","скопіювати 2 строчки","2yy"],"icon":{"type":"file","path":"img/cutAndPaste.png"},"match":"yank  2 lines Вирізати й вставити 2yy"},{"title":"Скопіювати слово","subtitle":"Вирізати й вставити ⎯  yw","arg":["key code 53//keystroke \"yw\"","скопіювати слово","yw"],"icon":{"type":"file","path":"img/cutAndPaste.png"},"match":"yank  the characters of the word from the cursor position to the start of the next word Вирізати й вставити yw"},{"title":"Yank  word under the cursor","subtitle":"Вирізати й вставити ⎯  yiw","arg":["key code 53//keystroke \"yiw\"","yank  word under the cursor","yiw"],"icon":{"type":"file","path":"img/cutAndPaste.png"},"match":"yank  word under the cursor Вирізати й вставити yiw"},{"title":"Yank  word under the cursor and the space after or before it","subtitle":"Вирізати й вставити ⎯  yaw","arg":["key code 53//keystroke \"yaw\"","yank  word under the cursor and the space after or before it","yaw"],"icon":{"type":"file","path":"img/cutAndPaste.png"},"match":"yank  word under the cursor and the space after or before it Вирізати й вставити yaw"},{"title":"Скопіювати до кінця строчки","subtitle":"Вирізати й вставити ⎯  y$","arg":["key code 53//keystroke \"y$\"","скопіювати до кінця строчки","y$"],"icon":{"type":"file","path":"img/cutAndPaste.png"},"match":"yank  to end of line Вирізати й вставити y$"},{"title":"Вставити вміст буфера обміну після курсору","subtitle":"Вирізати й вставити ⎯  p","arg":["key code 53//keystroke \"p\"","вставити вміст буфера обміну після курсору","p"],"icon":{"type":"file","path":"img/cutAndPaste.png"},"match":"put  the clipboard after cursor Вирізати й вставити p"},{"title":"Вставити вміст буфера обміну перед курсором","subtitle":"Вирізати й вставити ⎯  P","arg":["key code 53//keystroke \"P\"","вставити вміст буфера обміну перед курсором","P"],"icon":{"type":"file","path":"img/cutAndPaste.png"},"match":"put  before cursor Вирізати й вставити P"},{"title":"Put  the clipboard after cursor and leave cursor after the new text","subtitle":"Вирізати й вставити ⎯  gp","arg":["key code 53//keystroke \"gp\"","put  the clipboard after cursor and leave cursor after the new text","gp"],"icon":{"type":"file","path":"img/cutAndPaste.png"},"match":"put  the clipboard after cursor and leave cursor after the new text Вирізати й вставити gp"},{"title":"Put  before cursor and leave cursor after the new text","subtitle":"Вирізати й вставити ⎯  gP","arg":["key code 53//keystroke \"gP\"","put  before cursor and leave cursor after the new text","gP"],"icon":{"type":"file","path":"img/cutAndPaste.png"},"match":"put  before cursor and leave cursor after the new text Вирізати й вставити gP"},{"title":"Видалити  строчку","subtitle":"Вирізати й вставити ⎯  dd","arg":["key code 53//keystroke \"dd\"","видалити  строчку","dd"],"icon":{"type":"file","path":"img/cutAndPaste.png"},"match":"delete  a line Вирізати й вставити dd"},{"title":"Видалити  2 строчки","subtitle":"Вирізати й вставити ⎯  2dd","arg":["key code 53//keystroke \"2dd\"","видалити  2 строчки","2dd"],"icon":{"type":"file","path":"img/cutAndPaste.png"},"match":"delete  2 lines Вирізати й вставити 2dd"},{"title":"Видалити  слово","subtitle":"Вирізати й вставити ⎯  dw","arg":["key code 53//keystroke \"dw\"","видалити  слово","dw"],"icon":{"type":"file","path":"img/cutAndPaste.png"},"match":"delete  the characters of the word from the cursor position to the start of the next word Вирізати й вставити dw"},{"title":"Delete  word under the cursor","subtitle":"Вирізати й вставити ⎯  diw","arg":["key code 53//keystroke \"diw\"","delete  word under the cursor","diw"],"icon":{"type":"file","path":"img/cutAndPaste.png"},"match":"delete  word under the cursor Вирізати й вставити diw"},{"title":"Delete  word under the cursor and the space after or before it","subtitle":"Вирізати й вставити ⎯  daw","arg":["key code 53//keystroke \"daw\"","delete  word under the cursor and the space after or before it","daw"],"icon":{"type":"file","path":"img/cutAndPaste.png"},"match":"delete  word under the cursor and the space after or before it Вирізати й вставити daw"},{"title":"Видалити  до кінця строчки","subtitle":"Вирізати й вставити ⎯  d$ or D","arg":["key code 53//keystroke \"d$\"","видалити  до кінця строчки","d$ or D"],"icon":{"type":"file","path":"img/cutAndPaste.png"},"match":"delete  to the end of the line Вирізати й вставити d$ or D"},{"title":"Видалити  символ","subtitle":"Вирізати й вставити ⎯  x","arg":["key code 53//keystroke \"x\"","видалити  символ","x"],"icon":{"type":"file","path":"img/cutAndPaste.png"},"match":"delete  character Вирізати й вставити x"},{"title":"Indent  line one shiftwidth","subtitle":"Indent text ⎯  >>","arg":["key code 53//keystroke \">>\"","indent  line one shiftwidth",">>"],"icon":{"type":"file","path":"img/indentText.png"},"match":"indent  line one shiftwidth Indent text >>"},{"title":"De-indent  line one shiftwidth","subtitle":"Indent text ⎯  <<","arg":["key code 53//keystroke \"<<\"","de-indent  line one shiftwidth","<<"],"icon":{"type":"file","path":"img/indentText.png"},"match":"de-indent  line one shiftwidth Indent text <<"},{"title":"Indent a block with () or {} ","subtitle":"Indent text ⎯  >%","arg":["key code 53//keystroke \">%\"","indent a block with () or {} ",">%"],"icon":{"type":"file","path":"img/indentText.png"},"match":"indent a block with () or {}  Indent text >%"},{"title":"Indent inner block with ()","subtitle":"Indent text ⎯  >ib","arg":["key code 53//keystroke \">ib\"","indent inner block with ()",">ib"],"icon":{"type":"file","path":"img/indentText.png"},"match":"indent inner block with () Indent text >ib"},{"title":"Indent a block with <> tags","subtitle":"Indent text ⎯  >at","arg":["key code 53//keystroke \">at\"","indent a block with <> tags",">at"],"icon":{"type":"file","path":"img/indentText.png"},"match":"indent a block with <> tags Indent text >at"},{"title":"Re-indent 3 lines","subtitle":"Indent text ⎯  3==","arg":["key code 53//keystroke \"3==\"","re-indent 3 lines","3=="],"icon":{"type":"file","path":"img/indentText.png"},"match":"re-indent 3 lines Indent text 3=="},{"title":"Re-indent a block with () or {} ","subtitle":"Indent text ⎯  =%","arg":["key code 53//keystroke \"=%\"","re-indent a block with () or {} ","=%"],"icon":{"type":"file","path":"img/indentText.png"},"match":"re-indent a block with () or {}  Indent text =%"},{"title":"","subtitle":"Indent text ⎯  =iB","arg":["key code 53//keystroke \"iB\"",null,"=iB"],"icon":{"type":"file","path":"img/indentText.png"},"match":" Indent text =iB"},{"title":"Re-indent entire buffer","subtitle":"Indent text ⎯  gg=G","arg":["key code 53//keystroke \"gg=G\"","re-indent entire buffer","gg=G"],"icon":{"type":"file","path":"img/indentText.png"},"match":"re-indent entire buffer Indent text gg=G"},{"title":"Paste and adjust indent to current line","subtitle":"Indent text ⎯  ]p","arg":["key code 53//keystroke \"]p\"","paste and adjust indent to current line","]p"],"icon":{"type":"file","path":"img/indentText.png"},"match":"paste and adjust indent to current line Indent text ]p"},{"title":"Зберегти файл, але не виходити","subtitle":"Вийти й зберегти ⎯  :w","arg":["key code 53//keystroke \":w\" & return","зберегти файл, але не виходити",":w"],"icon":{"type":"file","path":"img/exiting.png"},"match":"write  the file, but don't exit Вийти й зберегти :w"},{"title":"Write out the current file using sudo","subtitle":"Вийти й зберегти ⎯  :w !sudo tee %","arg":["key code 53//keystroke \":w !sudo tee %\"","write out the current file using sudo",":w !sudo tee %"],"icon":{"type":"file","path":"img/exiting.png"},"match":"write out the current file using sudo Вийти й зберегти :w !sudo tee %"},{"title":"Зберегти файл та вийти","subtitle":"Вийти й зберегти ⎯  :wq or :x or ZZ","arg":["key code 53//keystroke \":wq\" & return","зберегти файл та вийти",":wq or :x or ZZ"],"icon":{"type":"file","path":"img/exiting.png"},"match":"write  and quit Вийти й зберегти :wq or :x or ZZ"},{"title":"Вийти ","subtitle":"Вийти й зберегти ⎯  :q","arg":["key code 53//keystroke \":q\" & return","вийти ",":q"],"icon":{"type":"file","path":"img/exiting.png"},"match":"quit  Вийти й зберегти :q"},{"title":"Вийти та втратити зміни що незбережено","subtitle":"Вийти й зберегти ⎯  :q! or ZQ","arg":["key code 53//keystroke \":q!\" & return","вийти та втратити зміни що незбережено",":q! or ZQ"],"icon":{"type":"file","path":"img/exiting.png"},"match":"quit and throw away unsaved changes Вийти й зберегти :q! or ZQ"},{"title":"Write  and quit on all tabs","subtitle":"Вийти й зберегти ⎯  :wqa","arg":["key code 53//keystroke \":wqa\" & return","write  and quit on all tabs",":wqa"],"icon":{"type":"file","path":"img/exiting.png"},"match":"write  and quit on all tabs Вийти й зберегти :wqa"},{"title":"Пошук шаблону","subtitle":"Пошук та заміна ⎯  /pattern","arg":["key code 53//keystroke \"/pattern\"","пошук шаблону","/pattern"],"icon":{"type":"file","path":"img/searchAndReplace.png"},"match":"search for pattern Пошук та заміна /pattern"},{"title":"Зворотній пошук шаблону","subtitle":"Пошук та заміна ⎯  ?pattern","arg":["key code 53//keystroke \"?pattern\"","зворотній пошук шаблону","?pattern"],"icon":{"type":"file","path":"img/searchAndReplace.png"},"match":"search backward for pattern Пошук та заміна ?pattern"},{"title":"'very magic' pattern","subtitle":"Пошук та заміна ⎯  \\vpattern","arg":["key code 53//keystroke \"\\\\vpattern\"","'very magic' pattern","\\vpattern"],"icon":{"type":"file","path":"img/searchAndReplace.png"},"match":"'very magic' pattern Пошук та заміна \\vpattern"},{"title":"Повторити пошук у тому ж напрямку","subtitle":"Пошук та заміна ⎯  n","arg":["key code 53//keystroke \"n\"","повторити пошук у тому ж напрямку","n"],"icon":{"type":"file","path":"img/searchAndReplace.png"},"match":"repeat search in same direction Пошук та заміна n"},{"title":"Повторити пошук у зворотньому напрямку","subtitle":"Пошук та заміна ⎯  N","arg":["key code 53//keystroke \"N\"","повторити пошук у зворотньому напрямку","N"],"icon":{"type":"file","path":"img/searchAndReplace.png"},"match":"repeat search in opposite direction Пошук та заміна N"},{"title":"Замінити усі входження шаблону у файл на вказане значення","subtitle":"Пошук та заміна ⎯  :%s/old/new/g","arg":["key code 53//keystroke \":%s/old/new/g\"","замінити усі входження шаблону у файл на вказане значення",":%s/old/new/g"],"icon":{"type":"file","path":"img/searchAndReplace.png"},"match":"replace all old with new throughout file Пошук та заміна :%s/old/new/g"},{"title":"Замінити усі входження шаблону у файл на вказане значення з підтвердженням","subtitle":"Пошук та заміна ⎯  :%s/old/new/gc","arg":["key code 53//keystroke \":%s/old/new/gc\"","замінити усі входження шаблону у файл на вказане значення з підтвердженням",":%s/old/new/gc"],"icon":{"type":"file","path":"img/searchAndReplace.png"},"match":"replace all old with new throughout file with confirmations Пошук та заміна :%s/old/new/gc"},{"title":"Remove highlighting of search matches","subtitle":"Пошук та заміна ⎯  :noh[lsearch]","arg":["key code 53//keystroke \":noh[lsearch]\"","remove highlighting of search matches",":noh[lsearch]"],"icon":{"type":"file","path":"img/searchAndReplace.png"},"match":"remove highlighting of search matches Пошук та заміна :noh[lsearch]"},{"title":"Next whole word under cursor","subtitle":"Пошук та заміна ⎯  *","arg":["key code 53//keystroke \"*\"","Next whole word under cursor","*"],"icon":{"type":"file","path":"img/searchAndReplace.png"},"match":"Next whole word under cursor Пошук та заміна *"},{"title":"Previous whole word under cursor","subtitle":"Пошук та заміна ⎯  #","arg":["key code 53//keystroke \"#\"","Previous whole word under cursor","#"],"icon":{"type":"file","path":"img/searchAndReplace.png"},"match":"Previous whole word under cursor Пошук та заміна #"},{"title":"Search for pattern in multiple files","subtitle":"Search in multiple files ⎯  :vim[grep] /pattern/ file","arg":["key code 53//keystroke \":vim[grep]\"//key code 49//keystroke \"/pattern/\"//key code 49//keystroke \"file\"","search for pattern in multiple files",":vim[grep] /pattern/ file"],"icon":{"type":"file","path":"img/searchMultipleFiles.png"},"match":"search for pattern in multiple files Search in multiple files :vim[grep] /pattern/ file"},{"title":"Jump to the next match","subtitle":"Search in multiple files ⎯  :cn[ext]","arg":["key code 53//keystroke \":cn\" & return","jump to the next match",":cn[ext]"],"icon":{"type":"file","path":"img/searchMultipleFiles.png"},"match":"jump to the next match Search in multiple files :cn[ext]"},{"title":"Jump to the previous match","subtitle":"Search in multiple files ⎯  :cp[revious]","arg":["key code 53//keystroke \":cp\" & return","jump to the previous match",":cp[revious]"],"icon":{"type":"file","path":"img/searchMultipleFiles.png"},"match":"jump to the previous match Search in multiple files :cp[revious]"},{"title":"Open a window containing the list of matches","subtitle":"Search in multiple files ⎯  :cope[n]","arg":["key code 53//keystroke \":cope\" & return","open a window containing the list of matches",":cope[n]"],"icon":{"type":"file","path":"img/searchMultipleFiles.png"},"match":"open a window containing the list of matches Search in multiple files :cope[n]"},{"title":"Close the quickfix window","subtitle":"Search in multiple files ⎯  :ccl[ose]","arg":["key code 53//keystroke \":ccl\" & return","close the quickfix window",":ccl[ose]"],"icon":{"type":"file","path":"img/searchMultipleFiles.png"},"match":"close the quickfix window Search in multiple files :ccl[ose]"},{"title":"","subtitle":"Search in multiple files ⎯  colonWa","arg":["key code 53//keystroke \":wa\" & return",null,"colonWa"],"icon":{"type":"file","path":"img/searchMultipleFiles.png"},"match":" Search in multiple files colonWa"},{"title":"Close the quickfix window","subtitle":"Search in multiple files ⎯  :ccl[ose]","arg":["key code 53//keystroke \":ccl\" & return","close the quickfix window",":ccl[ose]"],"icon":{"type":"file","path":"img/searchMultipleFiles.png"},"match":"close the quickfix window Search in multiple files :ccl[ose]"},{"title":"Відкрити файл у новій вкладинці","subtitle":"Вкладинки ⎯  :tabnew or :tabnew file","arg":["key code 53//keystroke \":tabnew\"//key code 49//keystroke \"file\" & return","відкрити файл у новій вкладинці",":tabnew or :tabnew file"],"icon":{"type":"file","path":"img/tabs.png"},"match":"open a file in a new tab Вкладинки :tabnew or :tabnew file"},{"title":"Перемістити поточне вікно у власну вкладинку","subtitle":"Вкладинки ⎯  Ctrl+wT","arg":["key code 53//keystroke \"w\" using control down//keystroke \"T\"","перемістити поточне вікно у власну вкладинку","Ctrl+wT"],"icon":{"type":"file","path":"img/tabs.png"},"match":"move the current split window into its own tab Вкладинки Ctrl+wT"},{"title":"Переключитись на наступну вкладинку","subtitle":"Вкладинки ⎯  gt or :tabn[ext]","arg":["key code 53//keystroke \"gt\"","переключитись на наступну вкладинку","gt or :tabn[ext]"],"icon":{"type":"file","path":"img/tabs.png"},"match":"move to the next tab Вкладинки gt or :tabn[ext]"},{"title":"Переключитись на попередню вкладинку","subtitle":"Вкладинки ⎯  gT or :tabp[revious]","arg":["key code 53//keystroke \"gT\"","переключитись на попередню вкладинку","gT or :tabp[revious]"],"icon":{"type":"file","path":"img/tabs.png"},"match":"move to the previous tab Вкладинки gT or :tabp[revious]"},{"title":"Переключити на вкладинку з номером #","subtitle":"Вкладинки ⎯  #gt","arg":["key code 53//keystroke \"#gt\"","переключити на вкладинку з номером #","#gt"],"icon":{"type":"file","path":"img/tabs.png"},"match":"move to tab number # Вкладинки #gt"},{"title":"Перемістити поточну вкладинку на # позицію ","subtitle":"Вкладинки ⎯  :tabm[ove]","arg":["key code 53//keystroke \":tabm\" & return","перемістити поточну вкладинку на # позицію ",":tabm[ove]"],"icon":{"type":"file","path":"img/tabs.png"},"match":"move current tab to the #th position  Вкладинки :tabm[ove]"},{"title":"Закрити поточну вкладинку з усіма її вікнами","subtitle":"Вкладинки ⎯  :tabc[lose]","arg":["key code 53//keystroke \":tabc\" & return","закрити поточну вкладинку з усіма її вікнами",":tabc[lose]"],"icon":{"type":"file","path":"img/tabs.png"},"match":"close the current tab and all its windows Вкладинки :tabc[lose]"},{"title":"Закрити усі вкладинки окрім поточної","subtitle":"Вкладинки ⎯  :tabo[nly]","arg":["key code 53//keystroke \":tabo\" & return","закрити усі вкладинки окрім поточної",":tabo[nly]"],"icon":{"type":"file","path":"img/tabs.png"},"match":"close all tabs except for the current one Вкладинки :tabo[nly]"},{"title":"Run the command on all tabs ","subtitle":"Вкладинки ⎯  :tabdo command","arg":["key code 53//keystroke \":tabdo\"//key code 49//keystroke \"command\"","run the command on all tabs ",":tabdo command"],"icon":{"type":"file","path":"img/tabs.png"},"match":"run the command on all tabs  Вкладинки :tabdo command"},{"title":"Редагувати файл у новому буфері","subtitle":"Робота з декількома файлами ⎯  :e[dit] file","arg":["key code 53//keystroke \":e\"//key code 49//keystroke \"file\"","редагувати файл у новому буфері",":e[dit] file"],"icon":{"type":"file","path":"img/workingWithMultipleFiles.png"},"match":"edit a file in a new buffer Робота з декількома файлами :e[dit] file"},{"title":"Перейти до наступного буфера","subtitle":"Робота з декількома файлами ⎯  :bn[ext]","arg":["key code 53//keystroke \":bn\" & return","перейти до наступного буфера",":bn[ext]"],"icon":{"type":"file","path":"img/workingWithMultipleFiles.png"},"match":"go to the next buffer Робота з декількома файлами :bn[ext]"},{"title":"Перейти до попереднього буфера","subtitle":"Робота з декількома файлами ⎯  :bp[revious]","arg":["key code 53//keystroke \":bp\" & return","перейти до попереднього буфера",":bp[revious]"],"icon":{"type":"file","path":"img/workingWithMultipleFiles.png"},"match":"go to the previous buffer Робота з декількома файлами :bp[revious]"},{"title":"Видалити буфер ","subtitle":"Робота з декількома файлами ⎯  :bd[elete]","arg":["key code 53//keystroke \":bd\" & return","видалити буфер ",":bd[elete]"],"icon":{"type":"file","path":"img/workingWithMultipleFiles.png"},"match":"delete a buffer  Робота з декількома файлами :bd[elete]"},{"title":"Go to a buffer by #","subtitle":"Робота з декількома файлами ⎯  :b[uffer]#","arg":["key code 53//keystroke \":b#\"","go to a buffer by #",":b[uffer]#"],"icon":{"type":"file","path":"img/workingWithMultipleFiles.png"},"match":"go to a buffer by index # Робота з декількома файлами :b[uffer]#"},{"title":"Go to a buffer by file","subtitle":"Робота з декількома файлами ⎯  :b[uffer] file","arg":["key code 53//keystroke \":b\"//key code 49//keystroke \"file\"","go to a buffer by file",":b[uffer] file"],"icon":{"type":"file","path":"img/workingWithMultipleFiles.png"},"match":"go to a buffer by file Робота з декількома файлами :b[uffer] file"},{"title":"List all open buffers","subtitle":"Робота з декількома файлами ⎯  :ls or :buffers","arg":["key code 53//keystroke \":ls\" & return","list all open buffers",":ls or :buffers"],"icon":{"type":"file","path":"img/workingWithMultipleFiles.png"},"match":"list all open buffers Робота з декількома файлами :ls or :buffers"},{"title":"Відкрити файл у новому буфері й розділити вікно","subtitle":"Робота з декількома файлами ⎯  :sp[lit] file","arg":["key code 53//keystroke \":sp\"//key code 49//keystroke \"file\"","відкрити файл у новому буфері й розділити вікно",":sp[lit] file"],"icon":{"type":"file","path":"img/workingWithMultipleFiles.png"},"match":"open a file in a new buffer and split window Робота з декількома файлами :sp[lit] file"},{"title":"Відкрити файл у новому буфері й вертикально розділити вікно","subtitle":"Робота з декількома файлами ⎯  :vs[plit] file","arg":["key code 53//keystroke \":vs\"//key code 49//keystroke \"file\"","відкрити файл у новому буфері й вертикально розділити вікно",":vs[plit] file"],"icon":{"type":"file","path":"img/workingWithMultipleFiles.png"},"match":"open a file in a new buffer and vertically split window Робота з декількома файлами :vs[plit] file"},{"title":"Edit all buffers as vertical windows","subtitle":"Робота з декількома файлами ⎯  :vert[ical] ba[ll]","arg":["key code 53//keystroke \":vert\"//key code 49//keystroke \"ba\" & return","edit all buffers as vertical windows",":vert[ical] ba[ll]"],"icon":{"type":"file","path":"img/workingWithMultipleFiles.png"},"match":"edit all buffers as vertical windows Робота з декількома файлами :vert[ical] ba[ll]"},{"title":"Edit all buffers as tabs","subtitle":"Робота з декількома файлами ⎯  :tab ba[ll]","arg":["key code 53//keystroke \":tab\"//key code 49//keystroke \"ba\" & return","edit all buffers as tabs",":tab ba[ll]"],"icon":{"type":"file","path":"img/workingWithMultipleFiles.png"},"match":"edit all buffers as tabs Робота з декількома файлами :tab ba[ll]"},{"title":"Розділити вікно","subtitle":"Робота з декількома файлами ⎯  Ctrl+w s","arg":["key code 53//keystroke \"w\" using control down//keystroke \"s\"","розділити вікно","Ctrl+w s"],"icon":{"type":"file","path":"img/workingWithMultipleFiles.png"},"match":"split window Робота з декількома файлами Ctrl+w s"},{"title":"Розділити вікно вертикально","subtitle":"Робота з декількома файлами ⎯  Ctrl+w v","arg":["key code 53//keystroke \"w\" using control down//keystroke \"v\"","розділити вікно вертикально","Ctrl+w v"],"icon":{"type":"file","path":"img/workingWithMultipleFiles.png"},"match":"split window vertically Робота з декількома файлами Ctrl+w v"},{"title":"Переключення вікон","subtitle":"Робота з декількома файлами ⎯  Ctrl+w w","arg":["key code 53//keystroke \"w\" using control down//keystroke \"w\"","переключення вікон","Ctrl+w w"],"icon":{"type":"file","path":"img/workingWithMultipleFiles.png"},"match":"switch windows Робота з декількома файлами Ctrl+w w"},{"title":"Закрити вікно","subtitle":"Робота з декількома файлами ⎯  Ctrl+w q","arg":["key code 53//keystroke \"w\" using control down//keystroke \"q\"","закрити вікно","Ctrl+w q"],"icon":{"type":"file","path":"img/workingWithMultipleFiles.png"},"match":"quit a window Робота з декількома файлами Ctrl+w q"},{"title":"Exchange current window with next one","subtitle":"Робота з декількома файлами ⎯  Ctrl+w x","arg":["key code 53//keystroke \"w\" using control down//keystroke \"x\"","exchange current window with next one","Ctrl+w x"],"icon":{"type":"file","path":"img/workingWithMultipleFiles.png"},"match":"exchange current window with next one Робота з декількома файлами Ctrl+w x"},{"title":"Make all windows equal height & width","subtitle":"Робота з декількома файлами ⎯  Ctrl+w =","arg":["key code 53//keystroke \"w\" using control down//keystroke \"=\"","make all windows equal height & width","Ctrl+w ="],"icon":{"type":"file","path":"img/workingWithMultipleFiles.png"},"match":"make all windows equal height & width Робота з декількома файлами Ctrl+w ="},{"title":"Переместити курсор у ліве вікно ","subtitle":"Робота з декількома файлами ⎯  Ctrl+w h","arg":["key code 53//keystroke \"w\" using control down//keystroke \"h\"","переместити курсор у ліве вікно ","Ctrl+w h"],"icon":{"type":"file","path":"img/workingWithMultipleFiles.png"},"match":"move cursor to the left window  Робота з декількома файлами Ctrl+w h"},{"title":"Переместити курсор у праве вікно ","subtitle":"Робота з декількома файлами ⎯  Ctrl+w l","arg":["key code 53//keystroke \"w\" using control down//keystroke \"l\"","переместити курсор у праве вікно ","Ctrl+w l"],"icon":{"type":"file","path":"img/workingWithMultipleFiles.png"},"match":"move cursor to the right window  Робота з декількома файлами Ctrl+w l"},{"title":"Переместити курсор у вікно нижче ","subtitle":"Робота з декількома файлами ⎯  Ctrl+w j","arg":["key code 53//keystroke \"w\" using control down//keystroke \"j\"","переместити курсор у вікно нижче ","Ctrl+w j"],"icon":{"type":"file","path":"img/workingWithMultipleFiles.png"},"match":"move cursor to the window below  Робота з декількома файлами Ctrl+w j"},{"title":"Переместити курсор у вікно вище ","subtitle":"Робота з декількома файлами ⎯  Ctrl+w k","arg":["key code 53//keystroke \"w\" using control down//keystroke \"k\"","переместити курсор у вікно вище ","Ctrl+w k"],"icon":{"type":"file","path":"img/workingWithMultipleFiles.png"},"match":"move cursor to the window above  Робота з декількома файлами Ctrl+w k"},{"title":"Make current window full height at far left ","subtitle":"Робота з декількома файлами ⎯  Ctrl+w H","arg":["key code 53//keystroke \"w\" using control down//keystroke \"H\"","make current window full height at far left ","Ctrl+w H"],"icon":{"type":"file","path":"img/workingWithMultipleFiles.png"},"match":"make current window full height at far left  Робота з декількома файлами Ctrl+w H"},{"title":"Make current window full height at far right ","subtitle":"Робота з декількома файлами ⎯  Ctrl+w L","arg":["key code 53//keystroke \"w\" using control down//keystroke \"L\"","make current window full height at far right ","Ctrl+w L"],"icon":{"type":"file","path":"img/workingWithMultipleFiles.png"},"match":"make current window full height at far right  Робота з декількома файлами Ctrl+w L"},{"title":"Make current window full width at the very bottom ","subtitle":"Робота з декількома файлами ⎯  Ctrl+w J","arg":["key code 53//keystroke \"w\" using control down//keystroke \"J\"","make current window full width at the very bottom ","Ctrl+w J"],"icon":{"type":"file","path":"img/workingWithMultipleFiles.png"},"match":"make current window full width at the very bottom  Робота з декількома файлами Ctrl+w J"},{"title":"Make current window full width at the very top ","subtitle":"Робота з декількома файлами ⎯  Ctrl+w K","arg":["key code 53//keystroke \"w\" using control down//keystroke \"K\"","make current window full width at the very top ","Ctrl+w K"],"icon":{"type":"file","path":"img/workingWithMultipleFiles.png"},"match":"make current window full width at the very top  Робота з декількома файлами Ctrl+w K"},{"title":"Manually define a fold up to motion","subtitle":"Diff ⎯  zf","arg":["key code 53//keystroke \"zf\"","manually define a fold up to motion","zf"],"icon":{"type":"file","path":"img/diff.png"},"match":"manually define a fold up to motion Diff zf"},{"title":"Delete fold under the cursor","subtitle":"Diff ⎯  zd","arg":["key code 53//keystroke \"zd\"","delete fold under the cursor","zd"],"icon":{"type":"file","path":"img/diff.png"},"match":"delete fold under the cursor Diff zd"},{"title":"Toggle fold under the cursor","subtitle":"Diff ⎯  za","arg":["key code 53//keystroke \"za\"","toggle fold under the cursor","za"],"icon":{"type":"file","path":"img/diff.png"},"match":"toggle fold under the cursor Diff za"},{"title":"Open fold under the cursor","subtitle":"Diff ⎯  zo","arg":["key code 53//keystroke \"zo\"","open fold under the cursor","zo"],"icon":{"type":"file","path":"img/diff.png"},"match":"open fold under the cursor Diff zo"},{"title":"Close fold under the cursor","subtitle":"Diff ⎯  zc","arg":["key code 53//keystroke \"zc\"","close fold under the cursor","zc"],"icon":{"type":"file","path":"img/diff.png"},"match":"close fold under the cursor Diff zc"},{"title":"Reduce  all folds by one level","subtitle":"Diff ⎯  zr","arg":["key code 53//keystroke \"zr\"","reduce  all folds by one level","zr"],"icon":{"type":"file","path":"img/diff.png"},"match":"reduce  all folds by one level Diff zr"},{"title":"Fold more  all folds by one level","subtitle":"Diff ⎯  zm","arg":["key code 53//keystroke \"zm\"","fold more  all folds by one level","zm"],"icon":{"type":"file","path":"img/diff.png"},"match":"fold more  all folds by one level Diff zm"},{"title":"Toggle folding functionality","subtitle":"Diff ⎯  zi","arg":["key code 53//keystroke \"zi\"","toggle folding functionality","zi"],"icon":{"type":"file","path":"img/diff.png"},"match":"toggle folding functionality Diff zi"},{"title":"Jump to start of next change","subtitle":"Diff ⎯  ]c","arg":["key code 53//keystroke \"]c\"","jump to start of next change","]c"],"icon":{"type":"file","path":"img/diff.png"},"match":"jump to start of next change Diff ]c"},{"title":"Jump to start of previous change","subtitle":"Diff ⎯  [c","arg":["key code 53//keystroke \"[c\"","jump to start of previous change","[c"],"icon":{"type":"file","path":"img/diff.png"},"match":"jump to start of previous change Diff [c"},{"title":"Obtain  difference ","subtitle":"Diff ⎯  do or :diffg[et]","arg":["key code 53//keystroke \"do\"","obtain  difference ","do or :diffg[et]"],"icon":{"type":"file","path":"img/diff.png"},"match":"obtain  difference  Diff do or :diffg[et]"},{"title":"Put difference ","subtitle":"Diff ⎯  dp or :diffpu[t]","arg":["key code 53//keystroke \"dp\"","put difference ","dp or :diffpu[t]"],"icon":{"type":"file","path":"img/diff.png"},"match":"put difference  Diff dp or :diffpu[t]"},{"title":"Make current window part of diff","subtitle":"Diff ⎯  :diffthis","arg":["key code 53//keystroke \":diffthis\" & return","make current window part of diff",":diffthis"],"icon":{"type":"file","path":"img/diff.png"},"match":"make current window part of diff Diff :diffthis"},{"title":"Update differences","subtitle":"Diff ⎯  :dif[fupdate]","arg":["key code 53//keystroke \":dif\" & return","update differences",":dif[fupdate]"],"icon":{"type":"file","path":"img/diff.png"},"match":"update differences Diff :dif[fupdate]"},{"title":"Switch off diff mode for current window","subtitle":"Diff ⎯  :diffo[ff]","arg":["key code 53//keystroke \":diffo\" & return","switch off diff mode for current window",":diffo[ff]"],"icon":{"type":"file","path":"img/diff.png"},"match":"switch off diff mode for current window Diff :diffo[ff]"},{"title":"Turn on us english spell checking","subtitle":"Spell checking ⎯  :set spell spelllang=en_us","arg":["key code 53//keystroke \":set\"//key code 49//keystroke \"spell\"//key code 49//keystroke \"spelllang=en_us\" & return","Turn on US English spell checking",":set spell spelllang=en_us"],"icon":{"type":"file","path":"img/spell.png"},"match":"Turn on US English spell checking Spell checking :set spell spelllang=en_us"},{"title":"Turn off spell checking","subtitle":"Spell checking ⎯  :set nospell","arg":["key code 53//keystroke \":set\"//key code 49//keystroke \"nospell\" & return","Turn off spell checking",":set nospell"],"icon":{"type":"file","path":"img/spell.png"},"match":"Turn off spell checking Spell checking :set nospell"},{"title":"Move to next misspelled word after the cursor","subtitle":"Spell checking ⎯  ]s","arg":["key code 53//keystroke \"]s\"","Move to next misspelled word after the cursor","]s"],"icon":{"type":"file","path":"img/spell.png"},"match":"Move to next misspelled word after the cursor Spell checking ]s"},{"title":"Move to previous misspelled word before the cursor","subtitle":"Spell checking ⎯  [s","arg":["key code 53//keystroke \"[s\"","Move to previous misspelled word before the cursor","[s"],"icon":{"type":"file","path":"img/spell.png"},"match":"Move to previous misspelled word before the cursor Spell checking [s"},{"title":"Suggest spellings for the word under/after the cursor","subtitle":"Spell checking ⎯  z=","arg":["key code 53//keystroke \"z=\"","Suggest spellings for the word under/after the cursor","z="],"icon":{"type":"file","path":"img/spell.png"},"match":"Suggest spellings for the word under/after the cursor Spell checking z="},{"title":"Add word to spell list","subtitle":"Spell checking ⎯  zg","arg":["key code 53//keystroke \"zg\"","Add word to spell list","zg"],"icon":{"type":"file","path":"img/spell.png"},"match":"Add word to spell list Spell checking zg"},{"title":"Mark word as bad/mispelling","subtitle":"Spell checking ⎯  zw","arg":["key code 53//keystroke \"zw\"","Mark word as bad/mispelling","zw"],"icon":{"type":"file","path":"img/spell.png"},"match":"Mark word as bad/mispelling Spell checking zw"},{"title":"Suggest words for bad word under cursor from spell file","subtitle":"Spell checking ⎯  zu","arg":["key code 53//keystroke \"zu\"","Suggest words for bad word under cursor from spell file","zu"],"icon":{"type":"file","path":"img/spell.png"},"match":"Suggest words for bad word under cursor from spell file Spell checking zu"},{"title":"Increment number","subtitle":"Miscellaneous ⎯  Ctrl+a","arg":["key code 53//keystroke \"a\" using control down","Increment number","Ctrl+a"],"icon":{"type":"file","path":"img/misc.png"},"match":"Increment number Miscellaneous Ctrl+a"},{"title":"Decrement number","subtitle":"Miscellaneous ⎯  Ctrl+x","arg":["key code 53//keystroke \"x\" using control down","Decrement number","Ctrl+x"],"icon":{"type":"file","path":"img/misc.png"},"match":"Decrement number Miscellaneous Ctrl+x"},{"title":"Re-select last selected block of text","subtitle":"Miscellaneous ⎯  gv","arg":["key code 53//keystroke \"gv\"","Re-select last selected block of text","gv"],"icon":{"type":"file","path":"img/misc.png"},"match":"Re-select last selected block of text Miscellaneous gv"},{"title":"Insert the result of an expression at the cursor","subtitle":"Miscellaneous ⎯  Ctrl+r =","arg":["key code 53//keystroke \"r\" using control down//keystroke \"=\"","Insert the result of an expression at the cursor","Ctrl+r ="],"icon":{"type":"file","path":"img/misc.png"},"match":"Insert the result of an expression at the cursor Miscellaneous Ctrl+r ="},{"title":"Change file encoding to utf-8","subtitle":"Miscellaneous ⎯  set fenc=UTF-8","arg":["key code 53//keystroke \"set\"//key code 49//keystroke \"fenc=UTF-8\"","Change file encoding to UTF-8","set fenc=UTF-8"],"icon":{"type":"file","path":"img/misc.png"},"match":"Change file encoding to UTF-8 Miscellaneous set fenc=UTF-8"},{"title":"Escape next character","subtitle":"Regex ⎯  \\","arg":["keystroke \"\\\\\"","Escape next character","\\"],"icon":{"type":"file","path":"img/regex.png"},"match":"Escape next character Regex \\"},{"title":"Start-of­-line","subtitle":"Regex ⎯  ^","arg":["keystroke \"^\"","Start-of­-line","^"],"icon":{"type":"file","path":"img/regex.png"},"match":"Start-of­-line Regex ^"},{"title":"End-of-­line","subtitle":"Regex ⎯  $","arg":["keystroke \"$\"","End-of-­line","$"],"icon":{"type":"file","path":"img/regex.png"},"match":"End-of-­line Regex $"},{"title":"Any char","subtitle":"Regex ⎯  .","arg":["keystroke \".\"","Any char","."],"icon":{"type":"file","path":"img/regex.png"},"match":"Any char Regex ."},{"title":"0 or more quantifier","subtitle":"Regex ⎯  *","arg":["keystroke \"*\"","0 or more quantifier","*"],"icon":{"type":"file","path":"img/regex.png"},"match":"0 or more quantifier Regex *"},{"title":"Match last given substitute string","subtitle":"Regex ⎯  ~","arg":["keystroke \"\"~","Match last given substitute string","~"],"icon":{"type":"file","path":"img/regex.png"},"match":"Match last given substitute string Regex ~"},{"title":"Match range","subtitle":"Regex ⎯  [...]","arg":["keystroke \"[...]\"","Match range","[...]"],"icon":{"type":"file","path":"img/regex.png"},"match":"Match range Regex [...]"},{"title":"Not range","subtitle":"Regex ⎯  [^...]","arg":["keystroke \"[^...]\"","Not range","[^...]"],"icon":{"type":"file","path":"img/regex.png"},"match":"Not range Regex [^...]"},{"title":"In replacement: insert <pattern>","subtitle":"Regex ⎯  &","arg":["keystroke \"&\"","In replacement: insert <pattern>","&"],"icon":{"type":"file","path":"img/regex.png"},"match":"In replacement: insert <pattern> Regex &"},{"title":"Beginning of a word","subtitle":"Regex ⎯  \\<","arg":["keystroke \"\\\\<\"","Beginning of a word","\\<"],"icon":{"type":"file","path":"img/regex.png"},"match":"Beginning of a word Regex \\<"},{"title":"End of word","subtitle":"Regex ⎯  \\>","arg":["keystroke \"\\\\>\"","End of word","\\>"],"icon":{"type":"file","path":"img/regex.png"},"match":"End of word Regex \\>"},{"title":"Group","subtitle":"Regex ⎯  \\(...\\)","arg":["keystroke \"\\\\(...\\\\)\"","Group","\\(...\\)"],"icon":{"type":"file","path":"img/regex.png"},"match":"Group Regex \\(...\\)"},{"title":"Separate alternative","subtitle":"Regex ⎯  \\|","arg":["keystroke \"\\\\|\"","Separate alternative","\\|"],"icon":{"type":"file","path":"img/regex.png"},"match":"Separate alternative Regex \\|"},{"title":"Any single char or end-of­line","subtitle":"Regex ⎯  \\_.","arg":["keystroke \"\\\\_.\"","Any single char or end-of­line","\\_."],"icon":{"type":"file","path":"img/regex.png"},"match":"Any single char or end-of­line Regex \\_."},{"title":"1 or more quantifier","subtitle":"Regex ⎯  \\+","arg":["keystroke \"\\\\+\"","1 or more quantifier","\\+"],"icon":{"type":"file","path":"img/regex.png"},"match":"1 or more quantifier Regex \\+"},{"title":"0 or 1 quantifier","subtitle":"Regex ⎯  \\=","arg":["keystroke \"\\\\=\"","0 or 1 quantifier","\\="],"icon":{"type":"file","path":"img/regex.png"},"match":"0 or 1 quantifier Regex \\="},{"title":"0 or 1 quantifier","subtitle":"Regex ⎯  \\?","arg":["keystroke \"\\\\?\"","0 or 1 quantifier","\\?"],"icon":{"type":"file","path":"img/regex.png"},"match":"0 or 1 quantifier Regex \\?"},{"title":"N to m quantifier","subtitle":"Regex ⎯  \\{n,m}","arg":["keystroke \"\\\\{n,m}\"","n to m quantifier","\\{n,m}"],"icon":{"type":"file","path":"img/regex.png"},"match":"n to m quantifier Regex \\{n,m}"},{"title":"N quantifier","subtitle":"Regex ⎯  \\{n}","arg":["keystroke \"\\\\{n}\"","n quantifier","\\{n}"],"icon":{"type":"file","path":"img/regex.png"},"match":"n quantifier Regex \\{n}"},{"title":"At least n quantifier","subtitle":"Regex ⎯  \\{n,}","arg":["keystroke \"\"\\\\{n,}","at least n quantifier","\\{n,}"],"icon":{"type":"file","path":"img/regex.png"},"match":"at least n quantifier Regex \\{n,}"},{"title":"0 to m quantifier","subtitle":"Regex ⎯  \\{,m}","arg":["keystroke \"\\\\{,}\"","0 to m quantifier","\\{,m}"],"icon":{"type":"file","path":"img/regex.png"},"match":"0 to m quantifier Regex \\{,m}"},{"title":"Delete all lines matching pattern","subtitle":"Regex ⎯  :%g/<pa­tte­rn>/d","arg":["key code 53//keystroke \":%g/<pa­tte­r/d\"","delete all lines matching pattern",":%g/<pa­tte­rn>/d"],"icon":{"type":"file","path":"img/regex.png"},"match":"delete all lines matching pattern Regex :%g/<pa­tte­rn>/d"},{"title":"Delete all lines not matching <pattern>","subtitle":"Regex ⎯  :%v/<pa­tte­rn>/d","arg":["key code 53//keystroke \":%v/<pa­tte­r/d\"","delete all lines NOT matching <pattern>",":%v/<pa­tte­rn>/d"],"icon":{"type":"file","path":"img/regex.png"},"match":"delete all lines NOT matching <pattern> Regex :%v/<pa­tte­rn>/d"},{"title":"Delete empty lines","subtitle":"Regex ⎯  :%s/^.*$\\n//","arg":["key code 53//keystroke \":%s/^.*$\\\\n//\"","delete empty lines",":%s/^.*$\\n//"],"icon":{"type":"file","path":"img/regex.png"},"match":"delete empty lines Regex :%s/^.*$\\n//"},{"title":"Replace <pattern> by 'new <pattern>'","subtitle":"Regex ⎯  :s/<pattern>/new &/","arg":["key code 53//keystroke \":%s/<pattern>/new &/\"","Replace <pattern> by 'new <pattern>'",":s/<pattern>/new &/"],"icon":{"type":"file","path":"img/regex.png"},"match":"Replace <pattern> by 'new <pattern>' Regex :s/<pattern>/new &/"},{"title":"Replace <pattern> by content of register","subtitle":"Regex ⎯  :s/<pattern>/\\=@a/","arg":["key code 53//keystroke \":%s/<pattern>/\\\\=@a/\"","Replace <pattern> by content of register",":s/<pattern>/\\=@a/"],"icon":{"type":"file","path":"img/regex.png"},"match":"Replace <pattern> by content of register Regex :s/<pattern>/\\=@a/"},{"title":"Count number of occurrence of <pattern>","subtitle":"Regex ⎯  :s/<pattern>//gn","arg":["key code 53//keystroke \":%s/<pattern>//gn\"","Count number of occurrence of <pattern>",":s/<pattern>//gn"],"icon":{"type":"file","path":"img/regex.png"},"match":"Count number of occurrence of <pattern> Regex :s/<pattern>//gn"},{"title":"Match start","subtitle":"Regex ⎯  \\zs","arg":["keystroke \"\\\\zs\"","Match start","\\zs"],"icon":{"type":"file","path":"img/regex.png"},"match":"Match start Regex \\zs"},{"title":"Match end","subtitle":"Regex ⎯  \\ze","arg":["keystroke \"\\\\ze\"","Match end","\\ze"],"icon":{"type":"file","path":"img/regex.png"},"match":"Match end Regex \\ze"},{"title":"Positive look behind to find <pattern>","subtitle":"Regex ⎯  <atom>\\@<=<pattern>","arg":["keystroke \"<atom>\\\\@<=<pattern>\"","Positive look behind to find <pattern>","<atom>\\@<=<pattern>"],"icon":{"type":"file","path":"img/regex.png"},"match":"Positive look behind to find <pattern> Regex <atom>\\@<=<pattern>"},{"title":"Positive look ahead to find <pattern>","subtitle":"Regex ⎯  <pattern><atom>\\@=","arg":["keystroke \"<pattern><atom>\\\\@=\"","Positive look ahead to find <pattern>","<pattern><atom>\\@="],"icon":{"type":"file","path":"img/regex.png"},"match":"Positive look ahead to find <pattern> Regex <pattern><atom>\\@="},{"title":"Negative look behind to find <pattern>","subtitle":"Regex ⎯  <atom>\\@<!<pattern>","arg":["keystroke \"<atom>\\\\@<!<pattern>\"","Negative look behind to find <pattern>","<atom>\\@<!<pattern>"],"icon":{"type":"file","path":"img/regex.png"},"match":"Negative look behind to find <pattern> Regex <atom>\\@<!<pattern>"},{"title":"Negative look ahead to find <pattern>","subtitle":"Regex ⎯  <pattern><atom>\\@!","arg":["keystroke \"<pattern><atom>\\\\@!\"","Negative look ahead to find <pattern>","<pattern><atom>\\@!"],"icon":{"type":"file","path":"img/regex.png"},"match":"Negative look ahead to find <pattern> Regex <pattern><atom>\\@!"},{"title":"Non-greedy 0 or more quantifier","subtitle":"Regex ⎯  \\{-}","arg":["keystroke \"\\\\{-}\"","Non-greedy 0 or more quantifier","\\{-}"],"icon":{"type":"file","path":"img/regex.png"},"match":"Non-greedy 0 or more quantifier Regex \\{-}"}]}