{"items":[{"title":"打开关键字帮助","subtitle":"全局 ⎯  :h[elp] 关键字","arg":["key code 53//keystroke \":h\"//key code 49//keystroke \"keyword\"","打开关键字帮助",":h[elp] 关键字"],"icon":{"type":"file","path":"img/global.png"},"match":"open help for keyword 全局 :h[elp] 关键字"},{"title":"另存为","subtitle":"全局 ⎯  :sav[eas] 文件名","arg":["key code 53//keystroke \":sav\"//key code 49//keystroke \"file\"","另存为",":sav[eas] 文件名"],"icon":{"type":"file","path":"img/global.png"},"match":"save file as 全局 :sav[eas] 文件名"},{"title":"关闭当前窗口","subtitle":"全局 ⎯  :clo[se]","arg":["key code 53//keystroke \":clo\" & return","关闭当前窗口",":clo[se]"],"icon":{"type":"file","path":"img/global.png"},"match":"close current pane 全局 :clo[se]"},{"title":"打开一个shell窗口","subtitle":"全局 ⎯  :ter[minal]","arg":["key code 53//keystroke \":ter\" & return","打开一个shell窗口",":ter[minal]"],"icon":{"type":"file","path":"img/global.png"},"match":"open a terminal window 全局 :ter[minal]"},{"title":"打开光标所在单词的man页面","subtitle":"全局 ⎯  K","arg":["key code 53//keystroke \"K\"","打开光标所在单词的man页面","K"],"icon":{"type":"file","path":"img/global.png"},"match":"open man page for word under the cursor 全局 K"},{"title":"左移光标","subtitle":"移动光标 ⎯  h","arg":["key code 53//keystroke \"h\"","左移光标","h"],"icon":{"type":"file","path":"img/cursorMovement.png"},"match":"move cursor left 移动光标 h"},{"title":"下移光标","subtitle":"移动光标 ⎯  j","arg":["key code 53//keystroke \"j\"","下移光标","j"],"icon":{"type":"file","path":"img/cursorMovement.png"},"match":"move cursor down 移动光标 j"},{"title":"上移光标","subtitle":"移动光标 ⎯  k","arg":["key code 53//keystroke \"k\"","上移光标","k"],"icon":{"type":"file","path":"img/cursorMovement.png"},"match":"move cursor up 移动光标 k"},{"title":"右移光标","subtitle":"移动光标 ⎯  l","arg":["key code 53//keystroke \"l\"","右移光标","l"],"icon":{"type":"file","path":"img/cursorMovement.png"},"match":"move cursor right 移动光标 l"},{"title":"下移光标","subtitle":"移动光标 ⎯  gj","arg":["key code 53//keystroke \"gj\"","下移光标","gj"],"icon":{"type":"file","path":"img/cursorMovement.png"},"match":"move cursor down  移动光标 gj"},{"title":"下移光标","subtitle":"移动光标 ⎯  gk","arg":["key code 53//keystroke \"gk\"","下移光标","gk"],"icon":{"type":"file","path":"img/cursorMovement.png"},"match":"move cursor up  移动光标 gk"},{"title":"移动到当前页面顶部","subtitle":"移动光标 ⎯  H","arg":["key code 53//keystroke \"H\"","移动到当前页面顶部","H"],"icon":{"type":"file","path":"img/cursorMovement.png"},"match":"move to top of screen 移动光标 H"},{"title":"移动到当前页面中间","subtitle":"移动光标 ⎯  M","arg":["key code 53//keystroke \"M\"","移动到当前页面中间","M"],"icon":{"type":"file","path":"img/cursorMovement.png"},"match":"move to middle of screen 移动光标 M"},{"title":"移动到当前页面底部","subtitle":"移动光标 ⎯  L","arg":["key code 53//keystroke \"L\"","移动到当前页面底部","L"],"icon":{"type":"file","path":"img/cursorMovement.png"},"match":"move to bottom of screen 移动光标 L"},{"title":"移动到下个单词开头","subtitle":"移动光标 ⎯  w","arg":["key code 53//keystroke \"w\"","移动到下个单词开头","w"],"icon":{"type":"file","path":"img/cursorMovement.png"},"match":"jump forwards to the start of a word 移动光标 w"},{"title":"移动到下个单词开头","subtitle":"移动光标 ⎯  W","arg":["key code 53//keystroke \"W\"","移动到下个单词开头","W"],"icon":{"type":"file","path":"img/cursorMovement.png"},"match":"jump forwards to the start of a word  移动光标 W"},{"title":"移动到下个单词结尾","subtitle":"移动光标 ⎯  e","arg":["key code 53//keystroke \"e\"","移动到下个单词结尾","e"],"icon":{"type":"file","path":"img/cursorMovement.png"},"match":"jump forwards to the end of a word 移动光标 e"},{"title":"移动到下个单词结尾","subtitle":"移动光标 ⎯  E","arg":["key code 53//keystroke \"E\"","移动到下个单词结尾","E"],"icon":{"type":"file","path":"img/cursorMovement.png"},"match":"jump forwards to the end of a word  移动光标 E"},{"title":"移动到上个单词开头","subtitle":"移动光标 ⎯  b","arg":["key code 53//keystroke \"b\"","移动到上个单词开头","b"],"icon":{"type":"file","path":"img/cursorMovement.png"},"match":"jump backwards to the start of a word 移动光标 b"},{"title":"移动到上个单词开头","subtitle":"移动光标 ⎯  B","arg":["key code 53//keystroke \"B\"","移动到上个单词开头","B"],"icon":{"type":"file","path":"img/cursorMovement.png"},"match":"jump backwards to the start of a word  移动光标 B"},{"title":"移动到上个单词结尾","subtitle":"移动光标 ⎯  ge","arg":["key code 53//keystroke \"ge\"","移动到上个单词结尾","ge"],"icon":{"type":"file","path":"img/cursorMovement.png"},"match":"jump backwards to the end of a word 移动光标 ge"},{"title":"移动到上个单词结尾","subtitle":"移动光标 ⎯  gE","arg":["key code 53//keystroke \"gE\"","移动到上个单词结尾","gE"],"icon":{"type":"file","path":"img/cursorMovement.png"},"match":"jump backwards to the end of a word  移动光标 gE"},{"title":"跳转到配对的符号","subtitle":"移动光标 ⎯  %","arg":["key code 53//keystroke \"%\"","跳转到配对的符号","%"],"icon":{"type":"file","path":"img/cursorMovement.png"},"match":"move to matching character  移动光标 %"},{"title":"移动到行首","subtitle":"移动光标 ⎯  0","arg":["key code 53//keystroke \"0\"","移动到行首","0"],"icon":{"type":"file","path":"img/cursorMovement.png"},"match":"jump to the start of the line 移动光标 0"},{"title":"移动到行首的非空白符","subtitle":"移动光标 ⎯  ^","arg":["key code 53//keystroke \"^\"","移动到行首的非空白符","^"],"icon":{"type":"file","path":"img/cursorMovement.png"},"match":"jump to the first non-blank character of the line 移动光标 ^"},{"title":"移动到行尾","subtitle":"移动光标 ⎯  $","arg":["key code 53//keystroke \"$\"","移动到行尾","$"],"icon":{"type":"file","path":"img/cursorMovement.png"},"match":"jump to the end of the line 移动光标 $"},{"title":"移动到行内最后一个非空白符","subtitle":"移动光标 ⎯  g_","arg":["key code 53//keystroke \"g_\"","移动到行内最后一个非空白符","g_"],"icon":{"type":"file","path":"img/cursorMovement.png"},"match":"jump to the last non-blank character of the line 移动光标 g_"},{"title":"移动到文件第一行","subtitle":"移动光标 ⎯  gg","arg":["key code 53//keystroke \"gg\"","移动到文件第一行","gg"],"icon":{"type":"file","path":"img/cursorMovement.png"},"match":"go to the first line of the document 移动光标 gg"},{"title":"移动到文件最后一行","subtitle":"移动光标 ⎯  G","arg":["key code 53//keystroke \"G\"","移动到文件最后一行","G"],"icon":{"type":"file","path":"img/cursorMovement.png"},"match":"go to the last line of the document 移动光标 G"},{"title":"移动到第五行","subtitle":"移动光标 ⎯  5gg or 5G","arg":["key code 53//keystroke \"5gg\"","移动到第五行","5gg or 5G"],"icon":{"type":"file","path":"img/cursorMovement.png"},"match":"go to line 5 移动光标 5gg or 5G"},{"title":"跳转到局部定义","subtitle":"移动光标 ⎯  gd","arg":["key code 53//keystroke \"gd\"","跳转到局部定义","gd"],"icon":{"type":"file","path":"img/cursorMovement.png"},"match":"move to local declaration 移动光标 gd"},{"title":"跳转到全局定义","subtitle":"移动光标 ⎯  gD","arg":["key code 53//keystroke \"gD\"","跳转到全局定义","gD"],"icon":{"type":"file","path":"img/cursorMovement.png"},"match":"move to global declaration 移动光标 gD"},{"title":"移动到字符 x 下次出现的位置","subtitle":"移动光标 ⎯  fx","arg":["key code 53//keystroke \"fx\"","移动到字符 x 下次出现的位置","fx"],"icon":{"type":"file","path":"img/cursorMovement.png"},"match":"jump to next occurrence of character x 移动光标 fx"},{"title":"移动到字符 x 下次出现的位置的前一个字符","subtitle":"移动光标 ⎯  tx","arg":["key code 53//keystroke \"tx\"","移动到字符 x 下次出现的位置的前一个字符","tx"],"icon":{"type":"file","path":"img/cursorMovement.png"},"match":"jump to before next occurrence of character x 移动光标 tx"},{"title":"移动到字符 x 上次出现的位置","subtitle":"移动光标 ⎯  Fx","arg":["key code 53//keystroke \"Fx\"","移动到字符 x 上次出现的位置","Fx"],"icon":{"type":"file","path":"img/cursorMovement.png"},"match":"jump to the previous occurrence of character x 移动光标 Fx"},{"title":"移动到字符 x 上次出现的位置的后一个字符","subtitle":"移动光标 ⎯  Tx","arg":["key code 53//keystroke \"Tx\"","移动到字符 x 上次出现的位置的后一个字符","Tx"],"icon":{"type":"file","path":"img/cursorMovement.png"},"match":"jump to after previous occurrence of character x 移动光标 Tx"},{"title":"重复之前的f、t、f、t操作","subtitle":"移动光标 ⎯  ;","arg":["key code 53//keystroke \";\"","重复之前的f、t、F、T操作",";"],"icon":{"type":"file","path":"img/cursorMovement.png"},"match":"repeat previous f, t, F or T movement 移动光标 ;"},{"title":"反向重复之前的f、t、f、t操作","subtitle":"移动光标 ⎯  ,","arg":["key code 53//keystroke \",\"","反向重复之前的f、t、F、T操作",","],"icon":{"type":"file","path":"img/cursorMovement.png"},"match":"repeat previous f, t, F or T movement, backwards 移动光标 ,"},{"title":"移动到下一个段落 ","subtitle":"移动光标 ⎯  }","arg":["key code 53//keystroke \"}\"","移动到下一个段落 ","}"],"icon":{"type":"file","path":"img/cursorMovement.png"},"match":"jump to next paragraph  移动光标 }"},{"title":"移动到上一个段落 ","subtitle":"移动光标 ⎯  {","arg":["key code 53//keystroke \"{\"","移动到上一个段落 ","{"],"icon":{"type":"file","path":"img/cursorMovement.png"},"match":"jump to previous paragraph  移动光标 {"},{"title":"移动屏幕使光标居中","subtitle":"移动光标 ⎯  zz","arg":["key code 53//keystroke \"zz\"","移动屏幕使光标居中","zz"],"icon":{"type":"file","path":"img/cursorMovement.png"},"match":"center cursor on screen 移动光标 zz"},{"title":"向下移动屏幕一行","subtitle":"移动光标 ⎯  Ctrl+e","arg":["key code 53//keystroke \"e\" using control down","向下移动屏幕一行","Ctrl+e"],"icon":{"type":"file","path":"img/cursorMovement.png"},"match":"move screen down one line  移动光标 Ctrl+e"},{"title":"向上移动屏幕一行","subtitle":"移动光标 ⎯  Ctrl+y","arg":["key code 53//keystroke \"y\" using control down","向上移动屏幕一行","Ctrl+y"],"icon":{"type":"file","path":"img/cursorMovement.png"},"match":"move screen up one line  移动光标 Ctrl+y"},{"title":"向上滚动一屏","subtitle":"移动光标 ⎯  Ctrl+b","arg":["key code 53//keystroke \"b\" using control down","向上滚动一屏","Ctrl+b"],"icon":{"type":"file","path":"img/cursorMovement.png"},"match":"move back one full screen 移动光标 Ctrl+b"},{"title":"向下滚动一屏","subtitle":"移动光标 ⎯  Ctrl+f","arg":["key code 53//keystroke \"f\" using control down","向下滚动一屏","Ctrl+f"],"icon":{"type":"file","path":"img/cursorMovement.png"},"match":"move forward one full screen 移动光标 Ctrl+f"},{"title":"向上滚动半屏","subtitle":"移动光标 ⎯  Ctrl+u","arg":["key code 53//keystroke \"u\" using control down","向上滚动半屏","Ctrl+u"],"icon":{"type":"file","path":"img/cursorMovement.png"},"match":"move back 1/2 a screen 移动光标 Ctrl+u"},{"title":"向下滚动半屏","subtitle":"移动光标 ⎯  Ctrl+d","arg":["key code 53//keystroke \"d\" using control down","向下滚动半屏","Ctrl+d"],"icon":{"type":"file","path":"img/cursorMovement.png"},"match":"move forward 1/2 a screen 移动光标 Ctrl+d"},{"title":"从光标前开始插入字符","subtitle":"插入模式 - 插入/追加文本 ⎯  i","arg":["key code 53//keystroke \"i\"","从光标前开始插入字符","i"],"icon":{"type":"file","path":"img/insertMode.png"},"match":"insert before the cursor 插入模式 - 插入/追加文本 i"},{"title":"从行首开始插入字符","subtitle":"插入模式 - 插入/追加文本 ⎯  I","arg":["key code 53//keystroke \"I\"","从行首开始插入字符","I"],"icon":{"type":"file","path":"img/insertMode.png"},"match":"insert at the beginning of the line 插入模式 - 插入/追加文本 I"},{"title":"从光标后开始插入字符","subtitle":"插入模式 - 插入/追加文本 ⎯  a","arg":["key code 53//keystroke \"a\"","从光标后开始插入字符","a"],"icon":{"type":"file","path":"img/insertMode.png"},"match":"insert  after the cursor 插入模式 - 插入/追加文本 a"},{"title":"从行尾开始插入字符","subtitle":"插入模式 - 插入/追加文本 ⎯  A","arg":["key code 53//keystroke \"A\"","从行尾开始插入字符","A"],"icon":{"type":"file","path":"img/insertMode.png"},"match":"insert  at the end of the line 插入模式 - 插入/追加文本 A"},{"title":"在当前行之下另起一行, 开始插入字符","subtitle":"插入模式 - 插入/追加文本 ⎯  o","arg":["key code 53//keystroke \"o\"","在当前行之下另起一行, 开始插入字符","o"],"icon":{"type":"file","path":"img/insertMode.png"},"match":"append  a new line below the current line 插入模式 - 插入/追加文本 o"},{"title":"在当前行之上另起一行, 开始插入字符","subtitle":"插入模式 - 插入/追加文本 ⎯  O","arg":["key code 53//keystroke \"O\"","在当前行之上另起一行, 开始插入字符","O"],"icon":{"type":"file","path":"img/insertMode.png"},"match":"append  a new line above the current line 插入模式 - 插入/追加文本 O"},{"title":"从当前单词末尾开始插入","subtitle":"插入模式 - 插入/追加文本 ⎯  ea","arg":["key code 53//keystroke \"ea\"","从当前单词末尾开始插入","ea"],"icon":{"type":"file","path":"img/insertMode.png"},"match":"insert  at the end of the word 插入模式 - 插入/追加文本 ea"},{"title":"在插入模式下，删除光标前的字符","subtitle":"插入模式 - 插入/追加文本 ⎯  Ctrl+h","arg":["keystroke \"h\" using control down","在插入模式下，删除光标前的字符","Ctrl+h"],"icon":{"type":"file","path":"img/insertMode.png"},"match":"delete the character before the cursor during insert mode 插入模式 - 插入/追加文本 Ctrl+h"},{"title":"在插入模式下，删除光标前的单词","subtitle":"插入模式 - 插入/追加文本 ⎯  Ctrl+w","arg":["keystroke \"w\" using control down","在插入模式下，删除光标前的单词","Ctrl+w"],"icon":{"type":"file","path":"img/insertMode.png"},"match":"delete word before the cursor during insert mode 插入模式 - 插入/追加文本 Ctrl+w"},{"title":"在插入模式下，另起一行","subtitle":"插入模式 - 插入/追加文本 ⎯  Ctrl+j","arg":["keystroke \"j\" using control down","在插入模式下，另起一行","Ctrl+j"],"icon":{"type":"file","path":"img/insertMode.png"},"match":"begin new line during insert mode 插入模式 - 插入/追加文本 Ctrl+j"},{"title":"在插入模式下，向右缩进，宽度由 shiftwidth 控制","subtitle":"插入模式 - 插入/追加文本 ⎯  Ctrl+t","arg":["keystroke \"t\" using control down","在插入模式下，向右缩进，宽度由 shiftwidth 控制","Ctrl+t"],"icon":{"type":"file","path":"img/insertMode.png"},"match":"indent  line one shiftwidth during insert mode 插入模式 - 插入/追加文本 Ctrl+t"},{"title":"在插入模式下，向左缩进，宽度由 shiftwidth 控制","subtitle":"插入模式 - 插入/追加文本 ⎯  Ctrl+d","arg":["keystroke \"d\" using control down","在插入模式下，向左缩进，宽度由 shiftwidth 控制","Ctrl+d"],"icon":{"type":"file","path":"img/insertMode.png"},"match":"de-indent  line one shiftwidth during insert mode 插入模式 - 插入/追加文本 Ctrl+d"},{"title":"在插入模式下，在光标之前插入自动补全的下一个匹配项","subtitle":"插入模式 - 插入/追加文本 ⎯  Ctrl+n","arg":["keystroke \"n\" using control down","在插入模式下，在光标之前插入自动补全的下一个匹配项","Ctrl+n"],"icon":{"type":"file","path":"img/insertMode.png"},"match":"insert  next match before the cursor during insert mode 插入模式 - 插入/追加文本 Ctrl+n"},{"title":"在插入模式下，在光标之前插入自动补全的上一个匹配项","subtitle":"插入模式 - 插入/追加文本 ⎯  Ctrl+p","arg":["keystroke \"p\" using control down","在插入模式下，在光标之前插入自动补全的上一个匹配项","Ctrl+p"],"icon":{"type":"file","path":"img/insertMode.png"},"match":"insert  previous match before the cursor during insert mode 插入模式 - 插入/追加文本 Ctrl+p"},{"title":"插入寄存器 x 的内容","subtitle":"插入模式 - 插入/追加文本 ⎯  Ctrl+r x","arg":["keystroke \"r\" using control down//keystroke \"x\"","插入寄存器 x 的内容","Ctrl+r x"],"icon":{"type":"file","path":"img/insertMode.png"},"match":"insert the contents of register x 插入模式 - 插入/追加文本 Ctrl+r x"},{"title":"暂时进入正常模式以发出一个正常模式命令 x。","subtitle":"插入模式 - 插入/追加文本 ⎯  Ctrl+o x","arg":["keystroke \"o\" using control down//keystroke \"x\"","暂时进入正常模式以发出一个正常模式命令 x。","Ctrl+o x"],"icon":{"type":"file","path":"img/insertMode.png"},"match":"Temporarily enter normal mode to issue one normal-mode command x. 插入模式 - 插入/追加文本 Ctrl+o x"},{"title":"退出插入模式","subtitle":"插入模式 - 插入/追加文本 ⎯  Esc","arg":["key code 53","退出插入模式","Esc"],"icon":{"type":"file","path":"img/insertMode.png"},"match":"exit insert mode 插入模式 - 插入/追加文本 Esc"},{"title":"替换当前字符","subtitle":"编辑文本 ⎯  r","arg":["key code 53//keystroke \"r\"","替换当前字符","r"],"icon":{"type":"file","path":"img/editing.png"},"match":"replace a single character. 编辑文本 r"},{"title":"在 esc 按下之前，替换多个字符","subtitle":"编辑文本 ⎯  R","arg":["key code 53//keystroke \"R\"","在 ESC 按下之前，替换多个字符","R"],"icon":{"type":"file","path":"img/editing.png"},"match":"replace more than one character, until ESC is pressed. 编辑文本 R"},{"title":"将下一行合并到当前行, 并在两部分文本之间插入一个空格","subtitle":"编辑文本 ⎯  J","arg":["key code 53//keystroke \"J\"","将下一行合并到当前行, 并在两部分文本之间插入一个空格","J"],"icon":{"type":"file","path":"img/editing.png"},"match":"join line below to the current one with one space in between 编辑文本 J"},{"title":"将下一行合并到当前行, 两部分文本之间不含空格","subtitle":"编辑文本 ⎯  gJ","arg":["key code 53//keystroke \"gJ\"","将下一行合并到当前行, 两部分文本之间不含空格","gJ"],"icon":{"type":"file","path":"img/editing.png"},"match":"join line below to the current one without space in between 编辑文本 gJ"},{"title":"重新调整段落","subtitle":"编辑文本 ⎯  gwip","arg":["key code 53//keystroke \"gwip\"","重新调整段落","gwip"],"icon":{"type":"file","path":"img/editing.png"},"match":"reflow paragraph 编辑文本 gwip"},{"title":"大小写转换操作修饰符","subtitle":"编辑文本 ⎯  g~","arg":["key code 53//keystroke \"g~\"","大小写转换操作修饰符","g~"],"icon":{"type":"file","path":"img/editing.png"},"match":"switch case up to motion 编辑文本 g~"},{"title":"小写操作修饰符","subtitle":"编辑文本 ⎯  gu","arg":["key code 53//keystroke \"gu\"","小写操作修饰符","gu"],"icon":{"type":"file","path":"img/editing.png"},"match":"change to lowercase up to motion 编辑文本 gu"},{"title":"大写操作修饰符","subtitle":"编辑文本 ⎯  gU","arg":["key code 53//keystroke \"gU\"","大写操作修饰符","gU"],"icon":{"type":"file","path":"img/editing.png"},"match":"change to uppercase up to motion 编辑文本 gU"},{"title":"将光标所在的行删除, 然后进入插入模式","subtitle":"编辑文本 ⎯  cc","arg":["key code 53//keystroke \"cc\"","将光标所在的行删除, 然后进入插入模式","cc"],"icon":{"type":"file","path":"img/editing.png"},"match":"change  entire line 编辑文本 cc"},{"title":"将光标处到行尾删除, 然后进入插入模式","subtitle":"编辑文本 ⎯  c$ or C","arg":["key code 53//keystroke \"g$\"","将光标处到行尾删除, 然后进入插入模式","c$ or C"],"icon":{"type":"file","path":"img/editing.png"},"match":"change  to the end of the line 编辑文本 c$ or C"},{"title":"将光标所在的单词删除, 然后进入插入模式","subtitle":"编辑文本 ⎯  ciw","arg":["key code 53//keystroke \"ciw\"","将光标所在的单词删除, 然后进入插入模式","ciw"],"icon":{"type":"file","path":"img/editing.png"},"match":"change  entire word 编辑文本 ciw"},{"title":"从光标位置开始, 修改单词","subtitle":"编辑文本 ⎯  cw or ce","arg":["key code 53//keystroke \"cw\"","从光标位置开始, 修改单词","cw or ce"],"icon":{"type":"file","path":"img/editing.png"},"match":"change  to the end of the word 编辑文本 cw or ce"},{"title":"删除当前字符, 然后进入插入模式","subtitle":"编辑文本 ⎯  s","arg":["key code 53//keystroke \"s\"","删除当前字符, 然后进入插入模式","s"],"icon":{"type":"file","path":"img/editing.png"},"match":"delete character and substitute text 编辑文本 s"},{"title":"清空当前行, 然后进入插入模式 ","subtitle":"编辑文本 ⎯  S","arg":["key code 53//keystroke \"S\"","清空当前行, 然后进入插入模式 ","S"],"icon":{"type":"file","path":"img/editing.png"},"match":"delete line and substitute text  编辑文本 S"},{"title":"当前字符后移","subtitle":"编辑文本 ⎯  xp","arg":["key code 53//keystroke \"xp\"","当前字符后移","xp"],"icon":{"type":"file","path":"img/editing.png"},"match":"transpose two letters  编辑文本 xp"},{"title":"撤销","subtitle":"编辑文本 ⎯  u","arg":["key code 53//keystroke \"u\"","撤销","u"],"icon":{"type":"file","path":"img/editing.png"},"match":"undo 编辑文本 u"},{"title":"撤销上一次的改动行的操作","subtitle":"编辑文本 ⎯  U","arg":["key code 53//keystroke \"U\"","撤销上一次的改动行的操作","U"],"icon":{"type":"file","path":"img/editing.png"},"match":"restore  last changed line 编辑文本 U"},{"title":"重做（取消撤销）","subtitle":"编辑文本 ⎯  Ctrl+r","arg":["key code 53//keystroke \"r\" using control down","重做（取消撤销）","Ctrl+r"],"icon":{"type":"file","path":"img/editing.png"},"match":"redo 编辑文本 Ctrl+r"},{"title":"再次执行上个命令","subtitle":"编辑文本 ⎯  .","arg":["key code 53//keystroke \".\"","再次执行上个命令","."],"icon":{"type":"file","path":"img/editing.png"},"match":"repeat last command 编辑文本 ."},{"title":"进入可视化模式, 移动光标高亮选择, 然后可以对选择的文本执行命令","subtitle":"选择文本（可视化模式） ⎯  v","arg":["key code 53//keystroke \"v\"","进入可视化模式, 移动光标高亮选择, 然后可以对选择的文本执行命令","v"],"icon":{"type":"file","path":"img/markingText.png"},"match":"start visual mode, mark lines, then do a command  选择文本（可视化模式） v"},{"title":"进入可视化模式","subtitle":"选择文本（可视化模式） ⎯  V","arg":["key code 53//keystroke \"V\"","进入可视化模式","V"],"icon":{"type":"file","path":"img/markingText.png"},"match":"start linewise visual mode 选择文本（可视化模式） V"},{"title":"切换光标到选择区开头/结尾","subtitle":"选择文本（可视化模式） ⎯  o","arg":["key code 53//keystroke \"o\"","切换光标到选择区开头/结尾","o"],"icon":{"type":"file","path":"img/markingText.png"},"match":"move to other end of marked area 选择文本（可视化模式） o"},{"title":"进入可视化模式","subtitle":"选择文本（可视化模式） ⎯  Ctrl+v","arg":["key code 53//keystroke \"v\" using control down","进入可视化模式","Ctrl+v"],"icon":{"type":"file","path":"img/markingText.png"},"match":"start visual block mode 选择文本（可视化模式） Ctrl+v"},{"title":"切换光标到选择区的角","subtitle":"选择文本（可视化模式） ⎯  O","arg":["key code 53//keystroke \"O\"","切换光标到选择区的角","O"],"icon":{"type":"file","path":"img/markingText.png"},"match":"move to other corner of block 选择文本（可视化模式） O"},{"title":"选择当前单词","subtitle":"选择文本（可视化模式） ⎯  aw","arg":["key code 53//keystroke \"aw\"","选择当前单词","aw"],"icon":{"type":"file","path":"img/markingText.png"},"match":"mark a word 选择文本（可视化模式） aw"},{"title":"选择被 () 包裹的区域","subtitle":"选择文本（可视化模式） ⎯  ab","arg":["key code 53//keystroke \"ab\"","选择被 () 包裹的区域","ab"],"icon":{"type":"file","path":"img/markingText.png"},"match":"a block with () 选择文本（可视化模式） ab"},{"title":"选择被 {} 包裹的区域","subtitle":"选择文本（可视化模式） ⎯  aB","arg":["key code 53//keystroke \"aB\"","选择被 {} 包裹的区域","aB"],"icon":{"type":"file","path":"img/markingText.png"},"match":"a block with {} 选择文本（可视化模式） aB"},{"title":"选择被 <> 标签包裹的区域","subtitle":"选择文本（可视化模式） ⎯  at","arg":["key code 53//keystroke \"at\"","选择被 <> 标签包裹的区域","at"],"icon":{"type":"file","path":"img/markingText.png"},"match":"a block with <> tags 选择文本（可视化模式） at"},{"title":"选择被 () 包裹的区域","subtitle":"选择文本（可视化模式） ⎯  ib","arg":["key code 53//keystroke \"ib\"","选择被 () 包裹的区域","ib"],"icon":{"type":"file","path":"img/markingText.png"},"match":"inner block with () 选择文本（可视化模式） ib"},{"title":"选择被 {} 包裹的区域","subtitle":"选择文本（可视化模式） ⎯  iB","arg":["key code 53//keystroke \"iB\"","选择被 {} 包裹的区域","iB"],"icon":{"type":"file","path":"img/markingText.png"},"match":"inner block with {} 选择文本（可视化模式） iB"},{"title":"选择被 <> 标签包裹的区域","subtitle":"选择文本（可视化模式） ⎯  it","arg":["key code 53//keystroke \"it\"","选择被 <> 标签包裹的区域","it"],"icon":{"type":"file","path":"img/markingText.png"},"match":"inner block with <> tags 选择文本（可视化模式） it"},{"title":"退出可视化模式","subtitle":"选择文本（可视化模式） ⎯  Esc","arg":["key code 53//key code 53","退出可视化模式","Esc"],"icon":{"type":"file","path":"img/markingText.png"},"match":"exit visual mode 选择文本（可视化模式） Esc"},{"title":"向右缩进","subtitle":"可视化模式命令 (Reference only) ⎯  >","arg":["keystroke \">\"","向右缩进",">"],"icon":{"type":"file","path":"img/visualCommands.png"},"match":"shift text right 可视化模式命令 >"},{"title":"向左缩进","subtitle":"可视化模式命令 (Reference only) ⎯  <","arg":["keystroke \"<\"","向左缩进","<"],"icon":{"type":"file","path":"img/visualCommands.png"},"match":"shift text left 可视化模式命令 <"},{"title":"复制","subtitle":"可视化模式命令 (Reference only) ⎯  y","arg":["keystroke \"y\"","复制","y"],"icon":{"type":"file","path":"img/visualCommands.png"},"match":"yank  marked text 可视化模式命令 y"},{"title":"剪切","subtitle":"可视化模式命令 (Reference only) ⎯  d","arg":["keystroke \"d\"","剪切","d"],"icon":{"type":"file","path":"img/visualCommands.png"},"match":"delete marked text 可视化模式命令 d"},{"title":"大小写切换","subtitle":"可视化模式命令 (Reference only) ⎯  ~","arg":["keystroke \"~\"","大小写切换","~"],"icon":{"type":"file","path":"img/visualCommands.png"},"match":"switch case 可视化模式命令 ~"},{"title":"将选中文本转换为小写","subtitle":"可视化模式命令 (Reference only) ⎯  u","arg":["keystroke \"u\"","将选中文本转换为小写","u"],"icon":{"type":"file","path":"img/visualCommands.png"},"match":"change marked text to lowercase 可视化模式命令 u"},{"title":"将选中文本转换为大写","subtitle":"可视化模式命令 (Reference only) ⎯  U","arg":["keystroke \"U\"","将选中文本转换为大写","U"],"icon":{"type":"file","path":"img/visualCommands.png"},"match":"change marked text to uppercase 可视化模式命令 U"},{"title":"显示寄存器内容","subtitle":"寄存器 ⎯  :reg[isters]","arg":["key code 53//keystroke \":reg\" & return","显示寄存器内容",":reg[isters]"],"icon":{"type":"file","path":"img/registers.png"},"match":"show registers content 寄存器 :reg[isters]"},{"title":"复制内容到寄存器 x","subtitle":"寄存器 ⎯  xy","arg":["key code 53//keystroke \"xy\"","复制内容到寄存器 x","xy"],"icon":{"type":"file","path":"img/registers.png"},"match":"yank into register x 寄存器 xy"},{"title":"粘贴寄存器 x 中的内容","subtitle":"寄存器 ⎯  xp","arg":["key code 53//keystroke \"xp\"","粘贴寄存器 x 中的内容","xp"],"icon":{"type":"file","path":"img/registers.png"},"match":"paste contents of register x 寄存器 xp"},{"title":"复制内容到系统剪贴板寄存器","subtitle":"寄存器 ⎯  +y","arg":["key code 53//keystroke \"+y\"","复制内容到系统剪贴板寄存器","+y"],"icon":{"type":"file","path":"img/registers.png"},"match":"yank into the system clipboard register 寄存器 +y"},{"title":"粘贴系统剪贴板寄存器的内容","subtitle":"寄存器 ⎯  +p","arg":["key code 53//keystroke \"+p\"","粘贴系统剪贴板寄存器的内容","+p"],"icon":{"type":"file","path":"img/registers.png"},"match":"paste from the system clipboard register 寄存器 +p"},{"title":"设置当前位置为标记 a","subtitle":"标记 ⎯  ma","arg":["key code 53//keystroke \"ma\"","设置当前位置为标记 a","ma"],"icon":{"type":"file","path":"img/marks.png"},"match":"set current position for mark A 标记 ma"},{"title":"跳转到标记 a 的位置","subtitle":"标记 ⎯  `a","arg":["key code 53//keystroke \"`a\"","跳转到标记 a 的位置","`a"],"icon":{"type":"file","path":"img/marks.png"},"match":"jump to position of mark A 标记 `a"},{"title":"复制当前位置到标记 a 的内容","subtitle":"标记 ⎯  y`a","arg":["key code 53//keystroke \"y`a\"","复制当前位置到标记 a 的内容","y`a"],"icon":{"type":"file","path":"img/marks.png"},"match":"yank text to position of mark A 标记 y`a"},{"title":"跳转到上次 vim 退出时的位置","subtitle":"标记 ⎯  `0","arg":["key code 53//keystroke \"`0\"","跳转到上次 Vim 退出时的位置","`0"],"icon":{"type":"file","path":"img/marks.png"},"match":"go to the position where Vim was previously exited 标记 `0"},{"title":"跳转到上次编辑该文件时的位置","subtitle":"标记 ⎯  `\"","arg":["key code 53//keystroke \"`\\\"\"","跳转到上次编辑该文件时的位置","`\""],"icon":{"type":"file","path":"img/marks.png"},"match":"go to the position when last editing this file 标记 `\""},{"title":"跳转到上次修改的位置","subtitle":"标记 ⎯  `.","arg":["key code 53//keystroke \"`.\"","跳转到上次修改的位置","`."],"icon":{"type":"file","path":"img/marks.png"},"match":"go to the position of the last change in this file 标记 `."},{"title":"跳转回上次跳转前的位置","subtitle":"标记 ⎯  ``","arg":["key code 53//keystroke \"``\"","跳转回上次跳转前的位置","``"],"icon":{"type":"file","path":"img/marks.png"},"match":"go to the position before the last jump 标记 ``"},{"title":"列出跳转历史记录","subtitle":"标记 ⎯  :ju[mps]","arg":["key code 53//keystroke \":ju\" & return","列出跳转历史记录",":ju[mps]"],"icon":{"type":"file","path":"img/marks.png"},"match":"list of jumps 标记 :ju[mps]"},{"title":"跳转至跳转历史中较晚的位置","subtitle":"标记 ⎯  Ctrl+i","arg":["key code 53//keystroke \"i\" using control down","跳转至跳转历史中较晚的位置","Ctrl+i"],"icon":{"type":"file","path":"img/marks.png"},"match":"go to newer position in jump list 标记 Ctrl+i"},{"title":"跳转回跳转历史中较早的位置","subtitle":"标记 ⎯  Ctrl+o","arg":["key code 53//keystroke \"o\" using control down","跳转回跳转历史中较早的位置","Ctrl+o"],"icon":{"type":"file","path":"img/marks.png"},"match":"go to older position in jump list 标记 Ctrl+o"},{"title":"列出修改历史记录","subtitle":"标记 ⎯  :changes","arg":["key code 53//keystroke \":changes\" & return","列出修改历史记录",":changes"],"icon":{"type":"file","path":"img/marks.png"},"match":"list of changes 标记 :changes"},{"title":"跳转至修改历史中较晚修改的位置","subtitle":"标记 ⎯  g,","arg":["key code 53//keystroke \"g,\"","跳转至修改历史中较晚修改的位置","g,"],"icon":{"type":"file","path":"img/marks.png"},"match":"go to newer position in change list 标记 g,"},{"title":"跳转至修改历史中较早修改的位置","subtitle":"标记 ⎯  g;","arg":["key code 53//keystroke \"g;\"","跳转至修改历史中较早修改的位置","g;"],"icon":{"type":"file","path":"img/marks.png"},"match":"go to older position in change list 标记 g;"},{"title":"跳转到当前光标位置对应的 tag","subtitle":"标记 ⎯  Ctrl+]","arg":["key code 53//keystroke \"]\" using control down","跳转到当前光标位置对应的 tag","Ctrl+]"],"icon":{"type":"file","path":"img/marks.png"},"match":"jump to the tag under cursor 标记 Ctrl+]"},{"title":"Go to file in cursor","subtitle":"标记 ⎯  gf","arg":["key code 53//keystroke \"gf\"","Go to file in cursor","gf"],"icon":{"type":"file","path":"img/marks.png"},"match":"Go to file in cursor 标记 gf"},{"title":"录制宏 a","subtitle":"宏 ⎯  qa","arg":["key code 53//keystroke \"qa\"","录制宏 a","qa"],"icon":{"type":"file","path":"img/macros.png"},"match":"record macro a 宏 qa"},{"title":"停止录制宏","subtitle":"宏 ⎯  q","arg":["key code 53//keystroke \"q\"","停止录制宏","q"],"icon":{"type":"file","path":"img/macros.png"},"match":"stop recording macro 宏 q"},{"title":"执行宏 a","subtitle":"宏 ⎯  @a","arg":["key code 53//keystroke \"@a\"","执行宏 a","@a"],"icon":{"type":"file","path":"img/macros.png"},"match":"run macro a 宏 @a"},{"title":"重新执行上次执行的宏","subtitle":"宏 ⎯  @@","arg":["key code 53//keystroke \"@@\"","重新执行上次执行的宏","@@"],"icon":{"type":"file","path":"img/macros.png"},"match":"rerun last run macro 宏 @@"},{"title":"复制当前行","subtitle":"剪切, 复制, 粘贴 ⎯  yy","arg":["key code 53//keystroke \"yy\"","复制当前行","yy"],"icon":{"type":"file","path":"img/cutAndPaste.png"},"match":"yank  a line 剪切, 复制, 粘贴 yy"},{"title":"复制 2 行","subtitle":"剪切, 复制, 粘贴 ⎯  2yy","arg":["key code 53//keystroke \"2yy\"","复制 2 行","2yy"],"icon":{"type":"file","path":"img/cutAndPaste.png"},"match":"yank  2 lines 剪切, 复制, 粘贴 2yy"},{"title":"复制当前单词","subtitle":"剪切, 复制, 粘贴 ⎯  yw","arg":["key code 53//keystroke \"yw\"","复制当前单词","yw"],"icon":{"type":"file","path":"img/cutAndPaste.png"},"match":"yank  the characters of the word from the cursor position to the start of the next word 剪切, 复制, 粘贴 yw"},{"title":"复制光标处的单词","subtitle":"剪切, 复制, 粘贴 ⎯  yiw","arg":["key code 53//keystroke \"yiw\"","复制光标处的单词","yiw"],"icon":{"type":"file","path":"img/cutAndPaste.png"},"match":"yank  word under the cursor 剪切, 复制, 粘贴 yiw"},{"title":"复制光标处的单词及其前后的空格","subtitle":"剪切, 复制, 粘贴 ⎯  yaw","arg":["key code 53//keystroke \"yaw\"","复制光标处的单词及其前后的空格","yaw"],"icon":{"type":"file","path":"img/cutAndPaste.png"},"match":"yank  word under the cursor and the space after or before it 剪切, 复制, 粘贴 yaw"},{"title":"复制, 从光标位置到行末","subtitle":"剪切, 复制, 粘贴 ⎯  y$","arg":["key code 53//keystroke \"y$\"","复制, 从光标位置到行末","y$"],"icon":{"type":"file","path":"img/cutAndPaste.png"},"match":"yank  to end of line 剪切, 复制, 粘贴 y$"},{"title":"在光标后粘贴","subtitle":"剪切, 复制, 粘贴 ⎯  p","arg":["key code 53//keystroke \"p\"","在光标后粘贴","p"],"icon":{"type":"file","path":"img/cutAndPaste.png"},"match":"put  the clipboard after cursor 剪切, 复制, 粘贴 p"},{"title":"在光标前粘贴","subtitle":"剪切, 复制, 粘贴 ⎯  P","arg":["key code 53//keystroke \"P\"","在光标前粘贴","P"],"icon":{"type":"file","path":"img/cutAndPaste.png"},"match":"put  before cursor 剪切, 复制, 粘贴 P"},{"title":"在光标后粘贴并把光标定位于粘贴的文本之后","subtitle":"剪切, 复制, 粘贴 ⎯  gp","arg":["key code 53//keystroke \"gp\"","在光标后粘贴并把光标定位于粘贴的文本之后","gp"],"icon":{"type":"file","path":"img/cutAndPaste.png"},"match":"put  the clipboard after cursor and leave cursor after the new text 剪切, 复制, 粘贴 gp"},{"title":"在光标前粘贴并把光标定位于粘贴的文本之后","subtitle":"剪切, 复制, 粘贴 ⎯  gP","arg":["key code 53//keystroke \"gP\"","在光标前粘贴并把光标定位于粘贴的文本之后","gP"],"icon":{"type":"file","path":"img/cutAndPaste.png"},"match":"put  before cursor and leave cursor after the new text 剪切, 复制, 粘贴 gP"},{"title":"剪切当前行","subtitle":"剪切, 复制, 粘贴 ⎯  dd","arg":["key code 53//keystroke \"dd\"","剪切当前行","dd"],"icon":{"type":"file","path":"img/cutAndPaste.png"},"match":"delete  a line 剪切, 复制, 粘贴 dd"},{"title":"剪切 2 行","subtitle":"剪切, 复制, 粘贴 ⎯  2dd","arg":["key code 53//keystroke \"2dd\"","剪切 2 行","2dd"],"icon":{"type":"file","path":"img/cutAndPaste.png"},"match":"delete  2 lines 剪切, 复制, 粘贴 2dd"},{"title":"剪切当前单词","subtitle":"剪切, 复制, 粘贴 ⎯  dw","arg":["key code 53//keystroke \"dw\"","剪切当前单词","dw"],"icon":{"type":"file","path":"img/cutAndPaste.png"},"match":"delete  the characters of the word from the cursor position to the start of the next word 剪切, 复制, 粘贴 dw"},{"title":"删除光标处的单词","subtitle":"剪切, 复制, 粘贴 ⎯  diw","arg":["key code 53//keystroke \"diw\"","删除光标处的单词","diw"],"icon":{"type":"file","path":"img/cutAndPaste.png"},"match":"delete  word under the cursor 剪切, 复制, 粘贴 diw"},{"title":"删除光标处的单词及其前后的空格","subtitle":"剪切, 复制, 粘贴 ⎯  daw","arg":["key code 53//keystroke \"daw\"","删除光标处的单词及其前后的空格","daw"],"icon":{"type":"file","path":"img/cutAndPaste.png"},"match":"delete  word under the cursor and the space after or before it 剪切, 复制, 粘贴 daw"},{"title":"剪切, 从光标位置到行末 ","subtitle":"剪切, 复制, 粘贴 ⎯  d$ or D","arg":["key code 53//keystroke \"d$\"","剪切, 从光标位置到行末 ","d$ or D"],"icon":{"type":"file","path":"img/cutAndPaste.png"},"match":"delete  to the end of the line 剪切, 复制, 粘贴 d$ or D"},{"title":"剪切当前字符","subtitle":"剪切, 复制, 粘贴 ⎯  x","arg":["key code 53//keystroke \"x\"","剪切当前字符","x"],"icon":{"type":"file","path":"img/cutAndPaste.png"},"match":"delete  character 剪切, 复制, 粘贴 x"},{"title":"将当前行向右缩进，宽度由 shiftwidth 控制","subtitle":"文字缩进 ⎯  >>","arg":["key code 53//keystroke \">>\"","将当前行向右缩进，宽度由 shiftwidth 控制",">>"],"icon":{"type":"file","path":"img/indentText.png"},"match":"indent  line one shiftwidth 文字缩进 >>"},{"title":"将当前行向左缩进，宽度由 shiftwidth 控制","subtitle":"文字缩进 ⎯  <<","arg":["key code 53//keystroke \"<<\"","将当前行向左缩进，宽度由 shiftwidth 控制","<<"],"icon":{"type":"file","path":"img/indentText.png"},"match":"de-indent  line one shiftwidth 文字缩进 <<"},{"title":"向右缩进 () 或 {} 内的区域 ","subtitle":"文字缩进 ⎯  >%","arg":["key code 53//keystroke \">%\"","向右缩进 () 或 {} 内的区域 ",">%"],"icon":{"type":"file","path":"img/indentText.png"},"match":"indent a block with () or {}  文字缩进 >%"},{"title":"向右缩进 () 内的区域","subtitle":"文字缩进 ⎯  >ib","arg":["key code 53//keystroke \">ib\"","向右缩进 () 内的区域",">ib"],"icon":{"type":"file","path":"img/indentText.png"},"match":"indent inner block with () 文字缩进 >ib"},{"title":"向右缩进 <> 标签内的区域","subtitle":"文字缩进 ⎯  >at","arg":["key code 53//keystroke \">at\"","向右缩进 <> 标签内的区域",">at"],"icon":{"type":"file","path":"img/indentText.png"},"match":"indent a block with <> tags 文字缩进 >at"},{"title":"自动缩进 3 行","subtitle":"文字缩进 ⎯  3==","arg":["key code 53//keystroke \"3==\"","自动缩进 3 行","3=="],"icon":{"type":"file","path":"img/indentText.png"},"match":"re-indent 3 lines 文字缩进 3=="},{"title":"自动缩进 () 或 {} 内的区域 ","subtitle":"文字缩进 ⎯  =%","arg":["key code 53//keystroke \"=%\"","自动缩进 () 或 {} 内的区域 ","=%"],"icon":{"type":"file","path":"img/indentText.png"},"match":"re-indent a block with () or {}  文字缩进 =%"},{"title":"","subtitle":"文字缩进 ⎯  =iB","arg":["key code 53//keystroke \"iB\"",null,"=iB"],"icon":{"type":"file","path":"img/indentText.png"},"match":" 文字缩进 =iB"},{"title":"自动缩进整个缓冲区","subtitle":"文字缩进 ⎯  gg=G","arg":["key code 53//keystroke \"gg=G\"","自动缩进整个缓冲区","gg=G"],"icon":{"type":"file","path":"img/indentText.png"},"match":"re-indent entire buffer 文字缩进 gg=G"},{"title":"粘贴并调整缩进至当前行","subtitle":"文字缩进 ⎯  ]p","arg":["key code 53//keystroke \"]p\"","粘贴并调整缩进至当前行","]p"],"icon":{"type":"file","path":"img/indentText.png"},"match":"paste and adjust indent to current line 文字缩进 ]p"},{"title":"保存","subtitle":"退出 ⎯  :w","arg":["key code 53//keystroke \":w\" & return","保存",":w"],"icon":{"type":"file","path":"img/exiting.png"},"match":"write  the file, but don't exit 退出 :w"},{"title":"使用 sudo 保存当前文件","subtitle":"退出 ⎯  :w !sudo tee %","arg":["key code 53//keystroke \":w !sudo tee %\"","使用 sudo 保存当前文件",":w !sudo tee %"],"icon":{"type":"file","path":"img/exiting.png"},"match":"write out the current file using sudo 退出 :w !sudo tee %"},{"title":"保存并退出","subtitle":"退出 ⎯  :wq or :x or ZZ","arg":["key code 53//keystroke \":wq\" & return","保存并退出",":wq or :x or ZZ"],"icon":{"type":"file","path":"img/exiting.png"},"match":"write  and quit 退出 :wq or :x or ZZ"},{"title":"退出","subtitle":"退出 ⎯  :q","arg":["key code 53//keystroke \":q\" & return","退出",":q"],"icon":{"type":"file","path":"img/exiting.png"},"match":"quit  退出 :q"},{"title":"不保存强制退出","subtitle":"退出 ⎯  :q! or ZQ","arg":["key code 53//keystroke \":q!\" & return","不保存强制退出",":q! or ZQ"],"icon":{"type":"file","path":"img/exiting.png"},"match":"quit and throw away unsaved changes 退出 :q! or ZQ"},{"title":"保存所有标签页并全部退出","subtitle":"退出 ⎯  :wqa","arg":["key code 53//keystroke \":wqa\" & return","保存所有标签页并全部退出",":wqa"],"icon":{"type":"file","path":"img/exiting.png"},"match":"write  and quit on all tabs 退出 :wqa"},{"title":"查找 pattern","subtitle":"查找/替换 ⎯  /pattern","arg":["key code 53//keystroke \"/pattern\"","查找 pattern","/pattern"],"icon":{"type":"file","path":"img/searchAndReplace.png"},"match":"search for pattern 查找/替换 /pattern"},{"title":"向上查找 pattern","subtitle":"查找/替换 ⎯  ?pattern","arg":["key code 53//keystroke \"?pattern\"","向上查找 pattern","?pattern"],"icon":{"type":"file","path":"img/searchAndReplace.png"},"match":"search backward for pattern 查找/替换 ?pattern"},{"title":" pattern 中的非字母数字字符被视为正则表达式特殊字符 ","subtitle":"查找/替换 ⎯  \\vpattern","arg":["key code 53//keystroke \"\\\\vpattern\""," pattern 中的非字母数字字符被视为正则表达式特殊字符 ","\\vpattern"],"icon":{"type":"file","path":"img/searchAndReplace.png"},"match":"'very magic' pattern 查找/替换 \\vpattern"},{"title":"查找下一个","subtitle":"查找/替换 ⎯  n","arg":["key code 53//keystroke \"n\"","查找下一个","n"],"icon":{"type":"file","path":"img/searchAndReplace.png"},"match":"repeat search in same direction 查找/替换 n"},{"title":"查找上一个","subtitle":"查找/替换 ⎯  N","arg":["key code 53//keystroke \"N\"","查找上一个","N"],"icon":{"type":"file","path":"img/searchAndReplace.png"},"match":"repeat search in opposite direction 查找/替换 N"},{"title":"替换全部","subtitle":"查找/替换 ⎯  :%s/old/new/g","arg":["key code 53//keystroke \":%s/old/new/g\"","替换全部",":%s/old/new/g"],"icon":{"type":"file","path":"img/searchAndReplace.png"},"match":"replace all old with new throughout file 查找/替换 :%s/old/new/g"},{"title":"替换","subtitle":"查找/替换 ⎯  :%s/old/new/gc","arg":["key code 53//keystroke \":%s/old/new/gc\"","替换",":%s/old/new/gc"],"icon":{"type":"file","path":"img/searchAndReplace.png"},"match":"replace all old with new throughout file with confirmations 查找/替换 :%s/old/new/gc"},{"title":"移除搜索结果的高亮显示","subtitle":"查找/替换 ⎯  :noh[lsearch]","arg":["key code 53//keystroke \":noh[lsearch]\"","移除搜索结果的高亮显示",":noh[lsearch]"],"icon":{"type":"file","path":"img/searchAndReplace.png"},"match":"remove highlighting of search matches 查找/替换 :noh[lsearch]"},{"title":"Next whole word under cursor","subtitle":"查找/替换 ⎯  *","arg":["key code 53//keystroke \"*\"","Next whole word under cursor","*"],"icon":{"type":"file","path":"img/searchAndReplace.png"},"match":"Next whole word under cursor 查找/替换 *"},{"title":"Previous whole word under cursor","subtitle":"查找/替换 ⎯  #","arg":["key code 53//keystroke \"#\"","Previous whole word under cursor","#"],"icon":{"type":"file","path":"img/searchAndReplace.png"},"match":"Previous whole word under cursor 查找/替换 #"},{"title":"在多个文件中搜索 pattern","subtitle":"多文件搜索 ⎯  :vim[grep] /pattern/ file","arg":["key code 53//keystroke \":vim[grep]\"//key code 49//keystroke \"/pattern/\"//key code 49//keystroke \"file\"","在多个文件中搜索 pattern",":vim[grep] /pattern/ file"],"icon":{"type":"file","path":"img/searchMultipleFiles.png"},"match":"search for pattern in multiple files 多文件搜索 :vim[grep] /pattern/ file"},{"title":"移动至下一个","subtitle":"多文件搜索 ⎯  :cn[ext]","arg":["key code 53//keystroke \":cn\" & return","移动至下一个",":cn[ext]"],"icon":{"type":"file","path":"img/searchMultipleFiles.png"},"match":"jump to the next match 多文件搜索 :cn[ext]"},{"title":"移动至上一个","subtitle":"多文件搜索 ⎯  :cp[revious]","arg":["key code 53//keystroke \":cp\" & return","移动至上一个",":cp[revious]"],"icon":{"type":"file","path":"img/searchMultipleFiles.png"},"match":"jump to the previous match 多文件搜索 :cp[revious]"},{"title":"打开搜索结果列表","subtitle":"多文件搜索 ⎯  :cope[n]","arg":["key code 53//keystroke \":cope\" & return","打开搜索结果列表",":cope[n]"],"icon":{"type":"file","path":"img/searchMultipleFiles.png"},"match":"open a window containing the list of matches 多文件搜索 :cope[n]"},{"title":"关闭 quickfix 窗口","subtitle":"多文件搜索 ⎯  :ccl[ose]","arg":["key code 53//keystroke \":ccl\" & return","关闭 quickfix 窗口",":ccl[ose]"],"icon":{"type":"file","path":"img/searchMultipleFiles.png"},"match":"close the quickfix window 多文件搜索 :ccl[ose]"},{"title":"","subtitle":"多文件搜索 ⎯  colonWa","arg":["key code 53//keystroke \":wa\" & return",null,"colonWa"],"icon":{"type":"file","path":"img/searchMultipleFiles.png"},"match":" 多文件搜索 colonWa"},{"title":"关闭 quickfix 窗口","subtitle":"多文件搜索 ⎯  :ccl[ose]","arg":["key code 53//keystroke \":ccl\" & return","关闭 quickfix 窗口",":ccl[ose]"],"icon":{"type":"file","path":"img/searchMultipleFiles.png"},"match":"close the quickfix window 多文件搜索 :ccl[ose]"},{"title":"在新标签中打开文件","subtitle":"标签 ⎯  :tabnew or :tabnew file","arg":["key code 53//keystroke \":tabnew\"//key code 49//keystroke \"file\" & return","在新标签中打开文件",":tabnew or :tabnew file"],"icon":{"type":"file","path":"img/tabs.png"},"match":"open a file in a new tab 标签 :tabnew or :tabnew file"},{"title":"将窗口变成标签","subtitle":"标签 ⎯  Ctrl+wT","arg":["key code 53//keystroke \"w\" using control down//keystroke \"T\"","将窗口变成标签","Ctrl+wT"],"icon":{"type":"file","path":"img/tabs.png"},"match":"move the current split window into its own tab 标签 Ctrl+wT"},{"title":"切换到下一个标签","subtitle":"标签 ⎯  gt or :tabn[ext]","arg":["key code 53//keystroke \"gt\"","切换到下一个标签","gt or :tabn[ext]"],"icon":{"type":"file","path":"img/tabs.png"},"match":"move to the next tab 标签 gt or :tabn[ext]"},{"title":"切换到上一个标签","subtitle":"标签 ⎯  gT or :tabp[revious]","arg":["key code 53//keystroke \"gT\"","切换到上一个标签","gT or :tabp[revious]"],"icon":{"type":"file","path":"img/tabs.png"},"match":"move to the previous tab 标签 gT or :tabp[revious]"},{"title":"切换到第 # 个标签","subtitle":"标签 ⎯  #gt","arg":["key code 53//keystroke \"#gt\"","切换到第 # 个标签","#gt"],"icon":{"type":"file","path":"img/tabs.png"},"match":"move to tab number # 标签 #gt"},{"title":"移动标签到第 # 位","subtitle":"标签 ⎯  :tabm[ove]","arg":["key code 53//keystroke \":tabm\" & return","移动标签到第 # 位",":tabm[ove]"],"icon":{"type":"file","path":"img/tabs.png"},"match":"move current tab to the #th position  标签 :tabm[ove]"},{"title":"关闭当前标签","subtitle":"标签 ⎯  :tabc[lose]","arg":["key code 53//keystroke \":tabc\" & return","关闭当前标签",":tabc[lose]"],"icon":{"type":"file","path":"img/tabs.png"},"match":"close the current tab and all its windows 标签 :tabc[lose]"},{"title":"关闭其他标签","subtitle":"标签 ⎯  :tabo[nly]","arg":["key code 53//keystroke \":tabo\" & return","关闭其他标签",":tabo[nly]"],"icon":{"type":"file","path":"img/tabs.png"},"match":"close all tabs except for the current one 标签 :tabo[nly]"},{"title":"在所有标签中执行命令 ","subtitle":"标签 ⎯  :tabdo command","arg":["key code 53//keystroke \":tabdo\"//key code 49//keystroke \"command\"","在所有标签中执行命令 ",":tabdo command"],"icon":{"type":"file","path":"img/tabs.png"},"match":"run the command on all tabs  标签 :tabdo command"},{"title":"新建缓冲区打开 filename","subtitle":"多文件编辑 ⎯  :e[dit] file","arg":["key code 53//keystroke \":e\"//key code 49//keystroke \"file\"","新建缓冲区打开 filename",":e[dit] file"],"icon":{"type":"file","path":"img/workingWithMultipleFiles.png"},"match":"edit a file in a new buffer 多文件编辑 :e[dit] file"},{"title":"切换到下个缓冲区","subtitle":"多文件编辑 ⎯  :bn[ext]","arg":["key code 53//keystroke \":bn\" & return","切换到下个缓冲区",":bn[ext]"],"icon":{"type":"file","path":"img/workingWithMultipleFiles.png"},"match":"go to the next buffer 多文件编辑 :bn[ext]"},{"title":"切换到上个缓冲区","subtitle":"多文件编辑 ⎯  :bp[revious]","arg":["key code 53//keystroke \":bp\" & return","切换到上个缓冲区",":bp[revious]"],"icon":{"type":"file","path":"img/workingWithMultipleFiles.png"},"match":"go to the previous buffer 多文件编辑 :bp[revious]"},{"title":"关闭缓冲区","subtitle":"多文件编辑 ⎯  :bd[elete]","arg":["key code 53//keystroke \":bd\" & return","关闭缓冲区",":bd[elete]"],"icon":{"type":"file","path":"img/workingWithMultipleFiles.png"},"match":"delete a buffer  多文件编辑 :bd[elete]"},{"title":"切换到第 # 个缓冲区","subtitle":"多文件编辑 ⎯  :b[uffer]#","arg":["key code 53//keystroke \":b#\"","切换到第 # 个缓冲区",":b[uffer]#"],"icon":{"type":"file","path":"img/workingWithMultipleFiles.png"},"match":"go to a buffer by index # 多文件编辑 :b[uffer]#"},{"title":"用文件名切换缓冲区","subtitle":"多文件编辑 ⎯  :b[uffer] file","arg":["key code 53//keystroke \":b\"//key code 49//keystroke \"file\"","用文件名切换缓冲区",":b[uffer] file"],"icon":{"type":"file","path":"img/workingWithMultipleFiles.png"},"match":"go to a buffer by file 多文件编辑 :b[uffer] file"},{"title":"列出所有打开的缓冲区","subtitle":"多文件编辑 ⎯  :ls or :buffers","arg":["key code 53//keystroke \":ls\" & return","列出所有打开的缓冲区",":ls or :buffers"],"icon":{"type":"file","path":"img/workingWithMultipleFiles.png"},"match":"list all open buffers 多文件编辑 :ls or :buffers"},{"title":"新建缓冲区打开 filename 并水平分割窗口","subtitle":"多文件编辑 ⎯  :sp[lit] file","arg":["key code 53//keystroke \":sp\"//key code 49//keystroke \"file\"","新建缓冲区打开 filename 并水平分割窗口",":sp[lit] file"],"icon":{"type":"file","path":"img/workingWithMultipleFiles.png"},"match":"open a file in a new buffer and split window 多文件编辑 :sp[lit] file"},{"title":"新缓冲区打开 filename 并垂直分割窗口","subtitle":"多文件编辑 ⎯  :vs[plit] file","arg":["key code 53//keystroke \":vs\"//key code 49//keystroke \"file\"","新缓冲区打开 filename 并垂直分割窗口",":vs[plit] file"],"icon":{"type":"file","path":"img/workingWithMultipleFiles.png"},"match":"open a file in a new buffer and vertically split window 多文件编辑 :vs[plit] file"},{"title":"垂直分割窗口编辑所有缓冲区","subtitle":"多文件编辑 ⎯  :vert[ical] ba[ll]","arg":["key code 53//keystroke \":vert\"//key code 49//keystroke \"ba\" & return","垂直分割窗口编辑所有缓冲区",":vert[ical] ba[ll]"],"icon":{"type":"file","path":"img/workingWithMultipleFiles.png"},"match":"edit all buffers as vertical windows 多文件编辑 :vert[ical] ba[ll]"},{"title":"标签页编辑所有缓冲区","subtitle":"多文件编辑 ⎯  :tab ba[ll]","arg":["key code 53//keystroke \":tab\"//key code 49//keystroke \"ba\" & return","标签页编辑所有缓冲区",":tab ba[ll]"],"icon":{"type":"file","path":"img/workingWithMultipleFiles.png"},"match":"edit all buffers as tabs 多文件编辑 :tab ba[ll]"},{"title":"水平分割窗口","subtitle":"多文件编辑 ⎯  Ctrl+w s","arg":["key code 53//keystroke \"w\" using control down//keystroke \"s\"","水平分割窗口","Ctrl+w s"],"icon":{"type":"file","path":"img/workingWithMultipleFiles.png"},"match":"split window 多文件编辑 Ctrl+w s"},{"title":"垂直分割窗口","subtitle":"多文件编辑 ⎯  Ctrl+w v","arg":["key code 53//keystroke \"w\" using control down//keystroke \"v\"","垂直分割窗口","Ctrl+w v"],"icon":{"type":"file","path":"img/workingWithMultipleFiles.png"},"match":"split window vertically 多文件编辑 Ctrl+w v"},{"title":"在窗口间切换","subtitle":"多文件编辑 ⎯  Ctrl+w w","arg":["key code 53//keystroke \"w\" using control down//keystroke \"w\"","在窗口间切换","Ctrl+w w"],"icon":{"type":"file","path":"img/workingWithMultipleFiles.png"},"match":"switch windows 多文件编辑 Ctrl+w w"},{"title":"关闭窗口","subtitle":"多文件编辑 ⎯  Ctrl+w q","arg":["key code 53//keystroke \"w\" using control down//keystroke \"q\"","关闭窗口","Ctrl+w q"],"icon":{"type":"file","path":"img/workingWithMultipleFiles.png"},"match":"quit a window 多文件编辑 Ctrl+w q"},{"title":"当前窗口与下一个窗口交换位置","subtitle":"多文件编辑 ⎯  Ctrl+w x","arg":["key code 53//keystroke \"w\" using control down//keystroke \"x\"","当前窗口与下一个窗口交换位置","Ctrl+w x"],"icon":{"type":"file","path":"img/workingWithMultipleFiles.png"},"match":"exchange current window with next one 多文件编辑 Ctrl+w x"},{"title":"令所有窗口高 & 宽一致","subtitle":"多文件编辑 ⎯  Ctrl+w =","arg":["key code 53//keystroke \"w\" using control down//keystroke \"=\"","令所有窗口高 & 宽一致","Ctrl+w ="],"icon":{"type":"file","path":"img/workingWithMultipleFiles.png"},"match":"make all windows equal height & width 多文件编辑 Ctrl+w ="},{"title":"切换到左侧窗口","subtitle":"多文件编辑 ⎯  Ctrl+w h","arg":["key code 53//keystroke \"w\" using control down//keystroke \"h\"","切换到左侧窗口","Ctrl+w h"],"icon":{"type":"file","path":"img/workingWithMultipleFiles.png"},"match":"move cursor to the left window  多文件编辑 Ctrl+w h"},{"title":"切换到右侧窗口","subtitle":"多文件编辑 ⎯  Ctrl+w l","arg":["key code 53//keystroke \"w\" using control down//keystroke \"l\"","切换到右侧窗口","Ctrl+w l"],"icon":{"type":"file","path":"img/workingWithMultipleFiles.png"},"match":"move cursor to the right window  多文件编辑 Ctrl+w l"},{"title":"切换到下侧窗口","subtitle":"多文件编辑 ⎯  Ctrl+w j","arg":["key code 53//keystroke \"w\" using control down//keystroke \"j\"","切换到下侧窗口","Ctrl+w j"],"icon":{"type":"file","path":"img/workingWithMultipleFiles.png"},"match":"move cursor to the window below  多文件编辑 Ctrl+w j"},{"title":"切换到上侧窗口","subtitle":"多文件编辑 ⎯  Ctrl+w k","arg":["key code 53//keystroke \"w\" using control down//keystroke \"k\"","切换到上侧窗口","Ctrl+w k"],"icon":{"type":"file","path":"img/workingWithMultipleFiles.png"},"match":"move cursor to the window above  多文件编辑 Ctrl+w k"},{"title":"使游标所在视窗全高并移至最左 ","subtitle":"多文件编辑 ⎯  Ctrl+w H","arg":["key code 53//keystroke \"w\" using control down//keystroke \"H\"","使游标所在视窗全高并移至最左 ","Ctrl+w H"],"icon":{"type":"file","path":"img/workingWithMultipleFiles.png"},"match":"make current window full height at far left  多文件编辑 Ctrl+w H"},{"title":"使游标所在视窗全高并移至最右 ","subtitle":"多文件编辑 ⎯  Ctrl+w L","arg":["key code 53//keystroke \"w\" using control down//keystroke \"L\"","使游标所在视窗全高并移至最右 ","Ctrl+w L"],"icon":{"type":"file","path":"img/workingWithMultipleFiles.png"},"match":"make current window full height at far right  多文件编辑 Ctrl+w L"},{"title":"使游标所在视窗全宽并移至最下 ","subtitle":"多文件编辑 ⎯  Ctrl+w J","arg":["key code 53//keystroke \"w\" using control down//keystroke \"J\"","使游标所在视窗全宽并移至最下 ","Ctrl+w J"],"icon":{"type":"file","path":"img/workingWithMultipleFiles.png"},"match":"make current window full width at the very bottom  多文件编辑 Ctrl+w J"},{"title":"使游标所在视窗全宽并移至最上 ","subtitle":"多文件编辑 ⎯  Ctrl+w K","arg":["key code 53//keystroke \"w\" using control down//keystroke \"K\"","使游标所在视窗全宽并移至最上 ","Ctrl+w K"],"icon":{"type":"file","path":"img/workingWithMultipleFiles.png"},"match":"make current window full width at the very top  多文件编辑 Ctrl+w K"},{"title":"定义折叠修饰符","subtitle":"Diff ⎯  zf","arg":["key code 53//keystroke \"zf\"","定义折叠修饰符","zf"],"icon":{"type":"file","path":"img/diff.png"},"match":"manually define a fold up to motion Diff zf"},{"title":"删除光标位置的折叠","subtitle":"Diff ⎯  zd","arg":["key code 53//keystroke \"zd\"","删除光标位置的折叠","zd"],"icon":{"type":"file","path":"img/diff.png"},"match":"delete fold under the cursor Diff zd"},{"title":"展开 & 关闭光标位置的折叠","subtitle":"Diff ⎯  za","arg":["key code 53//keystroke \"za\"","展开 & 关闭光标位置的折叠","za"],"icon":{"type":"file","path":"img/diff.png"},"match":"toggle fold under the cursor Diff za"},{"title":"展开光标位置的折叠","subtitle":"Diff ⎯  zo","arg":["key code 53//keystroke \"zo\"","展开光标位置的折叠","zo"],"icon":{"type":"file","path":"img/diff.png"},"match":"open fold under the cursor Diff zo"},{"title":"关闭光标位置的折叠","subtitle":"Diff ⎯  zc","arg":["key code 53//keystroke \"zc\"","关闭光标位置的折叠","zc"],"icon":{"type":"file","path":"img/diff.png"},"match":"close fold under the cursor Diff zc"},{"title":"展开同级的所有折叠","subtitle":"Diff ⎯  zr","arg":["key code 53//keystroke \"zr\"","展开同级的所有折叠","zr"],"icon":{"type":"file","path":"img/diff.png"},"match":"reduce  all folds by one level Diff zr"},{"title":"关闭同级的所有折叠","subtitle":"Diff ⎯  zm","arg":["key code 53//keystroke \"zm\"","关闭同级的所有折叠","zm"],"icon":{"type":"file","path":"img/diff.png"},"match":"fold more  all folds by one level Diff zm"},{"title":"开启 & 关闭折叠功能","subtitle":"Diff ⎯  zi","arg":["key code 53//keystroke \"zi\"","开启 & 关闭折叠功能","zi"],"icon":{"type":"file","path":"img/diff.png"},"match":"toggle folding functionality Diff zi"},{"title":"光标移至下一处差异","subtitle":"Diff ⎯  ]c","arg":["key code 53//keystroke \"]c\"","光标移至下一处差异","]c"],"icon":{"type":"file","path":"img/diff.png"},"match":"jump to start of next change Diff ]c"},{"title":"光标移至上一处差异","subtitle":"Diff ⎯  [c","arg":["key code 53//keystroke \"[c\"","光标移至上一处差异","[c"],"icon":{"type":"file","path":"img/diff.png"},"match":"jump to start of previous change Diff [c"},{"title":"将另一缓冲区中的差异合并至当前缓冲区","subtitle":"Diff ⎯  do or :diffg[et]","arg":["key code 53//keystroke \"do\"","将另一缓冲区中的差异合并至当前缓冲区","do or :diffg[et]"],"icon":{"type":"file","path":"img/diff.png"},"match":"obtain  difference  Diff do or :diffg[et]"},{"title":"将当前缓冲去中的差异推送至另一缓冲区","subtitle":"Diff ⎯  dp or :diffpu[t]","arg":["key code 53//keystroke \"dp\"","将当前缓冲去中的差异推送至另一缓冲区","dp or :diffpu[t]"],"icon":{"type":"file","path":"img/diff.png"},"match":"put difference  Diff dp or :diffpu[t]"},{"title":"令当前窗口成为 diff 模式的窗口之一","subtitle":"Diff ⎯  :diffthis","arg":["key code 53//keystroke \":diffthis\" & return","令当前窗口成为 diff 模式的窗口之一",":diffthis"],"icon":{"type":"file","path":"img/diff.png"},"match":"make current window part of diff Diff :diffthis"},{"title":"强制刷新 diff 的高亮与折叠","subtitle":"Diff ⎯  :dif[fupdate]","arg":["key code 53//keystroke \":dif\" & return","强制刷新 diff 的高亮与折叠",":dif[fupdate]"],"icon":{"type":"file","path":"img/diff.png"},"match":"update differences Diff :dif[fupdate]"},{"title":"令当前窗口退出 diff 模式","subtitle":"Diff ⎯  :diffo[ff]","arg":["key code 53//keystroke \":diffo\" & return","令当前窗口退出 diff 模式",":diffo[ff]"],"icon":{"type":"file","path":"img/diff.png"},"match":"switch off diff mode for current window Diff :diffo[ff]"},{"title":"Turn on us english spell checking","subtitle":"Spell checking ⎯  :set spell spelllang=en_us","arg":["key code 53//keystroke \":set\"//key code 49//keystroke \"spell\"//key code 49//keystroke \"spelllang=en_us\" & return","Turn on US English spell checking",":set spell spelllang=en_us"],"icon":{"type":"file","path":"img/spell.png"},"match":"Turn on US English spell checking Spell checking :set spell spelllang=en_us"},{"title":"Turn off spell checking","subtitle":"Spell checking ⎯  :set nospell","arg":["key code 53//keystroke \":set\"//key code 49//keystroke \"nospell\" & return","Turn off spell checking",":set nospell"],"icon":{"type":"file","path":"img/spell.png"},"match":"Turn off spell checking Spell checking :set nospell"},{"title":"Move to next misspelled word after the cursor","subtitle":"Spell checking ⎯  ]s","arg":["key code 53//keystroke \"]s\"","Move to next misspelled word after the cursor","]s"],"icon":{"type":"file","path":"img/spell.png"},"match":"Move to next misspelled word after the cursor Spell checking ]s"},{"title":"Move to previous misspelled word before the cursor","subtitle":"Spell checking ⎯  [s","arg":["key code 53//keystroke \"[s\"","Move to previous misspelled word before the cursor","[s"],"icon":{"type":"file","path":"img/spell.png"},"match":"Move to previous misspelled word before the cursor Spell checking [s"},{"title":"Suggest spellings for the word under/after the cursor","subtitle":"Spell checking ⎯  z=","arg":["key code 53//keystroke \"z=\"","Suggest spellings for the word under/after the cursor","z="],"icon":{"type":"file","path":"img/spell.png"},"match":"Suggest spellings for the word under/after the cursor Spell checking z="},{"title":"Add word to spell list","subtitle":"Spell checking ⎯  zg","arg":["key code 53//keystroke \"zg\"","Add word to spell list","zg"],"icon":{"type":"file","path":"img/spell.png"},"match":"Add word to spell list Spell checking zg"},{"title":"Mark word as bad/mispelling","subtitle":"Spell checking ⎯  zw","arg":["key code 53//keystroke \"zw\"","Mark word as bad/mispelling","zw"],"icon":{"type":"file","path":"img/spell.png"},"match":"Mark word as bad/mispelling Spell checking zw"},{"title":"Suggest words for bad word under cursor from spell file","subtitle":"Spell checking ⎯  zu","arg":["key code 53//keystroke \"zu\"","Suggest words for bad word under cursor from spell file","zu"],"icon":{"type":"file","path":"img/spell.png"},"match":"Suggest words for bad word under cursor from spell file Spell checking zu"},{"title":"Increment number","subtitle":"Miscellaneous ⎯  Ctrl+a","arg":["key code 53//keystroke \"a\" using control down","Increment number","Ctrl+a"],"icon":{"type":"file","path":"img/misc.png"},"match":"Increment number Miscellaneous Ctrl+a"},{"title":"Decrement number","subtitle":"Miscellaneous ⎯  Ctrl+x","arg":["key code 53//keystroke \"x\" using control down","Decrement number","Ctrl+x"],"icon":{"type":"file","path":"img/misc.png"},"match":"Decrement number Miscellaneous Ctrl+x"},{"title":"Re-select last selected block of text","subtitle":"Miscellaneous ⎯  gv","arg":["key code 53//keystroke \"gv\"","Re-select last selected block of text","gv"],"icon":{"type":"file","path":"img/misc.png"},"match":"Re-select last selected block of text Miscellaneous gv"},{"title":"Insert the result of an expression at the cursor","subtitle":"Miscellaneous ⎯  Ctrl+r =","arg":["key code 53//keystroke \"r\" using control down//keystroke \"=\"","Insert the result of an expression at the cursor","Ctrl+r ="],"icon":{"type":"file","path":"img/misc.png"},"match":"Insert the result of an expression at the cursor Miscellaneous Ctrl+r ="},{"title":"Change file encoding to utf-8","subtitle":"Miscellaneous ⎯  set fenc=UTF-8","arg":["key code 53//keystroke \"set\"//key code 49//keystroke \"fenc=UTF-8\"","Change file encoding to UTF-8","set fenc=UTF-8"],"icon":{"type":"file","path":"img/misc.png"},"match":"Change file encoding to UTF-8 Miscellaneous set fenc=UTF-8"},{"title":"Escape next character","subtitle":"Regex ⎯  \\","arg":["keystroke \"\\\\\"","Escape next character","\\"],"icon":{"type":"file","path":"img/regex.png"},"match":"Escape next character Regex \\"},{"title":"Start-of­-line","subtitle":"Regex ⎯  ^","arg":["keystroke \"^\"","Start-of­-line","^"],"icon":{"type":"file","path":"img/regex.png"},"match":"Start-of­-line Regex ^"},{"title":"End-of-­line","subtitle":"Regex ⎯  $","arg":["keystroke \"$\"","End-of-­line","$"],"icon":{"type":"file","path":"img/regex.png"},"match":"End-of-­line Regex $"},{"title":"Any char","subtitle":"Regex ⎯  .","arg":["keystroke \".\"","Any char","."],"icon":{"type":"file","path":"img/regex.png"},"match":"Any char Regex ."},{"title":"0 or more quantifier","subtitle":"Regex ⎯  *","arg":["keystroke \"*\"","0 or more quantifier","*"],"icon":{"type":"file","path":"img/regex.png"},"match":"0 or more quantifier Regex *"},{"title":"Match last given substitute string","subtitle":"Regex ⎯  ~","arg":["keystroke \"\"~","Match last given substitute string","~"],"icon":{"type":"file","path":"img/regex.png"},"match":"Match last given substitute string Regex ~"},{"title":"Match range","subtitle":"Regex ⎯  [...]","arg":["keystroke \"[...]\"","Match range","[...]"],"icon":{"type":"file","path":"img/regex.png"},"match":"Match range Regex [...]"},{"title":"Not range","subtitle":"Regex ⎯  [^...]","arg":["keystroke \"[^...]\"","Not range","[^...]"],"icon":{"type":"file","path":"img/regex.png"},"match":"Not range Regex [^...]"},{"title":"In replacement: insert <pattern>","subtitle":"Regex ⎯  &","arg":["keystroke \"&\"","In replacement: insert <pattern>","&"],"icon":{"type":"file","path":"img/regex.png"},"match":"In replacement: insert <pattern> Regex &"},{"title":"Beginning of a word","subtitle":"Regex ⎯  \\<","arg":["keystroke \"\\\\<\"","Beginning of a word","\\<"],"icon":{"type":"file","path":"img/regex.png"},"match":"Beginning of a word Regex \\<"},{"title":"End of word","subtitle":"Regex ⎯  \\>","arg":["keystroke \"\\\\>\"","End of word","\\>"],"icon":{"type":"file","path":"img/regex.png"},"match":"End of word Regex \\>"},{"title":"Group","subtitle":"Regex ⎯  \\(...\\)","arg":["keystroke \"\\\\(...\\\\)\"","Group","\\(...\\)"],"icon":{"type":"file","path":"img/regex.png"},"match":"Group Regex \\(...\\)"},{"title":"Separate alternative","subtitle":"Regex ⎯  \\|","arg":["keystroke \"\\\\|\"","Separate alternative","\\|"],"icon":{"type":"file","path":"img/regex.png"},"match":"Separate alternative Regex \\|"},{"title":"Any single char or end-of­line","subtitle":"Regex ⎯  \\_.","arg":["keystroke \"\\\\_.\"","Any single char or end-of­line","\\_."],"icon":{"type":"file","path":"img/regex.png"},"match":"Any single char or end-of­line Regex \\_."},{"title":"1 or more quantifier","subtitle":"Regex ⎯  \\+","arg":["keystroke \"\\\\+\"","1 or more quantifier","\\+"],"icon":{"type":"file","path":"img/regex.png"},"match":"1 or more quantifier Regex \\+"},{"title":"0 or 1 quantifier","subtitle":"Regex ⎯  \\=","arg":["keystroke \"\\\\=\"","0 or 1 quantifier","\\="],"icon":{"type":"file","path":"img/regex.png"},"match":"0 or 1 quantifier Regex \\="},{"title":"0 or 1 quantifier","subtitle":"Regex ⎯  \\?","arg":["keystroke \"\\\\?\"","0 or 1 quantifier","\\?"],"icon":{"type":"file","path":"img/regex.png"},"match":"0 or 1 quantifier Regex \\?"},{"title":"N to m quantifier","subtitle":"Regex ⎯  \\{n,m}","arg":["keystroke \"\\\\{n,m}\"","n to m quantifier","\\{n,m}"],"icon":{"type":"file","path":"img/regex.png"},"match":"n to m quantifier Regex \\{n,m}"},{"title":"N quantifier","subtitle":"Regex ⎯  \\{n}","arg":["keystroke \"\\\\{n}\"","n quantifier","\\{n}"],"icon":{"type":"file","path":"img/regex.png"},"match":"n quantifier Regex \\{n}"},{"title":"At least n quantifier","subtitle":"Regex ⎯  \\{n,}","arg":["keystroke \"\"\\\\{n,}","at least n quantifier","\\{n,}"],"icon":{"type":"file","path":"img/regex.png"},"match":"at least n quantifier Regex \\{n,}"},{"title":"0 to m quantifier","subtitle":"Regex ⎯  \\{,m}","arg":["keystroke \"\\\\{,}\"","0 to m quantifier","\\{,m}"],"icon":{"type":"file","path":"img/regex.png"},"match":"0 to m quantifier Regex \\{,m}"},{"title":"Delete all lines matching pattern","subtitle":"Regex ⎯  :%g/<pa­tte­rn>/d","arg":["key code 53//keystroke \":%g/<pa­tte­r/d\"","delete all lines matching pattern",":%g/<pa­tte­rn>/d"],"icon":{"type":"file","path":"img/regex.png"},"match":"delete all lines matching pattern Regex :%g/<pa­tte­rn>/d"},{"title":"Delete all lines not matching <pattern>","subtitle":"Regex ⎯  :%v/<pa­tte­rn>/d","arg":["key code 53//keystroke \":%v/<pa­tte­r/d\"","delete all lines NOT matching <pattern>",":%v/<pa­tte­rn>/d"],"icon":{"type":"file","path":"img/regex.png"},"match":"delete all lines NOT matching <pattern> Regex :%v/<pa­tte­rn>/d"},{"title":"Delete empty lines","subtitle":"Regex ⎯  :%s/^.*$\\n//","arg":["key code 53//keystroke \":%s/^.*$\\\\n//\"","delete empty lines",":%s/^.*$\\n//"],"icon":{"type":"file","path":"img/regex.png"},"match":"delete empty lines Regex :%s/^.*$\\n//"},{"title":"Replace <pattern> by 'new <pattern>'","subtitle":"Regex ⎯  :s/<pattern>/new &/","arg":["key code 53//keystroke \":%s/<pattern>/new &/\"","Replace <pattern> by 'new <pattern>'",":s/<pattern>/new &/"],"icon":{"type":"file","path":"img/regex.png"},"match":"Replace <pattern> by 'new <pattern>' Regex :s/<pattern>/new &/"},{"title":"Replace <pattern> by content of register","subtitle":"Regex ⎯  :s/<pattern>/\\=@a/","arg":["key code 53//keystroke \":%s/<pattern>/\\\\=@a/\"","Replace <pattern> by content of register",":s/<pattern>/\\=@a/"],"icon":{"type":"file","path":"img/regex.png"},"match":"Replace <pattern> by content of register Regex :s/<pattern>/\\=@a/"},{"title":"Count number of occurrence of <pattern>","subtitle":"Regex ⎯  :s/<pattern>//gn","arg":["key code 53//keystroke \":%s/<pattern>//gn\"","Count number of occurrence of <pattern>",":s/<pattern>//gn"],"icon":{"type":"file","path":"img/regex.png"},"match":"Count number of occurrence of <pattern> Regex :s/<pattern>//gn"},{"title":"Match start","subtitle":"Regex ⎯  \\zs","arg":["keystroke \"\\\\zs\"","Match start","\\zs"],"icon":{"type":"file","path":"img/regex.png"},"match":"Match start Regex \\zs"},{"title":"Match end","subtitle":"Regex ⎯  \\ze","arg":["keystroke \"\\\\ze\"","Match end","\\ze"],"icon":{"type":"file","path":"img/regex.png"},"match":"Match end Regex \\ze"},{"title":"Positive look behind to find <pattern>","subtitle":"Regex ⎯  <atom>\\@<=<pattern>","arg":["keystroke \"<atom>\\\\@<=<pattern>\"","Positive look behind to find <pattern>","<atom>\\@<=<pattern>"],"icon":{"type":"file","path":"img/regex.png"},"match":"Positive look behind to find <pattern> Regex <atom>\\@<=<pattern>"},{"title":"Positive look ahead to find <pattern>","subtitle":"Regex ⎯  <pattern><atom>\\@=","arg":["keystroke \"<pattern><atom>\\\\@=\"","Positive look ahead to find <pattern>","<pattern><atom>\\@="],"icon":{"type":"file","path":"img/regex.png"},"match":"Positive look ahead to find <pattern> Regex <pattern><atom>\\@="},{"title":"Negative look behind to find <pattern>","subtitle":"Regex ⎯  <atom>\\@<!<pattern>","arg":["keystroke \"<atom>\\\\@<!<pattern>\"","Negative look behind to find <pattern>","<atom>\\@<!<pattern>"],"icon":{"type":"file","path":"img/regex.png"},"match":"Negative look behind to find <pattern> Regex <atom>\\@<!<pattern>"},{"title":"Negative look ahead to find <pattern>","subtitle":"Regex ⎯  <pattern><atom>\\@!","arg":["keystroke \"<pattern><atom>\\\\@!\"","Negative look ahead to find <pattern>","<pattern><atom>\\@!"],"icon":{"type":"file","path":"img/regex.png"},"match":"Negative look ahead to find <pattern> Regex <pattern><atom>\\@!"},{"title":"Non-greedy 0 or more quantifier","subtitle":"Regex ⎯  \\{-}","arg":["keystroke \"\\\\{-}\"","Non-greedy 0 or more quantifier","\\{-}"],"icon":{"type":"file","path":"img/regex.png"},"match":"Non-greedy 0 or more quantifier Regex \\{-}"}]}