{"items":[{"title":"顯示關鍵字的說明","subtitle":"全域 ⎯  :h[elp] 關鍵字","arg":["key code 53//keystroke \":h\"//key code 49//keystroke \"keyword\"","顯示關鍵字的說明",":h[elp] 關鍵字"],"icon":{"type":"file","path":"img/global.png"},"match":"open help for keyword 全域 :h[elp] 關鍵字"},{"title":"另存新檔為檔案名稱","subtitle":"全域 ⎯  :sav[eas] 檔案名稱","arg":["key code 53//keystroke \":sav\"//key code 49//keystroke \"file\"","另存新檔為檔案名稱",":sav[eas] 檔案名稱"],"icon":{"type":"file","path":"img/global.png"},"match":"save file as 全域 :sav[eas] 檔案名稱"},{"title":"關閉目前的視窗","subtitle":"全域 ⎯  :clo[se]","arg":["key code 53//keystroke \":clo\" & return","關閉目前的視窗",":clo[se]"],"icon":{"type":"file","path":"img/global.png"},"match":"close current pane 全域 :clo[se]"},{"title":"開啟一個命令列視窗","subtitle":"全域 ⎯  :ter[minal]","arg":["key code 53//keystroke \":ter\" & return","開啟一個命令列視窗",":ter[minal]"],"icon":{"type":"file","path":"img/global.png"},"match":"open a terminal window 全域 :ter[minal]"},{"title":"開啟游標所在單字的 man 頁面","subtitle":"全域 ⎯  K","arg":["key code 53//keystroke \"K\"","開啟游標所在單字的 man 頁面","K"],"icon":{"type":"file","path":"img/global.png"},"match":"open man page for word under the cursor 全域 K"},{"title":"向左移動游標","subtitle":"移動游標 ⎯  h","arg":["key code 53//keystroke \"h\"","向左移動游標","h"],"icon":{"type":"file","path":"img/cursorMovement.png"},"match":"move cursor left 移動游標 h"},{"title":"向下移動游標","subtitle":"移動游標 ⎯  j","arg":["key code 53//keystroke \"j\"","向下移動游標","j"],"icon":{"type":"file","path":"img/cursorMovement.png"},"match":"move cursor down 移動游標 j"},{"title":"向上移動游標","subtitle":"移動游標 ⎯  k","arg":["key code 53//keystroke \"k\"","向上移動游標","k"],"icon":{"type":"file","path":"img/cursorMovement.png"},"match":"move cursor up 移動游標 k"},{"title":"向右移動游標","subtitle":"移動游標 ⎯  l","arg":["key code 53//keystroke \"l\"","向右移動游標","l"],"icon":{"type":"file","path":"img/cursorMovement.png"},"match":"move cursor right 移動游標 l"},{"title":"Move cursor down ","subtitle":"移動游標 ⎯  gj","arg":["key code 53//keystroke \"gj\"","move cursor down ","gj"],"icon":{"type":"file","path":"img/cursorMovement.png"},"match":"move cursor down  移動游標 gj"},{"title":"Move cursor up ","subtitle":"移動游標 ⎯  gk","arg":["key code 53//keystroke \"gk\"","move cursor up ","gk"],"icon":{"type":"file","path":"img/cursorMovement.png"},"match":"move cursor up  移動游標 gk"},{"title":"跳至視窗頂端","subtitle":"移動游標 ⎯  H","arg":["key code 53//keystroke \"H\"","跳至視窗頂端","H"],"icon":{"type":"file","path":"img/cursorMovement.png"},"match":"move to top of screen 移動游標 H"},{"title":"跳至視窗中間","subtitle":"移動游標 ⎯  M","arg":["key code 53//keystroke \"M\"","跳至視窗中間","M"],"icon":{"type":"file","path":"img/cursorMovement.png"},"match":"move to middle of screen 移動游標 M"},{"title":"跳至視窗底端","subtitle":"移動游標 ⎯  L","arg":["key code 53//keystroke \"L\"","跳至視窗底端","L"],"icon":{"type":"file","path":"img/cursorMovement.png"},"match":"move to bottom of screen 移動游標 L"},{"title":"向右跳至字首","subtitle":"移動游標 ⎯  w","arg":["key code 53//keystroke \"w\"","向右跳至字首","w"],"icon":{"type":"file","path":"img/cursorMovement.png"},"match":"jump forwards to the start of a word 移動游標 w"},{"title":"向右跳至字首 ","subtitle":"移動游標 ⎯  W","arg":["key code 53//keystroke \"W\"","向右跳至字首 ","W"],"icon":{"type":"file","path":"img/cursorMovement.png"},"match":"jump forwards to the start of a word  移動游標 W"},{"title":"向右跳至字尾","subtitle":"移動游標 ⎯  e","arg":["key code 53//keystroke \"e\"","向右跳至字尾","e"],"icon":{"type":"file","path":"img/cursorMovement.png"},"match":"jump forwards to the end of a word 移動游標 e"},{"title":"向右跳至字尾 ","subtitle":"移動游標 ⎯  E","arg":["key code 53//keystroke \"E\"","向右跳至字尾 ","E"],"icon":{"type":"file","path":"img/cursorMovement.png"},"match":"jump forwards to the end of a word  移動游標 E"},{"title":"向左跳至字尾","subtitle":"移動游標 ⎯  b","arg":["key code 53//keystroke \"b\"","向左跳至字尾","b"],"icon":{"type":"file","path":"img/cursorMovement.png"},"match":"jump backwards to the start of a word 移動游標 b"},{"title":"向左跳至字尾 ","subtitle":"移動游標 ⎯  B","arg":["key code 53//keystroke \"B\"","向左跳至字尾 ","B"],"icon":{"type":"file","path":"img/cursorMovement.png"},"match":"jump backwards to the start of a word  移動游標 B"},{"title":"向左跳至前一字的字尾","subtitle":"移動游標 ⎯  ge","arg":["key code 53//keystroke \"ge\"","向左跳至前一字的字尾","ge"],"icon":{"type":"file","path":"img/cursorMovement.png"},"match":"jump backwards to the end of a word 移動游標 ge"},{"title":"向左跳至前一字的字尾","subtitle":"移動游標 ⎯  gE","arg":["key code 53//keystroke \"gE\"","向左跳至前一字的字尾","gE"],"icon":{"type":"file","path":"img/cursorMovement.png"},"match":"jump backwards to the end of a word  移動游標 gE"},{"title":"跳至相對應的字元 (預設支援 ()、{}、[] - 在 vim 中使用 ","subtitle":"移動游標 ⎯  %","arg":["key code 53//keystroke \"%\"","跳至相對應的字元 (預設支援 ()、{}、[] - 在 Vim 中使用 ","%"],"icon":{"type":"file","path":"img/cursorMovement.png"},"match":"move to matching character  移動游標 %"},{"title":"跳至行首","subtitle":"移動游標 ⎯  0","arg":["key code 53//keystroke \"0\"","跳至行首","0"],"icon":{"type":"file","path":"img/cursorMovement.png"},"match":"jump to the start of the line 移動游標 0"},{"title":"跳至行內第一個非空白字元","subtitle":"移動游標 ⎯  ^","arg":["key code 53//keystroke \"^\"","跳至行內第一個非空白字元","^"],"icon":{"type":"file","path":"img/cursorMovement.png"},"match":"jump to the first non-blank character of the line 移動游標 ^"},{"title":"跳至行尾","subtitle":"移動游標 ⎯  $","arg":["key code 53//keystroke \"$\"","跳至行尾","$"],"icon":{"type":"file","path":"img/cursorMovement.png"},"match":"jump to the end of the line 移動游標 $"},{"title":"跳至行內最後一個非空白字元","subtitle":"移動游標 ⎯  g_","arg":["key code 53//keystroke \"g_\"","跳至行內最後一個非空白字元","g_"],"icon":{"type":"file","path":"img/cursorMovement.png"},"match":"jump to the last non-blank character of the line 移動游標 g_"},{"title":"跳至檔案第一行","subtitle":"移動游標 ⎯  gg","arg":["key code 53//keystroke \"gg\"","跳至檔案第一行","gg"],"icon":{"type":"file","path":"img/cursorMovement.png"},"match":"go to the first line of the document 移動游標 gg"},{"title":"跳至檔案最後一行","subtitle":"移動游標 ⎯  G","arg":["key code 53//keystroke \"G\"","跳至檔案最後一行","G"],"icon":{"type":"file","path":"img/cursorMovement.png"},"match":"go to the last line of the document 移動游標 G"},{"title":"跳至第 5 行","subtitle":"移動游標 ⎯  5gg or 5G","arg":["key code 53//keystroke \"5gg\"","跳至第 5 行","5gg or 5G"],"icon":{"type":"file","path":"img/cursorMovement.png"},"match":"go to line 5 移動游標 5gg or 5G"},{"title":"Move to local declaration","subtitle":"移動游標 ⎯  gd","arg":["key code 53//keystroke \"gd\"","move to local declaration","gd"],"icon":{"type":"file","path":"img/cursorMovement.png"},"match":"move to local declaration 移動游標 gd"},{"title":"Move to global declaration","subtitle":"移動游標 ⎯  gD","arg":["key code 53//keystroke \"gD\"","move to global declaration","gD"],"icon":{"type":"file","path":"img/cursorMovement.png"},"match":"move to global declaration 移動游標 gD"},{"title":"跳至字元 x 下次出現的位置","subtitle":"移動游標 ⎯  fx","arg":["key code 53//keystroke \"fx\"","跳至字元 x 下次出現的位置","fx"],"icon":{"type":"file","path":"img/cursorMovement.png"},"match":"jump to next occurrence of character x 移動游標 fx"},{"title":"跳至字元 x 下次出現位置的上一個字元","subtitle":"移動游標 ⎯  tx","arg":["key code 53//keystroke \"tx\"","跳至字元 x 下次出現位置的上一個字元","tx"],"icon":{"type":"file","path":"img/cursorMovement.png"},"match":"jump to before next occurrence of character x 移動游標 tx"},{"title":"跳至字元 x 上次出現的位置","subtitle":"移動游標 ⎯  Fx","arg":["key code 53//keystroke \"Fx\"","跳至字元 x 上次出現的位置","Fx"],"icon":{"type":"file","path":"img/cursorMovement.png"},"match":"jump to the previous occurrence of character x 移動游標 Fx"},{"title":"跳至字元 x 上次出現的位置之後","subtitle":"移動游標 ⎯  Tx","arg":["key code 53//keystroke \"Tx\"","跳至字元 x 上次出現的位置之後","Tx"],"icon":{"type":"file","path":"img/cursorMovement.png"},"match":"jump to after previous occurrence of character x 移動游標 Tx"},{"title":"重複上個 f、t、f 或 t 移動","subtitle":"移動游標 ⎯  ;","arg":["key code 53//keystroke \";\"","重複上個 f、t、F 或 T 移動",";"],"icon":{"type":"file","path":"img/cursorMovement.png"},"match":"repeat previous f, t, F or T movement 移動游標 ;"},{"title":"反向重複上個 f、t、f 或 t 移動","subtitle":"移動游標 ⎯  ,","arg":["key code 53//keystroke \",\"","反向重複上個 f、t、F 或 T 移動",","],"icon":{"type":"file","path":"img/cursorMovement.png"},"match":"repeat previous f, t, F or T movement, backwards 移動游標 ,"},{"title":"跳至下一段 ","subtitle":"移動游標 ⎯  }","arg":["key code 53//keystroke \"}\"","跳至下一段 ","}"],"icon":{"type":"file","path":"img/cursorMovement.png"},"match":"jump to next paragraph  移動游標 }"},{"title":"跳至上一段 ","subtitle":"移動游標 ⎯  {","arg":["key code 53//keystroke \"{\"","跳至上一段 ","{"],"icon":{"type":"file","path":"img/cursorMovement.png"},"match":"jump to previous paragraph  移動游標 {"},{"title":"將游標所在行移到視窗中間","subtitle":"移動游標 ⎯  zz","arg":["key code 53//keystroke \"zz\"","將游標所在行移到視窗中間","zz"],"icon":{"type":"file","path":"img/cursorMovement.png"},"match":"center cursor on screen 移動游標 zz"},{"title":"視窗向下捲動一行 ","subtitle":"移動游標 ⎯  Ctrl+e","arg":["key code 53//keystroke \"e\" using control down","視窗向下捲動一行 ","Ctrl+e"],"icon":{"type":"file","path":"img/cursorMovement.png"},"match":"move screen down one line  移動游標 Ctrl+e"},{"title":"視窗向上捲動一行 ","subtitle":"移動游標 ⎯  Ctrl+y","arg":["key code 53//keystroke \"y\" using control down","視窗向上捲動一行 ","Ctrl+y"],"icon":{"type":"file","path":"img/cursorMovement.png"},"match":"move screen up one line  移動游標 Ctrl+y"},{"title":"向上捲動一個視窗","subtitle":"移動游標 ⎯  Ctrl+b","arg":["key code 53//keystroke \"b\" using control down","向上捲動一個視窗","Ctrl+b"],"icon":{"type":"file","path":"img/cursorMovement.png"},"match":"move back one full screen 移動游標 Ctrl+b"},{"title":"向下捲動一個視窗","subtitle":"移動游標 ⎯  Ctrl+f","arg":["key code 53//keystroke \"f\" using control down","向下捲動一個視窗","Ctrl+f"],"icon":{"type":"file","path":"img/cursorMovement.png"},"match":"move forward one full screen 移動游標 Ctrl+f"},{"title":"向上捲動半個視窗","subtitle":"移動游標 ⎯  Ctrl+u","arg":["key code 53//keystroke \"u\" using control down","向上捲動半個視窗","Ctrl+u"],"icon":{"type":"file","path":"img/cursorMovement.png"},"match":"move back 1/2 a screen 移動游標 Ctrl+u"},{"title":"向下捲動半個視窗","subtitle":"移動游標 ⎯  Ctrl+d","arg":["key code 53//keystroke \"d\" using control down","向下捲動半個視窗","Ctrl+d"],"icon":{"type":"file","path":"img/cursorMovement.png"},"match":"move forward 1/2 a screen 移動游標 Ctrl+d"},{"title":"在游標前開始插入字元","subtitle":"插入模式 - 插入/附加文字 ⎯  i","arg":["key code 53//keystroke \"i\"","在游標前開始插入字元","i"],"icon":{"type":"file","path":"img/insertMode.png"},"match":"insert before the cursor 插入模式 - 插入/附加文字 i"},{"title":"在行首開始插入字元","subtitle":"插入模式 - 插入/附加文字 ⎯  I","arg":["key code 53//keystroke \"I\"","在行首開始插入字元","I"],"icon":{"type":"file","path":"img/insertMode.png"},"match":"insert at the beginning of the line 插入模式 - 插入/附加文字 I"},{"title":"在游標後開始插入字元","subtitle":"插入模式 - 插入/附加文字 ⎯  a","arg":["key code 53//keystroke \"a\"","在游標後開始插入字元","a"],"icon":{"type":"file","path":"img/insertMode.png"},"match":"insert  after the cursor 插入模式 - 插入/附加文字 a"},{"title":"在行尾開始插入字元","subtitle":"插入模式 - 插入/附加文字 ⎯  A","arg":["key code 53//keystroke \"A\"","在行尾開始插入字元","A"],"icon":{"type":"file","path":"img/insertMode.png"},"match":"insert  at the end of the line 插入模式 - 插入/附加文字 A"},{"title":"在該行之下另起一行，開始插入字元","subtitle":"插入模式 - 插入/附加文字 ⎯  o","arg":["key code 53//keystroke \"o\"","在該行之下另起一行，開始插入字元","o"],"icon":{"type":"file","path":"img/insertMode.png"},"match":"append  a new line below the current line 插入模式 - 插入/附加文字 o"},{"title":"在該行之上另起一行，開始插入字元","subtitle":"插入模式 - 插入/附加文字 ⎯  O","arg":["key code 53//keystroke \"O\"","在該行之上另起一行，開始插入字元","O"],"icon":{"type":"file","path":"img/insertMode.png"},"match":"append  a new line above the current line 插入模式 - 插入/附加文字 O"},{"title":"在該單字字尾開始插入字元","subtitle":"插入模式 - 插入/附加文字 ⎯  ea","arg":["key code 53//keystroke \"ea\"","在該單字字尾開始插入字元","ea"],"icon":{"type":"file","path":"img/insertMode.png"},"match":"insert  at the end of the word 插入模式 - 插入/附加文字 ea"},{"title":"在插入模式中刪除游標前的字元","subtitle":"插入模式 - 插入/附加文字 ⎯  Ctrl+h","arg":["keystroke \"h\" using control down","在插入模式中刪除游標前的字元","Ctrl+h"],"icon":{"type":"file","path":"img/insertMode.png"},"match":"delete the character before the cursor during insert mode 插入模式 - 插入/附加文字 Ctrl+h"},{"title":"在插入模式中刪除游標前的字","subtitle":"插入模式 - 插入/附加文字 ⎯  Ctrl+w","arg":["keystroke \"w\" using control down","在插入模式中刪除游標前的字","Ctrl+w"],"icon":{"type":"file","path":"img/insertMode.png"},"match":"delete word before the cursor during insert mode 插入模式 - 插入/附加文字 Ctrl+w"},{"title":"在插入模式中換行","subtitle":"插入模式 - 插入/附加文字 ⎯  Ctrl+j","arg":["keystroke \"j\" using control down","在插入模式中換行","Ctrl+j"],"icon":{"type":"file","path":"img/insertMode.png"},"match":"begin new line during insert mode 插入模式 - 插入/附加文字 Ctrl+j"},{"title":"在插入模式中向右縮排","subtitle":"插入模式 - 插入/附加文字 ⎯  Ctrl+t","arg":["keystroke \"t\" using control down","在插入模式中向右縮排","Ctrl+t"],"icon":{"type":"file","path":"img/insertMode.png"},"match":"indent  line one shiftwidth during insert mode 插入模式 - 插入/附加文字 Ctrl+t"},{"title":"在插入模式中向左縮排","subtitle":"插入模式 - 插入/附加文字 ⎯  Ctrl+d","arg":["keystroke \"d\" using control down","在插入模式中向左縮排","Ctrl+d"],"icon":{"type":"file","path":"img/insertMode.png"},"match":"de-indent  line one shiftwidth during insert mode 插入模式 - 插入/附加文字 Ctrl+d"},{"title":"在插入模式中自動補全下個候補字","subtitle":"插入模式 - 插入/附加文字 ⎯  Ctrl+n","arg":["keystroke \"n\" using control down","在插入模式中自動補全下個候補字","Ctrl+n"],"icon":{"type":"file","path":"img/insertMode.png"},"match":"insert  next match before the cursor during insert mode 插入模式 - 插入/附加文字 Ctrl+n"},{"title":"在插入模式中自動補全上個候補字","subtitle":"插入模式 - 插入/附加文字 ⎯  Ctrl+p","arg":["keystroke \"p\" using control down","在插入模式中自動補全上個候補字","Ctrl+p"],"icon":{"type":"file","path":"img/insertMode.png"},"match":"insert  previous match before the cursor during insert mode 插入模式 - 插入/附加文字 Ctrl+p"},{"title":"在插入模式中插入x暫存器的內容","subtitle":"插入模式 - 插入/附加文字 ⎯  Ctrl+r x","arg":["keystroke \"r\" using control down//keystroke \"x\"","在插入模式中插入x暫存器的內容","Ctrl+r x"],"icon":{"type":"file","path":"img/insertMode.png"},"match":"insert the contents of register x 插入模式 - 插入/附加文字 Ctrl+r x"},{"title":"Temporarily enter normal mode to issue one normal-mode command x.","subtitle":"插入模式 - 插入/附加文字 ⎯  Ctrl+o x","arg":["keystroke \"o\" using control down//keystroke \"x\"","Temporarily enter normal mode to issue one normal-mode command x.","Ctrl+o x"],"icon":{"type":"file","path":"img/insertMode.png"},"match":"Temporarily enter normal mode to issue one normal-mode command x. 插入模式 - 插入/附加文字 Ctrl+o x"},{"title":"退出插入模式","subtitle":"插入模式 - 插入/附加文字 ⎯  Esc","arg":["key code 53","退出插入模式","Esc"],"icon":{"type":"file","path":"img/insertMode.png"},"match":"exit insert mode 插入模式 - 插入/附加文字 Esc"},{"title":"取代游標後一個字元","subtitle":"編輯 ⎯  r","arg":["key code 53//keystroke \"r\"","取代游標後一個字元","r"],"icon":{"type":"file","path":"img/editing.png"},"match":"replace a single character. 編輯 r"},{"title":"Replace more than one character, until esc is pressed.","subtitle":"編輯 ⎯  R","arg":["key code 53//keystroke \"R\"","replace more than one character, until ESC is pressed.","R"],"icon":{"type":"file","path":"img/editing.png"},"match":"replace more than one character, until ESC is pressed. 編輯 R"},{"title":"將下一行合併至該行 ","subtitle":"編輯 ⎯  J","arg":["key code 53//keystroke \"J\"","將下一行合併至該行 ","J"],"icon":{"type":"file","path":"img/editing.png"},"match":"join line below to the current one with one space in between 編輯 J"},{"title":"將下一行合併至該行 ","subtitle":"編輯 ⎯  gJ","arg":["key code 53//keystroke \"gJ\"","將下一行合併至該行 ","gJ"],"icon":{"type":"file","path":"img/editing.png"},"match":"join line below to the current one without space in between 編輯 gJ"},{"title":"重新調整段落","subtitle":"編輯 ⎯  gwip","arg":["key code 53//keystroke \"gwip\"","重新調整段落","gwip"],"icon":{"type":"file","path":"img/editing.png"},"match":"reflow paragraph 編輯 gwip"},{"title":"搭配移動來切換大小寫","subtitle":"編輯 ⎯  g~","arg":["key code 53//keystroke \"g~\"","搭配移動來切換大小寫","g~"],"icon":{"type":"file","path":"img/editing.png"},"match":"switch case up to motion 編輯 g~"},{"title":"搭配移動來轉換成小寫","subtitle":"編輯 ⎯  gu","arg":["key code 53//keystroke \"gu\"","搭配移動來轉換成小寫","gu"],"icon":{"type":"file","path":"img/editing.png"},"match":"change to lowercase up to motion 編輯 gu"},{"title":"搭配移動來轉換成大寫","subtitle":"編輯 ⎯  gU","arg":["key code 53//keystroke \"gU\"","搭配移動來轉換成大寫","gU"],"icon":{"type":"file","path":"img/editing.png"},"match":"change to uppercase up to motion 編輯 gU"},{"title":"剪下  整行並開始插入","subtitle":"編輯 ⎯  cc","arg":["key code 53//keystroke \"cc\"","剪下  整行並開始插入","cc"],"icon":{"type":"file","path":"img/editing.png"},"match":"change  entire line 編輯 cc"},{"title":"剪下  游標位置到行尾的區塊並開始插入","subtitle":"編輯 ⎯  c$ or C","arg":["key code 53//keystroke \"g$\"","剪下  游標位置到行尾的區塊並開始插入","c$ or C"],"icon":{"type":"file","path":"img/editing.png"},"match":"change  to the end of the line 編輯 c$ or C"},{"title":"剪下  整個字並開始插入","subtitle":"編輯 ⎯  ciw","arg":["key code 53//keystroke \"ciw\"","剪下  整個字並開始插入","ciw"],"icon":{"type":"file","path":"img/editing.png"},"match":"change  entire word 編輯 ciw"},{"title":"從游標位置開始變更  單字","subtitle":"編輯 ⎯  cw or ce","arg":["key code 53//keystroke \"cw\"","從游標位置開始變更  單字","cw or ce"],"icon":{"type":"file","path":"img/editing.png"},"match":"change  to the end of the word 編輯 cw or ce"},{"title":"刪除游標後字元並進入插入模式","subtitle":"編輯 ⎯  s","arg":["key code 53//keystroke \"s\"","刪除游標後字元並進入插入模式","s"],"icon":{"type":"file","path":"img/editing.png"},"match":"delete character and substitute text 編輯 s"},{"title":"刪除整行並進入插入模式 ","subtitle":"編輯 ⎯  S","arg":["key code 53//keystroke \"S\"","刪除整行並進入插入模式 ","S"],"icon":{"type":"file","path":"img/editing.png"},"match":"delete line and substitute text  編輯 S"},{"title":"游標後二個字元位置交換 ","subtitle":"編輯 ⎯  xp","arg":["key code 53//keystroke \"xp\"","游標後二個字元位置交換 ","xp"],"icon":{"type":"file","path":"img/editing.png"},"match":"transpose two letters  編輯 xp"},{"title":"復原","subtitle":"編輯 ⎯  u","arg":["key code 53//keystroke \"u\"","復原","u"],"icon":{"type":"file","path":"img/editing.png"},"match":"undo 編輯 u"},{"title":"復原上次變更的行","subtitle":"編輯 ⎯  U","arg":["key code 53//keystroke \"U\"","復原上次變更的行","U"],"icon":{"type":"file","path":"img/editing.png"},"match":"restore  last changed line 編輯 U"},{"title":"重做","subtitle":"編輯 ⎯  Ctrl+r","arg":["key code 53//keystroke \"r\" using control down","重做","Ctrl+r"],"icon":{"type":"file","path":"img/editing.png"},"match":"redo 編輯 Ctrl+r"},{"title":"重複上個命令","subtitle":"編輯 ⎯  .","arg":["key code 53//keystroke \".\"","重複上個命令","."],"icon":{"type":"file","path":"img/editing.png"},"match":"repeat last command 編輯 ."},{"title":"進入標示模式 ，並執行命令 ","subtitle":"選取文字（標示模式） ⎯  v","arg":["key code 53//keystroke \"v\"","進入標示模式 ，並執行命令 ","v"],"icon":{"type":"file","path":"img/markingText.png"},"match":"start visual mode, mark lines, then do a command  選取文字（標示模式） v"},{"title":"進入標示模式 ","subtitle":"選取文字（標示模式） ⎯  V","arg":["key code 53//keystroke \"V\"","進入標示模式 ","V"],"icon":{"type":"file","path":"img/markingText.png"},"match":"start linewise visual mode 選取文字（標示模式） V"},{"title":"跳至選取區塊的開頭/結尾","subtitle":"選取文字（標示模式） ⎯  o","arg":["key code 53//keystroke \"o\"","跳至選取區塊的開頭/結尾","o"],"icon":{"type":"file","path":"img/markingText.png"},"match":"move to other end of marked area 選取文字（標示模式） o"},{"title":"進入標示模式 ","subtitle":"選取文字（標示模式） ⎯  Ctrl+v","arg":["key code 53//keystroke \"v\" using control down","進入標示模式 ","Ctrl+v"],"icon":{"type":"file","path":"img/markingText.png"},"match":"start visual block mode 選取文字（標示模式） Ctrl+v"},{"title":"跳至選取區塊的角落","subtitle":"選取文字（標示模式） ⎯  O","arg":["key code 53//keystroke \"O\"","跳至選取區塊的角落","O"],"icon":{"type":"file","path":"img/markingText.png"},"match":"move to other corner of block 選取文字（標示模式） O"},{"title":"選取該單字","subtitle":"選取文字（標示模式） ⎯  aw","arg":["key code 53//keystroke \"aw\"","選取該單字","aw"],"icon":{"type":"file","path":"img/markingText.png"},"match":"mark a word 選取文字（標示模式） aw"},{"title":"選取 () 及所包圍的區塊","subtitle":"選取文字（標示模式） ⎯  ab","arg":["key code 53//keystroke \"ab\"","選取 () 及所包圍的區塊","ab"],"icon":{"type":"file","path":"img/markingText.png"},"match":"a block with () 選取文字（標示模式） ab"},{"title":"選取 {} 及所包圍的區塊","subtitle":"選取文字（標示模式） ⎯  aB","arg":["key code 53//keystroke \"aB\"","選取 {} 及所包圍的區塊","aB"],"icon":{"type":"file","path":"img/markingText.png"},"match":"a block with {} 選取文字（標示模式） aB"},{"title":"選取 <> tags 及所包圍的區塊","subtitle":"選取文字（標示模式） ⎯  at","arg":["key code 53//keystroke \"at\"","選取 <> tags 及所包圍的區塊","at"],"icon":{"type":"file","path":"img/markingText.png"},"match":"a block with <> tags 選取文字（標示模式） at"},{"title":"選取 () 內的區塊","subtitle":"選取文字（標示模式） ⎯  ib","arg":["key code 53//keystroke \"ib\"","選取 () 內的區塊","ib"],"icon":{"type":"file","path":"img/markingText.png"},"match":"inner block with () 選取文字（標示模式） ib"},{"title":"選取 {} 內的區塊","subtitle":"選取文字（標示模式） ⎯  iB","arg":["key code 53//keystroke \"iB\"","選取 {} 內的區塊","iB"],"icon":{"type":"file","path":"img/markingText.png"},"match":"inner block with {} 選取文字（標示模式） iB"},{"title":"選取 <> tags 內的區塊","subtitle":"選取文字（標示模式） ⎯  it","arg":["key code 53//keystroke \"it\"","選取 <> tags 內的區塊","it"],"icon":{"type":"file","path":"img/markingText.png"},"match":"inner block with <> tags 選取文字（標示模式） it"},{"title":"退出標示模式","subtitle":"選取文字（標示模式） ⎯  Esc","arg":["key code 53//key code 53","退出標示模式","Esc"],"icon":{"type":"file","path":"img/markingText.png"},"match":"exit visual mode 選取文字（標示模式） Esc"},{"title":"向右縮排","subtitle":"標示模式命令 (Reference only) ⎯  >","arg":["keystroke \">\"","向右縮排",">"],"icon":{"type":"file","path":"img/visualCommands.png"},"match":"shift text right 標示模式命令 >"},{"title":"向左縮排","subtitle":"標示模式命令 (Reference only) ⎯  <","arg":["keystroke \"<\"","向左縮排","<"],"icon":{"type":"file","path":"img/visualCommands.png"},"match":"shift text left 標示模式命令 <"},{"title":"複製","subtitle":"標示模式命令 (Reference only) ⎯  y","arg":["keystroke \"y\"","複製","y"],"icon":{"type":"file","path":"img/visualCommands.png"},"match":"yank  marked text 標示模式命令 y"},{"title":"剪下","subtitle":"標示模式命令 (Reference only) ⎯  d","arg":["keystroke \"d\"","剪下","d"],"icon":{"type":"file","path":"img/visualCommands.png"},"match":"delete marked text 標示模式命令 d"},{"title":"切換大小寫","subtitle":"標示模式命令 (Reference only) ⎯  ~","arg":["keystroke \"~\"","切換大小寫","~"],"icon":{"type":"file","path":"img/visualCommands.png"},"match":"switch case 標示模式命令 ~"},{"title":"轉換成小寫","subtitle":"標示模式命令 (Reference only) ⎯  u","arg":["keystroke \"u\"","轉換成小寫","u"],"icon":{"type":"file","path":"img/visualCommands.png"},"match":"change marked text to lowercase 標示模式命令 u"},{"title":"轉換成大寫","subtitle":"標示模式命令 (Reference only) ⎯  U","arg":["keystroke \"U\"","轉換成大寫","U"],"icon":{"type":"file","path":"img/visualCommands.png"},"match":"change marked text to uppercase 標示模式命令 U"},{"title":"顯示暫存區內容","subtitle":"暫存區 ⎯  :reg[isters]","arg":["key code 53//keystroke \":reg\" & return","顯示暫存區內容",":reg[isters]"],"icon":{"type":"file","path":"img/registers.png"},"match":"show registers content 暫存區 :reg[isters]"},{"title":"複製到暫存區 x","subtitle":"暫存區 ⎯  xy","arg":["key code 53//keystroke \"xy\"","複製到暫存區 x","xy"],"icon":{"type":"file","path":"img/registers.png"},"match":"yank into register x 暫存區 xy"},{"title":"貼上暫存區 x 的內容","subtitle":"暫存區 ⎯  xp","arg":["key code 53//keystroke \"xp\"","貼上暫存區 x 的內容","xp"],"icon":{"type":"file","path":"img/registers.png"},"match":"paste contents of register x 暫存區 xp"},{"title":"複製到剪貼簿暫存區","subtitle":"暫存區 ⎯  +y","arg":["key code 53//keystroke \"+y\"","複製到剪貼簿暫存區","+y"],"icon":{"type":"file","path":"img/registers.png"},"match":"yank into the system clipboard register 暫存區 +y"},{"title":"貼上剪貼簿暫存區的內容","subtitle":"暫存區 ⎯  +p","arg":["key code 53//keystroke \"+p\"","貼上剪貼簿暫存區的內容","+p"],"icon":{"type":"file","path":"img/registers.png"},"match":"paste from the system clipboard register 暫存區 +p"},{"title":"將目前的位置設為標記 a","subtitle":"標記 ⎯  ma","arg":["key code 53//keystroke \"ma\"","將目前的位置設為標記 a","ma"],"icon":{"type":"file","path":"img/marks.png"},"match":"set current position for mark A 標記 ma"},{"title":"跳至標記 a","subtitle":"標記 ⎯  `a","arg":["key code 53//keystroke \"`a\"","跳至標記 a","`a"],"icon":{"type":"file","path":"img/marks.png"},"match":"jump to position of mark A 標記 `a"},{"title":"複製游標目前位置到標記 a 位置的字元","subtitle":"標記 ⎯  y`a","arg":["key code 53//keystroke \"y`a\"","複製游標目前位置到標記 a 位置的字元","y`a"],"icon":{"type":"file","path":"img/marks.png"},"match":"yank text to position of mark A 標記 y`a"},{"title":"回到上次離開vim時的位置","subtitle":"標記 ⎯  `0","arg":["key code 53//keystroke \"`0\"","回到上次離開Vim時的位置","`0"],"icon":{"type":"file","path":"img/marks.png"},"match":"go to the position where Vim was previously exited 標記 `0"},{"title":"回到上次編輯該檔案的位置","subtitle":"標記 ⎯  `\"","arg":["key code 53//keystroke \"`\\\"\"","回到上次編輯該檔案的位置","`\""],"icon":{"type":"file","path":"img/marks.png"},"match":"go to the position when last editing this file 標記 `\""},{"title":"回到上次修改該檔案的位置","subtitle":"標記 ⎯  `.","arg":["key code 53//keystroke \"`.\"","回到上次修改該檔案的位置","`."],"icon":{"type":"file","path":"img/marks.png"},"match":"go to the position of the last change in this file 標記 `."},{"title":"回到上次跳離的位置","subtitle":"標記 ⎯  ``","arg":["key code 53//keystroke \"``\"","回到上次跳離的位置","``"],"icon":{"type":"file","path":"img/marks.png"},"match":"go to the position before the last jump 標記 ``"},{"title":"列出跳轉紀錄","subtitle":"標記 ⎯  :ju[mps]","arg":["key code 53//keystroke \":ju\" & return","列出跳轉紀錄",":ju[mps]"],"icon":{"type":"file","path":"img/marks.png"},"match":"list of jumps 標記 :ju[mps]"},{"title":"Go to newer position in jump list","subtitle":"標記 ⎯  Ctrl+i","arg":["key code 53//keystroke \"i\" using control down","go to newer position in jump list","Ctrl+i"],"icon":{"type":"file","path":"img/marks.png"},"match":"go to newer position in jump list 標記 Ctrl+i"},{"title":"Go to older position in jump list","subtitle":"標記 ⎯  Ctrl+o","arg":["key code 53//keystroke \"o\" using control down","go to older position in jump list","Ctrl+o"],"icon":{"type":"file","path":"img/marks.png"},"match":"go to older position in jump list 標記 Ctrl+o"},{"title":"List of changes","subtitle":"標記 ⎯  :changes","arg":["key code 53//keystroke \":changes\" & return","list of changes",":changes"],"icon":{"type":"file","path":"img/marks.png"},"match":"list of changes 標記 :changes"},{"title":"Go to newer position in change list","subtitle":"標記 ⎯  g,","arg":["key code 53//keystroke \"g,\"","go to newer position in change list","g,"],"icon":{"type":"file","path":"img/marks.png"},"match":"go to newer position in change list 標記 g,"},{"title":"Go to older position in change list","subtitle":"標記 ⎯  g;","arg":["key code 53//keystroke \"g;\"","go to older position in change list","g;"],"icon":{"type":"file","path":"img/marks.png"},"match":"go to older position in change list 標記 g;"},{"title":"Jump to the tag under cursor","subtitle":"標記 ⎯  Ctrl+]","arg":["key code 53//keystroke \"]\" using control down","jump to the tag under cursor","Ctrl+]"],"icon":{"type":"file","path":"img/marks.png"},"match":"jump to the tag under cursor 標記 Ctrl+]"},{"title":"Go to file in cursor","subtitle":"標記 ⎯  gf","arg":["key code 53//keystroke \"gf\"","Go to file in cursor","gf"],"icon":{"type":"file","path":"img/marks.png"},"match":"Go to file in cursor 標記 gf"},{"title":"錄製巨集 a","subtitle":"巨集 ⎯  qa","arg":["key code 53//keystroke \"qa\"","錄製巨集 a","qa"],"icon":{"type":"file","path":"img/macros.png"},"match":"record macro a 巨集 qa"},{"title":"停止錄製巨集","subtitle":"巨集 ⎯  q","arg":["key code 53//keystroke \"q\"","停止錄製巨集","q"],"icon":{"type":"file","path":"img/macros.png"},"match":"stop recording macro 巨集 q"},{"title":"執行巨集 a","subtitle":"巨集 ⎯  @a","arg":["key code 53//keystroke \"@a\"","執行巨集 a","@a"],"icon":{"type":"file","path":"img/macros.png"},"match":"run macro a 巨集 @a"},{"title":"執行上一次執行的巨集","subtitle":"巨集 ⎯  @@","arg":["key code 53//keystroke \"@@\"","執行上一次執行的巨集","@@"],"icon":{"type":"file","path":"img/macros.png"},"match":"rerun last run macro 巨集 @@"},{"title":"複製該行","subtitle":"剪下、複製、貼上 ⎯  yy","arg":["key code 53//keystroke \"yy\"","複製該行","yy"],"icon":{"type":"file","path":"img/cutAndPaste.png"},"match":"yank  a line 剪下、複製、貼上 yy"},{"title":"複製 2 行","subtitle":"剪下、複製、貼上 ⎯  2yy","arg":["key code 53//keystroke \"2yy\"","複製 2 行","2yy"],"icon":{"type":"file","path":"img/cutAndPaste.png"},"match":"yank  2 lines 剪下、複製、貼上 2yy"},{"title":"複製游標位置到下個單字前的字元","subtitle":"剪下、複製、貼上 ⎯  yw","arg":["key code 53//keystroke \"yw\"","複製游標位置到下個單字前的字元","yw"],"icon":{"type":"file","path":"img/cutAndPaste.png"},"match":"yank  the characters of the word from the cursor position to the start of the next word 剪下、複製、貼上 yw"},{"title":"複製游標所在單字","subtitle":"剪下、複製、貼上 ⎯  yiw","arg":["key code 53//keystroke \"yiw\"","複製游標所在單字","yiw"],"icon":{"type":"file","path":"img/cutAndPaste.png"},"match":"yank  word under the cursor 剪下、複製、貼上 yiw"},{"title":"複製游標所在單字和後面或前面的空格","subtitle":"剪下、複製、貼上 ⎯  yaw","arg":["key code 53//keystroke \"yaw\"","複製游標所在單字和後面或前面的空格","yaw"],"icon":{"type":"file","path":"img/cutAndPaste.png"},"match":"yank  word under the cursor and the space after or before it 剪下、複製、貼上 yaw"},{"title":"複製游標位置到行尾的區塊","subtitle":"剪下、複製、貼上 ⎯  y$","arg":["key code 53//keystroke \"y$\"","複製游標位置到行尾的區塊","y$"],"icon":{"type":"file","path":"img/cutAndPaste.png"},"match":"yank  to end of line 剪下、複製、貼上 y$"},{"title":"在游標後貼上","subtitle":"剪下、複製、貼上 ⎯  p","arg":["key code 53//keystroke \"p\"","在游標後貼上","p"],"icon":{"type":"file","path":"img/cutAndPaste.png"},"match":"put  the clipboard after cursor 剪下、複製、貼上 p"},{"title":"在游標前貼上","subtitle":"剪下、複製、貼上 ⎯  P","arg":["key code 53//keystroke \"P\"","在游標前貼上","P"],"icon":{"type":"file","path":"img/cutAndPaste.png"},"match":"put  before cursor 剪下、複製、貼上 P"},{"title":"Put  the clipboard after cursor and leave cursor after the new text","subtitle":"剪下、複製、貼上 ⎯  gp","arg":["key code 53//keystroke \"gp\"","put  the clipboard after cursor and leave cursor after the new text","gp"],"icon":{"type":"file","path":"img/cutAndPaste.png"},"match":"put  the clipboard after cursor and leave cursor after the new text 剪下、複製、貼上 gp"},{"title":"Put  before cursor and leave cursor after the new text","subtitle":"剪下、複製、貼上 ⎯  gP","arg":["key code 53//keystroke \"gP\"","put  before cursor and leave cursor after the new text","gP"],"icon":{"type":"file","path":"img/cutAndPaste.png"},"match":"put  before cursor and leave cursor after the new text 剪下、複製、貼上 gP"},{"title":"剪下  該行","subtitle":"剪下、複製、貼上 ⎯  dd","arg":["key code 53//keystroke \"dd\"","剪下  該行","dd"],"icon":{"type":"file","path":"img/cutAndPaste.png"},"match":"delete  a line 剪下、複製、貼上 dd"},{"title":"剪下  2 行","subtitle":"剪下、複製、貼上 ⎯  2dd","arg":["key code 53//keystroke \"2dd\"","剪下  2 行","2dd"],"icon":{"type":"file","path":"img/cutAndPaste.png"},"match":"delete  2 lines 剪下、複製、貼上 2dd"},{"title":"剪下  游標位置到下個單字前的字元","subtitle":"剪下、複製、貼上 ⎯  dw","arg":["key code 53//keystroke \"dw\"","剪下  游標位置到下個單字前的字元","dw"],"icon":{"type":"file","path":"img/cutAndPaste.png"},"match":"delete  the characters of the word from the cursor position to the start of the next word 剪下、複製、貼上 dw"},{"title":"剪下  游標所在單字","subtitle":"剪下、複製、貼上 ⎯  diw","arg":["key code 53//keystroke \"diw\"","剪下  游標所在單字","diw"],"icon":{"type":"file","path":"img/cutAndPaste.png"},"match":"delete  word under the cursor 剪下、複製、貼上 diw"},{"title":"剪下  游標所在單字和後面或前面的空格","subtitle":"剪下、複製、貼上 ⎯  daw","arg":["key code 53//keystroke \"daw\"","剪下  游標所在單字和後面或前面的空格","daw"],"icon":{"type":"file","path":"img/cutAndPaste.png"},"match":"delete  word under the cursor and the space after or before it 剪下、複製、貼上 daw"},{"title":"剪下  游標位置到行尾的區塊 ","subtitle":"剪下、複製、貼上 ⎯  d$ or D","arg":["key code 53//keystroke \"d$\"","剪下  游標位置到行尾的區塊 ","d$ or D"],"icon":{"type":"file","path":"img/cutAndPaste.png"},"match":"delete  to the end of the line 剪下、複製、貼上 d$ or D"},{"title":"剪下  字元","subtitle":"剪下、複製、貼上 ⎯  x","arg":["key code 53//keystroke \"x\"","剪下  字元","x"],"icon":{"type":"file","path":"img/cutAndPaste.png"},"match":"delete  character 剪下、複製、貼上 x"},{"title":"向右縮排一個shiftwidth寬度","subtitle":"文字縮排 ⎯  >>","arg":["key code 53//keystroke \">>\"","向右縮排一個shiftwidth寬度",">>"],"icon":{"type":"file","path":"img/indentText.png"},"match":"indent  line one shiftwidth 文字縮排 >>"},{"title":"向左縮排一個shiftwidth寬度","subtitle":"文字縮排 ⎯  <<","arg":["key code 53//keystroke \"<<\"","向左縮排一個shiftwidth寬度","<<"],"icon":{"type":"file","path":"img/indentText.png"},"match":"de-indent  line one shiftwidth 文字縮排 <<"},{"title":"向右縮排 () 或 {} 內的區塊 ","subtitle":"文字縮排 ⎯  >%","arg":["key code 53//keystroke \">%\"","向右縮排 () 或 {} 內的區塊 ",">%"],"icon":{"type":"file","path":"img/indentText.png"},"match":"indent a block with () or {}  文字縮排 >%"},{"title":"向右縮排 () 內的區塊","subtitle":"文字縮排 ⎯  >ib","arg":["key code 53//keystroke \">ib\"","向右縮排 () 內的區塊",">ib"],"icon":{"type":"file","path":"img/indentText.png"},"match":"indent inner block with () 文字縮排 >ib"},{"title":"向右縮排 <> tags 內的區塊","subtitle":"文字縮排 ⎯  >at","arg":["key code 53//keystroke \">at\"","向右縮排 <> tags 內的區塊",">at"],"icon":{"type":"file","path":"img/indentText.png"},"match":"indent a block with <> tags 文字縮排 >at"},{"title":"自動縮排下3行","subtitle":"文字縮排 ⎯  3==","arg":["key code 53//keystroke \"3==\"","自動縮排下3行","3=="],"icon":{"type":"file","path":"img/indentText.png"},"match":"re-indent 3 lines 文字縮排 3=="},{"title":"自動縮排 () 或 {} 內的區塊 ","subtitle":"文字縮排 ⎯  =%","arg":["key code 53//keystroke \"=%\"","自動縮排 () 或 {} 內的區塊 ","=%"],"icon":{"type":"file","path":"img/indentText.png"},"match":"re-indent a block with () or {}  文字縮排 =%"},{"title":"","subtitle":"文字縮排 ⎯  =iB","arg":["key code 53//keystroke \"iB\"",null,"=iB"],"icon":{"type":"file","path":"img/indentText.png"},"match":" 文字縮排 =iB"},{"title":"自動縮排整個緩衝區","subtitle":"文字縮排 ⎯  gg=G","arg":["key code 53//keystroke \"gg=G\"","自動縮排整個緩衝區","gg=G"],"icon":{"type":"file","path":"img/indentText.png"},"match":"re-indent entire buffer 文字縮排 gg=G"},{"title":"貼上並自動縮排至該行","subtitle":"文字縮排 ⎯  ]p","arg":["key code 53//keystroke \"]p\"","貼上並自動縮排至該行","]p"],"icon":{"type":"file","path":"img/indentText.png"},"match":"paste and adjust indent to current line 文字縮排 ]p"},{"title":"儲存","subtitle":"退出 ⎯  :w","arg":["key code 53//keystroke \":w\" & return","儲存",":w"],"icon":{"type":"file","path":"img/exiting.png"},"match":"write  the file, but don't exit 退出 :w"},{"title":"以 sudo 儲存目前的檔案","subtitle":"退出 ⎯  :w !sudo tee %","arg":["key code 53//keystroke \":w !sudo tee %\"","以 sudo 儲存目前的檔案",":w !sudo tee %"],"icon":{"type":"file","path":"img/exiting.png"},"match":"write out the current file using sudo 退出 :w !sudo tee %"},{"title":"儲存並退出","subtitle":"退出 ⎯  :wq or :x or ZZ","arg":["key code 53//keystroke \":wq\" & return","儲存並退出",":wq or :x or ZZ"],"icon":{"type":"file","path":"img/exiting.png"},"match":"write  and quit 退出 :wq or :x or ZZ"},{"title":"退出 ","subtitle":"退出 ⎯  :q","arg":["key code 53//keystroke \":q\" & return","退出 ",":q"],"icon":{"type":"file","path":"img/exiting.png"},"match":"quit  退出 :q"},{"title":"強制退出 ","subtitle":"退出 ⎯  :q! or ZQ","arg":["key code 53//keystroke \":q!\" & return","強制退出 ",":q! or ZQ"],"icon":{"type":"file","path":"img/exiting.png"},"match":"quit and throw away unsaved changes 退出 :q! or ZQ"},{"title":"儲存所有分頁並全部退出","subtitle":"退出 ⎯  :wqa","arg":["key code 53//keystroke \":wqa\" & return","儲存所有分頁並全部退出",":wqa"],"icon":{"type":"file","path":"img/exiting.png"},"match":"write  and quit on all tabs 退出 :wqa"},{"title":"尋找 pattern","subtitle":"尋找、取代 ⎯  /pattern","arg":["key code 53//keystroke \"/pattern\"","尋找 pattern","/pattern"],"icon":{"type":"file","path":"img/searchAndReplace.png"},"match":"search for pattern 尋找、取代 /pattern"},{"title":"向上尋找 pattern","subtitle":"尋找、取代 ⎯  ?pattern","arg":["key code 53//keystroke \"?pattern\"","向上尋找 pattern","?pattern"],"icon":{"type":"file","path":"img/searchAndReplace.png"},"match":"search backward for pattern 尋找、取代 ?pattern"},{"title":"Pattern 中的非英數字元皆視為正規表示式的特殊字元 ","subtitle":"尋找、取代 ⎯  \\vpattern","arg":["key code 53//keystroke \"\\\\vpattern\"","pattern 中的非英數字元皆視為正規表示式的特殊字元 ","\\vpattern"],"icon":{"type":"file","path":"img/searchAndReplace.png"},"match":"'very magic' pattern 尋找、取代 \\vpattern"},{"title":"尋找下一個","subtitle":"尋找、取代 ⎯  n","arg":["key code 53//keystroke \"n\"","尋找下一個","n"],"icon":{"type":"file","path":"img/searchAndReplace.png"},"match":"repeat search in same direction 尋找、取代 n"},{"title":"尋找上一個","subtitle":"尋找、取代 ⎯  N","arg":["key code 53//keystroke \"N\"","尋找上一個","N"],"icon":{"type":"file","path":"img/searchAndReplace.png"},"match":"repeat search in opposite direction 尋找、取代 N"},{"title":"全部取代","subtitle":"尋找、取代 ⎯  :%s/old/new/g","arg":["key code 53//keystroke \":%s/old/new/g\"","全部取代",":%s/old/new/g"],"icon":{"type":"file","path":"img/searchAndReplace.png"},"match":"replace all old with new throughout file 尋找、取代 :%s/old/new/g"},{"title":"逐項取代","subtitle":"尋找、取代 ⎯  :%s/old/new/gc","arg":["key code 53//keystroke \":%s/old/new/gc\"","逐項取代",":%s/old/new/gc"],"icon":{"type":"file","path":"img/searchAndReplace.png"},"match":"replace all old with new throughout file with confirmations 尋找、取代 :%s/old/new/gc"},{"title":"移除搜尋結果的標示","subtitle":"尋找、取代 ⎯  :noh[lsearch]","arg":["key code 53//keystroke \":noh[lsearch]\"","移除搜尋結果的標示",":noh[lsearch]"],"icon":{"type":"file","path":"img/searchAndReplace.png"},"match":"remove highlighting of search matches 尋找、取代 :noh[lsearch]"},{"title":"Next whole word under cursor","subtitle":"尋找、取代 ⎯  *","arg":["key code 53//keystroke \"*\"","Next whole word under cursor","*"],"icon":{"type":"file","path":"img/searchAndReplace.png"},"match":"Next whole word under cursor 尋找、取代 *"},{"title":"Previous whole word under cursor","subtitle":"尋找、取代 ⎯  #","arg":["key code 53//keystroke \"#\"","Previous whole word under cursor","#"],"icon":{"type":"file","path":"img/searchAndReplace.png"},"match":"Previous whole word under cursor 尋找、取代 #"},{"title":"在多個檔案中搜尋 pattern","subtitle":"多檔案搜尋 ⎯  :vim[grep] /pattern/ file","arg":["key code 53//keystroke \":vim[grep]\"//key code 49//keystroke \"/pattern/\"//key code 49//keystroke \"file\"","在多個檔案中搜尋 pattern",":vim[grep] /pattern/ file"],"icon":{"type":"file","path":"img/searchMultipleFiles.png"},"match":"search for pattern in multiple files 多檔案搜尋 :vim[grep] /pattern/ file"},{"title":"跳至下一個","subtitle":"多檔案搜尋 ⎯  :cn[ext]","arg":["key code 53//keystroke \":cn\" & return","跳至下一個",":cn[ext]"],"icon":{"type":"file","path":"img/searchMultipleFiles.png"},"match":"jump to the next match 多檔案搜尋 :cn[ext]"},{"title":"跳至上一個","subtitle":"多檔案搜尋 ⎯  :cp[revious]","arg":["key code 53//keystroke \":cp\" & return","跳至上一個",":cp[revious]"],"icon":{"type":"file","path":"img/searchMultipleFiles.png"},"match":"jump to the previous match 多檔案搜尋 :cp[revious]"},{"title":"開啟搜尋結果列表視窗","subtitle":"多檔案搜尋 ⎯  :cope[n]","arg":["key code 53//keystroke \":cope\" & return","開啟搜尋結果列表視窗",":cope[n]"],"icon":{"type":"file","path":"img/searchMultipleFiles.png"},"match":"open a window containing the list of matches 多檔案搜尋 :cope[n]"},{"title":"Close the quickfix window","subtitle":"多檔案搜尋 ⎯  :ccl[ose]","arg":["key code 53//keystroke \":ccl\" & return","close the quickfix window",":ccl[ose]"],"icon":{"type":"file","path":"img/searchMultipleFiles.png"},"match":"close the quickfix window 多檔案搜尋 :ccl[ose]"},{"title":"","subtitle":"多檔案搜尋 ⎯  colonWa","arg":["key code 53//keystroke \":wa\" & return",null,"colonWa"],"icon":{"type":"file","path":"img/searchMultipleFiles.png"},"match":" 多檔案搜尋 colonWa"},{"title":"Close the quickfix window","subtitle":"多檔案搜尋 ⎯  :ccl[ose]","arg":["key code 53//keystroke \":ccl\" & return","close the quickfix window",":ccl[ose]"],"icon":{"type":"file","path":"img/searchMultipleFiles.png"},"match":"close the quickfix window 多檔案搜尋 :ccl[ose]"},{"title":"在新分頁開啟檔案名稱","subtitle":"分頁 ⎯  :tabnew or :tabnew file","arg":["key code 53//keystroke \":tabnew\"//key code 49//keystroke \"file\" & return","在新分頁開啟檔案名稱",":tabnew or :tabnew file"],"icon":{"type":"file","path":"img/tabs.png"},"match":"open a file in a new tab 分頁 :tabnew or :tabnew file"},{"title":"以新分頁開啟視窗","subtitle":"分頁 ⎯  Ctrl+wT","arg":["key code 53//keystroke \"w\" using control down//keystroke \"T\"","以新分頁開啟視窗","Ctrl+wT"],"icon":{"type":"file","path":"img/tabs.png"},"match":"move the current split window into its own tab 分頁 Ctrl+wT"},{"title":"切換到下個分頁","subtitle":"分頁 ⎯  gt or :tabn[ext]","arg":["key code 53//keystroke \"gt\"","切換到下個分頁","gt or :tabn[ext]"],"icon":{"type":"file","path":"img/tabs.png"},"match":"move to the next tab 分頁 gt or :tabn[ext]"},{"title":"切換到上個分頁","subtitle":"分頁 ⎯  gT or :tabp[revious]","arg":["key code 53//keystroke \"gT\"","切換到上個分頁","gT or :tabp[revious]"],"icon":{"type":"file","path":"img/tabs.png"},"match":"move to the previous tab 分頁 gT or :tabp[revious]"},{"title":"切換到第 # 個分頁","subtitle":"分頁 ⎯  #gt","arg":["key code 53//keystroke \"#gt\"","切換到第 # 個分頁","#gt"],"icon":{"type":"file","path":"img/tabs.png"},"match":"move to tab number # 分頁 #gt"},{"title":"將分頁移到第 # 位 ","subtitle":"分頁 ⎯  :tabm[ove]","arg":["key code 53//keystroke \":tabm\" & return","將分頁移到第 # 位 ",":tabm[ove]"],"icon":{"type":"file","path":"img/tabs.png"},"match":"move current tab to the #th position  分頁 :tabm[ove]"},{"title":"關閉該分頁及其中所有視窗","subtitle":"分頁 ⎯  :tabc[lose]","arg":["key code 53//keystroke \":tabc\" & return","關閉該分頁及其中所有視窗",":tabc[lose]"],"icon":{"type":"file","path":"img/tabs.png"},"match":"close the current tab and all its windows 分頁 :tabc[lose]"},{"title":"關閉所有其他分頁","subtitle":"分頁 ⎯  :tabo[nly]","arg":["key code 53//keystroke \":tabo\" & return","關閉所有其他分頁",":tabo[nly]"],"icon":{"type":"file","path":"img/tabs.png"},"match":"close all tabs except for the current one 分頁 :tabo[nly]"},{"title":"對所有分頁執行命令 ","subtitle":"分頁 ⎯  :tabdo command","arg":["key code 53//keystroke \":tabdo\"//key code 49//keystroke \"command\"","對所有分頁執行命令 ",":tabdo command"],"icon":{"type":"file","path":"img/tabs.png"},"match":"run the command on all tabs  分頁 :tabdo command"},{"title":"在新緩衝區開啟檔案名稱","subtitle":"多檔案編輯 ⎯  :e[dit] file","arg":["key code 53//keystroke \":e\"//key code 49//keystroke \"file\"","在新緩衝區開啟檔案名稱",":e[dit] file"],"icon":{"type":"file","path":"img/workingWithMultipleFiles.png"},"match":"edit a file in a new buffer 多檔案編輯 :e[dit] file"},{"title":"切換到下個緩衝區","subtitle":"多檔案編輯 ⎯  :bn[ext]","arg":["key code 53//keystroke \":bn\" & return","切換到下個緩衝區",":bn[ext]"],"icon":{"type":"file","path":"img/workingWithMultipleFiles.png"},"match":"go to the next buffer 多檔案編輯 :bn[ext]"},{"title":"切換到上個緩衝區","subtitle":"多檔案編輯 ⎯  :bp[revious]","arg":["key code 53//keystroke \":bp\" & return","切換到上個緩衝區",":bp[revious]"],"icon":{"type":"file","path":"img/workingWithMultipleFiles.png"},"match":"go to the previous buffer 多檔案編輯 :bp[revious]"},{"title":"刪除緩衝區 ","subtitle":"多檔案編輯 ⎯  :bd[elete]","arg":["key code 53//keystroke \":bd\" & return","刪除緩衝區 ",":bd[elete]"],"icon":{"type":"file","path":"img/workingWithMultipleFiles.png"},"match":"delete a buffer  多檔案編輯 :bd[elete]"},{"title":"Go to a buffer by #","subtitle":"多檔案編輯 ⎯  :b[uffer]#","arg":["key code 53//keystroke \":b#\"","go to a buffer by #",":b[uffer]#"],"icon":{"type":"file","path":"img/workingWithMultipleFiles.png"},"match":"go to a buffer by index # 多檔案編輯 :b[uffer]#"},{"title":"Go to a buffer by file","subtitle":"多檔案編輯 ⎯  :b[uffer] file","arg":["key code 53//keystroke \":b\"//key code 49//keystroke \"file\"","go to a buffer by file",":b[uffer] file"],"icon":{"type":"file","path":"img/workingWithMultipleFiles.png"},"match":"go to a buffer by file 多檔案編輯 :b[uffer] file"},{"title":"列出所有開啟的緩衝區","subtitle":"多檔案編輯 ⎯  :ls or :buffers","arg":["key code 53//keystroke \":ls\" & return","列出所有開啟的緩衝區",":ls or :buffers"],"icon":{"type":"file","path":"img/workingWithMultipleFiles.png"},"match":"list all open buffers 多檔案編輯 :ls or :buffers"},{"title":"在新緩衝區開啟檔案名稱並水平分割視窗","subtitle":"多檔案編輯 ⎯  :sp[lit] file","arg":["key code 53//keystroke \":sp\"//key code 49//keystroke \"file\"","在新緩衝區開啟檔案名稱並水平分割視窗",":sp[lit] file"],"icon":{"type":"file","path":"img/workingWithMultipleFiles.png"},"match":"open a file in a new buffer and split window 多檔案編輯 :sp[lit] file"},{"title":"在新緩衝區開啟檔案名稱並垂直分割視窗","subtitle":"多檔案編輯 ⎯  :vs[plit] file","arg":["key code 53//keystroke \":vs\"//key code 49//keystroke \"file\"","在新緩衝區開啟檔案名稱並垂直分割視窗",":vs[plit] file"],"icon":{"type":"file","path":"img/workingWithMultipleFiles.png"},"match":"open a file in a new buffer and vertically split window 多檔案編輯 :vs[plit] file"},{"title":"Edit all buffers as vertical windows","subtitle":"多檔案編輯 ⎯  :vert[ical] ba[ll]","arg":["key code 53//keystroke \":vert\"//key code 49//keystroke \"ba\" & return","edit all buffers as vertical windows",":vert[ical] ba[ll]"],"icon":{"type":"file","path":"img/workingWithMultipleFiles.png"},"match":"edit all buffers as vertical windows 多檔案編輯 :vert[ical] ba[ll]"},{"title":"Edit all buffers as tabs","subtitle":"多檔案編輯 ⎯  :tab ba[ll]","arg":["key code 53//keystroke \":tab\"//key code 49//keystroke \"ba\" & return","edit all buffers as tabs",":tab ba[ll]"],"icon":{"type":"file","path":"img/workingWithMultipleFiles.png"},"match":"edit all buffers as tabs 多檔案編輯 :tab ba[ll]"},{"title":"水平分割視窗","subtitle":"多檔案編輯 ⎯  Ctrl+w s","arg":["key code 53//keystroke \"w\" using control down//keystroke \"s\"","水平分割視窗","Ctrl+w s"],"icon":{"type":"file","path":"img/workingWithMultipleFiles.png"},"match":"split window 多檔案編輯 Ctrl+w s"},{"title":"垂直分割視窗","subtitle":"多檔案編輯 ⎯  Ctrl+w v","arg":["key code 53//keystroke \"w\" using control down//keystroke \"v\"","垂直分割視窗","Ctrl+w v"],"icon":{"type":"file","path":"img/workingWithMultipleFiles.png"},"match":"split window vertically 多檔案編輯 Ctrl+w v"},{"title":"切換視窗","subtitle":"多檔案編輯 ⎯  Ctrl+w w","arg":["key code 53//keystroke \"w\" using control down//keystroke \"w\"","切換視窗","Ctrl+w w"],"icon":{"type":"file","path":"img/workingWithMultipleFiles.png"},"match":"switch windows 多檔案編輯 Ctrl+w w"},{"title":"關閉視窗","subtitle":"多檔案編輯 ⎯  Ctrl+w q","arg":["key code 53//keystroke \"w\" using control down//keystroke \"q\"","關閉視窗","Ctrl+w q"],"icon":{"type":"file","path":"img/workingWithMultipleFiles.png"},"match":"quit a window 多檔案編輯 Ctrl+w q"},{"title":"Exchange current window with next one","subtitle":"多檔案編輯 ⎯  Ctrl+w x","arg":["key code 53//keystroke \"w\" using control down//keystroke \"x\"","exchange current window with next one","Ctrl+w x"],"icon":{"type":"file","path":"img/workingWithMultipleFiles.png"},"match":"exchange current window with next one 多檔案編輯 Ctrl+w x"},{"title":"Make all windows equal height & width","subtitle":"多檔案編輯 ⎯  Ctrl+w =","arg":["key code 53//keystroke \"w\" using control down//keystroke \"=\"","make all windows equal height & width","Ctrl+w ="],"icon":{"type":"file","path":"img/workingWithMultipleFiles.png"},"match":"make all windows equal height & width 多檔案編輯 Ctrl+w ="},{"title":"游標跳至左視窗 ","subtitle":"多檔案編輯 ⎯  Ctrl+w h","arg":["key code 53//keystroke \"w\" using control down//keystroke \"h\"","游標跳至左視窗 ","Ctrl+w h"],"icon":{"type":"file","path":"img/workingWithMultipleFiles.png"},"match":"move cursor to the left window  多檔案編輯 Ctrl+w h"},{"title":"游標跳至右視窗 ","subtitle":"多檔案編輯 ⎯  Ctrl+w l","arg":["key code 53//keystroke \"w\" using control down//keystroke \"l\"","游標跳至右視窗 ","Ctrl+w l"],"icon":{"type":"file","path":"img/workingWithMultipleFiles.png"},"match":"move cursor to the right window  多檔案編輯 Ctrl+w l"},{"title":"游標跳至下視窗 ","subtitle":"多檔案編輯 ⎯  Ctrl+w j","arg":["key code 53//keystroke \"w\" using control down//keystroke \"j\"","游標跳至下視窗 ","Ctrl+w j"],"icon":{"type":"file","path":"img/workingWithMultipleFiles.png"},"match":"move cursor to the window below  多檔案編輯 Ctrl+w j"},{"title":"游標跳至上視窗 ","subtitle":"多檔案編輯 ⎯  Ctrl+w k","arg":["key code 53//keystroke \"w\" using control down//keystroke \"k\"","游標跳至上視窗 ","Ctrl+w k"],"icon":{"type":"file","path":"img/workingWithMultipleFiles.png"},"match":"move cursor to the window above  多檔案編輯 Ctrl+w k"},{"title":"使游標所在視窗全高並移至最左 ","subtitle":"多檔案編輯 ⎯  Ctrl+w H","arg":["key code 53//keystroke \"w\" using control down//keystroke \"H\"","使游標所在視窗全高並移至最左 ","Ctrl+w H"],"icon":{"type":"file","path":"img/workingWithMultipleFiles.png"},"match":"make current window full height at far left  多檔案編輯 Ctrl+w H"},{"title":"使游標所在視窗全高並移至最右 ","subtitle":"多檔案編輯 ⎯  Ctrl+w L","arg":["key code 53//keystroke \"w\" using control down//keystroke \"L\"","使游標所在視窗全高並移至最右 ","Ctrl+w L"],"icon":{"type":"file","path":"img/workingWithMultipleFiles.png"},"match":"make current window full height at far right  多檔案編輯 Ctrl+w L"},{"title":"使游標所在視窗全寬並移至最下 ","subtitle":"多檔案編輯 ⎯  Ctrl+w J","arg":["key code 53//keystroke \"w\" using control down//keystroke \"J\"","使游標所在視窗全寬並移至最下 ","Ctrl+w J"],"icon":{"type":"file","path":"img/workingWithMultipleFiles.png"},"match":"make current window full width at the very bottom  多檔案編輯 Ctrl+w J"},{"title":"使游標所在視窗全寬並移至最上 ","subtitle":"多檔案編輯 ⎯  Ctrl+w K","arg":["key code 53//keystroke \"w\" using control down//keystroke \"K\"","使游標所在視窗全寬並移至最上 ","Ctrl+w K"],"icon":{"type":"file","path":"img/workingWithMultipleFiles.png"},"match":"make current window full width at the very top  多檔案編輯 Ctrl+w K"},{"title":"Manually define a fold up to motion","subtitle":"Diff ⎯  zf","arg":["key code 53//keystroke \"zf\"","manually define a fold up to motion","zf"],"icon":{"type":"file","path":"img/diff.png"},"match":"manually define a fold up to motion Diff zf"},{"title":"Delete fold under the cursor","subtitle":"Diff ⎯  zd","arg":["key code 53//keystroke \"zd\"","delete fold under the cursor","zd"],"icon":{"type":"file","path":"img/diff.png"},"match":"delete fold under the cursor Diff zd"},{"title":"Toggle fold under the cursor","subtitle":"Diff ⎯  za","arg":["key code 53//keystroke \"za\"","toggle fold under the cursor","za"],"icon":{"type":"file","path":"img/diff.png"},"match":"toggle fold under the cursor Diff za"},{"title":"Open fold under the cursor","subtitle":"Diff ⎯  zo","arg":["key code 53//keystroke \"zo\"","open fold under the cursor","zo"],"icon":{"type":"file","path":"img/diff.png"},"match":"open fold under the cursor Diff zo"},{"title":"Close fold under the cursor","subtitle":"Diff ⎯  zc","arg":["key code 53//keystroke \"zc\"","close fold under the cursor","zc"],"icon":{"type":"file","path":"img/diff.png"},"match":"close fold under the cursor Diff zc"},{"title":"Reduce  all folds by one level","subtitle":"Diff ⎯  zr","arg":["key code 53//keystroke \"zr\"","reduce  all folds by one level","zr"],"icon":{"type":"file","path":"img/diff.png"},"match":"reduce  all folds by one level Diff zr"},{"title":"Fold more  all folds by one level","subtitle":"Diff ⎯  zm","arg":["key code 53//keystroke \"zm\"","fold more  all folds by one level","zm"],"icon":{"type":"file","path":"img/diff.png"},"match":"fold more  all folds by one level Diff zm"},{"title":"Toggle folding functionality","subtitle":"Diff ⎯  zi","arg":["key code 53//keystroke \"zi\"","toggle folding functionality","zi"],"icon":{"type":"file","path":"img/diff.png"},"match":"toggle folding functionality Diff zi"},{"title":"Jump to start of next change","subtitle":"Diff ⎯  ]c","arg":["key code 53//keystroke \"]c\"","jump to start of next change","]c"],"icon":{"type":"file","path":"img/diff.png"},"match":"jump to start of next change Diff ]c"},{"title":"Jump to start of previous change","subtitle":"Diff ⎯  [c","arg":["key code 53//keystroke \"[c\"","jump to start of previous change","[c"],"icon":{"type":"file","path":"img/diff.png"},"match":"jump to start of previous change Diff [c"},{"title":"Obtain  difference ","subtitle":"Diff ⎯  do or :diffg[et]","arg":["key code 53//keystroke \"do\"","obtain  difference ","do or :diffg[et]"],"icon":{"type":"file","path":"img/diff.png"},"match":"obtain  difference  Diff do or :diffg[et]"},{"title":"Put difference ","subtitle":"Diff ⎯  dp or :diffpu[t]","arg":["key code 53//keystroke \"dp\"","put difference ","dp or :diffpu[t]"],"icon":{"type":"file","path":"img/diff.png"},"match":"put difference  Diff dp or :diffpu[t]"},{"title":"Make current window part of diff","subtitle":"Diff ⎯  :diffthis","arg":["key code 53//keystroke \":diffthis\" & return","make current window part of diff",":diffthis"],"icon":{"type":"file","path":"img/diff.png"},"match":"make current window part of diff Diff :diffthis"},{"title":"Update differences","subtitle":"Diff ⎯  :dif[fupdate]","arg":["key code 53//keystroke \":dif\" & return","update differences",":dif[fupdate]"],"icon":{"type":"file","path":"img/diff.png"},"match":"update differences Diff :dif[fupdate]"},{"title":"Switch off diff mode for current window","subtitle":"Diff ⎯  :diffo[ff]","arg":["key code 53//keystroke \":diffo\" & return","switch off diff mode for current window",":diffo[ff]"],"icon":{"type":"file","path":"img/diff.png"},"match":"switch off diff mode for current window Diff :diffo[ff]"},{"title":"Turn on us english spell checking","subtitle":"Spell checking ⎯  :set spell spelllang=en_us","arg":["key code 53//keystroke \":set\"//key code 49//keystroke \"spell\"//key code 49//keystroke \"spelllang=en_us\" & return","Turn on US English spell checking",":set spell spelllang=en_us"],"icon":{"type":"file","path":"img/spell.png"},"match":"Turn on US English spell checking Spell checking :set spell spelllang=en_us"},{"title":"Turn off spell checking","subtitle":"Spell checking ⎯  :set nospell","arg":["key code 53//keystroke \":set\"//key code 49//keystroke \"nospell\" & return","Turn off spell checking",":set nospell"],"icon":{"type":"file","path":"img/spell.png"},"match":"Turn off spell checking Spell checking :set nospell"},{"title":"Move to next misspelled word after the cursor","subtitle":"Spell checking ⎯  ]s","arg":["key code 53//keystroke \"]s\"","Move to next misspelled word after the cursor","]s"],"icon":{"type":"file","path":"img/spell.png"},"match":"Move to next misspelled word after the cursor Spell checking ]s"},{"title":"Move to previous misspelled word before the cursor","subtitle":"Spell checking ⎯  [s","arg":["key code 53//keystroke \"[s\"","Move to previous misspelled word before the cursor","[s"],"icon":{"type":"file","path":"img/spell.png"},"match":"Move to previous misspelled word before the cursor Spell checking [s"},{"title":"Suggest spellings for the word under/after the cursor","subtitle":"Spell checking ⎯  z=","arg":["key code 53//keystroke \"z=\"","Suggest spellings for the word under/after the cursor","z="],"icon":{"type":"file","path":"img/spell.png"},"match":"Suggest spellings for the word under/after the cursor Spell checking z="},{"title":"Add word to spell list","subtitle":"Spell checking ⎯  zg","arg":["key code 53//keystroke \"zg\"","Add word to spell list","zg"],"icon":{"type":"file","path":"img/spell.png"},"match":"Add word to spell list Spell checking zg"},{"title":"Mark word as bad/mispelling","subtitle":"Spell checking ⎯  zw","arg":["key code 53//keystroke \"zw\"","Mark word as bad/mispelling","zw"],"icon":{"type":"file","path":"img/spell.png"},"match":"Mark word as bad/mispelling Spell checking zw"},{"title":"Suggest words for bad word under cursor from spell file","subtitle":"Spell checking ⎯  zu","arg":["key code 53//keystroke \"zu\"","Suggest words for bad word under cursor from spell file","zu"],"icon":{"type":"file","path":"img/spell.png"},"match":"Suggest words for bad word under cursor from spell file Spell checking zu"},{"title":"Increment number","subtitle":"Miscellaneous ⎯  Ctrl+a","arg":["key code 53//keystroke \"a\" using control down","Increment number","Ctrl+a"],"icon":{"type":"file","path":"img/misc.png"},"match":"Increment number Miscellaneous Ctrl+a"},{"title":"Decrement number","subtitle":"Miscellaneous ⎯  Ctrl+x","arg":["key code 53//keystroke \"x\" using control down","Decrement number","Ctrl+x"],"icon":{"type":"file","path":"img/misc.png"},"match":"Decrement number Miscellaneous Ctrl+x"},{"title":"Re-select last selected block of text","subtitle":"Miscellaneous ⎯  gv","arg":["key code 53//keystroke \"gv\"","Re-select last selected block of text","gv"],"icon":{"type":"file","path":"img/misc.png"},"match":"Re-select last selected block of text Miscellaneous gv"},{"title":"Insert the result of an expression at the cursor","subtitle":"Miscellaneous ⎯  Ctrl+r =","arg":["key code 53//keystroke \"r\" using control down//keystroke \"=\"","Insert the result of an expression at the cursor","Ctrl+r ="],"icon":{"type":"file","path":"img/misc.png"},"match":"Insert the result of an expression at the cursor Miscellaneous Ctrl+r ="},{"title":"Change file encoding to utf-8","subtitle":"Miscellaneous ⎯  set fenc=UTF-8","arg":["key code 53//keystroke \"set\"//key code 49//keystroke \"fenc=UTF-8\"","Change file encoding to UTF-8","set fenc=UTF-8"],"icon":{"type":"file","path":"img/misc.png"},"match":"Change file encoding to UTF-8 Miscellaneous set fenc=UTF-8"},{"title":"Escape next character","subtitle":"Regex ⎯  \\","arg":["keystroke \"\\\\\"","Escape next character","\\"],"icon":{"type":"file","path":"img/regex.png"},"match":"Escape next character Regex \\"},{"title":"Start-of­-line","subtitle":"Regex ⎯  ^","arg":["keystroke \"^\"","Start-of­-line","^"],"icon":{"type":"file","path":"img/regex.png"},"match":"Start-of­-line Regex ^"},{"title":"End-of-­line","subtitle":"Regex ⎯  $","arg":["keystroke \"$\"","End-of-­line","$"],"icon":{"type":"file","path":"img/regex.png"},"match":"End-of-­line Regex $"},{"title":"Any char","subtitle":"Regex ⎯  .","arg":["keystroke \".\"","Any char","."],"icon":{"type":"file","path":"img/regex.png"},"match":"Any char Regex ."},{"title":"0 or more quantifier","subtitle":"Regex ⎯  *","arg":["keystroke \"*\"","0 or more quantifier","*"],"icon":{"type":"file","path":"img/regex.png"},"match":"0 or more quantifier Regex *"},{"title":"Match last given substitute string","subtitle":"Regex ⎯  ~","arg":["keystroke \"\"~","Match last given substitute string","~"],"icon":{"type":"file","path":"img/regex.png"},"match":"Match last given substitute string Regex ~"},{"title":"Match range","subtitle":"Regex ⎯  [...]","arg":["keystroke \"[...]\"","Match range","[...]"],"icon":{"type":"file","path":"img/regex.png"},"match":"Match range Regex [...]"},{"title":"Not range","subtitle":"Regex ⎯  [^...]","arg":["keystroke \"[^...]\"","Not range","[^...]"],"icon":{"type":"file","path":"img/regex.png"},"match":"Not range Regex [^...]"},{"title":"In replacement: insert <pattern>","subtitle":"Regex ⎯  &","arg":["keystroke \"&\"","In replacement: insert <pattern>","&"],"icon":{"type":"file","path":"img/regex.png"},"match":"In replacement: insert <pattern> Regex &"},{"title":"Beginning of a word","subtitle":"Regex ⎯  \\<","arg":["keystroke \"\\\\<\"","Beginning of a word","\\<"],"icon":{"type":"file","path":"img/regex.png"},"match":"Beginning of a word Regex \\<"},{"title":"End of word","subtitle":"Regex ⎯  \\>","arg":["keystroke \"\\\\>\"","End of word","\\>"],"icon":{"type":"file","path":"img/regex.png"},"match":"End of word Regex \\>"},{"title":"Group","subtitle":"Regex ⎯  \\(...\\)","arg":["keystroke \"\\\\(...\\\\)\"","Group","\\(...\\)"],"icon":{"type":"file","path":"img/regex.png"},"match":"Group Regex \\(...\\)"},{"title":"Separate alternative","subtitle":"Regex ⎯  \\|","arg":["keystroke \"\\\\|\"","Separate alternative","\\|"],"icon":{"type":"file","path":"img/regex.png"},"match":"Separate alternative Regex \\|"},{"title":"Any single char or end-of­line","subtitle":"Regex ⎯  \\_.","arg":["keystroke \"\\\\_.\"","Any single char or end-of­line","\\_."],"icon":{"type":"file","path":"img/regex.png"},"match":"Any single char or end-of­line Regex \\_."},{"title":"1 or more quantifier","subtitle":"Regex ⎯  \\+","arg":["keystroke \"\\\\+\"","1 or more quantifier","\\+"],"icon":{"type":"file","path":"img/regex.png"},"match":"1 or more quantifier Regex \\+"},{"title":"0 or 1 quantifier","subtitle":"Regex ⎯  \\=","arg":["keystroke \"\\\\=\"","0 or 1 quantifier","\\="],"icon":{"type":"file","path":"img/regex.png"},"match":"0 or 1 quantifier Regex \\="},{"title":"0 or 1 quantifier","subtitle":"Regex ⎯  \\?","arg":["keystroke \"\\\\?\"","0 or 1 quantifier","\\?"],"icon":{"type":"file","path":"img/regex.png"},"match":"0 or 1 quantifier Regex \\?"},{"title":"N to m quantifier","subtitle":"Regex ⎯  \\{n,m}","arg":["keystroke \"\\\\{n,m}\"","n to m quantifier","\\{n,m}"],"icon":{"type":"file","path":"img/regex.png"},"match":"n to m quantifier Regex \\{n,m}"},{"title":"N quantifier","subtitle":"Regex ⎯  \\{n}","arg":["keystroke \"\\\\{n}\"","n quantifier","\\{n}"],"icon":{"type":"file","path":"img/regex.png"},"match":"n quantifier Regex \\{n}"},{"title":"At least n quantifier","subtitle":"Regex ⎯  \\{n,}","arg":["keystroke \"\"\\\\{n,}","at least n quantifier","\\{n,}"],"icon":{"type":"file","path":"img/regex.png"},"match":"at least n quantifier Regex \\{n,}"},{"title":"0 to m quantifier","subtitle":"Regex ⎯  \\{,m}","arg":["keystroke \"\\\\{,}\"","0 to m quantifier","\\{,m}"],"icon":{"type":"file","path":"img/regex.png"},"match":"0 to m quantifier Regex \\{,m}"},{"title":"Delete all lines matching pattern","subtitle":"Regex ⎯  :%g/<pa­tte­rn>/d","arg":["key code 53//keystroke \":%g/<pa­tte­r/d\"","delete all lines matching pattern",":%g/<pa­tte­rn>/d"],"icon":{"type":"file","path":"img/regex.png"},"match":"delete all lines matching pattern Regex :%g/<pa­tte­rn>/d"},{"title":"Delete all lines not matching <pattern>","subtitle":"Regex ⎯  :%v/<pa­tte­rn>/d","arg":["key code 53//keystroke \":%v/<pa­tte­r/d\"","delete all lines NOT matching <pattern>",":%v/<pa­tte­rn>/d"],"icon":{"type":"file","path":"img/regex.png"},"match":"delete all lines NOT matching <pattern> Regex :%v/<pa­tte­rn>/d"},{"title":"Delete empty lines","subtitle":"Regex ⎯  :%s/^.*$\\n//","arg":["key code 53//keystroke \":%s/^.*$\\\\n//\"","delete empty lines",":%s/^.*$\\n//"],"icon":{"type":"file","path":"img/regex.png"},"match":"delete empty lines Regex :%s/^.*$\\n//"},{"title":"Replace <pattern> by 'new <pattern>'","subtitle":"Regex ⎯  :s/<pattern>/new &/","arg":["key code 53//keystroke \":%s/<pattern>/new &/\"","Replace <pattern> by 'new <pattern>'",":s/<pattern>/new &/"],"icon":{"type":"file","path":"img/regex.png"},"match":"Replace <pattern> by 'new <pattern>' Regex :s/<pattern>/new &/"},{"title":"Replace <pattern> by content of register","subtitle":"Regex ⎯  :s/<pattern>/\\=@a/","arg":["key code 53//keystroke \":%s/<pattern>/\\\\=@a/\"","Replace <pattern> by content of register",":s/<pattern>/\\=@a/"],"icon":{"type":"file","path":"img/regex.png"},"match":"Replace <pattern> by content of register Regex :s/<pattern>/\\=@a/"},{"title":"Count number of occurrence of <pattern>","subtitle":"Regex ⎯  :s/<pattern>//gn","arg":["key code 53//keystroke \":%s/<pattern>//gn\"","Count number of occurrence of <pattern>",":s/<pattern>//gn"],"icon":{"type":"file","path":"img/regex.png"},"match":"Count number of occurrence of <pattern> Regex :s/<pattern>//gn"},{"title":"Match start","subtitle":"Regex ⎯  \\zs","arg":["keystroke \"\\\\zs\"","Match start","\\zs"],"icon":{"type":"file","path":"img/regex.png"},"match":"Match start Regex \\zs"},{"title":"Match end","subtitle":"Regex ⎯  \\ze","arg":["keystroke \"\\\\ze\"","Match end","\\ze"],"icon":{"type":"file","path":"img/regex.png"},"match":"Match end Regex \\ze"},{"title":"Positive look behind to find <pattern>","subtitle":"Regex ⎯  <atom>\\@<=<pattern>","arg":["keystroke \"<atom>\\\\@<=<pattern>\"","Positive look behind to find <pattern>","<atom>\\@<=<pattern>"],"icon":{"type":"file","path":"img/regex.png"},"match":"Positive look behind to find <pattern> Regex <atom>\\@<=<pattern>"},{"title":"Positive look ahead to find <pattern>","subtitle":"Regex ⎯  <pattern><atom>\\@=","arg":["keystroke \"<pattern><atom>\\\\@=\"","Positive look ahead to find <pattern>","<pattern><atom>\\@="],"icon":{"type":"file","path":"img/regex.png"},"match":"Positive look ahead to find <pattern> Regex <pattern><atom>\\@="},{"title":"Negative look behind to find <pattern>","subtitle":"Regex ⎯  <atom>\\@<!<pattern>","arg":["keystroke \"<atom>\\\\@<!<pattern>\"","Negative look behind to find <pattern>","<atom>\\@<!<pattern>"],"icon":{"type":"file","path":"img/regex.png"},"match":"Negative look behind to find <pattern> Regex <atom>\\@<!<pattern>"},{"title":"Negative look ahead to find <pattern>","subtitle":"Regex ⎯  <pattern><atom>\\@!","arg":["keystroke \"<pattern><atom>\\\\@!\"","Negative look ahead to find <pattern>","<pattern><atom>\\@!"],"icon":{"type":"file","path":"img/regex.png"},"match":"Negative look ahead to find <pattern> Regex <pattern><atom>\\@!"},{"title":"Non-greedy 0 or more quantifier","subtitle":"Regex ⎯  \\{-}","arg":["keystroke \"\\\\{-}\"","Non-greedy 0 or more quantifier","\\{-}"],"icon":{"type":"file","path":"img/regex.png"},"match":"Non-greedy 0 or more quantifier Regex \\{-}"}]}