{
  "Joy0": "(* ^ ω ^)",
  "Joy1": "(´ ∀ ` *)",
  "Joy2": "٩(◕‿◕｡)۶",
  "Joy3": "☆*:.｡.o(≧▽≦)o.｡.:*☆",
  "Joy4": "(o^▽^o)",
  "Joy5": "(⌒▽⌒)☆",
  "Joy6": "<(￣︶￣)>",
  "Joy7": "。.:☆*:･'(*⌒―⌒*)))",
  "Joy8": "ヽ(・∀・)ﾉ",
  "Joy9": "(´｡• ω •｡`)",
  "Joy10": "(￣ω￣)",
  "Joy11": "｀;:゛;｀;･(°ε° )",
  "Joy12": "(o･ω･o)",
  "Joy13": "(＠＾◡＾)",
  "Joy14": "ヽ(*・ω・)ﾉ",
  "Joy15": "(o_ _)ﾉ彡☆",
  "Joy16": "(^人^)",
  "Joy17": "(o´▽`o)",
  "Joy18": "(*´▽`*)",
  "Joy19": "｡ﾟ( ﾟ^∀^ﾟ)ﾟ｡",
  "Joy20": "( ´ ω ` )",
  "Joy21": "(((o(*°▽°*)o)))",
  "Joy22": "(≧◡≦)",
  "Joy23": "(o´∀`o)",
  "Joy24": "(´• ω •`)",
  "Joy25": "(＾▽＾)",
  "Joy26": "(⌒ω⌒)",
  "Joy27": "∑d(°∀°d)",
  "Joy28": "╰(▔∀▔)╯",
  "Joy29": "(─‿‿─)",
  "Joy30": "(*^‿^*)",
  "Joy31": "ヽ(o^ ^o)ﾉ",
  "Joy32": "(✯◡✯)",
  "Joy33": "(◕‿◕)",
  "Joy34": "(*≧ω≦*)",
  "Joy35": "(☆▽☆)",
  "Joy36": "(⌒‿⌒)",
  "Joy37": "＼(≧▽≦)／",
  "Joy38": "ヽ(o＾▽＾o)ノ",
  "Joy39": "☆ ～('▽^人)",
  "Joy40": "(*°▽°*)",
  "Joy41": "٩(｡•́‿•̀｡)۶",
  "Joy42": "(✧ω✧)",
  "Joy43": "ヽ(*⌒▽⌒*)ﾉ",
  "Joy44": "(´｡• ᵕ •｡`)",
  "Joy45": "( ´ ▽ ` )",
  "Joy46": "(￣▽￣)",
  "Joy47": "╰(*´︶`*)╯",
  "Joy48": "ヽ(>∀<☆)ノ",
  "Joy49": "o(≧▽≦)o",
  "Joy50": "(☆ω☆)",
  "Joy51": "(っ˘ω˘ς )",
  "Joy52": "＼(￣▽￣)／",
  "Joy53": "(*¯︶¯*)",
  "Joy54": "＼(＾▽＾)／",
  "Joy55": "٩(◕‿◕)۶",
  "Joy56": "(o˘◡˘o)",
  "Joy57": "\\(★ω★)/",
  "Joy58": "\\(^ヮ^)/",
  "Joy59": "(〃＾▽＾〃)",
  "Joy60": "(╯✧▽✧)╯",
  "Joy61": "o(>ω<)o",
  "Joy62": "o( ❛ᴗ❛ )o",
  "Joy63": "｡ﾟ(TヮT)ﾟ｡",
  "Joy64": "( ‾́ ◡ ‾́ )",
  "Joy65": "(ﾉ´ヮ`)ﾉ*: ･ﾟ",
  "Joy66": "(b ᵔ▽ᵔ)b",
  "Joy67": "(๑˃ᴗ˂)ﻭ",
  "Joy68": "(๑˘︶˘๑)",
  "Joy69": "( ˙꒳​˙ )",
  "Joy70": "(*꒦ິ꒳꒦ີ)",
  "Joy71": "°˖✧◝(⁰▿⁰)◜✧˖°",
  "Joy72": "(´･ᴗ･ ` )",
  "Joy73": "(ﾉ◕ヮ◕)ﾉ*:･ﾟ✧",
  "Joy74": "(„• ֊ •„)",
  "Joy75": "(.❛ ᴗ ❛.)",
  "Joy76": "(⁀ᗢ⁀)",
  "Joy77": "(￢‿￢ )",
  "Joy78": "(¬‿¬ )",
  "Joy79": "(*￣▽￣)b",
  "Joy80": "( ˙▿˙ )",
  "Joy81": "(¯▿¯)",
  "Joy82": "( ◕▿◕ )",
  "Joy83": "＼(٥⁀▽⁀ )／",
  "Joy84": "(„• ᴗ •„)",
  "Joy85": "(ᵔ◡ᵔ)",
  "Joy86": "( ´ ▿ ` )",
  "Joy87": "(๑>◡<๑)",
  "Joy88": "( = ⩊ = )",
  "Joy89": "( ´ ꒳ ` )",
  "Joy90": "⸜( ´ ꒳ ` )⸝",
  "Joy91": "⸜(⸝⸝⸝´꒳`⸝⸝⸝)⸝",
  "Joy92": "⸜(*ˊᗜˋ*)⸝",
  "Joy93": "⸜( *ˊᵕˋ* )⸝",
  "Joy94": "(>⩊<)",
  "Joy95": "(ᗒ⩊ᗕ)",
  "Joy96": "(ᵔ⩊ᵔ)",
  "Joy97": "( ᵔ ⩊ ᵔ )",
  "Joy98": "(•⩊•)",
  "Joy99": "( • ⩊ • )",
  "Love0": "(ﾉ´ з `)ノ",
  "Love1": "(♡μ_μ)",
  "Love2": "(*^^*)♡",
  "Love3": "☆⌒ヽ(*'､^*)chu",
  "Love4": "(♡-_-♡)",
  "Love5": "(￣ε￣＠)",
  "Love6": "ヽ(♡‿♡)ノ",
  "Love7": "( ´ ∀ `)ノ～ ♡",
  "Love8": "(─‿‿─)♡",
  "Love9": "(´｡• ᵕ •｡`) ♡",
  "Love10": "(*♡∀♡)",
  "Love11": "(｡・//ε//・｡)",
  "Love12": "(´ ω `♡)",
  "Love13": "♡( ◡‿◡ )",
  "Love14": "(◕‿◕)♡",
  "Love15": "(/▽＼*)｡o○♡",
  "Love16": "(ღ˘⌣˘ღ)",
  "Love17": "(♡°▽°♡)",
  "Love18": "♡(｡- ω -)",
  "Love19": "♡ ～('▽^人)",
  "Love20": "(´• ω •`) ♡",
  "Love21": "(´ ε ` )♡",
  "Love22": "(´｡• ω •｡`) ♡",
  "Love23": "( ´ ▽ ` ).｡ｏ♡",
  "Love24": "╰(*´︶`*)╯♡",
  "Love25": "(*˘︶˘*).｡.:*♡",
  "Love26": "(♡˙︶˙♡)",
  "Love27": "♡＼(￣▽￣)／♡",
  "Love28": "(≧◡≦) ♡",
  "Love29": "(⌒▽⌒)♡",
  "Love30": "(*¯ ³¯*)♡",
  "Love31": "(っ˘з(˘⌣˘ ) ♡",
  "Love32": "♡ (˘▽˘>ԅ( ˘⌣˘)",
  "Love33": "( ˘⌣˘)♡(˘⌣˘ )",
  "Love34": "(/^-^(^ ^*)/ ♡",
  "Love35": "٩(♡ε♡)۶",
  "Love36": "σ(≧ε≦σ) ♡",
  "Love37": "♡ (⇀ 3 ↼)",
  "Love38": "♡ (￣З￣)",
  "Love39": "(❤ω❤)",
  "Love40": "(˘∀˘)/(μ‿μ) ❤",
  "Love41": "❤ (ɔˆз(ˆ⌣ˆc)",
  "Love42": "(´♡‿♡`)",
  "Love43": "(°◡°♡)",
  "Love44": "Σ>―(〃°ω°〃)♡→",
  "Love45": "(´,,•ω•,,)♡",
  "Love46": "(´꒳`)♡",
  "Love47": "♡(>ᴗ•)",
  "Love48": "(❤⩊❤)[=_=](☆ε☆)",
  "Embarrassment0": "(⌒_⌒;)",
  "Embarrassment1": "(o^ ^o)",
  "Embarrassment2": "(*/ω＼)",
  "Embarrassment3": "(*/。＼)",
  "Embarrassment4": "(*/_＼)",
  "Embarrassment5": "(*ﾉωﾉ)",
  "Embarrassment6": "(o-_-o)",
  "Embarrassment7": "(*μ_μ)",
  "Embarrassment8": "( ◡‿◡ *)",
  "Embarrassment9": "(ᵔ.ᵔ)",
  "Embarrassment10": "(*ﾉ∀`*)",
  "Embarrassment11": "(//▽//)",
  "Embarrassment12": "(//ω//)",
  "Embarrassment13": "(ノ*°▽°*)",
  "Embarrassment14": "(*^.^*)",
  "Embarrassment15": "(*ﾉ▽ﾉ)",
  "Embarrassment16": "(￣▽￣*)ゞ",
  "Embarrassment17": "(⁄ ⁄•⁄ω⁄•⁄ ⁄)",
  "Embarrassment18": "(*/▽＼*)",
  "Embarrassment19": "(⁄ ⁄>⁄ ▽ ⁄<⁄ ⁄)",
  "Embarrassment20": "(„ಡωಡ„)",
  "Embarrassment21": "(ง ื▿ ื)ว",
  "Embarrassment22": "( 〃▽〃)",
  "Embarrassment23": "(/▿＼ )",
  "Embarrassment24": "(///￣ ￣///)",
  "Sympathy0": "(ノ_<。)ヾ(´ ▽ ` )",
  "Sympathy1": "｡･ﾟ･(ﾉД`)ヽ(￣ω￣ )",
  "Sympathy2": "ρ(- ω -、)ヾ(￣ω￣; )",
  "Sympathy3": "ヽ(￣ω￣(。。 )ゝ",
  "Sympathy4": "(*´ I `)ﾉﾟ(ﾉД｀ﾟ)ﾟ｡",
  "Sympathy5": "ヽ(~_~(・_・ )ゝ",
  "Sympathy6": "(ﾉ_；)ヾ(´ ∀ ` )",
  "Sympathy7": "(; ω ; )ヾ(´∀`* )",
  "Sympathy8": "(*´ー)ﾉ(ノд`)",
  "Sympathy9": "(´-ω-`( _ _ )",
  "Sympathy10": "(っ´ω`)ﾉ(╥ω╥)",
  "Sympathy11": "(ｏ・_・)ノ”(ノ_<、)",
  "Dissatisfaction0": "(＃＞＜)",
  "Dissatisfaction1": "(；⌣̀_⌣́)",
  "Dissatisfaction2": "☆ｏ(＞＜；)○",
  "Dissatisfaction3": "(￣ ￣|||)",
  "Dissatisfaction4": "(；￣Д￣)",
  "Dissatisfaction5": "(￣□￣」)",
  "Dissatisfaction6": "(＃￣0￣)",
  "Dissatisfaction7": "(＃￣ω￣)",
  "Dissatisfaction8": "(￢_￢;)",
  "Dissatisfaction9": "(＞ｍ＜)",
  "Dissatisfaction10": "(」°ロ°)」",
  "Dissatisfaction11": "(〃＞＿＜;〃)",
  "Dissatisfaction12": "(＾＾＃)",
  "Dissatisfaction13": "(︶︹︺)",
  "Dissatisfaction14": "(￣ヘ￣)",
  "Dissatisfaction15": "<(￣ ﹌ ￣)>",
  "Dissatisfaction16": "(￣︿￣)",
  "Dissatisfaction17": "(＞﹏＜)",
  "Dissatisfaction18": "(--_--)",
  "Dissatisfaction19": "凸(￣ヘ￣)",
  "Dissatisfaction20": "ヾ( ￣O￣)ツ",
  "Dissatisfaction21": "(⇀‸↼‶)",
  "Dissatisfaction22": "o(>< )o",
  "Dissatisfaction23": "(」＞＜)」",
  "Dissatisfaction24": "(ᗒᗣᗕ)՞",
  "Dissatisfaction25": "(눈_눈)",
  "Anger0": "(＃`Д´)",
  "Anger1": "(`皿´＃)",
  "Anger2": "( ` ω ´ )",
  "Anger3": "ヽ( `д´*)ノ",
  "Anger4": "(・`ω´・)",
  "Anger5": "(`ー´)",
  "Anger6": "ヽ(`⌒´メ)ノ",
  "Anger7": "凸(`△´＃)",
  "Anger8": "( `ε´ )",
  "Anger9": "ψ( ` ∇ ´ )ψ",
  "Anger10": "ヾ(`ヘ´)ﾉﾞ",
  "Anger11": "ヽ(‵﹏´)ノ",
  "Anger12": "(ﾒ` ﾛ ´)",
  "Anger13": "(╬`益´)",
  "Anger14": "┌∩┐(◣_◢)┌∩┐",
  "Anger15": "凸( ` ﾛ ´ )凸",
  "Anger16": "Σ(▼□▼メ)",
  "Anger17": "(°ㅂ°╬)",
  "Anger18": "ψ(▼へ▼メ)～→",
  "Anger19": "(ノ°益°)ノ",
  "Anger20": "(҂ `з´ )",
  "Anger21": "(‡▼益▼)",
  "Anger22": "(҂` ﾛ ´)凸",
  "Anger23": "((╬◣﹏◢))",
  "Anger24": "٩(╬ʘ益ʘ╬)۶",
  "Anger25": "(╬ Ò﹏Ó)",
  "Anger26": "＼＼٩(๑`^´๑)۶／／",
  "Anger27": "(凸ಠ益ಠ)凸",
  "Anger28": "↑_(ΦwΦ)Ψ",
  "Anger29": "←~(Ψ▼ｰ▼)∈",
  "Anger30": "୧((#Φ益Φ#))୨",
  "Anger31": "٩(ఠ益ఠ)۶",
  "Anger32": "(ﾉಥ益ಥ)ﾉ",
  "Anger33": "(≖､≖╬)",
  "Sadness0": "(ノ_<。)",
  "Sadness1": "(-_-)",
  "Sadness2": "(´-ω-`)",
  "Sadness3": ".･ﾟﾟ･(／ω＼)･ﾟﾟ･.",
  "Sadness4": "(μ_μ)",
  "Sadness5": "(ﾉД`)",
  "Sadness6": "(-ω-、)",
  "Sadness7": "。゜゜(´Ｏ`) ゜゜。",
  "Sadness8": "o(TヘTo)",
  "Sadness9": "( ; ω ; )",
  "Sadness10": "(｡╯︵╰｡)",
  "Sadness11": "｡･ﾟﾟ*(>д<)*ﾟﾟ･｡",
  "Sadness12": "( ﾟ，_ゝ｀)",
  "Sadness13": "(个_个)",
  "Sadness14": "(╯︵╰,)",
  "Sadness15": "｡･ﾟ(ﾟ><ﾟ)ﾟ･｡",
  "Sadness16": "( ╥ω╥ )",
  "Sadness17": "(╯_╰)",
  "Sadness18": "(╥_╥)",
  "Sadness19": ".｡･ﾟﾟ･(＞_＜)･ﾟﾟ･｡.",
  "Sadness20": "(／ˍ・、)",
  "Sadness21": "(ノ_<、)",
  "Sadness22": "(╥﹏╥)",
  "Sadness23": "｡ﾟ(｡ﾉωヽ｡)ﾟ｡",
  "Sadness24": "(つω`｡)",
  "Sadness25": "(｡T ω T｡)",
  "Sadness26": "(ﾉω･､)",
  "Sadness27": "･ﾟ･(｡>ω<｡)･ﾟ･",
  "Sadness28": "(T_T)",
  "Sadness29": "(>_<)",
  "Sadness30": "(っ˘̩╭╮˘̩)っ",
  "Sadness31": "｡ﾟ･ (>﹏<) ･ﾟ｡",
  "Sadness32": "o(〒﹏〒)o",
  "Sadness33": "(｡•́︿•̀｡)",
  "Sadness34": "(ಥ﹏ಥ)",
  "Sadness35": "(ಡ‸ಡ)",
  "Pain0": "~(>_<~)",
  "Pain1": "☆⌒(> _ <)",
  "Pain2": "☆⌒(>。<)",
  "Pain3": "(☆_@)",
  "Pain4": "(×_×)",
  "Pain5": "(x_x)",
  "Pain6": "(×_×)⌒☆",
  "Pain7": "(x_x)⌒☆",
  "Pain8": "(×﹏×)",
  "Pain9": "☆(＃××)",
  "Pain10": "(＋_＋)",
  "Pain11": "[ ± _ ± ]",
  "Pain12": "٩(× ×)۶",
  "Pain13": "_:(´ཀ`」 ∠):_",
  "Pain14": "(ﾒ﹏ﾒ)",
  "Fear0": "(ノωヽ)",
  "Fear1": "(／。＼)",
  "Fear2": "(ﾉ_ヽ)",
  "Fear3": "..・ヾ(。＞＜)シ",
  "Fear4": "(″ロ゛)",
  "Fear5": "(;;;*_*)",
  "Fear6": "(・人・)",
  "Fear7": "＼(〇_ｏ)／",
  "Fear8": "(/ω＼)",
  "Fear9": "(/_＼)",
  "Fear10": "〜(＞＜)〜",
  "Fear11": "Σ(°△°|||)︴",
  "Fear12": "(((＞＜)))",
  "Fear13": "{{ (>_<) }}",
  "Fear14": "＼(º □ º l|l)/",
  "Fear15": "〣( ºΔº )〣",
  "Fear16": "▓▒░(°◡°)░▒▓",
  "Indifference0": "ヽ(ー_ー )ノ",
  "Indifference1": "ヽ(´ー` )┌",
  "Indifference2": "┐(‘～` )┌",
  "Indifference3": "ヽ(　￣д￣)ノ",
  "Indifference4": "┐(￣ヘ￣)┌",
  "Indifference5": "ヽ(￣～￣　)ノ",
  "Indifference6": "╮(￣_￣)╭",
  "Indifference7": "ヽ(ˇヘˇ)ノ",
  "Indifference8": "┐(￣～￣)┌",
  "Indifference9": "┐(︶▽︶)┌",
  "Indifference10": "╮(￣～￣)╭",
  "Indifference11": "¯\\_(ツ)_/¯",
  "Indifference12": "┐( ´ д ` )┌",
  "Indifference13": "╮(︶︿︶)╭",
  "Indifference14": "┐(￣∀￣)┌",
  "Indifference15": "┐( ˘ ､ ˘ )┌",
  "Indifference16": "╮(︶▽︶)╭",
  "Indifference17": "╮( ˘ ､ ˘ )╭",
  "Indifference18": "┐( ˘_˘ )┌",
  "Indifference19": "╮( ˘_˘ )╭",
  "Indifference20": "┐(￣ヮ￣)┌",
  "Indifference21": "ᕕ( ᐛ )ᕗ",
  "Indifference22": "┐(シ)┌",
  "Confusion0": "(￣ω￣;)",
  "Confusion1": "σ(￣、￣〃)",
  "Confusion2": "(￣～￣;)",
  "Confusion3": "(-_-;)・・・",
  "Confusion4": "┐('～`;)┌",
  "Confusion5": "(・_・ヾ",
  "Confusion6": "(〃￣ω￣〃ゞ",
  "Confusion7": "┐(￣ヘ￣;)┌",
  "Confusion8": "(・_・;)",
  "Confusion9": "(￣_￣)・・・",
  "Confusion10": "╮(￣ω￣;)╭",
  "Confusion11": "(¯ . ¯;)",
  "Confusion12": "(＠_＠)",
  "Confusion13": "(・・;)ゞ",
  "Confusion14": "Σ(￣。￣ﾉ)",
  "Confusion15": "(・・ ) ?",
  "Confusion16": "(•ิ_•ิ)?",
  "Confusion17": "(◎ ◎)ゞ",
  "Confusion18": "(ーー;)",
  "Confusion19": "ლ(ಠ_ಠ ლ)",
  "Confusion20": "ლ(¯ロ¯\"ლ)",
  "Confusion21": "(¯ . ¯٥)",
  "Confusion22": "(¯  ¯٥)",
  "Doubt0": "(￢_￢)",
  "Doubt1": "(→_→)",
  "Doubt2": "(￢ ￢)",
  "Doubt3": "(￢‿￢ )",
  "Doubt4": "(¬_¬ )",
  "Doubt5": "(←_←)",
  "Doubt6": "(¬ ¬ )",
  "Doubt7": "(¬‿¬ )",
  "Doubt8": "(↼_↼)",
  "Doubt9": "(⇀_⇀)",
  "Doubt10": "(ᓀ ᓀ)",
  "Doubt11": "(„¬ᴗ¬„)",
  "Surprise0": "w(°ｏ°)w",
  "Surprise1": "ヽ(°〇°)ﾉ",
  "Surprise2": "Σ(O_O)",
  "Surprise3": "Σ(°ロ°)",
  "Surprise4": "(⊙_⊙)",
  "Surprise5": "(o_O)",
  "Surprise6": "(O_O;)",
  "Surprise7": "(O.O)",
  "Surprise8": "(°ロ°) !",
  "Surprise9": "(o_O) !",
  "Surprise10": "(□_□)",
  "Surprise11": "Σ(□_□)",
  "Surprise12": "∑(O_O;)",
  "Surprise13": "( : ౦ ‸ ౦ : )",
  "Greeting0": "(*・ω・)ﾉ",
  "Greeting1": "(￣▽￣)ノ",
  "Greeting2": "(°▽°)/",
  "Greeting3": "( ´ ∀ ` )ﾉ",
  "Greeting4": "(^-^*)/",
  "Greeting5": "(＠´ー`)ﾉﾞ",
  "Greeting6": "(´• ω •`)ﾉ",
  "Greeting7": "( ° ∀ ° )ﾉﾞ",
  "Greeting8": "ヾ(*'▽'*)",
  "Greeting9": "＼(⌒▽⌒)",
  "Greeting10": "ヾ(☆▽☆)",
  "Greeting11": "( ´ ▽ ` )ﾉ",
  "Greeting12": "(^０^)ノ",
  "Greeting13": "~ヾ(・ω・)",
  "Greeting14": "(・∀・)ノ",
  "Greeting15": "ヾ(・ω・*)",
  "Greeting16": "(*°ｰ°)ﾉ",
  "Greeting17": "(・_・)ノ",
  "Greeting18": "(o´ω`o)ﾉ",
  "Greeting19": "( ´ ▽ ` )/",
  "Greeting20": "(￣ω￣)/",
  "Greeting21": "( ´ ω ` )ノﾞ",
  "Greeting22": "(⌒ω⌒)ﾉ",
  "Greeting23": "(o^ ^o)/",
  "Greeting24": "(≧▽≦)/",
  "Greeting25": "(✧∀✧)/",
  "Greeting26": "(o´▽`o)ﾉ",
  "Greeting27": "(￣▽￣)/",
  "Hugging0": "(づ￣ ³￣)づ",
  "Hugging1": "(つ≧▽≦)つ",
  "Hugging2": "(つ✧ω✧)つ",
  "Hugging3": "(づ ◕‿◕ )づ",
  "Hugging4": "(⊃｡•́‿•̀｡)⊃",
  "Hugging5": "(つ . •́ _ʖ •̀ .)つ",
  "Hugging6": "(っಠ‿ಠ)っ",
  "Hugging7": "(づ◡﹏◡)づ",
  "Hugging8": "⊂(´• ω •`⊂)",
  "Hugging9": "⊂(･ω･*⊂)",
  "Hugging10": "⊂(￣▽￣)⊃",
  "Hugging11": "⊂( ´ ▽ ` )⊃",
  "Hugging12": "( ~*-*)~",
  "Hugging13": "(ノ= ⩊ = )ノ",
  "Hugging14": "(っ ᵔ◡ᵔ)っ",
  "Hugging15": "(っ╹ᆺ╹)っ",
  "Winking0": "(^_~)",
  "Winking1": "( ﾟｏ⌒)",
  "Winking2": "(^_-)≡☆",
  "Winking3": "(^ω~)",
  "Winking4": "(>ω^)",
  "Winking5": "(~人^)",
  "Winking6": "(^_-)",
  "Winking7": "( -_・)",
  "Winking8": "(^_<)〜☆",
  "Winking9": "(^人<)〜☆",
  "Winking10": "☆⌒(≧▽​° )",
  "Winking11": "☆⌒(ゝ。∂)",
  "Winking12": "(^_<)",
  "Winking13": "(^_−)☆",
  "Winking14": "(･ω<)☆",
  "Winking15": "(^.~)☆",
  "Winking16": "(^.~)",
  "Winking17": "(｡•̀ᴗ-)✧",
  "Winking18": "(>ᴗ•)",
  "Winking19": "☆(>ᴗ•)",
  "Apologizing0": "m(_ _)m",
  "Apologizing1": "(シ_ _)シ",
  "Apologizing2": "m(. .)m",
  "Apologizing3": "<(_ _)>",
  "Apologizing4": "人(_ _*)",
  "Apologizing5": "(*_ _)人",
  "Apologizing6": "m(_ _;m)",
  "Apologizing7": "(m;_ _)m",
  "Apologizing8": "(シ. .)シ",
  "Nosebleeding0": "(*￣ii￣)",
  "Nosebleeding1": "(￣ﾊ￣*)",
  "Nosebleeding2": "\\(￣ﾊ￣)",
  "Nosebleeding3": "(＾་།＾)",
  "Nosebleeding4": "(＾〃＾)",
  "Nosebleeding5": "(￣ ¨ヽ￣)",
  "Nosebleeding6": "(￣ ;￣)",
  "Nosebleeding7": "(￣ ;;￣)",
  "Hiding0": "|･ω･)",
  "Hiding1": "ﾍ(･_|",
  "Hiding2": "|ω･)ﾉ",
  "Hiding3": "ヾ(･|",
  "Hiding4": "|д･)",
  "Hiding5": "|_￣))",
  "Hiding6": "|▽//)",
  "Hiding7": "┬┴┬┴┤(･_├┬┴┬┴",
  "Hiding8": "┬┴┬┴┤･ω･)ﾉ",
  "Hiding9": "┬┴┬┴┤( ͡° ͜ʖ├┬┴┬┴",
  "Hiding10": "┬┴┬┴┤(･_├┬┴┬┴",
  "Hiding11": "|_・)",
  "Hiding12": "|･д･)ﾉ",
  "Hiding13": "|ʘ‿ʘ)╯",
  "Writing0": "__φ(．．)",
  "Writing1": "( ￣ー￣)φ__",
  "Writing2": "__φ(。。)",
  "Writing3": "__φ(．．;)",
  "Writing4": "ヾ( `ー´)シφ__",
  "Writing5": "__〆(￣ー￣ )",
  "Writing6": "....φ(・∀・*)",
  "Writing7": "___〆(・∀・)",
  "Writing8": "( ^▽^)ψ__",
  "Writing9": "....φ(︶▽︶)φ....",
  "Writing10": "( . .)φ__",
  "Writing11": "__φ(◎◎ヘ)",
  "Running0": "☆ﾐ(o*･ω･)ﾉ",
  "Running1": "C= C= C= C= C=┌(;・ω・)┘",
  "Running2": "─=≡Σ((( つ＞＜)つ",
  "Running3": "ε=ε=ε=ε=┌(;￣▽￣)┘",
  "Running4": "ε=ε=┌( >_<)┘",
  "Running5": "C= C= C= C=┌( `ー´)┘",
  "Running6": "ε===(っ≧ω≦)っ",
  "Running7": "ヽ(￣д￣;)ノ=3=3=3",
  "Running8": "。。。ミヽ(。＞＜)ノ",
  "Sleeping0": "[(－－)]..zzZ",
  "Sleeping1": "(－_－) zzZ",
  "Sleeping2": "(∪｡∪)｡｡｡zzZ",
  "Sleeping3": "(－ω－) zzZ",
  "Sleeping4": "(￣o￣) zzZZzzZZ",
  "Sleeping5": "(( _ _ ))..zzzZZ",
  "Sleeping6": "(￣ρ￣)..zzZZ",
  "Sleeping7": "(－.－)...zzz",
  "Sleeping8": "(＿ ＿*) Z z z",
  "Sleeping9": "(x . x) ~~zzZ",
  "Cat0": "(=^･ω･^=)",
  "Cat1": "(=^･ｪ･^=)",
  "Cat2": "(=①ω①=)",
  "Cat3": "( =ω=)..nyaa",
  "Cat4": "(= ; ｪ ; =)",
  "Cat5": "(=`ω´=)",
  "Cat6": "(=^‥^=)",
  "Cat7": "( =ノωヽ=)",
  "Cat8": "(=⌒‿‿⌒=)",
  "Cat9": "(=^ ◡ ^=)",
  "Cat10": "(=^-ω-^=)",
  "Cat11": "ヾ(=`ω´=)ノ”",
  "Cat12": "(＾• ω •＾)",
  "Cat13": "(/ =ω=)/",
  "Cat14": "ฅ(•ㅅ•❀)ฅ",
  "Cat15": "ฅ(• ɪ •)ฅ",
  "Cat16": "ଲ(ⓛ ω ⓛ)ଲ",
  "Cat17": "(^=◕ᴥ◕=^)",
  "Cat18": "( =ω= )",
  "Cat19": "(^˵◕ω◕˵^)",
  "Cat20": "(^◔ᴥ◔^)",
  "Cat21": "(^◕ᴥ◕^)",
  "Cat22": "ต(=ω=)ต",
  "Cat23": "( Φ ω Φ )",
  "Cat24": "ฅ(^◕ᴥ◕^)ฅ",
  "Bear0": "( ´(ｴ)ˋ )",
  "Bear1": "(*￣(ｴ)￣*)",
  "Bear2": "ヽ(￣(ｴ)￣)ﾉ",
  "Bear3": "(／￣(ｴ)￣)／",
  "Bear4": "(￣(ｴ)￣)",
  "Bear5": "ヽ( ˋ(ｴ)´ )ﾉ",
  "Bear6": "⊂(￣(ｴ)￣)⊃",
  "Bear7": "(／(ｴ)＼)",
  "Bear8": "⊂(´(ェ)ˋ)⊃",
  "Bear9": "(/-(ｴ)-＼)",
  "Bear10": "(/°(ｴ)°)/",
  "Bear11": "ʕ ᵔᴥᵔ ʔ",
  "Bear12": "ʕ •ᴥ• ʔ",
  "Bear13": "ʕ •̀ ω •́ ʔ",
  "Bear14": "ʕ •̀ o •́ ʔ",
  "Bear15": "ʕಠᴥಠʔ",
  "Dog0": "∪＾ェ＾∪",
  "Dog1": "∪･ω･∪",
  "Dog2": "∪￣-￣∪",
  "Dog3": "∪･ｪ･∪",
  "Dog4": "Ｕ^皿^Ｕ",
  "Dog5": "ＵＴｪＴＵ",
  "Dog6": "U^ｪ^U",
  "Dog7": "V●ᴥ●V",
  "Dog8": "U・ᴥ・U",
  "Rabbit0": "／(≧ x ≦)＼",
  "Rabbit1": "／(･ × ･)＼",
  "Rabbit2": "／(=´x`=)＼",
  "Rabbit3": "／(^ x ^)＼",
  "Rabbit4": "／(=･ x ･=)＼",
  "Rabbit5": "／(^ × ^)＼",
  "Rabbit6": "／(＞×＜)＼",
  "Rabbit7": "／(˃ᆺ˂)＼",
  "Rabbit8": "૮ ˶ᵔ ᵕ ᵔ˶ ა",
  "Rabbit9": "૮₍ ˶• ༝ •˶ ₎ა",
  "Pig0": "( ´(00)ˋ )",
  "Pig1": "(￣(ω)￣)",
  "Pig2": "ヽ( ˋ(00)´ )ノ",
  "Pig3": "( ´(oo)ˋ )",
  "Pig4": "＼(￣(oo)￣)／",
  "Pig5": "｡ﾟ(ﾟ´(00)`ﾟ)ﾟ｡",
  "Pig6": "(￣(00)￣)",
  "Pig7": "(ˆ(oo)ˆ)",
  "Bird0": "(￣Θ￣)",
  "Bird1": "(`･Θ･´)",
  "Bird2": "( ˋ Θ ´ )",
  "Bird3": "(◉Θ◉)",
  "Bird4": "＼( ˋ Θ ´ )／",
  "Bird5": "(･θ･)",
  "Bird6": "(・Θ・)",
  "Bird7": "ヾ(￣◇￣)ノ〃",
  "Bird8": "(･Θ･)",
  "Fish0": "(°)#))<<",
  "Fish1": "<・ )))><<",
  "Fish2": "ζ°)))彡",
  "Fish3": ">°))))彡",
  "Fish4": "(°))<<",
  "Fish5": ">^)))<～～",
  "Fish6": "≧( ° ° )≦",
  "Spider0": "/╲/\\╭(ఠఠ益ఠఠ)╮/\\╱\\",
  "Spider1": "/╲/\\╭(ರರ⌓ರರ)╮/\\╱\\",
  "Spider2": "/╲/\\╭༼ ººل͟ºº ༽╮/\\╱\\",
  "Spider3": "/╲/\\╭( ͡°͡° ͜ʖ ͡°͡°)╮/\\╱\\",
  "Spider4": "/╲/\\╭[ ᴼᴼ ౪ ᴼᴼ]╮/\\╱\\",
  "Spider5": "/╲/\\( •̀ ω •́ )/\\╱\\",
  "Spider6": "/╲/\\╭[☉﹏☉]╮/\\╱\\",
  "Friends0": "ヾ(・ω・)メ(・ω・)ノ",
  "Friends1": "ヽ(∀° )人( °∀)ノ",
  "Friends2": "ヽ( ⌒o⌒)人(⌒-⌒ )ﾉ",
  "Friends3": "(*^ω^)八(⌒▽⌒)八(-‿‿- )ヽ",
  "Friends4": "＼(＾∀＾)メ(＾∀＾)ノ",
  "Friends5": "ヾ(￣ー￣(≧ω≦*)ゝ",
  "Friends6": "ヽ( ⌒ω⌒)人(=^‥^= )ﾉ",
  "Friends7": "ヽ(≧◡≦)八(o^ ^o)ノ",
  "Friends8": "(*・∀・)爻(・∀・*)",
  "Friends9": "｡*:☆(・ω・人・ω・)｡:゜☆｡",
  "Friends10": "o(^^o)(o^^o)(o^^o)(o^^)o",
  "Friends11": "(((￣(￣(￣▽￣)￣)￣)))",
  "Friends12": "(°(°ω(°ω°(☆ω☆)°ω°)ω°)°)",
  "Friends13": "ヾ(・ω・`)ノヾ(´・ω・)ノ゛",
  "Friends14": "Ψ( `∀)(∀´ )Ψ",
  "Friends15": "(っ˘▽˘)(˘▽˘)˘▽˘ς)",
  "Friends16": "(((*°▽°*)八(*°▽°*)))",
  "Friends17": "☆ヾ(*´・∀・)ﾉヾ(・∀・`*)ﾉ☆",
  "Friends18": "(*＾ω＾)人(＾ω＾*)",
  "Friends19": "٩(๑･ิᴗ･ิ)۶٩(･ิᴗ･ิ๑)۶",
  "Friends20": "(☞°ヮ°)☞ ☜(°ヮ°☜)",
  "Friends21": "＼(▽￣ \\ (￣▽￣) / ￣▽)／",
  "Friends22": "\\( ˙▿˙ )/\\( ˙▿˙ )/",
  "Enemies0": "ヽ( ･∀･)ﾉ_θ彡☆Σ(ノ `Д´)ノ",
  "Enemies1": "(*´∇`)┌θ☆(ﾉ>_<)ﾉ",
  "Enemies2": "( ￣ω￣)ノﾞ⌒☆ﾐ(o _ _)o",
  "Enemies3": "(*`0´)θ☆(メ°皿°)ﾉ",
  "Enemies4": "(o¬‿¬o )...☆ﾐ(*x_x)",
  "Enemies5": "(╬￣皿￣)=○＃(￣#)３￣)",
  "Enemies6": "(; -_-)――――――C<―_-)",
  "Enemies7": "＜( ￣︿￣)︵θ︵θ︵☆(＞口＜－)",
  "Enemies8": "(￣ε(#￣)☆╰╮o(￣▽￣///)",
  "Enemies9": "ヽ(>_<ヽ) ―⊂|=0ヘ(^‿^ )",
  "Enemies10": "ヘ(>_<ヘ) ￢o(￣‿￣ﾒ)",
  "Enemies11": ",,((( ￣□)_／ ＼_(○￣ ))),,",
  "Enemies12": "(҂` ﾛ ´)︻デ═一 ＼(º □ º l|l)/",
  "Enemies13": "(╯°Д°)╯︵ /(.□ . ＼)",
  "Enemies14": "(¬_¬'')ԅ(￣ε￣ԅ)",
  "Enemies15": "/( .□.)＼ ︵╰(°益°)╯︵ /(.□. /)",
  "Enemies16": "(ﾉ-.-)ﾉ….((((((((((((●~* ( >_<)",
  "Enemies17": "!!(ﾒ￣ ￣)_θ☆°0°)/",
  "Enemies18": "(`⌒*)O-(`⌒´Q)",
  "Enemies19": "(((ง’ω’)و三 ง’ω’)ڡ≡　☆⌒ﾐ((x_x)",
  "Enemies20": "(งಠ_ಠ)ง　σ( •̀ ω •́ σ)",
  "Enemies21": "(っ•﹏•)っ ✴==≡눈٩(`皿´҂)ง",
  "Enemies22": "(｢• ω •)｢ (⌒ω⌒`)",
  "Enemies23": "( °ᴗ°)~ð (/❛o❛\\)",
  "Weapons0": "( ・∀・)・・・--------☆",
  "Weapons1": "(/-_・)/D・・・・・------ →",
  "Weapons2": "(^ω^)ノﾞ(((((((((●～*",
  "Weapons3": "( -ω-)／占~~~~~",
  "Weapons4": "(/・・)ノ　　 (( く ((へ",
  "Weapons5": "―⊂|=0ヘ(^^ )",
  "Weapons6": "○∞∞∞∞ヽ(^ー^ )",
  "Weapons7": "(; ・_・)――――C",
  "Weapons8": "(ಠ o ಠ)¤=[]:::::>",
  "Weapons9": "(*＾＾)/~~~~~~~~~~◎",
  "Weapons10": "￢o(￣-￣ﾒ)",
  "Weapons11": "―(T_T)→",
  "Weapons12": "((( ￣□)_／",
  "Weapons13": "(ﾒ` ﾛ ´)︻デ═一",
  "Weapons14": "( ´-ω･)︻┻┳══━一",
  "Weapons15": "(ﾒ￣▽￣)︻┳═一",
  "Weapons16": "✴==≡눈٩(`皿´҂)ง",
  "Weapons17": "Q(`⌒´Q)",
  "Magic0": "(ノ ˘_˘)ノ　ζ|||ζ　ζ|||ζ　ζ|||ζ",
  "Magic1": "(ﾉ≧∀≦)ﾉ ‥…━━━★",
  "Magic2": "(ﾉ>ω<)ﾉ :｡･:*:･ﾟ’★,｡･:*:･ﾟ’☆",
  "Magic3": "(ノ°∀°)ノ⌒･*:.｡. .｡.:*･゜ﾟ･*☆",
  "Magic4": "╰( ͡° ͜ʖ ͡° )つ──☆*:・ﾟ",
  "Magic5": "(＃￣□￣)o━∈・・━━━━☆",
  "Magic6": "(⊃｡•́‿•̀｡)⊃━✿✿✿✿✿✿",
  "Magic7": "(∩ᄑ_ᄑ)⊃━☆ﾟ*･｡*･:≡( ε:)",
  "Magic8": "(/￣ー￣)/~~☆’.･.･:★’.･.･:☆",
  "Magic9": "(∩` ﾛ ´)⊃━炎炎炎炎炎",
  "Food0": "(っ˘ڡ˘ς)",
  "Food1": "( o˘◡˘o) ┌iii┐",
  "Food2": "(　’ω’)旦~~",
  "Food3": "( ˘▽˘)っ♨",
  "Food4": "♨o(>_<)o♨",
  "Food5": "( ・ω・)o-{{[〃]}}",
  "Food6": "(　・ω・)⊃-[二二]",
  "Food7": "( ・・)つ―{}@{}@{}-",
  "Food8": "( ・・)つ-●●●",
  "Food9": "(*´ー`)旦 旦(￣ω￣*)",
  "Food10": "(*´з`)口ﾟ｡ﾟ口(・∀・ )",
  "Food11": "( o^ ^o)且 且(´ω`*)",
  "Food12": "( ￣▽￣)[] [](≧▽≦ )",
  "Food13": "( *^^)o∀*∀o(^^* )",
  "Food14": "( ^^)_旦~~　 ~~U_(^^ )",
  "Food15": "(*￣▽￣)旦 且(´∀`*)",
  "Food16": "-●●●-ｃ(・・ )",
  "Food17": "( ・・)つ―●○◎-",
  "Food18": "(￣﹃￣)",
  "Food19": "(๑ᵔ⤙ᵔ๑)",
  "Food20": "(´ᵔ⤙ᵔ`)",
  "Music0": "ヾ(´〇`)ﾉ♪♪♪",
  "Music1": "ヘ(￣ω￣ヘ)",
  "Music2": "(〜￣▽￣)〜",
  "Music3": "〜(￣▽￣〜)",
  "Music4": "ヽ(o´∀`)ﾉ♪♬",
  "Music5": "(ﾉ≧∀≦)ﾉ",
  "Music6": "♪ヽ(^^ヽ)♪",
  "Music7": "♪(/_ _ )/♪",
  "Music8": "♪♬((d⌒ω⌒b))♬♪",
  "Music9": "└(￣-￣└))",
  "Music10": "((┘￣ω￣)┘",
  "Music11": "√(￣‥￣√)",
  "Music12": "└(＾＾)┐",
  "Music13": "┌(＾＾)┘",
  "Music14": "＼(￣▽￣)＼",
  "Music15": "／(￣▽￣)／",
  "Music16": "(￣▽￣)/♫•*¨*•.¸¸♪",
  "Music17": "(^_^♪)",
  "Music18": "(~˘▽˘)~",
  "Music19": "~(˘▽˘~)",
  "Music20": "ヾ(⌐■_■)ノ♪",
  "Music21": "(〜￣△￣)〜",
  "Music22": "(~‾▽‾)~",
  "Music23": "~(˘▽˘)~",
  "Music24": "乁( • ω •乁)",
  "Music25": "(｢• ω •)｢",
  "Music26": "⁽⁽◝( • ω • )◜⁾⁾",
  "Music27": "✺◟( • ω • )◞✺",
  "Music28": "♬♫♪◖(● o ●)◗♪♫♬",
  "Music29": "( ˘ ɜ˘) ♬♪♫",
  "Music30": "♪♪♪ ヽ(ˇ∀ˇ )ゞ",
  "Music31": "(ˇ▽ˇ)ノ♪♬♫",
  "Games0": "( ^^)p_____|_o____q(^^ )",
  "Games1": "(／o^)/ °⊥ ＼(^o＼)",
  "Games2": "!(;ﾟoﾟ)o/￣￣￣￣￣￣￣~ >ﾟ))))彡",
  "Games3": "ヽ(^o^)ρ┳┻┳°σ(^o^)ノ",
  "Games4": "(／_^)／　　●　＼(^_＼)",
  "Games5": "\"( (≡|≡))_／ ＼_((≡|≡) )\"",
  "Games6": "( ノ-_-)ノﾞ_□ VS □_ヾ(^-^ヽ)",
  "Games7": "ヽ(；^ ^)ノﾞ ．．．...___〇",
  "Games8": "(=O*_*)=O Q(*_*Q)",
  "Games9": "Ю　○三　＼(￣^￣＼)",
  "Games10": "(˙ω˙)🎮(˙∀˙)🎮",
  "Faces0": "( ͡° ͜ʖ ͡°)",
  "Faces1": "( ͡° ʖ̯ ͡°)",
  "Faces2": "( ͠° ͟ʖ ͡°)",
  "Faces3": "( ͡ᵔ ͜ʖ ͡ᵔ)",
  "Faces4": "( . •́ _ʖ •̀ .)",
  "Faces5": "( ఠ ͟ʖ ఠ)",
  "Faces6": "( ͡ಠ ʖ̯ ͡ಠ)",
  "Faces7": "( ಠ ʖ̯ ಠ)",
  "Faces8": "( ಠ ͜ʖ ಠ)",
  "Faces9": "( ಥ ʖ̯ ಥ)",
  "Faces10": "( ͡• ͜ʖ ͡• )",
  "Faces11": "( ･ิ ͜ʖ ･ิ)",
  "Faces12": "( ͡  ͜ʖ ͡  )",
  "Faces13": "(≖ ͜ʖ≖)",
  "Faces14": "(ʘ ʖ̯ ʘ)",
  "Faces15": "(ʘ ͟ʖ ʘ)",
  "Faces16": "(ʘ ͜ʖ ʘ)",
  "Faces17": "(;´༎ຶٹ༎ຶ`)",
  "Special0": "٩(ˊ〇ˋ*)و",
  "Special1": "(￣^￣)ゞ",
  "Special2": "(－‸ლ)",
  "Special3": "(╯°益°)╯彡┻━┻",
  "Special4": "(╮°-°)╮┳━━┳ ( ╯°□°)╯ ┻━━┻",
  "Special5": "┬─┬ノ( º _ ºノ)",
  "Special6": "(oT-T)尸",
  "Special7": "( ͡° ͜ʖ ͡°)",
  "Special8": "[̲̅$̲̅(̲̅ ͡° ͜ʖ ͡°̲̅)̲̅$̲̅]",
  "Special9": "(ಠ_ಠ)",
  "Special10": "౦０o ｡ (‾́。‾́ )y~~",
  "Special11": "(x(x_(x_x(O_o)x_x)_x)x)",
  "Special12": "(　･ω･)☞",
  "Special13": "(⌐■_■)",
  "Special14": "(◕‿◕✿)",
  "Special15": "(　￣.)o-　　【　TV　】",
  "Special16": "｀、ヽ｀ヽ｀、ヽ(ノ＞＜)ノ ｀、ヽ｀☂ヽ｀、ヽ",
  "Special17": "‿︵‿︵‿︵‿ヽ(°□° )ノ︵‿︵‿︵‿︵",
  "Special18": "( • )( • )ԅ(≖‿≖ԅ)",
  "Special19": "( ＾▽＾)っ✂╰⋃╯",
  "Special20": "〜〜(／￣▽)／　〜ф",
  "Special21": "ଘ(੭ˊᵕˋ)੭* ੈ✩‧₊˚",
  "Special22": "ଘ(੭ˊ꒳​ˋ)੭✧",
  "Special23": "_(:3 」∠)_",
  "Special24": "∠( ᐛ 」∠)_"
}